"date_rec","device_id","_faultCount","_cloudConnected","UnitSt","UnitMode","UnitAlm1","UnitFlt1","UnitFlt2","UnitFlt3","UnitDiags","kWin","kVArin","kWcalc","kVArcalc","kWout","kVArout","DCIin","DCIout","OutVin","OutFin","OutVout","OutFout","DisMax","ChMax","DisCost","ChCost","TmpRet","TmpSup","TmpAmb","TmpEnc1","TmpEnc2","TmpEnc3","TmpEnc4","EncHumidity","PcsSt","PcsCmd","DCAOut","DCVOut","ACA","AphA","AphB","AphC","PPVphAB","PPVphBC","PPVphCA","PhVphA","PhVphB","PhVphC","kW","Hz","kVAr","kWH","kWHC","kWHD","DCA","DCV","DCkW","TmpCab","TmpSnk","PcsStVnd","PcsEvtVnd1","PcsEvtVnd2","PcsEvtVnd3","PcsEvtVnd4","PcsEvtVnd5","PcsEvtVnd6","PcsEvtVnd7","PcsEvtVnd8","BattStVnd","BattSt","BattCmd","BattV","BattP","BattA","SoC","SoCOnline","SOE","SOEOnline","SoH","BattAChLmt","BattADisLmt","BattPChLmt","BattPDisLmt","BattPChLmtEMS","BattPDisLmtEMS","BatEvtVnd1","BatEvtVnd2","BatEvtVnd3","BatEvtVnd4","BatEvtVnd5","BatEvtVnd6","BatEvtVnd7","BatEvtVnd8","CellVMax","CellVMin","CellVAvg","ModTmpMax","ModTmpMin","ModTmpAvg","BattStopReq","DCIR","_ConnStr","_EnabledStr","_TotalStr","_PcsAlmActive","_BattAlmActive","_StrAlmActive","_RunningPcsCnt","_TotalPcs","_RunningHVACCnt","_TotalHVAC","_UnitType","_StrEnergy","_UnitSRating","_UnitE","_QMax","_QMin","_HVACInhibitCnt","_ExhaustCnt","_StrSocDelta","_StrSocStdDev","_StrVDelta","_StrVDeltaOnline","_emcu1St","_emcu3St","_emcu5St","_emcu0St","_emcu2St","_emcu4St","_bms1St","_bms0St","_TotBusbarPDisLmt","_TotBusbarPChLmt","_bias_err","_BusbarPcmds.0","_BusbarPcmds.1","_CusRole","_GenSel","_CurrFlt","_FltMod","_CurrWrn","_StartCondAll","_ACSw","_MVSw","_MVGenSw","_MVEarthSw","_MVFbErr","_PcsPModeVnd","_PcsQModeVnd","_SelModkWh","_SelModkVArh","_kVArh","_CommsTimeout","_HB","PcsEvtVnd9","PcsEvtVnd10","PcsEvtVnd11","PcsEvtVnd12","PcsEvtVnd13","PcsEvtVnd14","PcsEvtVnd15","PcsEvtVnd16","PcsEvtVnd17","_ACIR","_CustomBusbarPLmts.0.busbar_dis_limit","_CustomBusbarPLmts.0.busbar_ch_limit","_CustomBusbarPLmts.0.subbms_dis_limit","_CustomBusbarPLmts.0.subbms_ch_limit","_CustomBusbarPLmts.0.gain_param_val","_CustomBusbarPLmts.0.running","_CustomBusbarPLmts.0.busbar_delta_gain","_CustomBusbarPLmts.0.final_dis_limit","_CustomBusbarPLmts.0.final_ch_limit","_CustomBusbarPLmts.1.busbar_dis_limit","_CustomBusbarPLmts.1.busbar_ch_limit","_CustomBusbarPLmts.1.subbms_dis_limit","_CustomBusbarPLmts.1.subbms_ch_limit","_CustomBusbarPLmts.1.gain_param_val","_CustomBusbarPLmts.1.running","_CustomBusbarPLmts.1.busbar_delta_gain","_CustomBusbarPLmts.1.final_dis_limit","_CustomBusbarPLmts.1.final_ch_limit"
"2025-09-17T00:00:00Z","REV_TW1_U_01",0,true,2,1,0,0,0,0,0,-1600,93.36,,,-1600,93.91,0,0,,,,,3630,-3750,0.665,1.435,,,,37,,,,,2,,,,27,26.8,27.8,26.4,34700,34500,34400,,,,-1626,60.0066,103,4961232,5420861,,,,,,,12,0,0,0,0,0,0,0,0,,2,,1159.9,-1650.54,-1423,88.5,88.5,14528.16,14528.16,100,-3912,3912,-3750,3630,-4200,4200,0,0,0,0,0,0,,,3.41,3.38,3.391,28,25,25.334,,,48,48,48,false,false,false,2,2,6,6,0,342,4200,16416,1500,-1500,0,0,1,0.505,1.1,1.1,999,999,999,999,999,999,999,999,3630,-3750,false,-800,-800,2,1,0,0,0,1,2,1,1,0,0,8,1,0,0,-1437788,0,37142,0,0,0,0,0,0,0,0,0,700.303,2097.48,2097.48,1815,1875,1154.7,true,0,1815,-1875,2097.48,2097.48,1815,1875,1155.1,true,0,1815,-1875
"2025-09-17T00:00:02Z","REV_TW1_U_01",0,true,2,1,0,0,0,0,0,-1600,90.86,,,-1600,91.7,0,0,,,,,3630,-3750,0.665,1.435,,,,38,,,,,2,,,,27,26.9,27.7,26.4,34700,34500,34500,,,,-1604,59.9942,98,4961232,5420861,,,,,,,12,0,0,0,0,0,0,0,0,,2,,1159.4,-1552.44,-1339,88.5,88.5,14528.16,14528.16,100,-3912,3912,-3750,3630,-4200,4200,0,0,0,0,0,0,,,3.409,3.379,3.39,28,25,25.334,,,48,48,48,false,false,false,2,2,6,6,0,342,4200,16416,1500,-1500,0,0,1,0.505,1.1,1.1,999,999,999,999,999,999,999,999,3630,-3750,false,-800,-800,2,1,0,0,0,1,2,1,1,0,0,8,1,0,0,-1437788,0,37144,0,0,0,0,0,0,0,0,0,700.303,2096.85,2096.85,1815,1875,1154.6,true,0,1815,-1875,2096.85,2096.85,1815,1875,1155,true,0,1815,-1875
"2025-09-17T00:00:04Z","REV_TW1_U_01",0,true,2,1,0,0,0,0,0,-1600,90.59,,,-1600,90.59,0,0,,,,,3630,-3750,0.665,1.435,,,,38,,,,,2,,,,26.97,26.8,27.7,26.4,34700,34500,34500,,,,-1601,59.9982,97,4961232,5420862,,,,,,,12,0,0,0,0,0,0,0,0,,2,,1159.3,-1553.46,-1340,88.5,88.5,14528.16,14528.16,100,-3912,3912,-3750,3630,-4200,4200,0,0,0,0,0,0,,,3.408,3.379,3.389,28,25,25.166,,,48,48,48,false,false,false,2,2,6,6,0,342,4200,16416,1500,-1500,0,0,1,0.505,1.1,1.1,999,999,999,999,999,999,999,999,3630,-3750,false,-800,-800,2,1,0,0,0,1,2,1,1,0,0,8,1,0,0,-1437788,0,37146,0,0,0,0,0,0,0,0,0,700.303,2099.37,2099.37,1815,1875,1154.5,true,0,1815,-1875,2099.37,2099.37,1815,1875,1154.9,true,0,1815,-1875
"2025-09-17T00:00:06Z","REV_TW1_U_01",0,true,2,1,0,0,0,0,0,-1600,89.22,,,-1600,89.49,0,0,,,,,3630,-3750,0.665,1.435,,,,37,,,,,2,,,,26.97,26.8,27.7,26.4,34700,34600,34500,,,,-1602,60.0071,97,4961232,5420862,,,,,,,12,0,0,0,0,0,0,0,0,,2,,1159.2,-1552.17,-1339,88.5,88.5,14528.16,14528.16,100,-3912,3912,-3750,3630,-4200,4200,0,0,0,0,0,0,,,3.408,3.379,3.389,28,25,25.5,,,48,48,48,false,false,false,2,2,6,6,0,342,4200,16416,1500,-1500,0,0,1,0.505,1.1,1.1,999,999,999,999,999,999,999,999,3630,-3750,false,-800,-800,2,1,0,0,0,1,2,1,1,0,0,8,1,0,0,-1437788,0,37148,0,0,0,0,0,0,0,0,0,700.303,2100.63,2100.63,1815,1875,1154.4,true,0,1815,-1875,2100.21,2100.21,1815,1875,1154.9,true,0,1815,-1875
"2025-09-17T00:00:08Z","REV_TW1_U_01",0,true,2,1,0,0,0,0,0,-1600,86.73,,,-1600,87.28,0,0,,,,,3630,-3750,0.665,1.435,,,,37,,,,,2,,,,26.97,26.8,27.7,26.4,34700,34500,34500,,,,-1602,60.0019,95,4961232,5420863,,,,,,,12,0,0,0,0,0,0,0,0,,2,,1159.2,-1552.17,-1339,88.5,88.5,14528.16,14528.16,100,-3912,3912,-3750,3630,-4200,4200,0,0,0,0,0,0,,,3.408,3.378,3.389,28,25,25.333,,,48,48,48,false,false,false,2,2,6,6,0,342,4200,16416,1500,-1500,0,0,1,0.505,1.1,1.1,999,999,999,999,999,999,999,999,3630,-3750,false,-800,-800,2,1,0,0,0,1,2,1,1,0,0,8,1,0,0,-1437788,0,37150,0,0,0,0,0,0,0,0,0,700.303,2098.74,2098.74,1815,1875,1154.4,true,0,1815,-1875,2098.74,2098.74,1815,1875,1154.8,true,0,1815,-1875
"2025-09-17T00:00:10Z","REV_TW1_U_01",0,true,2,1,0,0,0,0,0,-1600,83.97,,,-1600,84.79,0,0,,,,,3630,-3750,0.665,1.435,,,,38,,,,,2,,,,26.97,26.8,27.7,26.4,34700,34500,34500,,,,-1602,60.006,93,4961232,5420865,,,,,,,12,0,0,0,0,0,0,0,0,,2,,1159.1,-1552.03,-1339,88.5,88.5,14528.16,14528.16,100,-3912,3912,-3750,3630,-4200,4200,0,0,0,0,0,0,,,3.407,3.378,3.389,28,25,25.333,,,48,48,48,false,false,false,2,2,6,6,0,342,4200,16416,1500,-1500,0,0,1,0.505,1.1,1.1,999,999,999,999,999,999,999,999,3630,-3750,false,-800,-800,2,1,0,0,0,1,2,1,1,0,0,8,1,0,0,-1437788,0,37152,0,0,0,0,0,0,0,0,0,700.303,2100,2100,1815,1875,1154.3,true,0,1815,-1875,2100,2100,1815,1875,1154.7,true,0,1815,-1875
"2025-09-17T00:00:12Z","REV_TW1_U_01",0,true,2,1,0,0,0,0,0,-1600,83.97,,,-1600,83.97,0,0,,,,,3630,-3750,0.665,1.435,,,,38,,,,,2,,,,26.97,26.8,27.7,26.4,34700,34500,34500,,,,-1603,60.0133,91,4961232,5420866,,,,,,,12,0,0,0,0,0,0,0,0,,2,,1159.1,-1552.03,-1339,88.5,88.5,14528.16,14528.16,100,-3912,3912,-3750,3630,-4200,4200,0,0,0,0,0,0,,,3.407,3.378,3.389,28,25,25.166,,,48,48,48,false,false,false,2,2,6,6,0,342,4200,16416,1500,-1500,0,0,1,0.505,1.1,1.1,999,999,999,999,999,999,999,999,3630,-3750,false,-800,-800,2,1,0,0,0,1,2,1,1,0,0,8,1,0,0,-1437788,0,37154,0,0,0,0,0,0,0,0,0,700.303,2100.63,2100.63,1815,1875,1154.3,true,0,1815,-1875,2100.21,2100.21,1815,1875,1154.7,true,0,1815,-1875
"2025-09-17T00:00:14Z","REV_TW1_U_01",0,true,2,1,0,0,0,0,0,-1600,83.97,,,-1600,83.97,0,0,,,,,3630,-3750,0.665,1.435,,,,38,,,,,2,,,,27,26.9,27.7,26.4,34700,34600,34500,,,,-1602,60.0279,91,4961232,5420866,,,,,,,12,0,0,0,0,0,0,0,0,,2,,1159,-1551.9,-1339,88.5,88.5,14528.16,14528.16,100,-3912,3912,-3750,3630,-4200,4200,0,0,0,0,0,0,,,3.407,3.378,3.388,28,25,25.166,,,48,48,48,false,false,false,2,2,6,6,0,342,4200,16416,1500,-1500,0,0,1,0.505,1.1,1.1,999,999,999,999,999,999,999,999,3630,-3750,false,-800,-800,2,1,0,0,0,1,2,1,1,0,0,8,1,0,0,-1437788,0,37156,0,0,0,0,0,0,0,0,0,700.303,2099.79,2099.79,1815,1875,1154.2,true,0,1815,-1875,2099.79,2099.79,1815,1875,1154.6,true,0,1815,-1875
"2025-09-17T00:00:16Z","REV_TW1_U_01",0,true,2,1,0,0,0,0,0,-1600,83.97,,,-1600,83.97,0,0,,,,,3630,-3750,0.665,1.435,,,,38,,,,,2,,,,27,26.9,27.7,26.4,34700,34500,34500,,,,-1604,60.0305,90,4961232,5420866,,,,,,,12,0,0,0,0,0,0,0,0,,2,,1159,-1551.9,-1339,88.5,88.5,14528.16,14528.16,100,-3912,3912,-3750,3630,-4200,4200,0,0,0,0,0,0,,,3.407,3.378,3.388,28,25,25.166,,,48,48,48,false,false,false,2,2,6,6,0,342,4200,16416,1500,-1500,0,0,1,0.505,1.1,1.1,999,999,999,999,999,999,999,999,3630,-3750,false,-800,-800,2,1,0,0,0,1,2,1,1,0,0,8,1,0,0,-1437788,0,37158,0,0,0,0,0,0,0,0,0,700.303,2101.05,2101.05,1815,1875,1154.2,true,0,1815,-1875,2101.05,2101.05,1815,1875,1154.6,true,0,1815,-1875
"2025-09-17T00:00:18Z","REV_TW1_U_01",0,true,2,1,0,0,0,0,0,-1400,81.16,,,-1400,82.01,0,0,,,,,3630,-3750,0.665,1.435,,,,37,,,,,2,,,,24.63,24.5,25.4,24,34700,34500,34500,,,,-1550,60.0318,93,4961232,5420869,,,,,,,12,0,0,0,0,0,0,0,0,,2,,1158.9,-1551.77,-1339,88.5,88.5,14528.16,14528.16,100,-3912,3912,-3750,3630,-4200,4200,0,0,0,0,0,0,,,3.407,3.378,3.388,28,25,25.333,,,48,48,48,false,false,false,2,2,6,6,0,342,4200,16416,1500,-1500,0,0,1,0.505,1,1,999,999,999,999,999,999,999,999,3630,-3750,false,-700,-700,2,1,0,0,0,1,2,1,1,0,0,8,1,0,0,-1437788,0,37160,0,0,0,0,0,0,0,0,0,700.303,2098.32,2098.32,1815,1875,1153.8,true,0,1815,-1875,2099.58,2099.58,1815,1875,1154.2,true,0,1815,-1875
"2025-09-17T00:00:20Z","REV_TW1_U_01",0,true,2,1,0,0,0,0,0,-1400,78.49,,,-1400,79.04,0,0,,,,,3630,-3750,0.665,1.435,,,,37,,,,,2,,,,23.53,23.4,24.3,22.9,34700,34500,34500,,,,-1418,60.0297,86,4961232,5420870,,,,,,,12,0,0,0,0,0,0,0,0,,2,,1158.7,-1354.52,-1169,88.5,88.5,14528.16,14528.16,100,-3912,3912,-3750,3630,-4200,4200,0,0,0,0,0,0,,,3.405,3.377,3.387,28,25,25.166,,,48,48,48,false,false,false,2,2,6,6,0,342,4200,16416,1500,-1500,0,0,1,0.505,1,1,999,999,999,999,999,999,999,999,3630,-3750,false,-700,-700,2,1,0,0,0,1,2,1,1,0,0,8,1,0,0,-1437788,0,37162,0,0,0,0,0,0,0,0,0,700.303,2099.37,2099.37,1815,1875,1153.4,true,0,1815,-1875,2099.37,2099.37,1815,1875,1153.9,true,0,1815,-1875
"2025-09-17T00:00:22Z","REV_TW1_U_01",0,true,2,1,0,0,0,0,0,-1400,77.11,,,-1400,77.39,0,0,,,,,3630,-3750,0.665,1.435,,,,37,,,,,2,,,,23.53,23.4,24.3,22.9,34700,34500,34500,,,,-1406,60.021,82,4961232,5420870,,,,,,,12,0,0,0,0,0,0,0,0,,2,,1158.3,-1354.05,-1169,88.5,88.5,14528.16,14528.16,100,-3912,3912,-3750,3630,-4200,4200,0,0,0,0,0,0,,,3.404,3.376,3.386,28,25,25.333,,,48,48,48,false,false,false,2,2,6,6,0,342,4200,16416,1500,-1500,0,0,1,0.505,1,1,999,999,999,999,999,999,999,999,3630,-3750,false,-700,-700,2,1,0,0,0,1,2,1,1,0,0,8,1,0,0,-1437788,0,37164,0,0,0,0,0,0,0,0,0,700.303,2098.11,2098.11,1815,1875,1153.4,true,0,1815,-1875,2098.11,2098.11,1815,1875,1153.8,true,0,1815,-1875
"2025-09-17T00:00:24Z","REV_TW1_U_01",0,true,2,1,0,0,0,0,0,-1400,77.11,,,-1400,77.11,0,0,,,,,3630,-3750,0.665,1.435,,,,38,,,,,2,,,,23.53,23.4,24.3,22.9,34700,34500,34500,,,,-1402,60.0234,80,4961232,5420870,,,,,,,12,0,0,0,0,0,0,0,0,,2,,1158.3,-1354.05,-1169,88.5,88.5,14528.16,14528.16,100,-3912,3912,-3750,3630,-4200,4200,0,0,0,0,0,0,,,3.404,3.376,3.386,28,25,25.166,,,48,48,48,false,false,false,2,2,6,6,0,342,4200,16416,1500,-1500,0,0,1,0.505,1,1,999,999,999,999,999,999,999,999,3630,-3750,false,-700,-700,2,1,0,0,0,1,2,1,1,0,0,8,1,0,0,-1437788,0,37166,0,0,0,0,0,0,0,0,0,700.303,2097.9,2097.9,1815,1875,1153.3,true,0,1815,-1875,2097.9,2097.9,1815,1875,1153.7,true,0,1815,-1875
"2025-09-17T00:00:26Z","REV_TW1_U_01",0,true,2,1,0,0,0,0,0,-1400,74.62,,,-1400,75.17,0,0,,,,,3630,-3750,0.665,1.435,,,,37,,,,,2,,,,23.5,23.3,24.3,22.9,34700,34500,34500,,,,-1403,60.0243,79,4961232,5420871,,,,,,,12,0,0,0,0,0,0,0,0,,2,,1158.2,-1353.94,-1169,88.5,88.5,14528.16,14528.16,100,-3912,3912,-3750,3630,-4200,4200,0,0,0,0,0,0,,,3.404,3.376,3.386,28,25,25.166,,,48,48,48,false,false,false,2,2,6,6,0,342,4200,16416,1500,-1500,0,0,1,0.505,1,1,999,999,999,999,999,999,999,999,3630,-3750,false,-700,-700,2,1,0,0,0,1,2,1,1,0,0,8,1,0,0,-1437788,0,37168,0,0,0,0,0,0,0,0,0,700.303,2097.27,2097.27,1815,1875,1153.2,true,0,1815,-1875,2097.27,2097.27,1815,1875,1153.6,true,0,1815,-1875
"2025-09-17T00:00:28Z","REV_TW1_U_01",0,true,2,1,0,0,0,0,0,-1400,73.25,,,-1400,73.52,0,0,,,,,3630,-3750,0.665,1.435,,,,38,,,,,2,,,,23.53,23.3,24.3,23,34700,34500,34500,,,,-1403,60.018,77,4961232,5420871,,,,,,,12,0,0,0,0,0,0,0,0,,2,,1158.1,-1354.98,-1170,88.5,88.5,14528.16,14528.16,100,-3912,3912,-3750,3630,-4200,4200,0,0,0,0,0,0,,,3.403,3.376,3.386,28,25,25.166,,,48,48,48,false,false,false,2,2,6,6,0,342,4200,16416,1500,-1500,0,0,1,0.505,1,1,999,999,999,999,999,999,999,999,3630,-3750,false,-700,-700,2,1,0,0,0,1,2,1,1,0,0,8,1,0,0,-1437788,0,37169,0,0,0,0,0,0,0,0,0,700.303,2098.11,2098.11,1815,1875,1153.2,true,0,1815,-1875,2098.11,2098.11,1815,1875,1153.6,true,0,1815,-1875
"2025-09-17T00:00:30Z","REV_TW1_U_01",0,true,2,1,0,0,0,0,0,-1400,70.49,,,-1400,71.05,0,0,,,,,3630,-3750,0.665,1.435,,,,37,,,,,2,,,,23.5,23.3,24.3,22.9,34700,34500,34500,,,,-1402,60.0193,75,4961232,5420873,,,,,,,12,0,0,0,0,0,0,0,0,,2,,1158.1,-1353.82,-1169,88.5,88.5,14528.16,14528.16,100,-3912,3912,-3750,3630,-4200,4200,0,0,0,0,0,0,,,3.403,3.375,3.386,28,25,25.5,,,48,48,48,false,false,false,2,2,6,6,0,342,4200,16416,1500,-1500,0,0,1,0.505,1,1,999,999,999,999,999,999,999,999,3630,-3750,false,-700,-700,2,1,0,0,0,1,2,1,1,0,0,8,1,0,0,-1437788,0,37172,0,0,0,0,0,0,0,0,0,700.303,2098.95,2098.95,1815,1875,1153.1,true,0,1815,-1875,2098.95,2098.95,1815,1875,1153.5,true,0,1815,-1875
"2025-09-17T00:00:32Z","REV_TW1_U_01",0,true,2,1,0,0,0,0,0,-1400,69.11,,,-1400,69.38,0,0,,,,,3630,-3750,0.665,1.435,,,,37,,,,,2,,,,23.5,23.3,24.3,22.9,34700,34500,34500,,,,-1402,60.0159,74,4961232,5420874,,,,,,,12,0,0,0,0,0,0,0,0,,2,,1158,-1353.7,-1169,88.5,88.5,14528.16,14528.16,100,-3912,3912,-3750,3630,-4200,4200,0,0,0,0,0,0,,,3.403,3.375,3.385,28,25,25.166,,,48,48,48,false,false,false,2,2,6,6,0,342,4200,16416,1500,-1500,0,0,1,0.505,1,1,999,999,999,999,999,999,999,999,3630,-3750,false,-700,-700,2,1,0,0,0,1,2,1,1,0,0,8,1,0,0,-1437788,0,37174,0,0,0,0,0,0,0,0,0,700.303,2099.37,2099.37,1815,1875,1153,true,0,1815,-1875,2099.37,2099.37,1815,1875,1153.5,true,0,1815,-1875
"2025-09-17T00:00:34Z","REV_TW1_U_01",0,true,2,1,0,0,0,0,0,-1400,69.11,,,-1400,69.11,0,0,,,,,3630,-3750,0.665,1.435,,,,38,,,,,2,,,,23.53,23.4,24.3,22.9,34700,34500,34500,,,,-1403,60.0116,73,4961232,5420874,,,,,,,12,0,0,0,0,0,0,0,0,,2,,1158,-1353.7,-1169,88.5,88.5,14528.16,14528.16,100,-3912,3912,-3750,3630,-4200,4200,0,0,0,0,0,0,,,3.403,3.375,3.385,28,25,25.333,,,48,48,48,false,false,false,2,2,6,6,0,342,4200,16416,1500,-1500,0,0,1,0.505,1,1,999,999,999,999,999,999,999,999,3630,-3750,false,-700,-700,2,1,0,0,0,1,2,1,1,0,0,8,1,0,0,-1437789,0,37176,0,0,0,0,0,0,0,0,0,700.303,2099.79,2099.79,1815,1875,1153,true,0,1815,-1875,2099.79,2099.79,1815,1875,1153.4,true,0,1815,-1875
"2025-09-17T00:00:36Z","REV_TW1_U_01",0,true,2,1,0,0,0,0,0,-1280.278063910544,67.73,,,-1280.278063910544,68,0,0,,,,,3630,-3750,0.665,1.435,,,,38,,,,,2,,,,21.47,21.2,22.3,20.9,34700,34500,34500,,,,-1327,60.0087,74,4961232,5420874,,,,,,,12,0,0,0,0,0,0,0,0,,2,,1157.9,-1300.32,-1123,88.5,88.5,14528.16,14528.16,100,-3912,3912,-3750,3630,-4200,4200,0,0,0,0,0,0,,,3.402,3.375,3.385,28,25,25.166,,,48,48,48,false,false,false,2,2,6,6,0,342,4200,16416,1500,-1500,0,0,1,0.505,1,1,999,999,999,999,999,999,999,999,3630,-3750,false,-640,-640,2,1,0,0,0,1,2,1,1,0,0,8,1,0,0,-1437789,0,37177,0,0,0,0,0,0,0,0,0,700.303,2100,2100,1815,1875,1152.6,true,0,1815,-1875,2100,2100,1815,1875,1153,true,0,1815,-1875
"2025-09-17T00:00:38Z","REV_TW1_U_01",0,true,2,1,0,0,0,0,0,-1200,64.76,,,-1200,65.3,0,0,,,,,3630,-3750,0.665,1.435,,,,38,,,,,2,,,,20.23,20,21,19.7,34700,34500,34500,,,,-1264,60.0062,75,4961232,5420875,,,,,,,12,0,0,0,0,0,0,0,0,,2,,1157.6,-1240.95,-1072,88.5,88.5,14528.16,14528.16,100,-3912,3912,-3750,3630,-4200,4200,0,0,0,0,0,0,,,3.401,3.374,3.384,28,25,25.166,,,48,48,48,false,false,false,2,2,6,6,0,342,4200,16416,1500,-1500,0,0,1,0.505,0.8,0.8,999,999,999,999,999,999,999,999,3630,-3750,false,-600,-600,2,1,0,0,0,1,2,1,1,0,0,8,1,0,0,-1437789,0,37180,0,0,0,0,0,0,0,0,0,700.303,2098.95,2098.95,1815,1875,1152.3,true,0,1815,-1875,2098.95,2098.95,1815,1875,1152.8,true,0,1815,-1875
"2025-09-17T00:00:40Z","REV_TW1_U_01",0,true,2,1,0,0,0,0,0,-1200,64.76,,,-1200,64.76,0,0,,,,,3630,-3750,0.665,1.435,,,,37,,,,,2,,,,20.07,19.8,20.9,19.5,34700,34500,34500,,,,-1209,60.0051,69,4961232,5420877,,,,,,,12,0,0,0,0,0,0,0,0,,2,,1157.4,-1158.56,-1001,88.5,88.5,14528.16,14528.16,100,-3912,3912,-3750,3630,-4200,4200,0,0,0,0,0,0,,,3.4,3.374,3.383,28,25,25.333,,,48,48,48,false,false,false,2,2,6,6,0,342,4200,16416,1500,-1500,0,0,1,0.505,0.8,0.8,999,999,999,999,999,999,999,999,3630,-3750,false,-600,-600,2,1,0,0,0,1,2,1,1,0,0,8,1,0,0,-1437789,0,37182,0,0,0,0,0,0,0,0,0,700.303,2097.9,2097.9,1815,1875,1152.2,true,0,1815,-1875,2097.9,2097.9,1815,1875,1152.6,true,0,1815,-1875
"2025-09-17T00:00:42Z","REV_TW1_U_01",0,true,2,1,0,0,0,0,0,-1200,64.76,,,-1200,64.76,0,0,,,,,3630,-3750,0.665,1.435,,,,38,,,,,2,,,,20.1,19.9,20.9,19.5,34700,34500,34500,,,,-1204,60.0058,70,4961232,5420878,,,,,,,12,0,0,0,0,0,0,0,0,,2,,1157.3,-1156.14,-999,88.5,88.5,14528.16,14528.16,100,-3912,3912,-3750,3630,-4200,4200,0,0,0,0,0,0,,,3.4,3.374,3.383,28,25,25.333,,,48,48,48,false,false,false,2,2,6,6,0,342,4200,16416,1500,-1500,0,0,1,0.505,0.8,0.8,999,999,999,999,999,999,999,999,3630,-3750,false,-600,-600,2,1,0,0,0,1,2,1,1,0,0,8,1,0,0,-1437789,0,37184,0,0,0,0,0,0,0,0,0,700.303,2098.95,2098.95,1815,1875,1152.1,true,0,1815,-1875,2098.95,2098.95,1815,1875,1152.5,true,0,1815,-1875
"2025-09-17T00:00:44Z","REV_TW1_U_01",0,true,2,1,0,0,0,0,0,-1200,64.76,,,-1200,64.76,0,0,,,,,3630,-3750,0.665,1.435,,,,38,,,,,2,,,,20.1,19.9,20.9,19.5,34700,34500,34500,,,,-1203,60.0068,68,4961232,5420878,,,,,,,12,0,0,0,0,0,0,0,0,,2,,1157.2,-1157.2,-1000,88.5,88.5,14528.16,14528.16,100,-3912,3912,-3750,3630,-4200,4200,0,0,0,0,0,0,,,3.399,3.373,3.383,28,25,25.333,,,48,48,48,false,false,false,2,2,6,6,0,342,4200,16416,1500,-1500,0,0,1,0.505,0.8,0.8,999,999,999,999,999,999,999,999,3630,-3750,false,-600,-600,2,1,0,0,0,1,2,1,1,0,0,8,1,0,0,-1437789,0,37186,0,0,0,0,0,0,0,0,0,700.303,2098.95,2098.95,1815,1875,1152,true,0,1815,-1875,2098.53,2098.53,1815,1875,1152.4,true,0,1815,-1875
"2025-09-17T00:00:46Z","REV_TW1_U_01",0,true,2,1,0,0,0,0,0,-1200,62.28,,,-1200,62.55,0,0,,,,,3630,-3750,0.665,1.435,,,,38,,,,,2,,,,20.13,19.9,21,19.5,34700,34500,34500,,,,-1202,60.0175,68,4961232,5420878,,,,,,,12,0,0,0,0,0,0,0,0,,2,,1157.1,-1157.1,-1000,88.5,88.5,14528.16,14528.16,100,-3912,3912,-3750,3630,-4200,4200,0,0,0,0,0,0,,,3.399,3.373,3.383,28,25,25.166,,,48,48,48,false,false,false,2,2,6,6,0,342,4200,16416,1500,-1500,0,0,1,0.505,0.8,0.8,999,999,999,999,999,999,999,999,3630,-3750,false,-600,-600,2,1,0,0,0,1,2,1,1,0,0,8,1,0,0,-1437789,0,37188,0,0,0,0,0,0,0,0,0,700.303,2098.53,2098.53,1815,1875,1151.9,true,0,1815,-1875,2098.32,2098.32,1815,1875,1152.4,true,0,1815,-1875
"2025-09-17T00:00:48Z","REV_TW1_U_01",0,true,2,1,0,0,0,0,0,-1200,59.54,,,-1200,60.09,0,0,,,,,3630,-3750,0.665,1.435,,,,37,,,,,2,,,,20.1,19.9,20.9,19.5,34600,34500,34400,,,,-1200,60.02,66,4961232,5420878,,,,,,,12,0,0,0,0,0,0,0,0,,2,,1157,-1155.84,-999,88.5,88.5,14528.16,14528.16,100,-3912,3912,-3750,3630,-4200,4200,0,0,0,0,0,0,,,3.399,3.373,3.383,28,25,25.333,,,48,48,48,false,false,false,2,2,6,6,0,342,4200,16416,1500,-1500,0,0,1,0.505,0.8,0.8,999,999,999,999,999,999,999,999,3630,-3750,false,-600,-600,2,1,0,0,0,1,2,1,1,0,0,8,1,0,0,-1437789,0,37189,0,0,0,0,0,0,0,0,0,700.303,2094.75,2094.75,1815,1875,1151.9,true,0,1815,-1875,2094.75,2094.75,1815,1875,1152.3,true,0,1815,-1875
"2025-09-17T00:00:50Z","REV_TW1_U_01",0,true,2,1,0,0,0,0,0,-1200,56.77,,,-1200,57.32,0,0,,,,,3630,-3750,0.665,1.435,,,,38,,,,,2,,,,20.13,20,20.9,19.5,34600,34500,34400,,,,-1201,60.0157,63,4961232,5420879,,,,,,,12,0,0,0,0,0,0,0,0,,2,,1157,-1155.84,-999,88.5,88.5,14528.16,14528.16,100,-3912,3912,-3750,3630,-4200,4200,0,0,0,0,0,0,,,3.399,3.372,3.382,28,25,25.166,,,48,48,48,false,false,false,2,2,6,6,0,342,4200,16416,1500,-1500,0,0,1,0.505,0.8,0.8,999,999,999,999,999,999,999,999,3630,-3750,false,-600,-600,2,1,0,0,0,1,2,1,1,0,0,8,1,0,0,-1437789,0,37192,0,0,0,0,0,0,0,0,0,700.303,2094.75,2094.75,1815,1875,1151.8,true,0,1815,-1875,2094.75,2094.75,1815,1875,1152.2,true,0,1815,-1875
"2025-09-17T00:00:52Z","REV_TW1_U_01",0,true,2,1,0,0,0,0,0,-1048.3601954282876,56.77,,,-1048.3601954282876,56.77,0,0,,,,,3630,-3750,0.665,1.435,,,,38,,,,,2,,,,17.57,17.4,18.4,16.9,34600,34500,34400,,,,-1090,60.0128,63,4961232,5420881,,,,,,,12,0,0,0,0,0,0,0,0,,2,,1156.9,-1154.59,-998,88.5,88.5,14528.16,14528.16,100,-3912,3912,-3750,3630,-4200,4200,0,0,0,0,0,0,,,3.399,3.372,3.382,28,25,25.166,,,48,48,48,false,false,false,2,2,6,6,0,342,4200,16416,1500,-1500,0,0,1,0.505,0.8,0.8,999,999,999,999,999,999,999,999,3630,-3750,false,-524,-524,2,1,0,0,0,1,2,1,1,0,0,8,1,0,0,-1437789,0,37194,0,0,0,0,0,0,0,0,0,700.303,2097.27,2097.27,1815,1875,1151.4,true,0,1815,-1875,2097.27,2097.27,1815,1875,1151.8,true,0,1815,-1875
"2025-09-17T00:00:54Z","REV_TW1_U_01",0,true,2,1,0,0,0,0,0,-1000,56.77,,,-1000,56.77,0,0,,,,,3630,-3750,0.665,1.435,,,,37,,,,,2,,,,16.73,16.6,17.5,16.1,34600,34500,34400,,,,-1031,60.0059,62,4961232,5420881,,,,,,,12,0,0,0,0,0,0,0,0,,2,,1156.5,-1001.53,-866,88.5,88.5,14528.16,14528.16,100,-3912,3912,-3750,3630,-4200,4200,0,0,0,0,0,0,,,3.397,3.372,3.381,28,24,25.166,,,48,48,48,false,false,false,2,2,6,6,0,342,4200,16416,1500,-1500,0,0,1,0.505,0.8,0.8,999,999,999,999,999,999,999,999,3630,-3750,false,-500,-500,2,1,0,0,0,1,2,1,1,0,0,8,1,0,0,-1437789,0,37195,0,0,0,0,0,0,0,0,0,700.303,2096.85,2096.85,1815,1875,1151.1,true,0,1815,-1875,2096.85,2096.85,1815,1875,1151.5,true,0,1815,-1875
"2025-09-17T00:00:56Z","REV_TW1_U_01",0,true,2,1,0,0,0,0,0,-1000,55.39,,,-1000,55.67,0,0,,,,,3630,-3750,0.665,1.435,,,,37,,,,,2,,,,16.7,16.6,17.5,16,34600,34500,34400,,,,-1005,60.0052,62,4961232,5420882,,,,,,,12,0,0,0,0,0,0,0,0,,2,,1156.3,-958.57,-829,88.5,88.5,14528.16,14528.16,100,-3912,3912,-3750,3630,-4200,4200,0,0,0,0,0,0,,,3.396,3.371,3.38,28,25,25.333,,,48,48,48,false,false,false,2,2,6,6,0,342,4200,16416,1500,-1500,0,0,1,0.505,0.8,0.8,999,999,999,999,999,999,999,999,3630,-3750,false,-500,-500,2,1,0,0,0,1,2,1,1,0,0,8,1,0,0,-1437789,0,37197,0,0,0,0,0,0,0,0,0,700.303,2095.59,2095.59,1815,1875,1151,true,0,1815,-1875,2095.59,2095.59,1815,1875,1151.4,true,0,1815,-1875
"2025-09-17T00:00:58Z","REV_TW1_U_01",0,true,2,1,0,0,0,0,0,-1000,52.88,,,-1000,53.15,0,0,,,,,3630,-3750,0.665,1.435,,,,37,,,,,2,,,,16.63,16.4,17.5,16,34600,34500,34400,,,,-1001,59.9999,59,4961232,5420882,,,,,,,12,0,0,0,0,0,0,0,0,,2,,1156.2,-958.49,-829,88.5,88.5,14528.16,14528.16,100,-3912,3912,-3750,3630,-4200,4200,0,0,0,0,0,0,,,3.395,3.371,3.38,28,25,25.333,,,48,48,48,false,false,false,2,2,6,6,0,342,4200,16416,1500,-1500,0,0,1,0.505,0.8,0.8,999,999,999,999,999,999,999,999,3630,-3750,false,-500,-500,2,1,0,0,0,1,2,1,1,0,0,8,1,0,0,-1437789,0,37200,0,0,0,0,0,0,0,0,0,700.303,2093.91,2093.91,1815,1875,1150.9,true,0,1815,-1875,2093.91,2093.91,1815,1875,1151.3,true,0,1815,-1875
"2025-09-17T00:01:00Z","REV_TW1_U_01",0,true,2,1,0,0,0,0,0,-1000,52.59,,,-1000,52.59,0,0,,,,,3630,-3750,0.665,1.435,,,,37,,,,,2,,,,16.67,16.4,17.5,16.1,34600,34500,34400,,,,-1001,59.9966,58,4961232,5420882,,,,,,,12,0,0,0,0,0,0,0,0,,2,,1156.1,-958.41,-829,88.5,88.5,14528.16,14528.16,100,-3912,3912,-3750,3630,-4200,4200,0,0,0,0,0,0,,,3.395,3.371,3.38,28,25,25.166,,,48,48,48,false,false,false,2,2,6,6,0,342,4200,16416,1500,-1500,0,0,1,0.505,0.8,0.8,999,999,999,999,999,999,999,999,3630,-3750,false,-500,-500,2,1,0,0,0,1,2,1,1,0,0,8,1,0,0,-1437790,0,37202,0,0,0,0,0,0,0,0,0,700.303,2095.38,2095.38,1815,1875,1150.8,true,0,1815,-1875,2095.38,2095.38,1815,1875,1151.2,true,0,1815,-1875
"2025-09-17T00:01:02Z","REV_TW1_U_01",0,true,2,1,0,0,0,0,0,-1000,52.59,,,-1000,52.59,0,0,,,,,3630,-3750,0.665,1.435,,,,37,,,,,2,,,,16.67,16.4,17.5,16.1,34600,34500,34400,,,,-1000,59.993,58,4961232,5420882,,,,,,,12,0,0,0,0,0,0,0,0,,2,,1156,-958.32,-829,88.5,88.5,14528.16,14528.16,100,-3912,3912,-3750,3630,-4200,4200,0,0,0,0,0,0,,,3.395,3.37,3.38,28,25,25.166,,,48,48,48,false,false,false,2,2,6,6,0,342,4200,16416,1500,-1500,0,0,1,0.505,0.8,0.8,999,999,999,999,999,999,999,999,3630,-3750,false,-500,-500,2,1,0,0,0,1,2,1,1,0,0,8,1,0,0,-1437790,0,37203,0,0,0,0,0,0,0,0,0,700.303,2095.17,2095.17,1815,1875,1150.7,true,0,1815,-1875,2095.17,2095.17,1815,1875,1151.2,true,0,1815,-1875
"2025-09-17T00:01:04Z","REV_TW1_U_01",0,true,2,1,0,0,0,0,0,-1000,52.59,,,-1000,52.59,0,0,,,,,3630,-3750,0.665,1.435,,,,37,,,,,2,,,,16.7,16.4,17.6,16.1,34600,34500,34400,,,,-1002,59.9953,58,4961232,5420883,,,,,,,12,0,0,0,0,0,0,0,0,,2,,1156,-958.32,-829,88.5,88.5,14528.16,14528.16,100,-3912,3912,-3750,3630,-4200,4200,0,0,0,0,0,0,,,3.395,3.37,3.379,28,25,25.166,,,48,48,48,false,false,false,2,2,6,6,0,342,4200,16416,1500,-1500,0,0,1,0.505,0.8,0.8,999,999,999,999,999,999,999,999,3630,-3750,false,-500,-500,2,1,0,0,0,1,2,1,1,0,0,8,1,0,0,-1437790,0,37205,0,0,0,0,0,0,0,0,0,700.303,2096.85,2096.85,1815,1875,1150.7,true,0,1815,-1875,2096.85,2096.85,1815,1875,1151.1,true,0,1815,-1875
"2025-09-17T00:01:06Z","REV_TW1_U_01",0,true,2,1,0,0,0,0,0,-1000,50.12,,,-1000,50.39,0,0,,,,,3630,-3750,0.665,1.435,,,,37,,,,,2,,,,16.7,16.5,17.5,16.1,34600,34500,34400,,,,-1003,59.9811,56,4961232,5420885,,,,,,,12,0,0,0,0,0,0,0,0,,2,,1155.9,-958.24,-829,88.5,88.5,14528.16,14528.16,100,-3912,3912,-3750,3630,-4200,4200,0,0,0,0,0,0,,,3.394,3.37,3.379,28,25,25.166,,,48,48,48,false,false,false,2,2,6,6,0,342,4200,16416,1500,-1500,0,0,1,0.505,0.8,0.8,999,999,999,999,999,999,999,999,3630,-3750,false,-500,-500,2,1,0,0,0,1,2,1,1,0,0,8,1,0,0,-1437790,0,37208,0,0,0,0,0,0,0,0,0,700.303,2097.06,2097.06,1815,1875,1150.6,true,0,1815,-1875,2097.06,2097.06,1815,1875,1151,true,0,1815,-1875
"2025-09-17T00:01:08Z","REV_TW1_U_01",0,true,2,1,0,0,0,0,0,-1000,47.36,,,-1000,47.64,0,0,,,,,3630,-3750,0.665,1.435,,,,37,,,,,2,,,,16.7,16.4,17.6,16.1,34600,34500,34400,,,,-1002,59.9765,54,4961232,5420885,,,,,,,12,0,0,0,0,0,0,0,0,,2,,1155.8,-960.47,-831,88.5,88.5,14528.16,14528.16,100,-3912,3912,-3750,3630,-4200,4200,0,0,0,0,0,0,,,3.394,3.37,3.379,28,25,25.166,,,48,48,48,false,false,false,2,2,6,6,0,342,4200,16416,1500,-1500,0,0,1,0.505,0.8,0.8,999,999,999,999,999,999,999,999,3630,-3750,false,-500,-500,2,1,0,0,0,1,2,1,1,0,0,8,1,0,0,-1437790,0,37209,0,0,0,0,0,0,0,0,0,700.303,2097.27,2097.27,1815,1875,1150.5,true,0,1815,-1875,2097.27,2097.27,1815,1875,1151,true,0,1815,-1875
"2025-09-17T00:01:10Z","REV_TW1_U_01",0,true,2,1,0,0,0,0,0,-1000,47.36,,,-1000,47.36,0,0,,,,,3630,-3750,0.665,1.435,,,,38,,,,,2,,,,16.7,16.5,17.5,16.1,34600,34500,34400,,,,-1003,59.9853,52,4961232,5420886,,,,,,,12,0,0,0,0,0,0,0,0,,2,,1155.8,-960.47,-831,88.5,88.5,14528.16,14528.16,100,-3912,3912,-3750,3630,-4200,4200,0,0,0,0,0,0,,,3.394,3.37,3.379,28,25,25.166,,,48,48,48,false,false,false,2,2,6,6,0,342,4200,16416,1500,-1500,0,0,1,0.505,0.8,0.8,999,999,999,999,999,999,999,999,3630,-3750,false,-500,-500,2,1,0,0,0,1,2,1,1,0,0,8,1,0,0,-1437790,0,37211,0,0,0,0,0,0,0,0,0,700.303,2096.85,2096.85,1815,1875,1150.5,true,0,1815,-1875,2096.85,2096.85,1815,1875,1150.9,true,0,1815,-1875
"2025-09-17T00:01:12Z","REV_TW1_U_01",0,true,2,1,0,0,0,0,0,-800,47.36,,,-800,47.36,0,0,,,,,3630,-3750,0.665,1.435,,,,37,,,,,2,,,,13.27,13.1,14.1,12.6,34600,34500,34400,,,,-849,59.976,52,4961232,5420886,,,,,,,12,0,0,0,0,0,0,0,0,,2,,1155.7,-949.99,-822,88.5,88.5,14528.16,14528.16,100,-3912,3912,-3750,3630,-4200,4200,0,0,0,0,0,0,,,3.393,3.37,3.379,28,25,25.166,,,48,48,48,false,false,false,2,2,6,6,0,342,4200,16416,1500,-1500,0,0,1,0.505,0.8,0.8,999,999,999,999,999,999,999,999,3630,-3750,false,-400,-400,2,1,0,0,0,1,2,1,1,0,0,8,1,0,0,-1437790,0,37213,0,0,0,0,0,0,0,0,0,700.303,2095.17,2095.17,1815,1875,1149.8,true,0,1815,-1875,2095.17,2095.17,1815,1875,1150.3,true,0,1815,-1875
"2025-09-17T00:01:14Z","REV_TW1_U_01",0,true,2,1,0,0,0,0,0,-800,47.36,,,-800,47.36,0,0,,,,,3630,-3750,0.665,1.435,,,,38,,,,,2,,,,13.27,13.1,14.1,12.6,34600,34500,34400,,,,-808,59.9862,51,4961232,5420886,,,,,,,12,0,0,0,0,0,0,0,0,,2,,1155.2,-760.12,-658,88.5,88.5,14528.16,14528.16,100,-3912,3912,-3750,3630,-4200,4200,0,0,0,0,0,0,,,3.392,3.369,3.377,28,25,25.166,,,48,48,48,false,false,false,2,2,6,6,0,342,4200,16416,1500,-1500,0,0,1,0.505,0.8,0.8,999,999,999,999,999,999,999,999,3630,-3750,false,-400,-400,2,1,0,0,0,1,2,1,1,0,0,8,1,0,0,-1437790,0,37216,0,0,0,0,0,0,0,0,0,700.303,2096.22,2096.22,1815,1875,1149.7,true,0,1815,-1875,2096.22,2096.22,1815,1875,1150.2,true,0,1815,-1875
"2025-09-17T00:01:16Z","REV_TW1_U_01",0,true,2,1,0,0,0,0,0,-800,46.27,,,-800,46.27,0,0,,,,,3630,-3750,0.665,1.435,,,,37,,,,,2,,,,13.23,13,14.1,12.6,34600,34500,34400,,,,-803,59.9845,51,4961232,5420886,,,,,,,12,0,0,0,0,0,0,0,0,,2,,1155.1,-761.21,-659,88.5,88.5,14528.16,14528.16,100,-3912,3912,-3750,3630,-4200,4200,0,0,0,0,0,0,,,3.391,3.368,3.377,28,25,25.166,,,48,48,48,false,false,false,2,2,6,6,0,342,4200,16416,1500,-1500,0,0,1,0.505,0.8,0.8,999,999,999,999,999,999,999,999,3630,-3750,false,-400,-400,2,1,0,0,0,1,2,1,1,0,0,8,1,0,0,-1437790,0,37217,0,0,0,0,0,0,0,0,0,700.303,2095.38,2095.38,1815,1875,1149.6,true,0,1815,-1875,2095.38,2095.38,1815,1875,1150.1,true,0,1815,-1875
"2025-09-17T00:01:18Z","REV_TW1_U_01",0,true,2,1,0,0,0,0,0,-800,43.51,,,-800,43.78,0,0,,,,,3630,-3750,0.665,1.435,,,,38,,,,,2,,,,13.27,13,14.1,12.7,34600,34500,34400,,,,-802,59.9778,49,4961232,5420887,,,,,,,12,0,0,0,0,0,0,0,0,,2,,1155,-761.14,-659,88.5,88.5,14528.16,14528.16,100,-3912,3912,-3750,3630,-4200,4200,0,0,0,0,0,0,,,3.391,3.368,3.377,28,25,25.166,,,48,48,48,false,false,false,2,2,6,6,0,342,4200,16416,1500,-1500,0,0,1,0.505,0.7,0.7,999,999,999,999,999,999,999,999,3630,-3750,false,-400,-400,2,1,0,0,0,1,2,1,1,0,0,8,1,0,0,-1437790,0,37219,0,0,0,0,0,0,0,0,0,700.303,2096.01,2096.01,1815,1875,1149.5,true,0,1815,-1875,2096.01,2096.01,1815,1875,1150,true,0,1815,-1875
"2025-09-17T00:01:20Z","REV_TW1_U_01",0,true,2,1,0,0,0,0,0,-800,42.12,,,-800,42.12,0,0,,,,,3630,-3750,0.665,1.435,,,,38,,,,,2,,,,13.23,13,14.1,12.6,34600,34500,34400,,,,-803,59.9812,46,4961232,5420887,,,,,,,12,0,0,0,0,0,0,0,0,,2,,1154.9,-762.23,-660,88.5,88.5,14528.16,14528.16,100,-3912,3912,-3750,3630,-4200,4200,0,0,0,0,0,0,,,3.391,3.368,3.376,28,25,25.166,,,48,48,48,false,false,false,2,2,6,6,0,342,4200,16416,1500,-1500,0,0,1,0.505,0.7,0.7,999,999,999,999,999,999,999,999,3630,-3750,false,-400,-400,2,1,0,0,0,1,2,1,1,0,0,8,1,0,0,-1437790,0,37222,0,0,0,0,0,0,0,0,0,700.303,2094.75,2094.75,1815,1875,1149.4,true,0,1815,-1875,2094.75,2094.75,1815,1875,1149.9,true,0,1815,-1875
"2025-09-17T00:01:22Z","REV_TW1_U_01",0,true,2,1,0,0,0,0,0,-800,42.12,,,-800,42.12,0,0,,,,,3630,-3750,0.665,1.435,,,,37,,,,,2,,,,13.27,13,14.1,12.7,34600,34400,34400,,,,-802,59.9891,45,4961232,5420889,,,,,,,12,0,0,0,0,0,0,0,0,,2,,1154.9,-761.08,-659,88.5,88.5,14528.16,14528.16,100,-3912,3912,-3750,3630,-4200,4200,0,0,0,0,0,0,,,3.39,3.368,3.376,28,25,25.166,,,48,48,48,false,false,false,2,2,6,6,0,342,4200,16416,1500,-1500,0,0,1,0.505,0.7,0.7,999,999,999,999,999,999,999,999,3630,-3750,false,-400,-400,2,1,0,0,0,1,2,1,1,0,0,8,1,0,0,-1437790,0,37224,0,0,0,0,0,0,0,0,0,700.303,2093.91,2093.91,1815,1875,1149.4,true,0,1815,-1875,2093.91,2093.91,1815,1875,1149.8,true,0,1815,-1875
"2025-09-17T00:01:24Z","REV_TW1_U_01",0,true,2,1,0,0,0,0,0,-800,42.12,,,-800,42.12,0,0,,,,,3630,-3750,0.665,1.435,,,,37,,,,,2,,,,13.27,13,14.1,12.7,34600,34400,34400,,,,-803,59.9891,45,4961232,5420889,,,,,,,12,0,0,0,0,0,0,0,0,,2,,1154.8,-761.01,-659,88.5,88.5,14528.16,14528.16,100,-3912,3912,-3750,3630,-4200,4200,0,0,0,0,0,0,,,3.39,3.368,3.376,28,25,25.166,,,48,48,48,false,false,false,2,2,6,6,0,342,4200,16416,1500,-1500,0,0,1,0.505,0.7,0.7,999,999,999,999,999,999,999,999,3630,-3750,false,-400,-400,2,1,0,0,0,1,2,1,1,0,0,8,1,0,0,-1437791,0,37225,0,0,0,0,0,0,0,0,0,700.303,2096.64,2096.64,1815,1875,1149.3,true,0,1815,-1875,2095.59,2095.59,1815,1875,1149.8,true,0,1815,-1875
"2025-09-17T00:01:26Z","REV_TW1_U_01",0,true,2,1,0,0,0,0,0,-800,39.36,,,-800,39.63,0,0,,,,,3630,-3750,0.665,1.435,,,,37,,,,,2,,,,13.37,13.3,14.1,12.7,34600,34500,34400,,,,-803,59.9881,44,4961232,5420890,,,,,,,12,0,0,0,0,0,0,0,0,,2,,1154.7,-759.79,-658,88.5,88.5,14528.16,14528.16,100,-3912,3912,-3750,3630,-4200,4200,0,0,0,0,0,0,,,3.39,3.367,3.376,28,25,25.166,,,48,48,48,false,false,false,2,2,6,6,0,342,4200,16416,1500,-1500,0,0,1,0.505,0.7,0.7,999,999,999,999,999,999,999,999,3630,-3750,false,-400,-400,2,1,0,0,0,1,2,1,1,0,0,8,1,0,0,-1437791,0,37227,0,0,0,0,0,0,0,0,0,700.303,2096.22,2096.22,1815,1875,1149.3,true,0,1815,-1875,2096.22,2096.22,1815,1875,1149.7,true,0,1815,-1875
"2025-09-17T00:01:28Z","REV_TW1_U_01",0,true,2,1,0,0,0,0,0,-706.6877418293152,36.89,,,-706.6877418293152,36.89,0,0,,,,,3630,-3750,0.665,1.435,,,,37,,,,,2,,,,11.63,11.4,12.5,11,34600,34500,34400,,,,-731,59.9801,41,4961232,5420890,,,,,,,12,0,0,0,0,0,0,0,0,,2,,1154.7,-726.31,-629,88.5,88.5,14528.16,14528.16,100,-3912,3912,-3750,3630,-4200,4200,0,0,0,0,0,0,,,3.389,3.367,3.376,28,25,25.166,,,48,48,48,false,false,false,2,2,6,6,0,342,4200,16416,1500,-1500,0,0,1,0.505,0.7,0.7,999,999,999,999,999,999,999,999,3630,-3750,false,-353,-353,2,1,0,0,0,1,2,1,1,0,0,8,1,0,0,-1437791,0,37230,0,0,0,0,0,0,0,0,0,700.303,2095.59,2095.59,1815,1875,1148.9,true,0,1815,-1875,2095.59,2095.59,1815,1875,1149.4,true,0,1815,-1875
"2025-09-17T00:01:30Z","REV_TW1_U_01",0,true,2,1,0,0,0,0,0,-600,36.61,,,-600,36.61,0,0,,,,,3630,-3750,0.665,1.435,,,,38,,,,,2,,,,9.83,9.6,10.6,9.3,34600,34400,34400,,,,-654,59.9806,41,4961232,5420890,,,,,,,12,0,0,0,0,0,0,0,0,,2,,1154.4,-673.02,-583,88.5,88.5,14528.16,14528.16,100,-3912,3912,-3750,3630,-4200,4200,0,0,0,0,0,0,,,3.388,3.366,3.375,28,25,25.166,,,48,48,48,false,false,false,2,2,6,6,0,342,4200,16416,1500,-1500,0,0,1,0.505,0.7,0.7,999,999,999,999,999,999,999,999,3630,-3750,false,-300,-300,2,1,0,0,0,1,2,1,1,0,0,8,1,0,0,-1437791,0,37231,0,0,0,0,0,0,0,0,0,700.303,2095.38,2095.38,1815,1875,1148.6,true,0,1815,-1875,2095.38,2095.38,1815,1875,1149,true,0,1815,-1875
"2025-09-17T00:01:32Z","REV_TW1_U_01",0,true,2,1,0,0,0,0,0,-600,36.61,,,-600,36.61,0,0,,,,,3630,-3750,0.665,1.435,,,,38,,,,,2,,,,9.87,9.7,10.6,9.3,34600,34400,34400,,,,-607,59.9895,40,4961232,5420890,,,,,,,12,0,0,0,0,0,0,0,0,,2,,1154.1,-560.89,-486,88.5,88.5,14528.16,14528.16,100,-3912,3912,-3750,3630,-4200,4200,0,0,0,0,0,0,,,3.387,3.366,3.374,28,25,25.166,,,48,48,48,false,false,false,2,2,6,6,0,342,4200,16416,1500,-1500,0,0,1,0.505,0.7,0.7,999,999,999,999,999,999,999,999,3630,-3750,false,-300,-300,2,1,0,0,0,1,2,1,1,0,0,8,1,0,0,-1437791,0,37233,0,0,0,0,0,0,0,0,0,700.303,2095.17,2095.17,1815,1875,1148.4,true,0,1815,-1875,2095.17,2095.17,1815,1875,1148.8,true,0,1815,-1875
"2025-09-17T00:01:34Z","REV_TW1_U_01",0,true,2,1,0,0,0,0,0,-600,36.61,,,-600,36.61,0,0,,,,,3630,-3750,0.665,1.435,,,,38,,,,,2,,,,9.83,9.6,10.6,9.3,34600,34400,34400,,,,-603,59.9797,41,4961232,5420890,,,,,,,12,0,0,0,0,0,0,0,0,,2,,1154,-563.15,-488,88.5,88.5,14528.16,14528.16,100,-3912,3912,-3750,3630,-4200,4200,0,0,0,0,0,0,,,3.387,3.365,3.374,28,25,25.166,,,48,48,48,false,false,false,2,2,6,6,0,342,4200,16416,1500,-1500,0,0,1,0.505,0.7,0.7,999,999,999,999,999,999,999,999,3630,-3750,false,-300,-300,2,1,0,0,0,1,2,1,1,0,0,8,1,0,0,-1437791,0,37235,0,0,0,0,0,0,0,0,0,700.303,2094.54,2094.54,1815,1875,1148.3,true,0,1815,-1875,2095.59,2095.59,1815,1875,1148.8,true,0,1815,-1875
"2025-09-17T00:01:36Z","REV_TW1_U_01",0,true,2,1,0,0,0,0,0,-600,34.13,,,-600,34.96,0,0,,,,,3630,-3750,0.665,1.435,,,,38,,,,,2,,,,9.83,9.6,10.6,9.3,34600,34400,34400,,,,-602,59.9788,39,4961232,5420890,,,,,,,12,0,0,0,0,0,0,0,0,,2,,1153.9,-561.95,-487,88.5,88.5,14528.16,14528.16,100,-3912,3912,-3750,3630,-4200,4200,0,0,0,0,0,0,,,3.386,3.365,3.373,28,25,25.166,,,48,48,48,false,false,false,2,2,6,6,0,342,4200,16416,1500,-1500,0,0,1,0.505,0.7,0.7,999,999,999,999,999,999,999,999,3630,-3750,false,-300,-300,2,1,0,0,0,1,2,1,1,0,0,8,1,0,0,-1437791,0,37237,0,0,0,0,0,0,0,0,0,700.303,2095.17,2095.17,1815,1875,1148.2,true,0,1815,-1875,2095.17,2095.17,1815,1875,1148.7,true,0,1815,-1875
"2025-09-17T00:01:38Z","REV_TW1_U_01",0,true,2,1,0,0,0,0,0,-600,33.86,,,-600,33.86,0,0,,,,,3630,-3750,0.665,1.435,,,,38,,,,,2,,,,9.83,9.6,10.6,9.3,34600,34500,34400,,,,-601,59.9778,39,4961232,5420890,,,,,,,12,0,0,0,0,0,0,0,0,,2,,1153.8,-560.75,-486,88.5,88.5,14528.16,14528.16,100,-3912,3912,-3750,3630,-4200,4200,0,0,0,0,0,0,,,3.386,3.365,3.373,28,25,25.166,,,48,48,48,false,false,false,2,2,6,6,0,342,4200,16416,1500,-1500,0,0,1,0.505,0.5,0.5,999,999,999,999,999,999,999,999,3630,-3750,false,-300,-300,2,1,0,0,0,1,2,1,1,0,0,8,1,0,0,-1437791,0,37239,0,0,0,0,0,0,0,0,0,700.303,2094.75,2094.75,1815,1875,1148.2,true,0,1815,-1875,2094.75,2094.75,1815,1875,1148.6,true,0,1815,-1875
"2025-09-17T00:01:40Z","REV_TW1_U_01",0,true,2,1,0,0,0,0,0,-600,33.86,,,-600,33.86,0,0,,,,,3630,-3750,0.665,1.435,,,,37,,,,,2,,,,9.83,9.6,10.6,9.3,34600,34400,34400,,,,-601,59.9778,39,4961232,5420891,,,,,,,12,0,0,0,0,0,0,0,0,,2,,1153.7,-563.01,-488,88.5,88.5,14528.16,14528.16,100,-3912,3912,-3750,3630,-4200,4200,0,0,0,0,0,0,,,3.386,3.365,3.373,28,24,25.166,,,48,48,48,false,false,false,2,2,6,6,0,342,4200,16416,1500,-1500,0,0,1,0.505,0.5,0.5,999,999,999,999,999,999,999,999,3630,-3750,false,-300,-300,2,1,0,0,0,1,2,1,1,0,0,8,1,0,0,-1437791,0,37242,0,0,0,0,0,0,0,0,0,700.303,2095.8,2095.8,1815,1875,1148.1,true,0,1815,-1875,2096.43,2096.43,1815,1875,1148.5,true,0,1815,-1875
"2025-09-17T00:01:42Z","REV_TW1_U_01",0,true,2,1,0,0,0,0,0,-600,32.48,,,-600,32.48,0,0,,,,,3630,-3750,0.665,1.435,,,,38,,,,,2,,,,9.83,9.7,10.6,9.2,34600,34500,34400,,,,-601,59.9819,39,4961232,5420891,,,,,,,12,0,0,0,0,0,0,0,0,,2,,1153.7,-559.54,-485,88.5,88.5,14528.16,14528.16,100,-3912,3912,-3750,3630,-4200,4200,0,0,0,0,0,0,,,3.385,3.365,3.373,28,25,25.166,,,48,48,48,false,false,false,2,2,6,6,0,342,4200,16416,1500,-1500,0,0,1,0.505,0.5,0.5,999,999,999,999,999,999,999,999,3630,-3750,false,-300,-300,2,1,0,0,0,1,2,1,1,0,0,8,1,0,0,-1437791,0,37243,0,0,0,0,0,0,0,0,0,700.303,2096.01,2096.01,1815,1875,1148,true,0,1815,-1875,2096.01,2096.01,1815,1875,1148.5,true,0,1815,-1875
"2025-09-17T00:01:44Z","REV_TW1_U_01",0,true,2,1,0,0,0,0,0,-600,32.48,,,-600,32.48,0,0,,,,,3630,-3750,0.665,1.435,,,,38,,,,,2,,,,9.8,9.6,10.6,9.2,34600,34500,34400,,,,-601,59.9824,38,4961232,5420891,,,,,,,12,0,0,0,0,0,0,0,0,,2,,1153.6,-559.5,-485,88.5,88.5,14528.16,14528.16,100,-3912,3912,-3750,3630,-4200,4200,0,0,0,0,0,0,,,3.385,3.364,3.373,28,25,25.166,,,48,48,48,false,false,false,2,2,6,6,0,342,4200,16416,1500,-1500,0,0,1,0.505,0.5,0.5,999,999,999,999,999,999,999,999,3630,-3750,false,-300,-300,2,1,0,0,0,1,2,1,1,0,0,8,1,0,0,-1437792,0,37245,0,0,0,0,0,0,0,0,0,700.303,2095.8,2095.8,1815,1875,1148,true,0,1815,-1875,2095.8,2095.8,1815,1875,1148.4,true,0,1815,-1875
"2025-09-17T00:01:46Z","REV_TW1_U_01",0,true,2,1,0,0,0,0,0,-600,32.48,,,-600,32.48,0,0,,,,,3630,-3750,0.665,1.435,,,,37,,,,,2,,,,9.8,9.6,10.6,9.2,34600,34400,34400,,,,-600,59.976,38,4961232,5420893,,,,,,,12,0,0,0,0,0,0,0,0,,2,,1153.5,-559.45,-485,88.5,88.5,14528.16,14528.16,100,-3912,3912,-3750,3630,-4200,4200,0,0,0,0,0,0,,,3.385,3.364,3.372,28,25,25.166,,,48,48,48,false,false,false,2,2,6,6,0,342,4200,16416,1500,-1500,0,0,1,0.505,0.5,0.5,999,999,999,999,999,999,999,999,3630,-3750,false,-300,-300,2,1,0,0,0,1,2,1,1,0,0,8,1,0,0,-1437792,0,37247,0,0,0,0,0,0,0,0,0,700.303,2094.33,2094.33,1815,1875,1147.9,true,0,1815,-1875,2094.33,2094.33,1815,1875,1148.3,true,0,1815,-1875
"2025-09-17T00:01:48Z","REV_TW1_U_01",0,true,2,1,0,0,0,0,0,-600,30,,,-600,30.83,0,0,,,,,3630,-3750,0.665,1.435,,,,37,,,,,2,,,,9.8,9.6,10.6,9.2,34600,34400,34400,,,,-600,59.9759,39,4961232,5420893,,,,,,,12,0,0,0,0,0,0,0,0,,2,,1153.5,-559.45,-485,88.5,88.5,14528.16,14528.16,100,-3912,3912,-3750,3630,-4200,4200,0,0,0,0,0,0,,,3.385,3.364,3.372,28,25,25.166,,,48,48,48,false,false,false,2,2,6,6,0,342,4200,16416,1500,-1500,0,0,1,0.505,0.5,0.5,999,999,999,999,999,999,999,999,3630,-3750,false,-300,-300,2,1,0,0,0,1,2,1,1,0,0,8,1,0,0,-1437792,0,37249,0,0,0,0,0,0,0,0,0,700.303,2095.17,2095.17,1815,1875,1147.8,true,0,1815,-1875,2095.17,2095.17,1815,1875,1148.3,true,0,1815,-1875
"2025-09-17T00:01:50Z","REV_TW1_U_01",0,true,2,1,0,0,0,0,0,-600,27.23,,,-600,28.06,0,0,,,,,3630,-3750,0.665,1.435,,,,37,,,,,2,,,,9.83,9.6,10.6,9.3,34600,34400,34400,,,,-600,59.9859,36,4961232,5420894,,,,,,,12,0,0,0,0,0,0,0,0,,2,,1153.4,-560.55,-486,88.5,88.5,14528.16,14528.16,100,-3912,3912,-3750,3630,-4200,4200,0,0,0,0,0,0,,,3.384,3.364,3.372,28,25,25.166,,,48,48,48,false,false,false,2,2,6,6,0,342,4200,16416,1500,-1500,0,0,1,0.505,0.5,0.5,999,999,999,999,999,999,999,999,3630,-3750,false,-300,-300,2,1,0,0,0,1,2,1,1,0,0,8,1,0,0,-1437792,0,37251,0,0,0,0,0,0,0,0,0,700.303,2094.75,2094.75,1815,1875,1147.8,true,0,1815,-1875,2094.75,2094.75,1815,1875,1148.2,true,0,1815,-1875
"2025-09-17T00:01:52Z","REV_TW1_U_01",0,true,2,1,0,0,0,0,0,-600,27.23,,,-600,27.23,0,0,,,,,3630,-3750,0.665,1.435,,,,37,,,,,2,,,,9.83,9.6,10.6,9.3,34600,34400,34400,,,,-600,59.9768,34,4961232,5420894,,,,,,,12,0,0,0,0,0,0,0,0,,2,,1153.3,-559.35,-485,88.5,88.5,14528.16,14528.16,100,-3912,3912,-3750,3630,-4200,4200,0,0,0,0,0,0,,,3.384,3.364,3.372,28,25,25.166,,,48,48,48,false,false,false,2,2,6,6,0,342,4200,16416,1500,-1500,0,0,1,0.505,0.5,0.5,999,999,999,999,999,999,999,999,3630,-3750,false,-300,-300,2,1,0,0,0,1,2,1,1,0,0,8,1,0,0,-1437792,0,37253,0,0,0,0,0,0,0,0,0,700.303,2094.33,2094.33,1815,1875,1147.7,true,0,1815,-1875,2094.33,2094.33,1815,1875,1148.2,true,0,1815,-1875
"2025-09-17T00:01:54Z","REV_TW1_U_01",0,true,2,1,0,0,0,0,0,-600,27.23,,,-600,27.23,0,0,,,,,3630,-3750,0.665,1.435,,,,37,,,,,2,,,,9.83,9.6,10.6,9.3,34600,34400,34400,,,,-600,59.988,33,4961232,5420894,,,,,,,12,0,0,0,0,0,0,0,0,,2,,1153.3,-559.35,-485,88.5,88.5,14528.16,14528.16,100,-3912,3912,-3750,3630,-4200,4200,0,0,0,0,0,0,,,3.384,3.364,3.372,28,25,25.166,,,48,48,48,false,false,false,2,2,6,6,0,342,4200,16416,1500,-1500,0,0,1,0.505,0.5,0.5,999,999,999,999,999,999,999,999,3630,-3750,false,-300,-300,2,1,0,0,0,1,2,1,1,0,0,8,1,0,0,-1437792,0,37255,0,0,0,0,0,0,0,0,0,700.303,2095.8,2095.8,1815,1875,1147.7,true,0,1815,-1875,2095.8,2095.8,1815,1875,1148.1,true,0,1815,-1875
"2025-09-17T00:01:56Z","REV_TW1_U_01",0,true,2,1,0,0,0,0,0,-600,27.23,,,-600,27.23,0,0,,,,,3630,-3750,0.665,1.435,,,,37,,,,,2,,,,9.83,9.6,10.6,9.3,34600,34400,34400,,,,-600,59.9892,33,4961232,5420894,,,,,,,12,0,0,0,0,0,0,0,0,,2,,1153.2,-560.46,-486,88.5,88.5,14528.16,14528.16,100,-3912,3912,-3750,3630,-4200,4200,0,0,0,0,0,0,,,3.384,3.363,3.372,28,25,25.166,,,48,48,48,false,false,false,2,2,6,6,0,342,4200,16416,1500,-1500,0,0,1,0.505,0.5,0.5,999,999,999,999,999,999,999,999,3630,-3750,false,-300,-300,2,1,0,0,0,1,2,1,1,0,0,8,1,0,0,-1437792,0,37257,0,0,0,0,0,0,0,0,0,700.303,2095.38,2095.38,1815,1875,1147.6,true,0,1815,-1875,2094.96,2094.96,1815,1875,1148.1,true,0,1815,-1875
"2025-09-17T00:01:58Z","REV_TW1_U_01",0,true,2,1,0,0,0,0,0,-546.6469128887547,27.23,,,-546.6469128887547,27.23,0,0,,,,,3630,-3750,0.665,1.435,,,,38,,,,,2,,,,9.8,9.6,10.5,9.3,34600,34400,34400,,,,-599,59.9884,33,4961232,5420894,,,,,,,12,0,0,0,0,0,0,0,0,,2,,1153.2,-560.46,-486,88.5,88.5,14528.16,14528.16,100,-3912,3912,-3750,3630,-4200,4200,0,0,0,0,0,0,,,3.384,3.363,3.371,28,25,25.166,,,48,48,48,false,false,false,2,2,6,6,0,342,4200,16416,1500,-1500,0,0,1,0.505,0.5,0.5,999,999,999,999,999,999,999,999,3630,-3750,false,-273,-273,2,1,0,0,0,1,2,1,1,0,0,8,1,0,0,-1437792,0,37259,0,0,0,0,0,0,0,0,0,700.303,2094.12,2094.12,1815,1875,1147.6,true,0,1815,-1875,2094.12,2094.12,1815,1875,1148,true,0,1815,-1875
"2025-09-17T00:02:00Z","REV_TW1_U_01",0,true,2,1,0,0,0,0,0,-400,25.84,,,-400,26.67,0,0,,,,,3630,-3750,0.665,1.435,,,,38,,,,,2,,,,6.37,6.2,7.2,5.7,34600,34400,34400,,,,-432,59.9809,32,4961232,5420894,,,,,,,12,0,0,0,0,0,0,0,0,,2,,1153,-426.61,-370,88.5,88.5,14528.16,14528.16,100,-3912,3912,-3750,3630,-4200,4200,0,0,0,0,0,0,,,3.383,3.363,3.371,28,25,25.166,,,48,48,48,false,false,false,2,2,6,6,0,342,4200,16416,1500,-1500,0,0,1,0.505,0.5,0.5,999,999,999,999,999,999,999,999,3630,-3750,false,-200,-200,2,1,0,0,0,1,2,1,1,0,0,8,1,0,0,-1437792,0,37261,0,0,0,0,0,0,0,0,0,700.303,2093.7,2093.7,1815,1875,1146.9,true,0,1815,-1875,2093.7,2093.7,1815,1875,1147.4,true,0,1815,-1875
"2025-09-17T00:02:02Z","REV_TW1_U_01",0,true,2,1,0,0,0,0,0,-400,23.11,,,-400,23.94,0,0,,,,,3630,-3750,0.665,1.435,,,,37,,,,,2,,,,6.4,6.2,7.2,5.8,34600,34400,34400,,,,-405,59.9805,31,4961232,5420894,,,,,,,12,0,0,0,0,0,0,0,0,,2,,1152.6,-363.07,-315,88.5,88.5,14528.16,14528.16,100,-3912,3912,-3750,3630,-4200,4200,0,0,0,0,0,0,,,3.381,3.362,3.37,28,25,25.166,,,48,48,48,false,false,false,2,2,6,6,0,342,4200,16416,1500,-1500,0,0,1,0.505,0.5,0.5,999,999,999,999,999,999,999,999,3630,-3750,false,-200,-200,2,1,0,0,0,1,2,1,1,0,0,8,1,0,0,-1437792,0,37263,0,0,0,0,0,0,0,0,0,700.303,2093.91,2093.91,1815,1875,1146.8,true,0,1815,-1875,2093.91,2093.91,1815,1875,1147.3,true,0,1815,-1875
"2025-09-17T00:02:04Z","REV_TW1_U_01",0,true,2,1,0,0,0,0,0,-298.7103928946608,23.11,,,-298.7103928946608,23.11,0,0,,,,,3630,-3750,0.665,1.435,,,,37,,,,,2,,,,4.87,4.8,5.5,4.3,34600,34400,34400,,,,-347,59.9829,30,4961232,5420894,,,,,,,12,0,0,0,0,0,0,0,0,,2,,1152.5,-360.73,-313,88.5,88.5,14528.16,14528.16,100,-3912,3912,-3750,3630,-4200,4200,0,0,0,0,0,0,,,3.381,3.362,3.369,28,25,25.333,,,48,48,48,false,false,false,2,2,6,6,0,342,4200,16416,1500,-1500,0,0,1,0.505,0.5,0.5,999,999,999,999,999,999,999,999,3630,-3750,false,-149,-149,2,1,0,0,0,1,2,1,1,0,0,8,1,0,0,-1437793,0,37265,0,0,0,0,0,0,0,0,0,700.303,2094.75,2094.75,1815,1875,1146.5,true,0,1815,-1875,2095.17,2095.17,1815,1875,1146.9,true,0,1815,-1875
"2025-09-17T00:02:06Z","REV_TW1_U_01",0,true,2,1,0,0,0,0,0,0,23.11,,,0,23.11,0,0,,,,,3630,-3750,0.665,1.435,,,,38,,,,,2,,,,0.9,1.2,1.1,0.4,34600,34400,34400,,,,-191,59.9708,29,4961232,5420895,,,,,,,12,0,0,0,0,0,0,0,0,,2,,1152.3,-267.33,-232,88.5,88.5,14528.16,14528.16,100,-3912,3912,-3750,3630,-4200,4200,0,0,0,0,0,0,,,3.38,3.361,3.369,28,25,25.166,,,48,48,48,false,false,false,2,2,6,6,0,342,4200,16416,1500,-1500,0,0,1,0.505,0.5,0.5,999,999,999,999,999,999,999,999,3630,-3750,false,0,0,2,1,0,0,0,1,2,1,1,0,0,8,1,0,0,-1437793,0,37267,0,0,0,0,0,0,0,0,0,700.303,2095.17,2095.17,1815,1875,1145.7,true,0,1815,-1875,2095.17,2095.17,1815,1875,1146.2,true,0,1815,-1875
"2025-09-17T00:02:08Z","REV_TW1_U_01",0,true,2,1,0,0,0,0,0,0,23.11,,,0,23.11,0,0,,,,,3630,-3750,0.665,1.435,,,,37,,,,,2,,,,0.53,1.1,0.3,0.2,34600,34400,34400,,,,-41,59.9729,28,4961232,5420895,,,,,,,12,0,0,0,0,0,0,0,0,,2,,1151.7,25.34,22,88.5,88.5,14528.16,14528.16,100,-3912,3912,-3750,3630,-4200,4200,0,0,0,0,0,0,,,3.378,3.359,3.367,28,25,25.166,,,48,48,48,false,false,false,2,2,6,6,0,342,4200,16416,1500,-1500,0,0,1,0.505,0.5,0.5,999,999,999,999,999,999,999,999,3630,-3750,false,0,0,2,1,0,0,0,1,2,1,1,0,0,8,1,0,0,-1437793,0,37269,0,0,0,0,0,0,0,0,0,700.303,2096.01,2096.01,1815,1875,1145.3,true,0,1815,-1875,2096.01,2096.01,1815,1875,1145.8,true,0,1815,-1875
"2025-09-17T00:02:10Z","REV_TW1_U_01",0,true,2,1,0,0,0,0,0,0,21.73,,,0,21.73,0,0,,,,,3630,-3750,0.665,1.435,,,,37,,,,,2,,,,0.6,1.1,0.3,0.4,34600,34500,34400,,,,-8,59.9793,28,4961232,5420895,,,,,,,12,0,0,0,0,0,0,0,0,,2,,1151.3,25.33,22,88.5,88.5,14528.16,14528.16,100,-3912,3912,-3750,3630,-4200,4200,0,0,0,0,0,0,,,3.376,3.359,3.366,28,25,25.166,,,48,48,48,false,false,false,2,2,6,6,0,342,4200,16416,1500,-1500,0,0,1,0.505,0.5,0.5,999,999,999,999,999,999,999,999,3630,-3750,false,0,0,2,1,0,0,0,1,2,1,1,0,0,8,1,0,0,-1437793,0,37271,0,0,0,0,0,0,0,0,0,700.303,2097.06,2097.06,1815,1875,1145.2,true,0,1815,-1875,2097.06,2097.06,1815,1875,1145.6,true,0,1815,-1875
"2025-09-17T00:02:12Z","REV_TW1_U_01",0,true,2,1,0,0,0,0,0,0,19.27,,,0,19.82,0,0,,,,,3630,-3750,0.665,1.435,,,,37,,,,,2,,,,0.53,1,0.3,0.3,34600,34400,34400,,,,-5,59.9691,26,4961232,5420895,,,,,,,12,0,0,0,0,0,0,0,0,,2,,1151.2,25.33,22,88.5,88.5,14528.16,14528.16,100,-3912,3912,-3750,3630,-4200,4200,0,0,0,0,0,0,,,3.376,3.359,3.366,28,25,25.166,,,48,48,48,false,false,false,2,2,6,6,0,342,4200,16416,1500,-1500,0,0,1,0.505,0.5,0.5,999,999,999,999,999,999,999,999,3630,-3750,false,0,0,2,1,0,0,0,1,2,1,1,0,0,8,1,0,0,-1437793,0,37273,0,0,0,0,0,0,0,0,0,700.303,2094.54,2094.54,1815,1875,1145.1,true,0,1815,-1875,2094.54,2094.54,1815,1875,1145.5,true,0,1815,-1875
"2025-09-17T00:02:14Z","REV_TW1_U_01",0,true,2,1,0,0,0,0,0,0,17.89,,,0,17.89,0,0,,,,,3630,-3750,0.665,1.435,,,,37,,,,,2,,,,0.53,1,0.3,0.3,34600,34400,34400,,,,-5,59.966,22,4961232,5420895,,,,,,,12,0,0,0,0,0,0,0,0,,2,,1151.1,25.32,22,88.5,88.5,14528.16,14528.16,100,-3912,3912,-3750,3630,-4200,4200,0,0,0,0,0,0,,,3.375,3.358,3.365,28,25,25.166,,,48,48,48,false,false,false,2,2,6,6,0,342,4200,16416,1500,-1500,0,0,1,0.505,0.5,0.5,999,999,999,999,999,999,999,999,3630,-3750,false,0,0,2,1,0,0,0,1,2,1,1,0,0,8,1,0,0,-1437793,0,37275,0,0,0,0,0,0,0,0,0,700.303,2093.07,2093.07,1815,1875,1144.9,true,0,1815,-1875,2093.07,2093.07,1815,1875,1145.3,true,0,1815,-1875
"2025-09-17T00:02:16Z","REV_TW1_U_01",0,true,2,1,0,0,0,0,0,0,17.89,,,0,17.89,0,0,,,,,3630,-3750,0.665,1.435,,,,37,,,,,2,,,,0.53,1,0.3,0.3,34600,34400,34400,,,,-5,59.97,21,4961232,5420895,,,,,,,12,0,0,0,0,0,0,0,0,,2,,1151,25.32,22,88.5,88.5,14528.16,14528.16,100,-3912,3912,-3750,3630,-4200,4200,0,0,0,0,0,0,,,3.374,3.358,3.365,28,24,25.166,,,48,48,48,false,false,false,2,2,6,6,0,342,4200,16416,1500,-1500,0,0,1,0.505,0.5,0.5,999,999,999,999,999,999,999,999,3630,-3750,false,0,0,2,1,0,0,0,1,2,1,1,0,0,8,1,0,0,-1437793,0,37277,0,0,0,0,0,0,0,0,0,700.303,2094.54,2094.54,1815,1875,1144.8,true,0,1815,-1875,2094.54,2094.54,1815,1875,1145.2,true,0,1815,-1875
"2025-09-17T00:02:18Z","REV_TW1_U_01",0,true,2,1,0,0,0,0,0,0,17.89,,,0,17.89,0,0,,,,,3630,-3750,0.665,1.435,,,,37,,,,,2,,,,0.57,1,0.3,0.4,34600,34400,34400,,,,-5,59.9644,21,4961232,5420895,,,,,,,12,0,0,0,0,0,0,0,0,,2,,1150.8,24.17,21,88.5,88.5,14528.16,14528.16,100,-3912,3912,-3750,3630,-4200,4200,0,0,0,0,0,0,,,3.374,3.358,3.365,28,24,25.166,,,48,48,48,false,false,false,2,2,6,6,0,342,4200,16416,1500,-1500,0,0,1,0.505,0.3,0.3,999,999,999,999,999,999,999,999,3630,-3750,false,0,0,2,1,0,0,0,1,2,1,1,0,0,8,1,0,0,-1437793,0,37279,0,0,0,0,0,0,0,0,0,700.303,2094.33,2094.33,1815,1875,1144.7,true,0,1815,-1875,2094.33,2094.33,1815,1875,1145.2,true,0,1815,-1875
"2025-09-17T00:02:20Z","REV_TW1_U_01",0,true,2,1,0,0,0,0,0,0,17.89,,,0,17.89,0,0,,,,,3630,-3750,0.665,1.435,,,,37,,,,,2,,,,0.53,1,0.3,0.3,34600,34400,34400,,,,-5,59.9682,21,4961232,5420895,,,,,,,12,0,0,0,0,0,0,0,0,,2,,1150.7,25.32,22,88.5,88.5,14528.16,14528.16,100,-3912,3912,-3750,3630,-4200,4200,0,0,0,0,0,0,,,3.374,3.357,3.364,28,25,25.166,,,48,48,48,false,false,false,2,2,6,6,0,342,4200,16416,1500,-1500,0,0,1,0.505,0.3,0.3,999,999,999,999,999,999,999,999,3630,-3750,false,0,0,2,1,0,0,0,1,2,1,1,0,0,8,1,0,0,-1437793,0,37281,0,0,0,0,0,0,0,0,0,700.303,2094.54,2094.54,1815,1875,1144.6,true,0,1815,-1875,2094.54,2094.54,1815,1875,1145,true,0,1815,-1875
"2025-09-17T00:02:22Z","REV_TW1_U_01",0,true,2,1,0,0,0,0,0,0,15.16,,,0,15.7,0,0,,,,,3630,-3750,0.665,1.435,,,,37,,,,,2,,,,0.5,0.9,0.3,0.3,34600,34400,34400,,,,-5,59.9743,21,4961232,5420895,,,,,,,12,0,0,0,0,0,0,0,0,,2,,1150.6,25.31,22,88.5,88.5,14528.16,14528.16,100,-3912,3912,-3750,3630,-4200,4200,0,0,0,0,0,0,,,3.373,3.357,3.364,28,24,25.166,,,48,48,48,false,false,false,2,2,6,6,0,342,4200,16416,1500,-1500,0,0,1,0.505,0.3,0.3,999,999,999,999,999,999,999,999,3630,-3750,false,0,0,2,1,0,0,0,1,2,1,1,0,0,8,1,0,0,-1437794,0,37283,0,0,0,0,0,0,0,0,0,700.303,2095.17,2095.17,1815,1875,1144.5,true,0,1815,-1875,2095.17,2095.17,1815,1875,1144.9,true,0,1815,-1875
"2025-09-17T00:02:24Z","REV_TW1_U_01",0,true,2,1,0,0,0,0,0,0,13.79,,,0,13.79,0,0,,,,,3630,-3750,0.665,1.435,,,,38,,,,,2,,,,0.5,0.9,0.3,0.3,34600,34400,34400,,,,-5,59.9707,19,4961232,5420895,,,,,,,12,0,0,0,0,0,0,0,0,,2,,1150.5,24.16,21,88.5,88.5,14528.16,14528.16,100,-3912,3912,-3750,3630,-4200,4200,0,0,0,0,0,0,,,3.373,3.357,3.364,28,25,25.166,,,48,48,48,false,false,false,2,2,6,6,0,342,4200,16416,1500,-1500,0,0,1,0.505,0.3,0.3,999,999,999,999,999,999,999,999,3630,-3750,false,0,0,2,1,0,0,0,1,2,1,1,0,0,8,1,0,0,-1437794,0,37285,0,0,0,0,0,0,0,0,0,700.303,2093.28,2093.28,1815,1875,1144.4,true,0,1815,-1875,2093.28,2093.28,1815,1875,1144.8,true,0,1815,-1875
"2025-09-17T00:02:26Z","REV_TW1_U_01",0,true,2,1,0,0,0,0,0,0,13.79,,,0,13.79,0,0,,,,,3630,-3750,0.665,1.435,,,,38,,,,,2,,,,0.53,0.9,0.3,0.4,34600,34400,34400,,,,-5,59.9717,19,4961232,5420895,,,,,,,12,0,0,0,0,0,0,0,0,,2,,1150.4,25.31,22,88.5,88.5,14528.16,14528.16,100,-3912,3912,-3750,3630,-4200,4200,0,0,0,0,0,0,,,3.373,3.357,3.363,28,25,25.166,,,48,48,48,false,false,false,2,2,6,6,0,342,4200,16416,1500,-1500,0,0,1,0.505,0.3,0.3,999,999,999,999,999,999,999,999,3630,-3750,false,0,0,2,1,0,0,0,1,2,1,1,0,0,8,1,0,0,-1437794,0,37287,0,0,0,0,0,0,0,0,0,700.303,2093.91,2093.91,1815,1875,1144.3,true,0,1815,-1875,2093.91,2093.91,1815,1875,1144.8,true,0,1815,-1875
"2025-09-17T00:02:28Z","REV_TW1_U_01",0,true,2,1,0,0,0,0,0,0,13.79,,,0,13.79,0,0,,,,,3630,-3750,0.665,1.435,,,,37,,,,,2,,,,0.47,0.9,0.2,0.3,34600,34400,34400,,,,-4,59.9771,18,4961232,5420895,,,,,,,12,0,0,0,0,0,0,0,0,,2,,1150.4,24.16,21,88.5,88.5,14528.16,14528.16,100,-3912,3912,-3750,3630,-4200,4200,0,0,0,0,0,0,,,3.373,3.356,3.363,28,24,25.166,,,48,48,48,false,false,false,2,2,6,6,0,342,4200,16416,1500,-1500,0,0,1,0.505,0.3,0.3,999,999,999,999,999,999,999,999,3630,-3750,false,0,0,2,1,0,0,0,1,2,1,1,0,0,8,1,0,0,-1437794,0,37289,0,0,0,0,0,0,0,0,0,700.303,2095.59,2095.59,1815,1875,1144.2,true,0,1815,-1875,2095.59,2095.59,1815,1875,1144.7,true,0,1815,-1875
"2025-09-17T00:02:30Z","REV_TW1_U_01",0,true,2,1,0,0,0,0,0,0,13.79,,,0,13.79,0,0,,,,,3630,-3750,0.665,1.435,,,,37,,,,,2,,,,0.53,0.9,0.3,0.4,34600,34400,34400,,,,-4,59.9741,20,4961232,5420895,,,,,,,12,0,0,0,0,0,0,0,0,,2,,1150.3,24.16,21,88.5,88.5,14528.16,14528.16,100,-3912,3912,-3750,3630,-4200,4200,0,0,0,0,0,0,,,3.372,3.356,3.363,28,25,25.166,,,48,48,48,false,false,false,2,2,6,6,0,342,4200,16416,1500,-1500,0,0,1,0.505,0.3,0.3,999,999,999,999,999,999,999,999,3630,-3750,false,0,0,2,1,0,0,0,1,2,1,1,0,0,8,1,0,0,-1437794,0,37291,0,0,0,0,0,0,0,0,0,700.303,2096.22,2096.22,1815,1875,1144.2,true,0,1815,-1875,2095.38,2095.38,1815,1875,1144.6,true,0,1815,-1875
"2025-09-17T00:02:32Z","REV_TW1_U_01",0,true,2,1,0,0,0,0,0,0,13.79,,,0,13.79,0,0,,,,,3630,-3750,0.665,1.435,,,,37,,,,,2,,,,0.5,0.9,0.3,0.3,34600,34400,34400,,,,-4,59.9754,20,4961232,5420895,,,,,,,12,0,0,0,0,0,0,0,0,,2,,1150.2,24.15,21,88.5,88.5,14528.16,14528.16,100,-3912,3912,-3750,3630,-4200,4200,0,0,0,0,0,0,,,3.372,3.356,3.363,28,25,25.166,,,48,48,48,false,false,false,2,2,6,6,0,342,4200,16416,1500,-1500,0,0,1,0.505,0.3,0.3,999,999,999,999,999,999,999,999,3630,-3750,false,0,0,2,1,0,0,0,1,2,1,1,0,0,8,1,0,0,-1437794,0,37293,0,0,0,0,0,0,0,0,0,700.303,2094.33,2094.33,1815,1875,1144.1,true,0,1815,-1875,2094.33,2094.33,1815,1875,1144.6,true,0,1815,-1875
"2025-09-17T00:02:34Z","REV_TW1_U_01",0,true,2,1,0,0,0,0,0,0,13.79,,,0,13.79,0,0,,,,,3630,-3750,0.665,1.435,,,,37,,,,,2,,,,0.47,0.9,0.2,0.3,34600,34400,34400,,,,-4,59.988,19,4961232,5420895,,,,,,,12,0,0,0,0,0,0,0,0,,2,,1150.1,24.15,21,88.5,88.5,14528.16,14528.16,100,-3912,3912,-3750,3630,-4200,4200,0,0,0,0,0,0,,,3.372,3.355,3.362,28,25,25.166,,,48,48,48,false,false,false,2,2,6,6,0,342,4200,16416,1500,-1500,0,0,1,0.505,0.3,0.3,999,999,999,999,999,999,999,999,3630,-3750,false,0,0,2,1,0,0,0,1,2,1,1,0,0,8,1,0,0,-1437794,0,37295,0,0,0,0,0,0,0,0,0,700.303,2095.17,2095.17,1815,1875,1144,true,0,1815,-1875,2095.17,2095.17,1815,1875,1144.5,true,0,1815,-1875
"2025-09-17T00:02:36Z","REV_TW1_U_01",0,true,2,1,0,0,0,0,0,0,13.79,,,0,13.79,0,0,,,,,3630,-3750,0.665,1.435,,,,37,,,,,2,,,,0.5,0.8,0.3,0.4,34600,34400,34400,,,,-4,59.9822,19,4961232,5420895,,,,,,,12,0,0,0,0,0,0,0,0,,2,,1150.1,24.15,21,88.5,88.5,14528.16,14528.16,100,-3912,3912,-3750,3630,-4200,4200,0,0,0,0,0,0,,,3.371,3.356,3.362,28,25,25.166,,,48,48,48,false,false,false,2,2,6,6,0,342,4200,16416,1500,-1500,0,0,1,0.505,0.3,0.3,999,999,999,999,999,999,999,999,3630,-3750,false,0,0,2,1,0,0,0,1,2,1,1,0,0,8,1,0,0,-1437794,0,37297,0,0,0,0,0,0,0,0,0,700.303,2093.7,2093.7,1815,1875,1144,true,0,1815,-1875,2093.07,2093.07,1815,1875,1144.4,true,0,1815,-1875
"2025-09-17T00:02:38Z","REV_TW1_U_01",0,true,2,1,0,0,0,0,0,0,13.79,,,0,13.79,0,0,,,,,3630,-3750,0.665,1.435,,,,37,,,,,2,,,,0.53,0.9,0.3,0.4,34600,34400,34400,,,,-4,59.987,19,4961232,5420895,,,,,,,12,0,0,0,0,0,0,0,0,,2,,1150,24.15,21,88.5,88.5,14528.16,14528.16,100,-3912,3912,-3750,3630,-4200,4200,0,0,0,0,0,0,,,3.371,3.355,3.362,28,25,25.166,,,48,48,48,false,false,false,2,2,6,6,0,342,4200,16416,1500,-1500,0,0,1,0.505,0.3,0.3,999,999,999,999,999,999,999,999,3630,-3750,false,0,0,2,1,0,0,0,1,2,1,1,0,0,8,1,0,0,-1437795,0,37299,0,0,0,0,0,0,0,0,0,700.303,2094.75,2094.75,1815,1875,1143.9,true,0,1815,-1875,2094.75,2094.75,1815,1875,1144.4,true,0,1815,-1875
"2025-09-17T00:02:40Z","REV_TW1_U_01",0,true,2,1,0,0,0,0,0,0,13.79,,,0,13.79,0,0,,,,,3630,-3750,0.665,1.435,,,,37,,,,,2,,,,0.5,0.9,0.3,0.3,34600,34400,34400,,,,-4,59.9915,19,4961232,5420895,,,,,,,12,0,0,0,0,0,0,0,0,,2,,1149.9,23,20,88.5,88.5,14528.16,14528.16,100,-3912,3912,-3750,3630,-4200,4200,0,0,0,0,0,0,,,3.371,3.355,3.362,28,24,25.166,,,48,48,48,false,false,false,2,2,6,6,0,342,4200,16416,1500,-1500,0,0,1,0.505,0.3,0.3,999,999,999,999,999,999,999,999,3630,-3750,false,0,0,2,1,0,0,0,1,2,1,1,0,0,8,1,0,0,-1437795,0,37301,0,0,0,0,0,0,0,0,0,700.303,2093.07,2093.07,1815,1875,1143.8,true,0,1815,-1875,2093.07,2093.07,1815,1875,1144.3,true,0,1815,-1875
"2025-09-17T00:02:42Z","REV_TW1_U_01",0,true,2,1,0,0,0,0,0,0,13.79,,,0,13.79,0,0,,,,,3630,-3750,0.665,1.435,,,,37,,,,,2,,,,0.43,0.8,0.2,0.3,34600,34400,34400,,,,-4,59.9945,19,4961232,5420895,,,,,,,12,0,0,0,0,0,0,0,0,,2,,1149.9,24.15,21,88.5,88.5,14528.16,14528.16,100,-3912,3912,-3750,3630,-4200,4200,0,0,0,0,0,0,,,3.371,3.355,3.362,28,25,25.166,,,48,48,48,false,false,false,2,2,6,6,0,342,4200,16416,1500,-1500,0,0,1,0.505,0.3,0.3,999,999,999,999,999,999,999,999,3630,-3750,false,0,0,2,1,0,0,0,1,2,1,1,0,0,8,1,0,0,-1437795,0,37303,0,0,0,0,0,0,0,0,0,700.303,2092.44,2092.44,1815,1875,1143.8,true,0,1815,-1875,2092.44,2092.44,1815,1875,1144.2,true,0,1815,-1875
"2025-09-17T00:02:44Z","REV_TW1_U_01",0,true,2,1,0,0,0,0,0,0,13.79,,,0,13.79,0,0,,,,,3630,-3750,0.665,1.435,,,,37,,,,,2,,,,0.53,0.9,0.3,0.4,34600,34400,34400,,,,-4,59.9845,18,4961232,5420895,,,,,,,12,0,0,0,0,0,0,0,0,,2,,1149.8,23,20,88.5,88.5,14528.16,14528.16,100,-3912,3912,-3750,3630,-4200,4200,0,0,0,0,0,0,,,3.37,3.355,3.362,28,25,25.166,,,48,48,48,false,false,false,2,2,6,6,0,342,4200,16416,1500,-1500,0,0,1,0.505,0.3,0.3,999,999,999,999,999,999,999,999,3630,-3750,false,0,0,2,1,0,0,0,1,2,1,1,0,0,8,1,0,0,-1437795,0,37305,0,0,0,0,0,0,0,0,0,700.303,2093.7,2093.7,1815,1875,1143.7,true,0,1815,-1875,2093.7,2093.7,1815,1875,1144.2,true,0,1815,-1875
"2025-09-17T00:02:46Z","REV_TW1_U_01",0,true,2,1,0,0,0,0,0,0,13.79,,,0,13.79,0,0,,,,,3630,-3750,0.665,1.435,,,,37,,,,,2,,,,0.47,0.8,0.3,0.3,34600,34400,34400,,,,-4,59.9826,18,4961232,5420895,,,,,,,12,0,0,0,0,0,0,0,0,,2,,1149.8,24.15,21,88.5,88.5,14528.16,14528.16,100,-3912,3912,-3750,3630,-4200,4200,0,0,0,0,0,0,,,3.37,3.355,3.361,28,25,25.166,,,48,48,48,false,false,false,2,2,6,6,0,342,4200,16416,1500,-1500,0,0,1,0.505,0.3,0.3,999,999,999,999,999,999,999,999,3630,-3750,false,0,0,2,1,0,0,0,1,2,1,1,0,0,8,1,0,0,-1437795,0,37307,0,0,0,0,0,0,0,0,0,700.303,2093.49,2093.49,1815,1875,1143.7,true,0,1815,-1875,2093.07,2093.07,1815,1875,1144.1,true,0,1815,-1875
"2025-09-17T00:02:48Z","REV_TW1_U_01",0,true,2,1,0,0,0,0,0,0,13.79,,,0,13.79,0,0,,,,,3630,-3750,0.665,1.435,,,,37,,,,,2,,,,0.47,0.8,0.3,0.3,34600,34400,34400,,,,-5,59.9825,18,4961232,5420895,,,,,,,12,0,0,0,0,0,0,0,0,,2,,1149.7,24.14,21,88.5,88.5,14528.16,14528.16,100,-3912,3912,-3750,3630,-4200,4200,0,0,0,0,0,0,,,3.37,3.355,3.361,28,24,25.166,,,48,48,48,false,false,false,2,2,6,6,0,342,4200,16416,1500,-1500,0,0,1,0.505,0.3,0.3,999,999,999,999,999,999,999,999,3630,-3750,false,0,0,2,1,0,0,0,1,2,1,1,0,0,8,1,0,0,-1437795,0,37309,0,0,0,0,0,0,0,0,0,700.303,2092.02,2092.02,1815,1875,1143.6,true,0,1815,-1875,2092.02,2092.02,1815,1875,1144,true,0,1815,-1875
"2025-09-17T00:02:50Z","REV_TW1_U_01",0,true,2,1,0,0,0,0,0,0,13.79,,,0,13.79,0,0,,,,,3630,-3750,0.665,1.435,,,,37,,,,,2,,,,0.5,0.9,0.3,0.3,34600,34400,34400,,,,-5,59.9911,18,4961232,5420895,,,,,,,12,0,0,0,0,0,0,0,0,,2,,1149.6,25.29,22,88.5,88.5,14528.16,14528.16,100,-3912,3912,-3750,3630,-4200,4200,0,0,0,0,0,0,,,3.37,3.354,3.361,28,24,25.166,,,48,48,48,false,false,false,2,2,6,6,0,342,4200,16416,1500,-1500,0,0,1,0.505,0.3,0.3,999,999,999,999,999,999,999,999,3630,-3750,false,0,0,2,1,0,0,0,1,2,1,1,0,0,8,1,0,0,-1437795,0,37311,0,0,0,0,0,0,0,0,0,700.303,2095.59,2095.59,1815,1875,1143.6,true,0,1815,-1875,2095.59,2095.59,1815,1875,1144,true,0,1815,-1875
"2025-09-17T00:02:52Z","REV_TW1_U_01",0,true,2,1,0,0,0,0,0,0,13.79,,,0,13.79,0,0,,,,,3630,-3750,0.665,1.435,,,,37,,,,,2,,,,0.5,0.9,0.3,0.3,34600,34400,34400,,,,-5,59.9911,17,4961232,5420895,,,,,,,12,0,0,0,0,0,0,0,0,,2,,1149.6,24.14,21,88.5,88.5,14528.16,14528.16,100,-3912,3912,-3750,3630,-4200,4200,0,0,0,0,0,0,,,3.369,3.354,3.361,28,25,25.166,,,48,48,48,false,false,false,2,2,6,6,0,342,4200,16416,1500,-1500,0,0,1,0.505,0.3,0.3,999,999,999,999,999,999,999,999,3630,-3750,false,0,0,2,1,0,0,0,1,2,1,1,0,0,8,1,0,0,-1437795,0,37313,0,0,0,0,0,0,0,0,0,700.303,2093.91,2093.91,1815,1875,1143.5,true,0,1815,-1875,2093.91,2093.91,1815,1875,1143.9,true,0,1815,-1875
"2025-09-17T00:02:54Z","REV_TW1_U_01",0,true,2,1,0,0,0,0,0,0,13.79,,,0,13.79,0,0,,,,,3630,-3750,0.665,1.435,,,,37,,,,,2,,,,0.5,0.9,0.3,0.3,34600,34400,34400,,,,-5,59.9834,18,4961232,5420895,,,,,,,12,0,0,0,0,0,0,0,0,,2,,1149.5,22.99,20,88.5,88.5,14528.16,14528.16,100,-3912,3912,-3750,3630,-4200,4200,0,0,0,0,0,0,,,3.37,3.354,3.361,28,24,25.166,,,48,48,48,false,false,false,2,2,6,6,0,342,4200,16416,1500,-1500,0,0,1,0.505,0.3,0.3,999,999,999,999,999,999,999,999,3630,-3750,false,0,0,2,1,0,0,0,1,2,1,1,0,0,8,1,0,0,-1437795,0,37315,0,0,0,0,0,0,0,0,0,700.303,2095.17,2095.17,1815,1875,1143.5,true,0,1815,-1875,2095.17,2095.17,1815,1875,1143.9,true,0,1815,-1875
"2025-09-17T00:02:56Z","REV_TW1_U_01",0,true,2,1,0,0,0,0,0,0,13.79,,,0,13.79,0,0,,,,,3630,-3750,0.665,1.435,,,,37,,,,,2,,,,0.43,0.8,0.2,0.3,34600,34400,34400,,,,-4,59.9961,17,4961232,5420895,,,,,,,12,0,0,0,0,0,0,0,0,,2,,1149.5,22.99,20,88.5,88.5,14528.16,14528.16,100,-3912,3912,-3750,3630,-4200,4200,0,0,0,0,0,0,,,3.369,3.354,3.361,28,25,25.166,,,48,48,48,false,false,false,2,2,6,6,0,342,4200,16416,1500,-1500,0,0,1,0.505,0.3,0.3,999,999,999,999,999,999,999,999,3630,-3750,false,0,0,2,1,0,0,0,1,2,1,1,0,0,8,1,0,0,-1437796,0,37317,0,0,0,0,0,0,0,0,0,700.303,2094.54,2094.54,1815,1875,1143.4,true,0,1815,-1875,2094.75,2094.75,1815,1875,1143.9,true,0,1815,-1875
"2025-09-17T00:02:58Z","REV_TW1_U_01",0,true,2,1,0,0,0,0,0,0,13.79,,,0,13.79,0,0,,,,,3630,-3750,0.665,1.435,,,,37,,,,,2,,,,0.5,0.9,0.2,0.4,34600,34400,34400,,,,-4,59.9956,17,4961232,5420895,,,,,,,12,0,0,0,0,0,0,0,0,,2,,1149.4,22.99,20,88.5,88.5,14528.16,14528.16,100,-3912,3912,-3750,3630,-4200,4200,0,0,0,0,0,0,,,3.369,3.354,3.361,28,25,25.166,,,48,48,48,false,false,false,2,2,6,6,0,342,4200,16416,1500,-1500,0,0,1,0.505,0.4,0.4,999,999,999,999,999,999,999,999,3630,-3750,false,0,0,2,1,0,0,0,1,2,1,1,0,0,8,1,0,0,-1437796,0,37319,0,0,0,0,0,0,0,0,0,700.303,2094.96,2094.96,1815,1875,1143.4,true,0,1815,-1875,2094.96,2094.96,1815,1875,1143.8,true,0,1815,-1875
"2025-09-17T00:03:00Z","REV_TW1_U_01",0,true,2,1,0,0,0,0,0,0,13.79,,,0,13.79,0,0,,,,,3630,-3750,0.665,1.435,,,,37,,,,,2,,,,0.53,0.9,0.3,0.4,34600,34400,34400,,,,-5,60.0005,17,4961232,5420895,,,,,,,12,0,0,0,0,0,0,0,0,,2,,1149.4,22.99,20,88.5,88.5,14528.16,14528.16,100,-3912,3912,-3750,3630,-4200,4200,0,0,0,0,0,0,,,3.369,3.354,3.36,28,25,25.166,,,48,48,48,false,false,false,2,2,6,6,0,342,4200,16416,1500,-1500,0,0,1,0.505,0.4,0.4,999,999,999,999,999,999,999,999,3630,-3750,false,0,0,2,1,0,0,0,1,2,1,1,0,0,8,1,0,0,-1437796,0,37321,0,0,0,0,0,0,0,0,0,700.303,2094.96,2094.96,1815,1875,1143.3,true,0,1815,-1875,2094.96,2094.96,1815,1875,1143.8,true,0,1815,-1875
"2025-09-17T00:03:02Z","REV_TW1_U_01",0,true,2,1,0,0,0,0,0,0,13.79,,,0,13.79,0,0,,,,,3630,-3750,0.665,1.435,,,,37,,,,,2,,,,0.5,0.8,0.3,0.4,34600,34400,34400,,,,-6,60.0003,16,4961232,5420895,,,,,,,12,0,0,0,0,0,0,0,0,,2,,1149.3,22.99,20,88.5,88.5,14528.16,14528.16,100,-3912,3912,-3750,3630,-4200,4200,0,0,0,0,0,0,,,3.368,3.353,3.36,28,24,25.166,,,48,48,48,false,false,false,2,2,6,6,0,342,4200,16416,1500,-1500,0,0,1,0.505,0.4,0.4,999,999,999,999,999,999,999,999,3630,-3750,false,0,0,2,1,0,0,0,1,2,1,1,0,0,8,1,0,0,-1437796,0,37323,0,0,0,0,0,0,0,0,0,700.303,2093.91,2093.91,1815,1875,1143.3,true,0,1815,-1875,2093.28,2093.28,1815,1875,1143.7,true,0,1815,-1875
"2025-09-17T00:03:04Z","REV_TW1_U_01",0,true,2,1,0,0,0,0,0,0,13.79,,,0,13.79,0,0,,,,,3630,-3750,0.665,1.435,,,,37,,,,,2,,,,0.47,0.8,0.3,0.3,34600,34400,34400,,,,-5,59.9954,16,4961232,5420895,,,,,,,12,0,0,0,0,0,0,0,0,,2,,1149.3,24.14,21,88.5,88.5,14528.16,14528.16,100,-3912,3912,-3750,3630,-4200,4200,0,0,0,0,0,0,,,3.368,3.353,3.36,28,25,25.166,,,48,48,48,false,false,false,2,2,6,6,0,342,4200,16416,1500,-1500,0,0,1,0.505,0.4,0.4,999,999,999,999,999,999,999,999,3630,-3750,false,0,0,2,1,0,0,0,1,2,1,1,0,0,8,1,0,0,-1437796,0,37325,0,0,0,0,0,0,0,0,0,700.303,2093.07,2093.07,1815,1875,1143.2,true,0,1815,-1875,2093.07,2093.07,1815,1875,1143.7,true,0,1815,-1875
"2025-09-17T00:03:06Z","REV_TW1_U_01",0,true,2,1,0,0,0,0,0,0,13.79,,,0,13.79,0,0,,,,,3630,-3750,0.665,1.435,,,,38,,,,,2,,,,0.53,0.9,0.3,0.4,34600,34400,34400,,,,-6,60.0025,18,4961232,5420895,,,,,,,12,0,0,0,0,0,0,0,0,,2,,1149.3,24.14,21,88.5,88.5,14528.16,14528.16,100,-3912,3912,-3750,3630,-4200,4200,0,0,0,0,0,0,,,3.368,3.353,3.36,28,25,25.166,,,48,48,48,false,false,false,2,2,6,6,0,342,4200,16416,1500,-1500,0,0,1,0.505,0.4,0.4,999,999,999,999,999,999,999,999,3630,-3750,false,0,0,2,1,0,0,0,1,2,1,1,0,0,8,1,0,0,-1437796,0,37327,0,0,0,0,0,0,0,0,0,700.303,2093.28,2093.28,1815,1875,1143.2,true,0,1815,-1875,2093.28,2093.28,1815,1875,1143.6,true,0,1815,-1875
"2025-09-17T00:03:08Z","REV_TW1_U_01",0,true,2,1,0,0,0,0,0,0,13.79,,,0,13.79,0,0,,,,,3630,-3750,0.665,1.435,,,,37,,,,,2,,,,0.5,0.8,0.3,0.4,34600,34400,34400,,,,-5,59.9991,17,4961232,5420895,,,,,,,12,0,0,0,0,0,0,0,0,,2,,1149.2,24.13,21,88.5,88.5,14528.16,14528.16,100,-3912,3912,-3750,3630,-4200,4200,0,0,0,0,0,0,,,3.368,3.353,3.36,28,24,25.166,,,48,48,48,false,false,false,2,2,6,6,0,342,4200,16416,1500,-1500,0,0,1,0.505,0.4,0.4,999,999,999,999,999,999,999,999,3630,-3750,false,0,0,2,1,0,0,0,1,2,1,1,0,0,8,1,0,0,-1437796,0,37329,0,0,0,0,0,0,0,0,0,700.303,2092.86,2092.86,1815,1875,1143.2,true,0,1815,-1875,2092.86,2092.86,1815,1875,1143.6,true,0,1815,-1875
"2025-09-17T00:03:10Z","REV_TW1_U_01",0,true,2,1,0,0,0,0,0,0,13.79,,,0,13.79,0,0,,,,,3630,-3750,0.665,1.435,,,,37,,,,,2,,,,0.53,0.9,0.3,0.4,34600,34400,34400,,,,-5,60.0088,18,4961232,5420895,,,,,,,12,0,0,0,0,0,0,0,0,,2,,1149.2,22.98,20,88.5,88.5,14528.16,14528.16,100,-3912,3912,-3750,3630,-4200,4200,0,0,0,0,0,0,,,3.368,3.353,3.36,28,24,25.166,,,48,48,48,false,false,false,2,2,6,6,0,342,4200,16416,1500,-1500,0,0,1,0.505,0.4,0.4,999,999,999,999,999,999,999,999,3630,-3750,false,0,0,2,1,0,0,0,1,2,1,1,0,0,8,1,0,0,-1437796,0,37331,0,0,0,0,0,0,0,0,0,700.303,2094.75,2094.75,1815,1875,1143.1,true,0,1815,-1875,2094.75,2094.75,1815,1875,1143.5,true,0,1815,-1875
"2025-09-17T00:03:12Z","REV_TW1_U_01",0,true,2,1,0,0,0,0,0,0,13.79,,,0,13.79,0,0,,,,,3630,-3750,0.665,1.435,,,,37,,,,,2,,,,0.43,0.8,0.2,0.3,34600,34400,34400,,,,-5,60.0058,17,4961232,5420895,,,,,,,12,0,0,0,0,0,0,0,0,,2,,1149.1,22.98,20,88.5,88.5,14528.16,14528.16,100,-3912,3912,-3750,3630,-4200,4200,0,0,0,0,0,0,,,3.367,3.353,3.36,28,25,25.166,,,48,48,48,false,false,false,2,2,6,6,0,342,4200,16416,1500,-1500,0,0,1,0.505,0.4,0.4,999,999,999,999,999,999,999,999,3630,-3750,false,0,0,2,1,0,0,0,1,2,1,1,0,0,8,1,0,0,-1437796,0,37333,0,0,0,0,0,0,0,0,0,700.303,2094.33,2094.33,1815,1875,1143.1,true,0,1815,-1875,2094.33,2094.33,1815,1875,1143.5,true,0,1815,-1875
"2025-09-17T00:03:14Z","REV_TW1_U_01",0,true,2,1,0,0,0,0,0,0,13.79,,,0,13.79,0,0,,,,,3630,-3750,0.665,1.435,,,,37,,,,,2,,,,0.47,0.8,0.3,0.3,34600,34400,34400,,,,-5,60.0054,16,4961232,5420895,,,,,,,12,0,0,0,0,0,0,0,0,,2,,1149.1,22.98,20,88.5,88.5,14528.16,14528.16,100,-3912,3912,-3750,3630,-4200,4200,0,0,0,0,0,0,,,3.367,3.353,3.359,28,24,25.166,,,48,48,48,false,false,false,2,2,6,6,0,342,4200,16416,1500,-1500,0,0,1,0.505,0.4,0.4,999,999,999,999,999,999,999,999,3630,-3750,false,0,0,2,1,0,0,0,1,2,1,1,0,0,8,1,0,0,-1437797,0,37335,0,0,0,0,0,0,0,0,0,700.303,2094.75,2094.75,1815,1875,1143,true,0,1815,-1875,2094.75,2094.75,1815,1875,1143.5,true,0,1815,-1875
"2025-09-17T00:03:16Z","REV_TW1_U_01",0,true,2,1,0,0,0,0,0,0,13.79,,,0,13.79,0,0,,,,,3630,-3750,0.665,1.435,,,,38,,,,,2,,,,0.5,0.9,0.2,0.4,34600,34400,34400,,,,-5,60.0091,17,4961232,5420895,,,,,,,12,0,0,0,0,0,0,0,0,,2,,1149.1,22.98,20,88.5,88.5,14528.16,14528.16,100,-3912,3912,-3750,3630,-4200,4200,0,0,0,0,0,0,,,3.367,3.353,3.359,28,25,25.166,,,48,48,48,false,false,false,2,2,6,6,0,342,4200,16416,1500,-1500,0,0,1,0.505,0.4,0.4,999,999,999,999,999,999,999,999,3630,-3750,false,0,0,2,1,0,0,0,1,2,1,1,0,0,8,1,0,0,-1437797,0,37337,0,0,0,0,0,0,0,0,0,700.303,2094.12,2094.12,1815,1875,1143,true,0,1815,-1875,2094.12,2094.12,1815,1875,1143.4,true,0,1815,-1875
"2025-09-17T00:03:18Z","REV_TW1_U_01",0,true,2,1,0,0,0,0,0,0,13.79,,,0,13.79,0,0,,,,,3630,-3750,0.665,1.435,,,,37,,,,,2,,,,0.47,0.8,0.3,0.3,34600,34400,34400,,,,-6,60.0077,18,4961232,5420895,,,,,,,12,0,0,0,0,0,0,0,0,,2,,1149,22.98,20,88.5,88.5,14528.16,14528.16,100,-3912,3912,-3750,3630,-4200,4200,0,0,0,0,0,0,,,3.367,3.353,3.359,28,25,25.166,,,48,48,48,false,false,false,2,2,6,6,0,342,4200,16416,1500,-1500,0,0,1,0.505,0.3,0.3,999,999,999,999,999,999,999,999,3630,-3750,false,0,0,2,1,0,0,0,1,2,1,1,0,0,8,1,0,0,-1437797,0,37339,0,0,0,0,0,0,0,0,0,700.303,2093.49,2093.49,1815,1875,1143,true,0,1815,-1875,2093.49,2093.49,1815,1875,1143.4,true,0,1815,-1875
"2025-09-17T00:03:20Z","REV_TW1_U_01",0,true,2,1,0,0,0,0,0,0,13.79,,,0,13.79,0,0,,,,,3630,-3750,0.665,1.435,,,,37,,,,,2,,,,0.5,0.8,0.3,0.4,34600,34400,34400,,,,-5,60.0107,16,4961232,5420895,,,,,,,12,0,0,0,0,0,0,0,0,,2,,1149,22.98,20,88.5,88.5,14528.16,14528.16,100,-3912,3912,-3750,3630,-4200,4200,0,0,0,0,0,0,,,3.367,3.353,3.359,28,25,25.166,,,48,48,48,false,false,false,2,2,6,6,0,342,4200,16416,1500,-1500,0,0,1,0.505,0.3,0.3,999,999,999,999,999,999,999,999,3630,-3750,false,0,0,2,1,0,0,0,1,2,1,1,0,0,8,1,0,0,-1437797,0,37341,0,0,0,0,0,0,0,0,0,700.303,2094.12,2094.12,1815,1875,1142.9,true,0,1815,-1875,2094.12,2094.12,1815,1875,1143.4,true,0,1815,-1875
"2025-09-17T00:03:22Z","REV_TW1_U_01",0,true,2,1,0,0,0,0,0,0,13.79,,,0,13.79,0,0,,,,,3630,-3750,0.665,1.435,,,,37,,,,,2,,,,0.5,0.9,0.2,0.4,34600,34400,34400,,,,-5,60.0121,17,4961232,5420895,,,,,,,12,0,0,0,0,0,0,0,0,,2,,1148.9,24.13,21,88.5,88.5,14528.16,14528.16,100,-3912,3912,-3750,3630,-4200,4200,0,0,0,0,0,0,,,3.367,3.353,3.359,28,25,25.166,,,48,48,48,false,false,false,2,2,6,6,0,342,4200,16416,1500,-1500,0,0,1,0.505,0.3,0.3,999,999,999,999,999,999,999,999,3630,-3750,false,0,0,2,1,0,0,0,1,2,1,1,0,0,8,1,0,0,-1437797,0,37343,0,0,0,0,0,0,0,0,0,700.303,2094.33,2094.33,1815,1875,1142.9,true,0,1815,-1875,2094.33,2094.33,1815,1875,1143.3,true,0,1815,-1875
"2025-09-17T00:03:24Z","REV_TW1_U_01",0,true,2,1,0,0,0,0,0,0,13.79,,,0,13.79,0,0,,,,,3630,-3750,0.665,1.435,,,,37,,,,,2,,,,0.47,0.9,0.3,0.2,34600,34400,34400,,,,-5,60.0175,17,4961232,5420895,,,,,,,12,0,0,0,0,0,0,0,0,,2,,1148.9,24.13,21,88.5,88.5,14528.16,14528.16,100,-3912,3912,-3750,3630,-4200,4200,0,0,0,0,0,0,,,3.367,3.353,3.359,28,25,25.166,,,48,48,48,false,false,false,2,2,6,6,0,342,4200,16416,1500,-1500,0,0,1,0.505,0.3,0.3,999,999,999,999,999,999,999,999,3630,-3750,false,0,0,2,1,0,0,0,1,2,1,1,0,0,8,1,0,0,-1437797,0,37345,0,0,0,0,0,0,0,0,0,700.303,2092.86,2092.86,1815,1875,1142.9,true,0,1815,-1875,2092.86,2092.86,1815,1875,1143.3,true,0,1815,-1875
"2025-09-17T00:03:26Z","REV_TW1_U_01",0,true,2,1,0,0,0,0,0,0,13.79,,,0,13.79,0,0,,,,,3630,-3750,0.665,1.435,,,,37,,,,,2,,,,0.5,0.9,0.2,0.4,34600,34400,34400,,,,-5,60.021,17,4961232,5420895,,,,,,,12,0,0,0,0,0,0,0,0,,2,,1148.9,22.98,20,88.5,88.5,14528.16,14528.16,100,-3912,3912,-3750,3630,-4200,4200,0,0,0,0,0,0,,,3.366,3.352,3.359,28,25,25.166,,,48,48,48,false,false,false,2,2,6,6,0,342,4200,16416,1500,-1500,0,0,1,0.505,0.3,0.3,999,999,999,999,999,999,999,999,3630,-3750,false,0,0,2,1,0,0,0,1,2,1,1,0,0,8,1,0,0,-1437797,0,37347,0,0,0,0,0,0,0,0,0,700.303,2094.33,2094.33,1815,1875,1142.8,true,0,1815,-1875,2094.33,2094.33,1815,1875,1143.3,true,0,1815,-1875
"2025-09-17T00:03:28Z","REV_TW1_U_01",0,true,2,1,0,0,0,0,0,0,13.79,,,0,13.79,0,0,,,,,3630,-3750,0.665,1.435,,,,37,,,,,2,,,,0.47,0.8,0.2,0.4,34600,34400,34400,,,,-5,60.0186,18,4961232,5420895,,,,,,,12,0,0,0,0,0,0,0,0,,2,,1148.8,24.12,21,88.5,88.5,14528.16,14528.16,100,-3912,3912,-3750,3630,-4200,4200,0,0,0,0,0,0,,,3.366,3.352,3.359,28,25,25.166,,,48,48,48,false,false,false,2,2,6,6,0,342,4200,16416,1500,-1500,0,0,1,0.505,0.3,0.3,999,999,999,999,999,999,999,999,3630,-3750,false,0,0,2,1,0,0,0,1,2,1,1,0,0,8,1,0,0,-1437797,0,37349,0,0,0,0,0,0,0,0,0,700.303,2092.86,2092.86,1815,1875,1142.8,true,0,1815,-1875,2092.86,2092.86,1815,1875,1143.2,true,0,1815,-1875
"2025-09-17T00:03:30Z","REV_TW1_U_01",0,true,2,1,0,0,0,0,0,0,13.79,,,0,13.79,0,0,,,,,3630,-3750,0.665,1.435,,,,38,,,,,2,,,,0.5,0.9,0.3,0.3,34600,34400,34400,,,,-4,60.0159,17,4961232,5420895,,,,,,,12,0,0,0,0,0,0,0,0,,2,,1148.8,24.12,21,88.5,88.5,14528.16,14528.16,100,-3912,3912,-3750,3630,-4200,4200,0,0,0,0,0,0,,,3.366,3.352,3.359,28,25,25.166,,,48,48,48,false,false,false,2,2,6,6,0,342,4200,16416,1500,-1500,0,0,1,0.505,0.3,0.3,999,999,999,999,999,999,999,999,3630,-3750,false,0,0,2,1,0,0,0,1,2,1,1,0,0,8,1,0,0,-1437797,0,37351,0,0,0,0,0,0,0,0,0,700.303,2093.28,2093.28,1815,1875,1142.8,true,0,1815,-1875,2093.28,2093.28,1815,1875,1143.2,true,0,1815,-1875
"2025-09-17T00:03:32Z","REV_TW1_U_01",0,true,2,1,0,0,0,0,0,0,13.79,,,0,13.79,0,0,,,,,3630,-3750,0.665,1.435,,,,37,,,,,2,,,,0.43,0.8,0.2,0.3,34600,34400,34400,,,,-4,60.0179,19,4961232,5420895,,,,,,,12,0,0,0,0,0,0,0,0,,2,,1148.8,24.12,21,88.5,88.5,14528.16,14528.16,100,-3912,3912,-3750,3630,-4200,4200,0,0,0,0,0,0,,,3.366,3.352,3.359,28,25,25.166,,,48,48,48,false,false,false,2,2,6,6,0,342,4200,16416,1500,-1500,0,0,1,0.505,0.3,0.3,999,999,999,999,999,999,999,999,3630,-3750,false,0,0,2,1,0,0,0,1,2,1,1,0,0,8,1,0,0,-1437798,0,37353,0,0,0,0,0,0,0,0,0,700.303,2092.86,2092.86,1815,1875,1142.7,true,0,1815,-1875,2094.54,2094.54,1815,1875,1143.2,true,0,1815,-1875
"2025-09-17T00:03:34Z","REV_TW1_U_01",0,true,2,1,0,0,0,0,0,0,13.79,,,0,13.79,0,0,,,,,3630,-3750,0.665,1.435,,,,37,,,,,2,,,,0.5,0.8,0.3,0.4,34600,34400,34400,,,,-5,60.0191,19,4961232,5420895,,,,,,,12,0,0,0,0,0,0,0,0,,2,,1148.7,22.97,20,88.5,88.5,14528.16,14528.16,100,-3912,3912,-3750,3630,-4200,4200,0,0,0,0,0,0,,,3.366,3.352,3.358,28,24,25.166,,,48,48,48,false,false,false,2,2,6,6,0,342,4200,16416,1500,-1500,0,0,1,0.505,0.3,0.3,999,999,999,999,999,999,999,999,3630,-3750,false,0,0,2,1,0,0,0,1,2,1,1,0,0,8,1,0,0,-1437798,0,37355,0,0,0,0,0,0,0,0,0,700.303,2094.33,2094.33,1815,1875,1142.7,true,0,1815,-1875,2094.54,2094.54,1815,1875,1143.1,true,0,1815,-1875
"2025-09-17T00:03:36Z","REV_TW1_U_01",0,true,2,1,0,0,0,0,0,0,13.79,,,0,13.79,0,0,,,,,3630,-3750,0.665,1.435,,,,37,,,,,2,,,,0.5,0.9,0.2,0.4,34600,34400,34400,,,,-4,60.013,19,4961232,5420895,,,,,,,12,0,0,0,0,0,0,0,0,,2,,1148.7,22.97,20,88.5,88.5,14528.16,14528.16,100,-3912,3912,-3750,3630,-4200,4200,0,0,0,0,0,0,,,3.366,3.352,3.358,28,25,25.166,,,48,48,48,false,false,false,2,2,6,6,0,342,4200,16416,1500,-1500,0,0,1,0.505,0.3,0.3,999,999,999,999,999,999,999,999,3630,-3750,false,0,0,2,1,0,0,0,1,2,1,1,0,0,8,1,0,0,-1437798,0,37357,0,0,0,0,0,0,0,0,0,700.303,2093.91,2093.91,1815,1875,1142.7,true,0,1815,-1875,2095.17,2095.17,1815,1875,1143.1,true,0,1815,-1875
"2025-09-17T00:03:38Z","REV_TW1_U_01",0,true,2,1,0,0,0,0,0,0,13.79,,,0,13.79,0,0,,,,,3630,-3750,0.665,1.435,,,,37,,,,,2,,,,0.47,0.8,0.3,0.3,34600,34400,34400,,,,-4,60.0151,19,4961232,5420895,,,,,,,12,0,0,0,0,0,0,0,0,,2,,1148.7,24.12,21,88.5,88.5,14528.16,14528.16,100,-3912,3912,-3750,3630,-4200,4200,0,0,0,0,0,0,,,3.366,3.352,3.358,28,25,25.166,,,48,48,48,false,false,false,2,2,6,6,0,342,4200,16416,1500,-1500,0,0,1,0.505,0.3,0.3,999,999,999,999,999,999,999,999,3630,-3750,false,0,0,2,1,0,0,0,1,2,1,1,0,0,8,1,0,0,-1437798,0,37359,0,0,0,0,0,0,0,0,0,700.303,2093.49,2093.49,1815,1875,1142.6,true,0,1815,-1875,2093.49,2093.49,1815,1875,1143.1,true,0,1815,-1875
"2025-09-17T00:03:40Z","REV_TW1_U_01",0,true,2,1,0,0,0,0,0,0,13.79,,,0,13.79,0,0,,,,,3630,-3750,0.665,1.435,,,,38,,,,,2,,,,0.47,0.8,0.3,0.3,34600,34400,34400,,,,-4,60.0126,19,4961232,5420895,,,,,,,12,0,0,0,0,0,0,0,0,,2,,1148.7,24.12,21,88.5,88.5,14528.16,14528.16,100,-3912,3912,-3750,3630,-4200,4200,0,0,0,0,0,0,,,3.365,3.352,3.358,28,25,25.166,,,48,48,48,false,false,false,2,2,6,6,0,342,4200,16416,1500,-1500,0,0,1,0.505,0.3,0.3,999,999,999,999,999,999,999,999,3630,-3750,false,0,0,2,1,0,0,0,1,2,1,1,0,0,8,1,0,0,-1437798,0,37361,0,0,0,0,0,0,0,0,0,700.303,2093.7,2093.7,1815,1875,1142.6,true,0,1815,-1875,2093.7,2093.7,1815,1875,1143.1,true,0,1815,-1875
"2025-09-17T00:03:42Z","REV_TW1_U_01",0,true,2,1,0,0,0,0,0,0,13.79,,,0,13.79,0,0,,,,,3630,-3750,0.665,1.435,,,,37,,,,,2,,,,0.47,0.8,0.2,0.4,34600,34400,34400,,,,-4,60.02,18,4961232,5420895,,,,,,,12,0,0,0,0,0,0,0,0,,2,,1148.6,22.97,20,88.5,88.5,14528.16,14528.16,100,-3912,3912,-3750,3630,-4200,4200,0,0,0,0,0,0,,,3.366,3.352,3.358,28,25,25.166,,,48,48,48,false,false,false,2,2,6,6,0,342,4200,16416,1500,-1500,0,0,1,0.505,0.3,0.3,999,999,999,999,999,999,999,999,3630,-3750,false,0,0,2,1,0,0,0,1,2,1,1,0,0,8,1,0,0,-1437798,0,37363,0,0,0,0,0,0,0,0,0,700.303,2092.23,2092.23,1815,1875,1142.6,true,0,1815,-1875,2092.23,2092.23,1815,1875,1143,true,0,1815,-1875
"2025-09-17T00:03:44Z","REV_TW1_U_01",0,true,2,1,0,0,0,0,0,0,13.79,,,0,13.79,0,0,,,,,3630,-3750,0.665,1.435,,,,37,,,,,2,,,,0.47,0.8,0.2,0.4,34600,34500,34400,,,,-4,60.0227,19,4961232,5420895,,,,,,,12,0,0,0,0,0,0,0,0,,2,,1148.6,24.12,21,88.5,88.5,14528.16,14528.16,100,-3912,3912,-3750,3630,-4200,4200,0,0,0,0,0,0,,,3.365,3.351,3.358,28,24,25.166,,,48,48,48,false,false,false,2,2,6,6,0,342,4200,16416,1500,-1500,0,0,1,0.505,0.3,0.3,999,999,999,999,999,999,999,999,3630,-3750,false,0,0,2,1,0,0,0,1,2,1,1,0,0,8,1,0,0,-1437798,0,37365,0,0,0,0,0,0,0,0,0,700.303,2094.54,2094.54,1815,1875,1142.5,true,0,1815,-1875,2094.54,2094.54,1815,1875,1143,true,0,1815,-1875
"2025-09-17T00:03:46Z","REV_TW1_U_01",0,true,2,1,0,0,0,0,0,0,13.79,,,0,13.79,0,0,,,,,3630,-3750,0.665,1.435,,,,37,,,,,2,,,,0.47,0.8,0.3,0.3,34600,34500,34400,,,,-4,60.0205,20,4961232,5420895,,,,,,,12,0,0,0,0,0,0,0,0,,2,,1148.6,24.12,21,88.5,88.5,14528.16,14528.16,100,-3912,3912,-3750,3630,-4200,4200,0,0,0,0,0,0,,,3.365,3.351,3.358,28,25,25.166,,,48,48,48,false,false,false,2,2,6,6,0,342,4200,16416,1500,-1500,0,0,1,0.505,0.3,0.3,999,999,999,999,999,999,999,999,3630,-3750,false,0,0,2,1,0,0,0,1,2,1,1,0,0,8,1,0,0,-1437798,0,37367,0,0,0,0,0,0,0,0,0,700.303,2093.28,2093.28,1815,1875,1142.5,true,0,1815,-1875,2093.28,2093.28,1815,1875,1143,true,0,1815,-1875
"2025-09-17T00:03:48Z","REV_TW1_U_01",0,true,2,1,0,0,0,0,0,0,13.79,,,0,13.79,0,0,,,,,3630,-3750,0.665,1.435,,,,37,,,,,2,,,,0.53,0.9,0.3,0.4,34600,34400,34400,,,,-5,60.0216,21,4961232,5420895,,,,,,,12,0,0,0,0,0,0,0,0,,2,,1148.6,24.12,21,88.5,88.5,14528.16,14528.16,100,-3912,3912,-3750,3630,-4200,4200,0,0,0,0,0,0,,,3.365,3.351,3.358,28,25,25.166,,,48,48,48,false,false,false,2,2,6,6,0,342,4200,16416,1500,-1500,0,0,1,0.505,0.3,0.3,999,999,999,999,999,999,999,999,3630,-3750,false,0,0,2,1,0,0,0,1,2,1,1,0,0,8,1,0,0,-1437799,0,37369,0,0,0,0,0,0,0,0,0,700.303,2094.96,2094.96,1815,1875,1142.5,true,0,1815,-1875,2094.96,2094.96,1815,1875,1142.9,true,0,1815,-1875
"2025-09-17T00:03:50Z","REV_TW1_U_01",0,true,2,1,0,0,0,0,0,0,13.79,,,0,13.79,0,0,,,,,3630,-3750,0.665,1.435,,,,38,,,,,2,,,,0.5,0.9,0.3,0.3,34600,34400,34400,,,,-5,60.0133,19,4961232,5420895,,,,,,,12,0,0,0,0,0,0,0,0,,2,,1148.5,22.97,20,88.5,88.5,14528.16,14528.16,100,-3912,3912,-3750,3630,-4200,4200,0,0,0,0,0,0,,,3.365,3.351,3.358,28,25,25.166,,,48,48,48,false,false,false,2,2,6,6,0,342,4200,16416,1500,-1500,0,0,1,0.505,0.3,0.3,999,999,999,999,999,999,999,999,3630,-3750,false,0,0,2,1,0,0,0,1,2,1,1,0,0,8,1,0,0,-1437799,0,37371,0,0,0,0,0,0,0,0,0,700.303,2093.91,2093.91,1815,1875,1142.5,true,0,1815,-1875,2092.86,2092.86,1815,1875,1142.9,true,0,1815,-1875
"2025-09-17T00:03:52Z","REV_TW1_U_01",0,true,2,1,0,0,0,0,0,0,13.79,,,0,13.79,0,0,,,,,3630,-3750,0.665,1.435,,,,37,,,,,2,,,,0.47,0.8,0.3,0.3,34600,34400,34400,,,,-5,60.011,19,4961232,5420895,,,,,,,12,0,0,0,0,0,0,0,0,,2,,1148.5,24.12,21,88.5,88.5,14528.16,14528.16,100,-3912,3912,-3750,3630,-4200,4200,0,0,0,0,0,0,,,3.365,3.351,3.358,28,24,25.166,,,48,48,48,false,false,false,2,2,6,6,0,342,4200,16416,1500,-1500,0,0,1,0.505,0.3,0.3,999,999,999,999,999,999,999,999,3630,-3750,false,0,0,2,1,0,0,0,1,2,1,1,0,0,8,1,0,0,-1437799,0,37373,0,0,0,0,0,0,0,0,0,700.303,2094.33,2094.33,1815,1875,1142.4,true,0,1815,-1875,2094.33,2094.33,1815,1875,1142.9,true,0,1815,-1875
"2025-09-17T00:03:54Z","REV_TW1_U_01",0,true,2,1,0,0,0,0,0,0,13.79,,,0,13.79,0,0,,,,,3630,-3750,0.665,1.435,,,,38,,,,,2,,,,0.5,0.8,0.3,0.4,34600,34400,34400,,,,-6,60.0102,17,4961232,5420895,,,,,,,12,0,0,0,0,0,0,0,0,,2,,1148.5,24.12,21,88.5,88.5,14528.16,14528.16,100,-3912,3912,-3750,3630,-4200,4200,0,0,0,0,0,0,,,3.365,3.351,3.358,28,24,25.166,,,48,48,48,false,false,false,2,2,6,6,0,342,4200,16416,1500,-1500,0,0,1,0.505,0.3,0.3,999,999,999,999,999,999,999,999,3630,-3750,false,0,0,2,1,0,0,0,1,2,1,1,0,0,8,1,0,0,-1437799,0,37375,0,0,0,0,0,0,0,0,0,700.303,2094.12,2094.12,1815,1875,1142.4,true,0,1815,-1875,2094.12,2094.12,1815,1875,1142.8,true,0,1815,-1875
"2025-09-17T00:03:56Z","REV_TW1_U_01",0,true,2,1,0,0,0,0,0,0,13.79,,,0,13.79,0,0,,,,,3630,-3750,0.665,1.435,,,,37,,,,,2,,,,0.5,0.9,0.2,0.4,34600,34400,34400,,,,-6,60.0116,17,4961232,5420895,,,,,,,12,0,0,0,0,0,0,0,0,,2,,1148.5,24.12,21,88.5,88.5,14528.16,14528.16,100,-3912,3912,-3750,3630,-4200,4200,0,0,0,0,0,0,,,3.365,3.351,3.358,28,24,25.166,,,48,48,48,false,false,false,2,2,6,6,0,342,4200,16416,1500,-1500,0,0,1,0.505,0.3,0.3,999,999,999,999,999,999,999,999,3630,-3750,false,0,0,2,1,0,0,0,1,2,1,1,0,0,8,1,0,0,-1437799,0,37377,0,0,0,0,0,0,0,0,0,700.303,2093.91,2093.91,1815,1875,1142.4,true,0,1815,-1875,2093.91,2093.91,1815,1875,1142.8,true,0,1815,-1875
"2025-09-17T00:03:58Z","REV_TW1_U_01",0,true,2,1,0,0,0,0,0,0,13.79,,,0,13.79,0,0,,,,,3630,-3750,0.665,1.435,,,,38,,,,,2,,,,0.43,0.7,0.3,0.3,34600,34400,34400,,,,-6,60.0105,17,4961232,5420895,,,,,,,12,0,0,0,0,0,0,0,0,,2,,1148.4,24.12,21,88.5,88.5,14528.16,14528.16,100,-3912,3912,-3750,3630,-4200,4200,0,0,0,0,0,0,,,3.364,3.351,3.358,28,24,25.166,,,48,48,48,false,false,false,2,2,6,6,0,342,4200,16416,1500,-1500,0,0,1,0.505,0.3,0.3,999,999,999,999,999,999,999,999,3630,-3750,false,0,0,2,1,0,0,0,1,2,1,1,0,0,8,1,0,0,-1437799,0,37379,0,0,0,0,0,0,0,0,0,700.303,2094.75,2094.75,1815,1875,1142.4,true,0,1815,-1875,2094.75,2094.75,1815,1875,1142.8,true,0,1815,-1875
"2025-09-17T00:04:00Z","REV_TW1_U_01",0,true,2,1,0,0,0,0,0,0,13.79,,,0,13.79,0,0,,,,,3630,-3750,0.665,1.435,,,,38,,,,,2,,,,0.47,0.8,0.2,0.4,34600,34400,34400,,,,-5,60.0111,16,4961232,5420895,,,,,,,12,0,0,0,0,0,0,0,0,,2,,1148.4,24.12,21,88.5,88.5,14528.16,14528.16,100,-3912,3912,-3750,3630,-4200,4200,0,0,0,0,0,0,,,3.364,3.351,3.358,28,25,25.166,,,48,48,48,false,false,false,2,2,6,6,0,342,4200,16416,1500,-1500,0,0,1,0.505,0.2,0.2,999,999,999,999,999,999,999,999,3630,-3750,false,0,0,2,1,0,0,0,1,2,1,1,0,0,8,1,0,0,-1437799,0,37381,0,0,0,0,0,0,0,0,0,700.303,2093.28,2093.28,1815,1875,1142.3,true,0,1815,-1875,2093.28,2093.28,1815,1875,1142.8,true,0,1815,-1875
"2025-09-17T00:04:02Z","REV_TW1_U_01",0,true,2,1,0,0,0,0,0,0,13.79,,,0,13.79,0,0,,,,,3630,-3750,0.665,1.435,,,,38,,,,,2,,,,0.5,0.9,0.3,0.3,34600,34400,34400,,,,-6,60.0071,16,4961232,5420895,,,,,,,12,0,0,0,0,0,0,0,0,,2,,1148.4,24.12,21,88.5,88.5,14528.16,14528.16,100,-3912,3912,-3750,3630,-4200,4200,0,0,0,0,0,0,,,3.364,3.351,3.357,28,24,25.166,,,48,48,48,false,false,false,2,2,6,6,0,342,4200,16416,1500,-1500,0,0,1,0.505,0.2,0.2,999,999,999,999,999,999,999,999,3630,-3750,false,0,0,2,1,0,0,0,1,2,1,1,0,0,8,1,0,0,-1437799,0,37383,0,0,0,0,0,0,0,0,0,700.303,2092.86,2092.86,1815,1875,1142.3,true,0,1815,-1875,2092.86,2092.86,1815,1875,1142.7,true,0,1815,-1875
"2025-09-17T00:04:04Z","REV_TW1_U_01",0,true,2,1,0,0,0,0,0,0,13.79,,,0,13.79,0,0,,,,,3630,-3750,0.665,1.435,,,,38,,,,,2,,,,0.5,0.9,0.3,0.3,34600,34400,34400,,,,-5,60.0077,16,4961232,5420895,,,,,,,12,0,0,0,0,0,0,0,0,,2,,1148.4,24.12,21,88.5,88.5,14528.16,14528.16,100,-3912,3912,-3750,3630,-4200,4200,0,0,0,0,0,0,,,3.364,3.351,3.357,28,25,25.166,,,48,48,48,false,false,false,2,2,6,6,0,342,4200,16416,1500,-1500,0,0,1,0.505,0.2,0.2,999,999,999,999,999,999,999,999,3630,-3750,false,0,0,2,1,0,0,0,1,2,1,1,0,0,8,1,0,0,-1437799,0,37385,0,0,0,0,0,0,0,0,0,700.303,2093.28,2093.28,1815,1875,1142.3,true,0,1815,-1875,2093.28,2093.28,1815,1875,1142.7,true,0,1815,-1875
"2025-09-17T00:04:06Z","REV_TW1_U_01",0,true,2,1,0,0,0,0,0,0,13.79,,,0,13.79,0,0,,,,,3630,-3750,0.665,1.435,,,,38,,,,,2,,,,0.43,0.8,0.2,0.3,34600,34400,34400,,,,-5,60.0009,16,4961232,5420895,,,,,,,12,0,0,0,0,0,0,0,0,,2,,1148.3,22.97,20,88.5,88.5,14528.16,14528.16,100,-3912,3912,-3750,3630,-4200,4200,0,0,0,0,0,0,,,3.364,3.351,3.357,28,25,25.166,,,48,48,48,false,false,false,2,2,6,6,0,342,4200,16416,1500,-1500,0,0,1,0.505,0.2,0.2,999,999,999,999,999,999,999,999,3630,-3750,false,0,0,2,1,0,0,0,1,2,1,1,0,0,8,1,0,0,-1437800,0,37387,0,0,0,0,0,0,0,0,0,700.303,2094.12,2094.12,1815,1875,1142.3,true,0,1815,-1875,2094.12,2094.12,1815,1875,1142.7,true,0,1815,-1875
"2025-09-17T00:04:08Z","REV_TW1_U_01",0,true,2,1,0,0,0,0,0,0,13.79,,,0,13.79,0,0,,,,,3630,-3750,0.665,1.435,,,,38,,,,,2,,,,0.47,0.8,0.3,0.3,34600,34400,34400,,,,-6,59.9981,16,4961232,5420895,,,,,,,12,0,0,0,0,0,0,0,0,,2,,1148.3,24.11,21,88.5,88.5,14528.16,14528.16,100,-3912,3912,-3750,3630,-4200,4200,0,0,0,0,0,0,,,3.364,3.351,3.357,28,25,25.166,,,48,48,48,false,false,false,2,2,6,6,0,342,4200,16416,1500,-1500,0,0,1,0.505,0.2,0.2,999,999,999,999,999,999,999,999,3630,-3750,false,0,0,2,1,0,0,0,1,2,1,1,0,0,8,1,0,0,-1437800,0,37389,0,0,0,0,0,0,0,0,0,700.303,2093.91,2093.91,1815,1875,1142.2,true,0,1815,-1875,2093.91,2093.91,1815,1875,1142.7,true,0,1815,-1875
"date_rec","device_id","_faultCount","_cloudConnected","UnitSt","UnitMode","UnitAlm1","UnitFlt1","UnitFlt2","UnitFlt3","UnitDiags","kWin","kVArin","kWcalc","kVArcalc","kWout","kVArout","DCIin","DCIout","OutVin","OutFin","OutVout","OutFout","DisMax","ChMax","DisCost","ChCost","TmpRet","TmpSup","TmpAmb","TmpEnc1","TmpEnc2","TmpEnc3","TmpEnc4","EncHumidity","PcsSt","PcsCmd","DCAOut","DCVOut","ACA","AphA","AphB","AphC","PPVphAB","PPVphBC","PPVphCA","PhVphA","PhVphB","PhVphC","kW","Hz","kVAr","kWH","kWHC","kWHD","DCA","DCV","DCkW","TmpCab","TmpSnk","PcsStVnd","PcsEvtVnd1","PcsEvtVnd2","PcsEvtVnd3","PcsEvtVnd4","PcsEvtVnd5","PcsEvtVnd6","PcsEvtVnd7","PcsEvtVnd8","BattStVnd","BattSt","BattCmd","BattV","BattP","BattA","SoC","SoCOnline","SOE","SOEOnline","SoH","BattAChLmt","BattADisLmt","BattPChLmt","BattPDisLmt","BattPChLmtEMS","BattPDisLmtEMS","BatEvtVnd1","BatEvtVnd2","BatEvtVnd3","BatEvtVnd4","BatEvtVnd5","BatEvtVnd6","BatEvtVnd7","BatEvtVnd8","CellVMax","CellVMin","CellVAvg","ModTmpMax","ModTmpMin","ModTmpAvg","BattStopReq","DCIR","_ConnStr","_EnabledStr","_TotalStr","_PcsAlmActive","_BattAlmActive","_StrAlmActive","_RunningPcsCnt","_TotalPcs","_RunningHVACCnt","_TotalHVAC","_UnitType","_StrEnergy","_UnitSRating","_UnitE","_QMax","_QMin","_HVACInhibitCnt","_ExhaustCnt","_StrSocDelta","_StrSocStdDev","_StrVDelta","_StrVDeltaOnline","_emcu1St","_emcu3St","_emcu5St","_emcu0St","_emcu2St","_emcu4St","_bms1St","_bms0St","_TotBusbarPDisLmt","_TotBusbarPChLmt","_bias_err","_BusbarPcmds.0","_BusbarPcmds.1","_CusRole","_GenSel","_CurrFlt","_FltMod","_CurrWrn","_StartCondAll","_ACSw","_MVSw","_MVGenSw","_MVEarthSw","_MVFbErr","_PcsPModeVnd","_PcsQModeVnd","_SelModkWh","_SelModkVArh","_kVArh","_CommsTimeout","_HB","PcsEvtVnd9","PcsEvtVnd10","PcsEvtVnd11","PcsEvtVnd12","PcsEvtVnd13","PcsEvtVnd14","PcsEvtVnd15","PcsEvtVnd16","PcsEvtVnd17","_ACIR","_CustomBusbarPLmts.0.busbar_dis_limit","_CustomBusbarPLmts.0.busbar_ch_limit","_CustomBusbarPLmts.0.subbms_dis_limit","_CustomBusbarPLmts.0.subbms_ch_limit","_CustomBusbarPLmts.0.gain_param_val","_CustomBusbarPLmts.0.running","_CustomBusbarPLmts.0.busbar_delta_gain","_CustomBusbarPLmts.0.final_dis_limit","_CustomBusbarPLmts.0.final_ch_limit","_CustomBusbarPLmts.1.busbar_dis_limit","_CustomBusbarPLmts.1.busbar_ch_limit","_CustomBusbarPLmts.1.subbms_dis_limit","_CustomBusbarPLmts.1.subbms_ch_limit","_CustomBusbarPLmts.1.gain_param_val","_CustomBusbarPLmts.1.running","_CustomBusbarPLmts.1.busbar_delta_gain","_CustomBusbarPLmts.1.final_dis_limit","_CustomBusbarPLmts.1.final_ch_limit"
"2025-09-17T00:04:10Z","REV_TW1_U_01",0,true,2,1,0,0,0,0,0,0,13.79,,,0,13.79,0,0,,,,,3630,-3750,0.665,1.435,,,,38,,,,,2,,,,0.5,0.8,0.3,0.4,34600,34400,34400,,,,-6,60.0006,16,4961232,5420895,,,,,,,12,0,0,0,0,0,0,0,0,,2,,1148.3,24.11,21,88.5,88.5,14528.16,14528.16,100,-3912,3912,-3750,3630,-4200,4200,0,0,0,0,0,0,,,3.363,3.351,3.357,28,25,25.166,,,48,48,48,false,false,false,2,2,6,6,0,342,4200,16416,1500,-1500,0,0,1,0.505,0.2,0.2,999,999,999,999,999,999,999,999,3630,-3750,false,0,0,2,1,0,0,0,1,2,1,1,0,0,8,1,0,0,-1437800,0,37390,0,0,0,0,0,0,0,0,0,700.303,2093.07,2093.07,1815,1875,1142.2,true,0,1815,-1875,2093.07,2093.07,1815,1875,1142.7,true,0,1815,-1875
"2025-09-17T00:04:12Z","REV_TW1_U_01",0,true,2,1,0,0,0,0,0,0,13.79,,,0,13.79,0,0,,,,,3630,-3750,0.665,1.435,,,,38,,,,,2,,,,0.47,0.8,0.3,0.3,34600,34400,34400,,,,-5,59.994,16,4961232,5420895,,,,,,,12,0,0,0,0,0,0,0,0,,2,,1148.3,22.97,20,88.5,88.5,14528.16,14528.16,100,-3912,3912,-3750,3630,-4200,4200,0,0,0,0,0,0,,,3.363,3.351,3.357,28,25,25.166,,,48,48,48,false,false,false,2,2,6,6,0,342,4200,16416,1500,-1500,0,0,1,0.505,0.2,0.2,999,999,999,999,999,999,999,999,3630,-3750,false,0,0,2,1,0,0,0,1,2,1,1,0,0,8,1,0,0,-1437800,0,37393,0,0,0,0,0,0,0,0,0,700.303,2094.33,2094.33,1815,1875,1142.2,true,0,1815,-1875,2094.33,2094.33,1815,1875,1142.6,true,0,1815,-1875
"2025-09-17T00:04:14Z","REV_TW1_U_01",0,true,2,1,0,0,0,0,0,0,13.79,,,0,13.79,0,0,,,,,3630,-3750,0.665,1.435,,,,38,,,,,2,,,,0.47,0.8,0.3,0.3,34600,34400,34400,,,,-5,59.9918,15,4961232,5420895,,,,,,,12,0,0,0,0,0,0,0,0,,2,,1148.2,22.96,20,88.5,88.5,14528.16,14528.16,100,-3912,3912,-3750,3630,-4200,4200,0,0,0,0,0,0,,,3.363,3.35,3.357,28,24,25.166,,,48,48,48,false,false,false,2,2,6,6,0,342,4200,16416,1500,-1500,0,0,1,0.505,0.2,0.2,999,999,999,999,999,999,999,999,3630,-3750,false,0,0,2,1,0,0,0,1,2,1,1,0,0,8,1,0,0,-1437800,0,37395,0,0,0,0,0,0,0,0,0,707.421,2095.17,2095.17,1815,1875,1142.2,true,0,1815,-1875,2095.38,2095.38,1815,1875,1142.6,true,0,1815,-1875
"2025-09-17T00:04:16Z","REV_TW1_U_01",0,true,2,1,0,0,0,0,0,0,13.79,,,0,13.79,0,0,,,,,3630,-3750,0.665,1.435,,,,38,,,,,2,,,,0.47,0.8,0.3,0.3,34600,34400,34400,,,,-5,59.9948,16,4961232,5420895,,,,,,,12,0,0,0,0,0,0,0,0,,2,,1148.2,25.26,22,88.5,88.5,14528.16,14528.16,100,-3912,3912,-3750,3630,-4200,4200,0,0,0,0,0,0,,,3.363,3.351,3.357,28,25,25.166,,,48,48,48,false,false,false,2,2,6,6,0,342,4200,16416,1500,-1500,0,0,1,0.505,0.2,0.2,999,999,999,999,999,999,999,999,3630,-3750,false,0,0,2,1,0,0,0,1,2,1,1,0,0,8,1,0,0,-1437800,0,37397,0,0,0,0,0,0,0,0,0,707.421,2094.75,2094.75,1815,1875,1142.2,true,0,1815,-1875,2094.75,2094.75,1815,1875,1142.6,true,0,1815,-1875
"2025-09-17T00:04:18Z","REV_TW1_U_01",0,true,2,1,0,0,0,0,0,0,13.79,,,0,13.79,0,0,,,,,3630,-3750,0.665,1.435,,,,38,,,,,2,,,,0.53,0.9,0.3,0.4,34600,34400,34400,,,,-5,59.9945,16,4961232,5420895,,,,,,,12,0,0,0,0,0,0,0,0,,2,,1148.2,22.96,20,88.5,88.5,14528.16,14528.16,100,-3912,3912,-3750,3630,-4200,4200,0,0,0,0,0,0,,,3.363,3.351,3.357,28,24,25.166,,,48,48,48,false,false,false,2,2,6,6,0,342,4200,16416,1500,-1500,0,0,1,0.505,0.2,0.2,999,999,999,999,999,999,999,999,3630,-3750,false,0,0,2,1,0,0,0,1,2,1,1,0,0,8,1,0,0,-1437800,0,37399,0,0,0,0,0,0,0,0,0,707.421,2094.96,2094.96,1815,1875,1142.1,true,0,1815,-1875,2094.96,2094.96,1815,1875,1142.6,true,0,1815,-1875
"2025-09-17T00:04:20Z","REV_TW1_U_01",0,true,2,1,0,0,0,0,0,0,13.79,,,0,13.79,0,0,,,,,3630,-3750,0.665,1.435,,,,38,,,,,2,,,,0.5,0.8,0.3,0.4,34600,34400,34400,,,,-6,60.0058,15,4961232,5420895,,,,,,,12,0,0,0,0,0,0,0,0,,2,,1148.2,22.96,20,88.5,88.5,14528.16,14528.16,100,-3912,3912,-3750,3630,-4200,4200,0,0,0,0,0,0,,,3.363,3.35,3.357,28,25,25.166,,,48,48,48,false,false,false,2,2,6,6,0,342,4200,16416,1500,-1500,0,0,1,0.505,0.3,0.3,999,999,999,999,999,999,999,999,3630,-3750,false,0,0,2,1,0,0,0,1,2,1,1,0,0,8,1,0,0,-1437800,0,37401,0,0,0,0,0,0,0,0,0,707.421,2093.28,2093.28,1815,1875,1142.1,true,0,1815,-1875,2093.28,2093.28,1815,1875,1142.5,true,0,1815,-1875
"2025-09-17T00:04:22Z","REV_TW1_U_01",0,true,2,1,0,0,0,0,0,0,13.79,,,0,13.79,0,0,,,,,3630,-3750,0.665,1.435,,,,38,,,,,2,,,,0.5,0.8,0.3,0.4,34600,34400,34400,,,,-6,60.008,16,4961232,5420895,,,,,,,12,0,0,0,0,0,0,0,0,,2,,1148.2,24.11,21,88.5,88.5,14528.16,14528.16,100,-3912,3912,-3750,3630,-4200,4200,0,0,0,0,0,0,,,3.363,3.35,3.357,28,25,25.166,,,48,48,48,false,false,false,2,2,6,6,0,342,4200,16416,1500,-1500,0,0,1,0.505,0.3,0.3,999,999,999,999,999,999,999,999,3630,-3750,false,0,0,2,1,0,0,0,1,2,1,1,0,0,8,1,0,0,-1437801,0,37403,0,0,0,0,0,0,0,0,0,707.421,2092.86,2092.86,1815,1875,1142.1,true,0,1815,-1875,2092.86,2092.86,1815,1875,1142.5,true,0,1815,-1875
"2025-09-17T00:04:24Z","REV_TW1_U_01",0,true,2,1,0,0,0,0,0,0,13.79,,,0,13.79,0,0,,,,,3630,-3750,0.665,1.435,,,,38,,,,,2,,,,0.47,0.8,0.3,0.3,34600,34400,34400,,,,-5,60.0039,15,4961232,5420895,,,,,,,12,0,0,0,0,0,0,0,0,,2,,1148.1,24.11,21,88.5,88.5,14528.16,14528.16,100,-3912,3912,-3750,3630,-4200,4200,0,0,0,0,0,0,,,3.363,3.35,3.357,28,25,25.166,,,48,48,48,false,false,false,2,2,6,6,0,342,4200,16416,1500,-1500,0,0,1,0.505,0.3,0.3,999,999,999,999,999,999,999,999,3630,-3750,false,0,0,2,1,0,0,0,1,2,1,1,0,0,8,1,0,0,-1437801,0,37405,0,0,0,0,0,0,0,0,0,707.421,2092.44,2092.44,1815,1875,1142.1,true,0,1815,-1875,2092.23,2092.23,1815,1875,1142.5,true,0,1815,-1875
"2025-09-17T00:04:26Z","REV_TW1_U_01",0,true,2,1,0,0,0,0,0,0,13.79,,,0,13.79,0,0,,,,,3630,-3750,0.665,1.435,,,,38,,,,,2,,,,0.47,0.8,0.3,0.3,34600,34400,34400,,,,-5,60.0075,15,4961232,5420895,,,,,,,12,0,0,0,0,0,0,0,0,,2,,1148.1,22.96,20,88.5,88.5,14528.16,14528.16,100,-3912,3912,-3750,3630,-4200,4200,0,0,0,0,0,0,,,3.363,3.35,3.357,28,25,25.166,,,48,48,48,false,false,false,2,2,6,6,0,342,4200,16416,1500,-1500,0,0,1,0.505,0.3,0.3,999,999,999,999,999,999,999,999,3630,-3750,false,0,0,2,1,0,0,0,1,2,1,1,0,0,8,1,0,0,-1437801,0,37406,0,0,0,0,0,0,0,0,0,707.421,2094.33,2094.33,1815,1875,1142.1,true,0,1815,-1875,2094.33,2094.33,1815,1875,1142.5,true,0,1815,-1875
"2025-09-17T00:04:28Z","REV_TW1_U_01",0,true,2,1,0,0,0,0,0,0,13.79,,,0,13.79,0,0,,,,,3630,-3750,0.665,1.435,,,,38,,,,,2,,,,0.47,0.8,0.3,0.3,34600,34400,34400,,,,-6,60.0068,15,4961232,5420895,,,,,,,12,0,0,0,0,0,0,0,0,,2,,1148.1,24.11,21,88.5,88.5,14528.16,14528.16,100,-3912,3912,-3750,3630,-4200,4200,0,0,0,0,0,0,,,3.363,3.349,3.357,28,24,25.166,,,48,48,48,false,false,false,2,2,6,6,0,342,4200,16416,1500,-1500,0,0,1,0.505,0.3,0.3,999,999,999,999,999,999,999,999,3630,-3750,false,0,0,2,1,0,0,0,1,2,1,1,0,0,8,1,0,0,-1437801,0,37409,0,0,0,0,0,0,0,0,0,707.421,2095.8,2095.8,1815,1875,1142.1,true,0,1815,-1875,2095.38,2095.38,1815,1875,1142.5,true,0,1815,-1875
"2025-09-17T00:04:30Z","REV_TW1_U_01",0,true,2,1,0,0,0,0,0,0,13.79,,,0,13.79,0,0,,,,,3630,-3750,0.665,1.435,,,,38,,,,,2,,,,0.47,0.8,0.3,0.3,34600,34500,34400,,,,-5,59.9981,17,4961232,5420895,,,,,,,12,0,0,0,0,0,0,0,0,,2,,1148.1,22.96,20,88.5,88.5,14528.16,14528.16,100,-3912,3912,-3750,3630,-4200,4200,0,0,0,0,0,0,,,3.363,3.35,3.357,28,25,25.166,,,48,48,48,false,false,false,2,2,6,6,0,342,4200,16416,1500,-1500,0,0,1,0.505,0.3,0.3,999,999,999,999,999,999,999,999,3630,-3750,false,0,0,2,1,0,0,0,1,2,1,1,0,0,8,1,0,0,-1437801,0,37411,0,0,0,0,0,0,0,0,0,707.421,2095.17,2095.17,1815,1875,1142,true,0,1815,-1875,2095.17,2095.17,1815,1875,1142.5,true,0,1815,-1875
"2025-09-17T00:04:32Z","REV_TW1_U_01",0,true,2,1,0,0,0,0,0,0,13.79,,,0,13.79,0,0,,,,,3630,-3750,0.665,1.435,,,,38,,,,,2,,,,0.53,0.8,0.4,0.4,34600,34400,34400,,,,-5,60.0025,16,4961232,5420895,,,,,,,12,0,0,0,0,0,0,0,0,,2,,1148.1,24.11,21,88.5,88.5,14528.16,14528.16,100,-3912,3912,-3750,3630,-4200,4200,0,0,0,0,0,0,,,3.363,3.349,3.357,28,24,25.166,,,48,48,48,false,false,false,2,2,6,6,0,342,4200,16416,1500,-1500,0,0,1,0.505,0.3,0.3,999,999,999,999,999,999,999,999,3630,-3750,false,0,0,2,1,0,0,0,1,2,1,1,0,0,8,1,0,0,-1437801,0,37412,0,0,0,0,0,0,0,0,0,707.421,2094.54,2094.54,1815,1875,1142,true,0,1815,-1875,2094.54,2094.54,1815,1875,1142.4,true,0,1815,-1875
"2025-09-17T00:04:34Z","REV_TW1_U_01",0,true,2,1,0,0,0,0,0,0,13.79,,,0,13.79,0,0,,,,,3630,-3750,0.665,1.435,,,,38,,,,,2,,,,0.47,0.8,0.3,0.3,34600,34400,34400,,,,-5,59.9969,15,4961232,5420895,,,,,,,12,0,0,0,0,0,0,0,0,,2,,1148,24.11,21,88.5,88.5,14528.16,14528.16,100,-3912,3912,-3750,3630,-4200,4200,0,0,0,0,0,0,,,3.362,3.35,3.356,28,25,25.166,,,48,48,48,false,false,false,2,2,6,6,0,342,4200,16416,1500,-1500,0,0,1,0.505,0.3,0.3,999,999,999,999,999,999,999,999,3630,-3750,false,0,0,2,1,0,0,0,1,2,1,1,0,0,8,1,0,0,-1437801,0,37415,0,0,0,0,0,0,0,0,0,707.421,2092.44,2092.44,1815,1875,1142,true,0,1815,-1875,2092.44,2092.44,1815,1875,1142.4,true,0,1815,-1875
"2025-09-17T00:04:36Z","REV_TW1_U_01",0,true,2,1,0,0,0,0,0,0,13.79,,,0,13.79,0,0,,,,,3630,-3750,0.665,1.435,,,,38,,,,,2,,,,0.43,0.7,0.3,0.3,34600,34500,34400,,,,-5,59.9971,15,4961232,5420895,,,,,,,12,0,0,0,0,0,0,0,0,,2,,1148,24.11,21,88.5,88.5,14528.16,14528.16,100,-3912,3912,-3750,3630,-4200,4200,0,0,0,0,0,0,,,3.363,3.35,3.356,28,24,25.166,,,48,48,48,false,false,false,2,2,6,6,0,342,4200,16416,1500,-1500,0,0,1,0.505,0.3,0.3,999,999,999,999,999,999,999,999,3630,-3750,false,0,0,2,1,0,0,0,1,2,1,1,0,0,8,1,0,0,-1437801,0,37417,0,0,0,0,0,0,0,0,0,707.421,2092.23,2092.23,1815,1875,1142,true,0,1815,-1875,2092.23,2092.23,1815,1875,1142.4,true,0,1815,-1875
"2025-09-17T00:04:38Z","REV_TW1_U_01",0,true,2,1,0,0,0,0,0,0,13.79,,,0,13.79,0,0,,,,,3630,-3750,0.665,1.435,,,,38,,,,,2,,,,0.43,0.8,0.2,0.3,34600,34400,34400,,,,-6,59.9973,16,4961232,5420895,,,,,,,12,0,0,0,0,0,0,0,0,,2,,1148,24.11,21,88.5,88.5,14528.16,14528.16,100,-3912,3912,-3750,3630,-4200,4200,0,0,0,0,0,0,,,3.362,3.35,3.356,28,24,25.166,,,48,48,48,false,false,false,2,2,6,6,0,342,4200,16416,1500,-1500,0,0,1,0.505,0.3,0.3,999,999,999,999,999,999,999,999,3630,-3750,false,0,0,2,1,0,0,0,1,2,1,1,0,0,8,1,0,0,-1437801,0,37419,0,0,0,0,0,0,0,0,0,707.421,2093.28,2093.28,1815,1875,1142,true,0,1815,-1875,2093.28,2093.28,1815,1875,1142.4,true,0,1815,-1875
"2025-09-17T00:04:40Z","REV_TW1_U_01",0,true,2,1,0,0,0,0,0,0,13.79,,,0,13.79,0,0,,,,,3630,-3750,0.665,1.435,,,,38,,,,,2,,,,0.4,0.7,0.2,0.3,34600,34400,34400,,,,-5,59.9934,15,4961232,5420895,,,,,,,12,0,0,0,0,0,0,0,0,,2,,1148,22.96,20,88.5,88.5,14528.16,14528.16,100,-3912,3912,-3750,3630,-4200,4200,0,0,0,0,0,0,,,3.362,3.35,3.356,28,25,25.166,,,48,48,48,false,false,false,2,2,6,6,0,342,4200,16416,1500,-1500,0,0,1,0.505,0.3,0.3,999,999,999,999,999,999,999,999,3630,-3750,false,0,0,2,1,0,0,0,1,2,1,1,0,0,8,1,0,0,-1437802,0,37420,0,0,0,0,0,0,0,0,0,707.421,2093.49,2093.49,1815,1875,1141.9,true,0,1815,-1875,2093.49,2093.49,1815,1875,1142.4,true,0,1815,-1875
"2025-09-17T00:04:42Z","REV_TW1_U_01",0,true,2,1,0,0,0,0,0,0,13.79,,,0,13.79,0,0,,,,,3630,-3750,0.665,1.435,,,,38,,,,,2,,,,0.5,0.8,0.3,0.4,34600,34400,34400,,,,-5,60.004,16,4961232,5420895,,,,,,,12,0,0,0,0,0,0,0,0,,2,,1148,22.96,20,88.5,88.5,14528.16,14528.16,100,-3912,3912,-3750,3630,-4200,4200,0,0,0,0,0,0,,,3.362,3.35,3.356,28,25,25.166,,,48,48,48,false,false,false,2,2,6,6,0,342,4200,16416,1500,-1500,0,0,1,0.505,0.3,0.3,999,999,999,999,999,999,999,999,3630,-3750,false,0,0,2,1,0,0,0,1,2,1,1,0,0,8,1,0,0,-1437802,0,37422,0,0,0,0,0,0,0,0,0,707.421,2094.96,2094.96,1815,1875,1141.9,true,0,1815,-1875,2094.96,2094.96,1815,1875,1142.4,true,0,1815,-1875
"2025-09-17T00:04:44Z","REV_TW1_U_01",0,true,2,1,0,0,0,0,0,0,13.79,,,0,13.79,0,0,,,,,3630,-3750,0.665,1.435,,,,38,,,,,2,,,,0.43,0.7,0.3,0.3,34600,34400,34400,,,,-5,60.0022,16,4961232,5420895,,,,,,,12,0,0,0,0,0,0,0,0,,2,,1147.9,24.11,21,88.5,88.5,14528.16,14528.16,100,-3912,3912,-3750,3630,-4200,4200,0,0,0,0,0,0,,,3.362,3.35,3.356,28,25,25.166,,,48,48,48,false,false,false,2,2,6,6,0,342,4200,16416,1500,-1500,0,0,1,0.505,0.3,0.3,999,999,999,999,999,999,999,999,3630,-3750,false,0,0,2,1,0,0,0,1,2,1,1,0,0,8,1,0,0,-1437802,0,37425,0,0,0,0,0,0,0,0,0,707.421,2095.38,2095.38,1815,1875,1141.9,true,0,1815,-1875,2095.38,2095.38,1815,1875,1142.3,true,0,1815,-1875
"2025-09-17T00:04:46Z","REV_TW1_U_01",0,true,2,1,0,0,0,0,0,0,13.79,,,0,13.79,0,0,,,,,3630,-3750,0.665,1.435,,,,38,,,,,2,,,,0.5,0.8,0.3,0.4,34600,34400,34400,,,,-5,59.9989,16,4961232,5420895,,,,,,,12,0,0,0,0,0,0,0,0,,2,,1147.9,24.11,21,88.5,88.5,14528.16,14528.16,100,-3912,3912,-3750,3630,-4200,4200,0,0,0,0,0,0,,,3.362,3.35,3.356,28,24,25.166,,,48,48,48,false,false,false,2,2,6,6,0,342,4200,16416,1500,-1500,0,0,1,0.505,0.3,0.3,999,999,999,999,999,999,999,999,3630,-3750,false,0,0,2,1,0,0,0,1,2,1,1,0,0,8,1,0,0,-1437802,0,37427,0,0,0,0,0,0,0,0,0,707.421,2095.59,2095.59,1815,1875,1141.9,true,0,1815,-1875,2095.59,2095.59,1815,1875,1142.3,true,0,1815,-1875
"2025-09-17T00:04:48Z","REV_TW1_U_01",0,true,2,1,0,0,0,0,0,0,13.79,,,0,13.79,0,0,,,,,3630,-3750,0.665,1.435,,,,38,,,,,2,,,,0.47,0.8,0.3,0.3,34600,34400,34400,,,,-6,59.9985,15,4961232,5420895,,,,,,,12,0,0,0,0,0,0,0,0,,2,,1147.9,24.11,21,88.5,88.5,14528.16,14528.16,100,-3912,3912,-3750,3630,-4200,4200,0,0,0,0,0,0,,,3.362,3.35,3.356,28,25,25.166,,,48,48,48,false,false,false,2,2,6,6,0,342,4200,16416,1500,-1500,0,0,1,0.505,0.3,0.3,999,999,999,999,999,999,999,999,3630,-3750,false,0,0,2,1,0,0,0,1,2,1,1,0,0,8,1,0,0,-1437802,0,37428,0,0,0,0,0,0,0,0,0,707.421,2094.96,2094.96,1815,1875,1141.9,true,0,1815,-1875,2094.96,2094.96,1815,1875,1142.3,true,0,1815,-1875
"2025-09-17T00:04:50Z","REV_TW1_U_01",0,true,2,1,0,0,0,0,0,0,13.79,,,0,13.79,0,0,,,,,3630,-3750,0.665,1.435,,,,38,,,,,2,,,,0.47,0.8,0.3,0.3,34600,34400,34400,,,,-5,60.0021,15,4961232,5420895,,,,,,,12,0,0,0,0,0,0,0,0,,2,,1147.9,24.11,21,88.5,88.5,14528.16,14528.16,100,-3912,3912,-3750,3630,-4200,4200,0,0,0,0,0,0,,,3.362,3.349,3.356,28,24,25.166,,,48,48,48,false,false,false,2,2,6,6,0,342,4200,16416,1500,-1500,0,0,1,0.505,0.3,0.3,999,999,999,999,999,999,999,999,3630,-3750,false,0,0,2,1,0,0,0,1,2,1,1,0,0,8,1,0,0,-1437802,0,37431,0,0,0,0,0,0,0,0,0,707.421,2093.28,2093.28,1815,1875,1141.8,true,0,1815,-1875,2093.28,2093.28,1815,1875,1142.3,true,0,1815,-1875
"2025-09-17T00:04:52Z","REV_TW1_U_01",0,true,2,1,0,0,0,0,0,0,13.79,,,0,13.79,0,0,,,,,3630,-3750,0.665,1.435,,,,38,,,,,2,,,,0.5,0.8,0.4,0.3,34600,34400,34400,,,,-5,60.0027,15,4961232,5420895,,,,,,,12,0,0,0,0,0,0,0,0,,2,,1147.9,22.96,20,88.5,88.5,14528.16,14528.16,100,-3912,3912,-3750,3630,-4200,4200,0,0,0,0,0,0,,,3.362,3.35,3.356,28,25,25.166,,,48,48,48,false,false,false,2,2,6,6,0,342,4200,16416,1500,-1500,0,0,1,0.505,0.3,0.3,999,999,999,999,999,999,999,999,3630,-3750,false,0,0,2,1,0,0,0,1,2,1,1,0,0,8,1,0,0,-1437802,0,37433,0,0,0,0,0,0,0,0,0,707.421,2092.44,2092.44,1815,1875,1141.8,true,0,1815,-1875,2092.44,2092.44,1815,1875,1142.3,true,0,1815,-1875
"2025-09-17T00:04:54Z","REV_TW1_U_01",0,true,2,1,0,0,0,0,0,0,13.79,,,0,13.79,0,0,,,,,3630,-3750,0.665,1.435,,,,38,,,,,2,,,,0.47,0.8,0.3,0.3,34600,34400,34400,,,,-5,60.0013,15,4961232,5420895,,,,,,,12,0,0,0,0,0,0,0,0,,2,,1147.8,22.96,20,88.5,88.5,14528.16,14528.16,100,-3912,3912,-3750,3630,-4200,4200,0,0,0,0,0,0,,,3.362,3.349,3.356,28,25,25.166,,,48,48,48,false,false,false,2,2,6,6,0,342,4200,16416,1500,-1500,0,0,1,0.505,0.3,0.3,999,999,999,999,999,999,999,999,3630,-3750,false,0,0,2,1,0,0,0,1,2,1,1,0,0,8,1,0,0,-1437802,0,37435,0,0,0,0,0,0,0,0,0,707.421,2092.65,2092.65,1815,1875,1141.8,true,0,1815,-1875,2092.65,2092.65,1815,1875,1142.2,true,0,1815,-1875
"2025-09-17T00:04:56Z","REV_TW1_U_01",0,true,2,1,0,0,0,0,0,0,13.79,,,0,13.79,0,0,,,,,3630,-3750,0.665,1.435,,,,38,,,,,2,,,,0.43,0.8,0.2,0.3,34600,34400,34400,,,,-5,59.9999,16,4961232,5420895,,,,,,,12,0,0,0,0,0,0,0,0,,2,,1147.8,24.1,21,88.5,88.5,14528.16,14528.16,100,-3912,3912,-3750,3630,-4200,4200,0,0,0,0,0,0,,,3.362,3.349,3.356,28,25,25.166,,,48,48,48,false,false,false,2,2,6,6,0,342,4200,16416,1500,-1500,0,0,1,0.505,0.3,0.3,999,999,999,999,999,999,999,999,3630,-3750,false,0,0,2,1,0,0,0,1,2,1,1,0,0,8,1,0,0,-1437802,0,37436,0,0,0,0,0,0,0,0,0,707.421,2093.91,2093.91,1815,1875,1141.8,true,0,1815,-1875,2093.28,2093.28,1815,1875,1142.2,true,0,1815,-1875
"2025-09-17T00:04:58Z","REV_TW1_U_01",0,true,2,1,0,0,0,0,0,0,13.79,,,0,13.79,0,0,,,,,3630,-3750,0.665,1.435,,,,38,,,,,2,,,,0.5,0.8,0.3,0.4,34600,34400,34400,,,,-5,60.0016,15,4961232,5420895,,,,,,,12,0,0,0,0,0,0,0,0,,2,,1147.8,22.96,20,88.5,88.5,14528.16,14528.16,100,-3912,3912,-3750,3630,-4200,4200,0,0,0,0,0,0,,,3.362,3.35,3.356,28,25,25.166,,,48,48,48,false,false,false,2,2,6,6,0,342,4200,16416,1500,-1500,0,0,1,0.505,0.3,0.3,999,999,999,999,999,999,999,999,3630,-3750,false,0,0,2,1,0,0,0,1,2,1,1,0,0,8,1,0,0,-1437803,0,37439,0,0,0,0,0,0,0,0,0,707.421,2094.54,2094.54,1815,1875,1141.8,true,0,1815,-1875,2094.54,2094.54,1815,1875,1142.2,true,0,1815,-1875
"2025-09-17T00:05:00Z","REV_TW1_U_01",0,true,2,1,0,0,0,0,0,0,13.79,,,0,13.79,0,0,,,,,3630,-3750,0.665,1.435,,,,38,,,,,2,,,,0.5,0.8,0.4,0.3,34600,34400,34400,,,,-5,60.0019,15,4961232,5420895,,,,,,,12,0,0,0,0,0,0,0,0,,2,,1147.8,22.96,20,88.5,88.5,14528.16,14528.16,100,-3912,3912,-3750,3630,-4200,4200,0,0,0,0,0,0,,,3.362,3.349,3.356,28,25,25.166,,,48,48,48,false,false,false,2,2,6,6,0,342,4200,16416,1500,-1500,0,0,1,0.505,0.2,0.2,999,999,999,999,999,999,999,999,3630,-3750,false,0,0,2,1,0,0,0,1,2,1,1,0,0,8,1,0,0,-1437803,0,37441,0,0,0,0,0,0,0,0,0,707.421,2093.91,2093.91,1815,1875,1141.8,true,0,1815,-1875,2093.7,2093.7,1815,1875,1142.2,true,0,1815,-1875
"2025-09-17T00:05:02Z","REV_TW1_U_01",0,true,2,1,0,0,0,0,0,0,13.79,,,0,13.79,0,0,,,,,3630,-3750,0.665,1.435,,,,38,,,,,2,,,,0.43,0.7,0.3,0.3,34600,34400,34400,,,,-5,59.9926,15,4961232,5420895,,,,,,,12,0,0,0,0,0,0,0,0,,2,,1147.8,22.96,20,88.5,88.5,14528.16,14528.16,100,-3912,3912,-3750,3630,-4200,4200,0,0,0,0,0,0,,,3.361,3.349,3.356,28,24,25.166,,,48,48,48,false,false,false,2,2,6,6,0,342,4200,16416,1500,-1500,0,0,1,0.505,0.2,0.2,999,999,999,999,999,999,999,999,3630,-3750,false,0,0,2,1,0,0,0,1,2,1,1,0,0,8,1,0,0,-1437803,0,37442,0,0,0,0,0,0,0,0,0,707.421,2094.54,2094.54,1815,1875,1141.8,true,0,1815,-1875,2093.7,2093.7,1815,1875,1142.2,true,0,1815,-1875
"2025-09-17T00:05:04Z","REV_TW1_U_01",0,true,2,1,0,0,0,0,0,0,13.79,,,0,13.79,0,0,,,,,3630,-3750,0.665,1.435,,,,38,,,,,2,,,,0.5,0.8,0.3,0.4,34600,34500,34400,,,,-5,59.994,15,4961232,5420895,,,,,,,12,0,0,0,0,0,0,0,0,,2,,1147.8,22.96,20,88.5,88.5,14528.16,14528.16,100,-3912,3912,-3750,3630,-4200,4200,0,0,0,0,0,0,,,3.362,3.349,3.356,28,24,25.166,,,48,48,48,false,false,false,2,2,6,6,0,342,4200,16416,1500,-1500,0,0,1,0.505,0.2,0.2,999,999,999,999,999,999,999,999,3630,-3750,false,0,0,2,1,0,0,0,1,2,1,1,0,0,8,1,0,0,-1437803,0,37444,0,0,0,0,0,0,0,0,0,707.421,2094.33,2094.33,1815,1875,1141.7,true,0,1815,-1875,2094.33,2094.33,1815,1875,1142.2,true,0,1815,-1875
"2025-09-17T00:05:06Z","REV_TW1_U_01",0,true,2,1,0,0,0,0,0,0,13.79,,,0,13.79,0,0,,,,,3630,-3750,0.665,1.435,,,,38,,,,,2,,,,0.43,0.7,0.3,0.3,34600,34500,34400,,,,-5,60.0014,16,4961232,5420895,,,,,,,12,0,0,0,0,0,0,0,0,,2,,1147.8,22.96,20,88.5,88.5,14528.16,14528.16,100,-3912,3912,-3750,3630,-4200,4200,0,0,0,0,0,0,,,3.361,3.349,3.356,28,25,25.166,,,48,48,48,false,false,false,2,2,6,6,0,342,4200,16416,1500,-1500,0,0,1,0.505,0.2,0.2,999,999,999,999,999,999,999,999,3630,-3750,false,0,0,2,1,0,0,0,1,2,1,1,0,0,8,1,0,0,-1437803,0,37447,0,0,0,0,0,0,0,0,0,707.421,2093.7,2093.7,1815,1875,1141.7,true,0,1815,-1875,2093.7,2093.7,1815,1875,1142.1,true,0,1815,-1875
"2025-09-17T00:05:08Z","REV_TW1_U_01",0,true,2,1,0,0,0,0,0,0,13.79,,,0,13.79,0,0,,,,,3630,-3750,0.665,1.435,,,,38,,,,,2,,,,0.5,0.8,0.3,0.4,34600,34500,34400,,,,-5,59.9982,15,4961232,5420895,,,,,,,12,0,0,0,0,0,0,0,0,,2,,1147.7,24.1,21,88.5,88.5,14528.16,14528.16,100,-3912,3912,-3750,3630,-4200,4200,0,0,0,0,0,0,,,3.361,3.349,3.356,28,25,25.166,,,48,48,48,false,false,false,2,2,6,6,0,342,4200,16416,1500,-1500,0,0,1,0.505,0.2,0.2,999,999,999,999,999,999,999,999,3630,-3750,false,0,0,2,1,0,0,0,1,2,1,1,0,0,8,1,0,0,-1437803,0,37449,0,0,0,0,0,0,0,0,0,707.421,2093.91,2093.91,1815,1875,1141.7,true,0,1815,-1875,2093.91,2093.91,1815,1875,1142.1,true,0,1815,-1875
"2025-09-17T00:05:10Z","REV_TW1_U_01",0,true,2,1,0,0,0,0,0,0,13.79,,,0,13.79,0,0,,,,,3630,-3750,0.665,1.435,,,,38,,,,,2,,,,0.5,0.8,0.3,0.4,34600,34500,34400,,,,-5,59.9994,16,4961232,5420895,,,,,,,12,0,0,0,0,0,0,0,0,,2,,1147.7,24.1,21,88.5,88.5,14528.16,14528.16,100,-3912,3912,-3750,3630,-4200,4200,0,0,0,0,0,0,,,3.361,3.349,3.356,28,25,25.166,,,48,48,48,false,false,false,2,2,6,6,0,342,4200,16416,1500,-1500,0,0,1,0.505,0.2,0.2,999,999,999,999,999,999,999,999,3630,-3750,false,0,0,2,1,0,0,0,1,2,1,1,0,0,8,1,0,0,-1437803,0,37450,0,0,0,0,0,0,0,0,0,707.421,2094.33,2094.33,1815,1875,1141.7,true,0,1815,-1875,2094.33,2094.33,1815,1875,1142.1,true,0,1815,-1875
"2025-09-17T00:05:12Z","REV_TW1_U_01",0,true,2,1,0,0,0,0,0,0,13.79,,,0,13.79,0,0,,,,,3630,-3750,0.665,1.435,,,,38,,,,,2,,,,0.5,0.8,0.3,0.4,34600,34500,34400,,,,-5,59.9897,16,4961232,5420895,,,,,,,12,0,0,0,0,0,0,0,0,,2,,1147.7,22.95,20,88.5,88.5,14528.16,14528.16,100,-3912,3912,-3750,3630,-4200,4200,0,0,0,0,0,0,,,3.361,3.349,3.356,28,25,25.166,,,48,48,48,false,false,false,2,2,6,6,0,342,4200,16416,1500,-1500,0,0,1,0.505,0.2,0.2,999,999,999,999,999,999,999,999,3630,-3750,false,0,0,2,1,0,0,0,1,2,1,1,0,0,8,1,0,0,-1437803,0,37452,0,0,0,0,0,0,0,0,0,707.421,2094.12,2094.12,1815,1875,1141.7,true,0,1815,-1875,2094.54,2094.54,1815,1875,1142.1,true,0,1815,-1875
"2025-09-17T00:05:14Z","REV_TW1_U_01",0,true,2,1,0,0,0,0,0,0,13.79,,,0,13.79,0,0,,,,,3630,-3750,0.665,1.435,,,,38,,,,,2,,,,0.47,0.7,0.3,0.4,34600,34500,34400,,,,-5,59.989,16,4961232,5420895,,,,,,,12,0,0,0,0,0,0,0,0,,2,,1147.7,22.95,20,88.5,88.5,14528.16,14528.16,100,-3912,3912,-3750,3630,-4200,4200,0,0,0,0,0,0,,,3.361,3.348,3.356,28,24,25.166,,,48,48,48,false,false,false,2,2,6,6,0,342,4200,16416,1500,-1500,0,0,1,0.505,0.2,0.2,999,999,999,999,999,999,999,999,3630,-3750,false,0,0,2,1,0,0,0,1,2,1,1,0,0,8,1,0,0,-1437804,0,37455,0,0,0,0,0,0,0,0,0,707.421,2094.75,2094.75,1815,1875,1141.7,true,0,1815,-1875,2094.75,2094.75,1815,1875,1142.1,true,0,1815,-1875
"2025-09-17T00:05:16Z","REV_TW1_U_01",0,true,2,1,0,0,0,0,0,0,13.79,,,0,13.79,0,0,,,,,3630,-3750,0.665,1.435,,,,38,,,,,2,,,,0.47,0.8,0.3,0.3,34600,34400,34400,,,,-5,59.9991,16,4961232,5420895,,,,,,,12,0,0,0,0,0,0,0,0,,2,,1147.7,22.95,20,88.5,88.5,14528.16,14528.16,100,-3912,3912,-3750,3630,-4200,4200,0,0,0,0,0,0,,,3.361,3.349,3.355,28,25,25.166,,,48,48,48,false,false,false,2,2,6,6,0,342,4200,16416,1500,-1500,0,0,1,0.505,0.2,0.2,999,999,999,999,999,999,999,999,3630,-3750,false,0,0,2,1,0,0,0,1,2,1,1,0,0,8,1,0,0,-1437804,0,37457,0,0,0,0,0,0,0,0,0,707.421,2094.33,2094.33,1815,1875,1141.7,true,0,1815,-1875,2094.33,2094.33,1815,1875,1142.1,true,0,1815,-1875
"2025-09-17T00:05:18Z","REV_TW1_U_01",0,true,2,1,0,0,0,0,0,0,13.79,,,0,13.79,0,0,,,,,3630,-3750,0.665,1.435,,,,38,,,,,2,,,,0.5,0.8,0.3,0.4,34600,34400,34400,,,,-5,59.9957,16,4961232,5420895,,,,,,,12,0,0,0,0,0,0,0,0,,2,,1147.7,22.95,20,88.5,88.5,14528.16,14528.16,100,-3912,3912,-3750,3630,-4200,4200,0,0,0,0,0,0,,,3.361,3.348,3.355,28,25,25.166,,,48,48,48,false,false,false,2,2,6,6,0,342,4200,16416,1500,-1500,0,0,1,0.505,0.2,0.2,999,999,999,999,999,999,999,999,3630,-3750,false,0,0,2,1,0,0,0,1,2,1,1,0,0,8,1,0,0,-1437804,0,37458,0,0,0,0,0,0,0,0,0,707.421,2094.54,2094.54,1815,1875,1141.6,true,0,1815,-1875,2094.54,2094.54,1815,1875,1142,true,0,1815,-1875
"2025-09-17T00:05:20Z","REV_TW1_U_01",0,true,2,1,0,0,0,0,0,0,13.79,,,0,13.79,0,0,,,,,3630,-3750,0.665,1.435,,,,38,,,,,2,,,,0.5,0.8,0.3,0.4,34600,34500,34400,,,,-5,60.0029,16,4961232,5420895,,,,,,,12,0,0,0,0,0,0,0,0,,2,,1147.7,22.95,20,88.5,88.5,14528.16,14528.16,100,-3912,3912,-3750,3630,-4200,4200,0,0,0,0,0,0,,,3.361,3.349,3.355,28,25,25.166,,,48,48,48,false,false,false,2,2,6,6,0,342,4200,16416,1500,-1500,0,0,1,0.505,0.2,0.2,999,999,999,999,999,999,999,999,3630,-3750,false,0,0,2,1,0,0,0,1,2,1,1,0,0,8,1,0,0,-1437804,0,37460,0,0,0,0,0,0,0,0,0,707.421,2096.01,2096.01,1815,1875,1141.6,true,0,1815,-1875,2095.17,2095.17,1815,1875,1142,true,0,1815,-1875
"2025-09-17T00:05:22Z","REV_TW1_U_01",0,true,2,1,0,0,0,0,0,0,13.79,,,0,13.79,0,0,,,,,3630,-3750,0.665,1.435,,,,38,,,,,2,,,,0.5,0.8,0.3,0.4,34600,34500,34400,,,,-4,60.0038,15,4961232,5420895,,,,,,,12,0,0,0,0,0,0,0,0,,2,,1147.6,22.95,20,88.5,88.5,14528.16,14528.16,100,-3912,3912,-3750,3630,-4200,4200,0,0,0,0,0,0,,,3.361,3.349,3.355,28,25,25.166,,,48,48,48,false,false,false,2,2,6,6,0,342,4200,16416,1500,-1500,0,0,1,0.505,0.2,0.2,999,999,999,999,999,999,999,999,3630,-3750,false,0,0,2,1,0,0,0,1,2,1,1,0,0,8,1,0,0,-1437804,0,37463,0,0,0,0,0,0,0,0,0,707.421,2094.54,2094.54,1815,1875,1141.6,true,0,1815,-1875,2096.22,2096.22,1815,1875,1142,true,0,1815,-1875
"2025-09-17T00:05:24Z","REV_TW1_U_01",0,true,2,1,0,0,0,0,0,0,13.79,,,0,13.79,0,0,,,,,3630,-3750,0.665,1.435,,,,38,,,,,2,,,,0.47,0.8,0.3,0.3,34600,34500,34400,,,,-5,60.0058,16,4961232,5420895,,,,,,,12,0,0,0,0,0,0,0,0,,2,,1147.6,22.95,20,88.5,88.5,14528.16,14528.16,100,-3912,3912,-3750,3630,-4200,4200,0,0,0,0,0,0,,,3.361,3.349,3.355,28,24,25.166,,,48,48,48,false,false,false,2,2,6,6,0,342,4200,16416,1500,-1500,0,0,1,0.505,0.2,0.2,999,999,999,999,999,999,999,999,3630,-3750,false,0,0,2,1,0,0,0,1,2,1,1,0,0,8,1,0,0,-1437804,0,37464,0,0,0,0,0,0,0,0,0,707.421,2096.01,2096.01,1815,1875,1141.6,true,0,1815,-1875,2096.01,2096.01,1815,1875,1142,true,0,1815,-1875
"2025-09-17T00:05:26Z","REV_TW1_U_01",0,true,2,1,0,0,0,0,0,0,13.79,,,0,13.79,0,0,,,,,3630,-3750,0.665,1.435,,,,38,,,,,2,,,,0.43,0.7,0.2,0.4,34600,34500,34400,,,,-6,60.0064,15,4961232,5420895,,,,,,,12,0,0,0,0,0,0,0,0,,2,,1147.6,22.95,20,88.5,88.5,14528.16,14528.16,100,-3912,3912,-3750,3630,-4200,4200,0,0,0,0,0,0,,,3.361,3.349,3.355,28,25,25.166,,,48,48,48,false,false,false,2,2,6,6,0,342,4200,16416,1500,-1500,0,0,1,0.505,0.2,0.2,999,999,999,999,999,999,999,999,3630,-3750,false,0,0,2,1,0,0,0,1,2,1,1,0,0,8,1,0,0,-1437804,0,37466,0,0,0,0,0,0,0,0,0,707.421,2093.91,2093.91,1815,1875,1141.6,true,0,1815,-1875,2093.91,2093.91,1815,1875,1142,true,0,1815,-1875
"2025-09-17T00:05:28Z","REV_TW1_U_01",0,true,2,1,0,0,0,0,0,0,13.79,,,0,13.79,0,0,,,,,3630,-3750,0.665,1.435,,,,38,,,,,2,,,,0.53,0.8,0.4,0.4,34600,34500,34400,,,,-5,59.9995,15,4961232,5420895,,,,,,,12,0,0,0,0,0,0,0,0,,2,,1147.6,22.95,20,88.5,88.5,14528.16,14528.16,100,-3912,3912,-3750,3630,-4200,4200,0,0,0,0,0,0,,,3.36,3.349,3.355,28,25,25.166,,,48,48,48,false,false,false,2,2,6,6,0,342,4200,16416,1500,-1500,0,0,1,0.505,0.2,0.2,999,999,999,999,999,999,999,999,3630,-3750,false,0,0,2,1,0,0,0,1,2,1,1,0,0,8,1,0,0,-1437804,0,37469,0,0,0,0,0,0,0,0,0,707.421,2096.01,2096.01,1815,1875,1141.5,true,0,1815,-1875,2095.38,2095.38,1815,1875,1142,true,0,1815,-1875
"2025-09-17T00:05:30Z","REV_TW1_U_01",0,true,2,1,0,0,0,0,0,0,13.79,,,0,13.79,0,0,,,,,3630,-3750,0.665,1.435,,,,37,,,,,2,,,,0.4,0.7,0.2,0.3,34600,34500,34400,,,,-5,59.9994,16,4961232,5420895,,,,,,,12,0,0,0,0,0,0,0,0,,2,,1147.6,22.95,20,88.5,88.5,14528.16,14528.16,100,-3912,3912,-3750,3630,-4200,4200,0,0,0,0,0,0,,,3.36,3.349,3.355,28,25,25.166,,,48,48,48,false,false,false,2,2,6,6,0,342,4200,16416,1500,-1500,0,0,1,0.505,0.2,0.2,999,999,999,999,999,999,999,999,3630,-3750,false,0,0,2,1,0,0,0,1,2,1,1,0,0,8,1,0,0,-1437804,0,37470,0,0,0,0,0,0,0,0,0,707.421,2093.7,2093.7,1815,1875,1141.5,true,0,1815,-1875,2094.33,2094.33,1815,1875,1142,true,0,1815,-1875
"2025-09-17T00:05:32Z","REV_TW1_U_01",0,true,2,1,0,0,0,0,0,0,13.79,,,0,13.79,0,0,,,,,3630,-3750,0.665,1.435,,,,38,,,,,2,,,,0.4,0.7,0.2,0.3,34600,34500,34400,,,,-4,60.003,16,4961232,5420895,,,,,,,12,0,0,0,0,0,0,0,0,,2,,1147.6,22.95,20,88.5,88.5,14528.16,14528.16,100,-3912,3912,-3750,3630,-4200,4200,0,0,0,0,0,0,,,3.36,3.349,3.355,28,24,25.166,,,48,48,48,false,false,false,2,2,6,6,0,342,4200,16416,1500,-1500,0,0,1,0.505,0.2,0.2,999,999,999,999,999,999,999,999,3630,-3750,false,0,0,2,1,0,0,0,1,2,1,1,0,0,8,1,0,0,-1437805,0,37472,0,0,0,0,0,0,0,0,0,707.421,2094.54,2094.54,1815,1875,1141.5,true,0,1815,-1875,2094.54,2094.54,1815,1875,1141.9,true,0,1815,-1875
"2025-09-17T00:05:34Z","REV_TW1_U_01",0,true,2,1,0,0,0,0,0,0,13.79,,,0,13.79,0,0,,,,,3630,-3750,0.665,1.435,,,,38,,,,,2,,,,0.5,0.8,0.4,0.3,34600,34400,34400,,,,-4,60.008,15,4961232,5420895,,,,,,,12,0,0,0,0,0,0,0,0,,2,,1147.6,22.95,20,88.5,88.5,14528.16,14528.16,100,-3912,3912,-3750,3630,-4200,4200,0,0,0,0,0,0,,,3.36,3.348,3.355,28,25,25.166,,,48,48,48,false,false,false,2,2,6,6,0,342,4200,16416,1500,-1500,0,0,1,0.505,0.2,0.2,999,999,999,999,999,999,999,999,3630,-3750,false,0,0,2,1,0,0,0,1,2,1,1,0,0,8,1,0,0,-1437805,0,37475,0,0,0,0,0,0,0,0,0,707.421,2093.49,2093.49,1815,1875,1141.5,true,0,1815,-1875,2093.49,2093.49,1815,1875,1141.9,true,0,1815,-1875
"2025-09-17T00:05:36Z","REV_TW1_U_01",0,true,2,1,0,0,0,0,0,0,13.79,,,0,13.79,0,0,,,,,3630,-3750,0.665,1.435,,,,38,,,,,2,,,,0.5,0.8,0.3,0.4,34600,34500,34400,,,,-5,60.0002,15,4961232,5420895,,,,,,,12,0,0,0,0,0,0,0,0,,2,,1147.6,24.1,21,88.5,88.5,14528.16,14528.16,100,-3912,3912,-3750,3630,-4200,4200,0,0,0,0,0,0,,,3.36,3.348,3.355,28,25,25.166,,,48,48,48,false,false,false,2,2,6,6,0,342,4200,16416,1500,-1500,0,0,1,0.505,0.2,0.2,999,999,999,999,999,999,999,999,3630,-3750,false,0,0,2,1,0,0,0,1,2,1,1,0,0,8,1,0,0,-1437805,0,37476,0,0,0,0,0,0,0,0,0,707.421,2094.75,2094.75,1815,1875,1141.5,true,0,1815,-1875,2094.75,2094.75,1815,1875,1141.9,true,0,1815,-1875
"2025-09-17T00:05:38Z","REV_TW1_U_01",0,true,2,1,0,0,0,0,0,0,13.79,,,0,13.79,0,0,,,,,3630,-3750,0.665,1.435,,,,38,,,,,2,,,,0.47,0.8,0.3,0.3,34600,34500,34400,,,,-6,60.0032,16,4961232,5420895,,,,,,,12,0,0,0,0,0,0,0,0,,2,,1147.5,24.1,21,88.5,88.5,14528.16,14528.16,100,-3912,3912,-3750,3630,-4200,4200,0,0,0,0,0,0,,,3.36,3.348,3.355,28,25,25.166,,,48,48,48,false,false,false,2,2,6,6,0,342,4200,16416,1500,-1500,0,0,1,0.505,0.2,0.2,999,999,999,999,999,999,999,999,3630,-3750,false,0,0,2,1,0,0,0,1,2,1,1,0,0,8,1,0,0,-1437805,0,37478,0,0,0,0,0,0,0,0,0,707.421,2094.54,2094.54,1815,1875,1141.5,true,0,1815,-1875,2094.75,2094.75,1815,1875,1141.9,true,0,1815,-1875
"2025-09-17T00:05:40Z","REV_TW1_U_01",0,true,2,1,0,0,0,0,0,0,13.79,,,0,13.79,0,0,,,,,3630,-3750,0.665,1.435,,,,37,,,,,2,,,,0.47,0.7,0.3,0.4,34600,34500,34400,,,,-5,59.9936,16,4961232,5420895,,,,,,,12,0,0,0,0,0,0,0,0,,2,,1147.5,22.95,20,88.5,88.5,14528.16,14528.16,100,-3912,3912,-3750,3630,-4200,4200,0,0,0,0,0,0,,,3.36,3.348,3.355,28,25,25.166,,,48,48,48,false,false,false,2,2,6,6,0,342,4200,16416,1500,-1500,0,0,1,0.505,0.2,0.2,999,999,999,999,999,999,999,999,3630,-3750,false,0,0,2,1,0,0,0,1,2,1,1,0,0,8,1,0,0,-1437805,0,37480,0,0,0,0,0,0,0,0,0,707.421,2095.17,2095.17,1815,1875,1141.5,true,0,1815,-1875,2094.54,2094.54,1815,1875,1141.9,true,0,1815,-1875
"2025-09-17T00:05:42Z","REV_TW1_U_01",0,true,2,1,0,0,0,0,0,0,13.79,,,0,13.79,0,0,,,,,3630,-3750,0.665,1.435,,,,37,,,,,2,,,,0.43,0.7,0.3,0.3,34600,34500,34400,,,,-5,59.9937,15,4961232,5420895,,,,,,,12,0,0,0,0,0,0,0,0,,2,,1147.5,24.1,21,88.5,88.5,14528.16,14528.16,100,-3912,3912,-3750,3630,-4200,4200,0,0,0,0,0,0,,,3.36,3.348,3.355,28,25,25.166,,,48,48,48,false,false,false,2,2,6,6,0,342,4200,16416,1500,-1500,0,0,1,0.505,0.2,0.2,999,999,999,999,999,999,999,999,3630,-3750,false,0,0,2,1,0,0,0,1,2,1,1,0,0,8,1,0,0,-1437805,0,37483,0,0,0,0,0,0,0,0,0,707.421,2096.01,2096.01,1815,1875,1141.5,true,0,1815,-1875,2094.75,2094.75,1815,1875,1141.9,true,0,1815,-1875
"2025-09-17T00:05:44Z","REV_TW1_U_01",0,true,2,1,0,0,0,0,0,0,13.79,,,0,13.79,0,0,,,,,3630,-3750,0.665,1.435,,,,37,,,,,2,,,,0.47,0.8,0.3,0.3,34600,34500,34400,,,,-5,59.9971,16,4961232,5420895,,,,,,,12,0,0,0,0,0,0,0,0,,2,,1147.5,24.1,21,88.5,88.5,14528.16,14528.16,100,-3912,3912,-3750,3630,-4200,4200,0,0,0,0,0,0,,,3.36,3.348,3.355,28,24,25.166,,,48,48,48,false,false,false,2,2,6,6,0,342,4200,16416,1500,-1500,0,0,1,0.505,0.2,0.2,999,999,999,999,999,999,999,999,3630,-3750,false,0,0,2,1,0,0,0,1,2,1,1,0,0,8,1,0,0,-1437805,0,37484,0,0,0,0,0,0,0,0,0,707.421,2093.49,2093.49,1815,1875,1141.5,true,0,1815,-1875,2093.49,2093.49,1815,1875,1141.9,true,0,1815,-1875
"2025-09-17T00:05:46Z","REV_TW1_U_01",0,true,2,1,0,0,0,0,0,0,13.79,,,0,13.79,0,0,,,,,3630,-3750,0.665,1.435,,,,37,,,,,2,,,,0.5,0.8,0.3,0.4,34600,34500,34400,,,,-4,59.9931,15,4961232,5420895,,,,,,,12,0,0,0,0,0,0,0,0,,2,,1147.5,22.95,20,88.5,88.5,14528.16,14528.16,100,-3912,3912,-3750,3630,-4200,4200,0,0,0,0,0,0,,,3.36,3.348,3.355,28,25,25.166,,,48,48,48,false,false,false,2,2,6,6,0,342,4200,16416,1500,-1500,0,0,1,0.505,0.2,0.2,999,999,999,999,999,999,999,999,3630,-3750,false,0,0,2,1,0,0,0,1,2,1,1,0,0,8,1,0,0,-1437805,0,37486,0,0,0,0,0,0,0,0,0,707.421,2093.91,2093.91,1815,1875,1141.4,true,0,1815,-1875,2093.91,2093.91,1815,1875,1141.9,true,0,1815,-1875
"2025-09-17T00:05:48Z","REV_TW1_U_01",0,true,2,1,0,0,0,0,0,0,13.79,,,0,13.79,0,0,,,,,3630,-3750,0.665,1.435,,,,37,,,,,2,,,,0.47,0.8,0.3,0.3,34600,34500,34400,,,,-5,59.9928,16,4961232,5420895,,,,,,,12,0,0,0,0,0,0,0,0,,2,,1147.5,24.1,21,88.5,88.5,14528.16,14528.16,100,-3912,3912,-3750,3630,-4200,4200,0,0,0,0,0,0,,,3.36,3.348,3.355,28,25,25.166,,,48,48,48,false,false,false,2,2,6,6,0,342,4200,16416,1500,-1500,0,0,1,0.505,0.2,0.2,999,999,999,999,999,999,999,999,3630,-3750,false,0,0,2,1,0,0,0,1,2,1,1,0,0,8,1,0,0,-1437806,0,37488,0,0,0,0,0,0,0,0,0,707.421,2095.8,2095.8,1815,1875,1141.4,true,0,1815,-1875,2095.8,2095.8,1815,1875,1141.8,true,0,1815,-1875
"2025-09-17T00:05:50Z","REV_TW1_U_01",0,true,2,1,0,0,0,0,0,0,13.79,,,0,13.79,0,0,,,,,3630,-3750,0.665,1.435,,,,37,,,,,2,,,,0.5,0.8,0.3,0.4,34600,34500,34400,,,,-5,59.9932,15,4961232,5420895,,,,,,,12,0,0,0,0,0,0,0,0,,2,,1147.5,22.95,20,88.5,88.5,14528.16,14528.16,100,-3912,3912,-3750,3630,-4200,4200,0,0,0,0,0,0,,,3.36,3.347,3.355,28,25,25.166,,,48,48,48,false,false,false,2,2,6,6,0,342,4200,16416,1500,-1500,0,0,1,0.505,0.2,0.2,999,999,999,999,999,999,999,999,3630,-3750,false,0,0,2,1,0,0,0,1,2,1,1,0,0,8,1,0,0,-1437806,0,37490,0,0,0,0,0,0,0,0,0,707.421,2094.75,2094.75,1815,1875,1141.4,true,0,1815,-1875,2093.49,2093.49,1815,1875,1141.8,true,0,1815,-1875
"2025-09-17T00:05:52Z","REV_TW1_U_01",0,true,2,1,0,0,0,0,0,0,13.79,,,0,13.79,0,0,,,,,3630,-3750,0.665,1.435,,,,37,,,,,2,,,,0.47,0.7,0.3,0.4,34600,34500,34400,,,,-5,59.9982,15,4961232,5420895,,,,,,,12,0,0,0,0,0,0,0,0,,2,,1147.5,24.1,21,88.5,88.5,14528.16,14528.16,100,-3912,3912,-3750,3630,-4200,4200,0,0,0,0,0,0,,,3.36,3.348,3.355,28,24,25.166,,,48,48,48,false,false,false,2,2,6,6,0,342,4200,16416,1500,-1500,0,0,1,0.505,0.2,0.2,999,999,999,999,999,999,999,999,3630,-3750,false,0,0,2,1,0,0,0,1,2,1,1,0,0,8,1,0,0,-1437806,0,37492,0,0,0,0,0,0,0,0,0,707.421,2093.91,2093.91,1815,1875,1141.4,true,0,1815,-1875,2093.91,2093.91,1815,1875,1141.8,true,0,1815,-1875
"2025-09-17T00:05:54Z","REV_TW1_U_01",0,true,2,1,0,0,0,0,0,0,13.79,,,0,13.79,0,0,,,,,3630,-3750,0.665,1.435,,,,37,,,,,2,,,,0.43,0.7,0.3,0.3,34600,34500,34400,,,,-5,59.997,15,4961232,5420895,,,,,,,12,0,0,0,0,0,0,0,0,,2,,1147.4,24.1,21,88.5,88.5,14528.16,14528.16,100,-3912,3912,-3750,3630,-4200,4200,0,0,0,0,0,0,,,3.36,3.348,3.355,28,24,25.166,,,48,48,48,false,false,false,2,2,6,6,0,342,4200,16416,1500,-1500,0,0,1,0.505,0.2,0.2,999,999,999,999,999,999,999,999,3630,-3750,false,0,0,2,1,0,0,0,1,2,1,1,0,0,8,1,0,0,-1437806,0,37494,0,0,0,0,0,0,0,0,0,707.421,2094.12,2094.12,1815,1875,1141.4,true,0,1815,-1875,2094.12,2094.12,1815,1875,1141.8,true,0,1815,-1875
"2025-09-17T00:05:56Z","REV_TW1_U_01",0,true,2,1,0,0,0,0,0,0,13.79,,,0,13.79,0,0,,,,,3630,-3750,0.665,1.435,,,,37,,,,,2,,,,0.47,0.8,0.3,0.3,34600,34500,34400,,,,-5,59.995,16,4961232,5420895,,,,,,,12,0,0,0,0,0,0,0,0,,2,,1147.4,24.1,21,88.5,88.5,14528.16,14528.16,100,-3912,3912,-3750,3630,-4200,4200,0,0,0,0,0,0,,,3.36,3.348,3.355,28,24,25.166,,,48,48,48,false,false,false,2,2,6,6,0,342,4200,16416,1500,-1500,0,0,1,0.505,0.2,0.2,999,999,999,999,999,999,999,999,3630,-3750,false,0,0,2,1,0,0,0,1,2,1,1,0,0,8,1,0,0,-1437806,0,37496,0,0,0,0,0,0,0,0,0,707.421,2093.91,2093.91,1815,1875,1141.4,true,0,1815,-1875,2093.91,2093.91,1815,1875,1141.8,true,0,1815,-1875
"2025-09-17T00:05:58Z","REV_TW1_U_01",0,true,2,1,0,0,0,0,0,0,13.79,,,0,13.79,0,0,,,,,3630,-3750,0.665,1.435,,,,37,,,,,2,,,,0.43,0.7,0.3,0.3,34600,34500,34400,,,,-5,59.9959,16,4961232,5420895,,,,,,,12,0,0,0,0,0,0,0,0,,2,,1147.4,24.1,21,88.5,88.5,14528.16,14528.16,100,-3912,3912,-3750,3630,-4200,4200,0,0,0,0,0,0,,,3.359,3.348,3.355,28,24,25.166,,,48,48,48,false,false,false,2,2,6,6,0,342,4200,16416,1500,-1500,0,0,1,0.505,0.2,0.2,999,999,999,999,999,999,999,999,3630,-3750,false,0,0,2,1,0,0,0,1,2,1,1,0,0,8,1,0,0,-1437806,0,37498,0,0,0,0,0,0,0,0,0,707.421,2094.75,2094.75,1815,1875,1141.4,true,0,1815,-1875,2094.75,2094.75,1815,1875,1141.8,true,0,1815,-1875
"2025-09-17T00:06:00Z","REV_TW1_U_01",0,true,2,1,0,0,0,0,0,0,13.79,,,0,13.79,0,0,,,,,3630,-3750,0.665,1.435,,,,37,,,,,2,,,,0.4,0.7,0.2,0.3,34600,34500,34400,,,,-6,59.9912,16,4961232,5420895,,,,,,,12,0,0,0,0,0,0,0,0,,2,,1147.4,24.1,21,88.5,88.5,14528.16,14528.16,100,-3912,3912,-3750,3630,-4200,4200,0,0,0,0,0,0,,,3.36,3.348,3.355,28,24,25.166,,,48,48,48,false,false,false,2,2,6,6,0,342,4200,16416,1500,-1500,0,0,1,0.505,0.2,0.2,999,999,999,999,999,999,999,999,3630,-3750,false,0,0,2,1,0,0,0,1,2,1,1,0,0,8,1,0,0,-1437806,0,37500,0,0,0,0,0,0,0,0,0,707.421,2094.96,2094.96,1815,1875,1141.4,true,0,1815,-1875,2094.96,2094.96,1815,1875,1141.8,true,0,1815,-1875
"2025-09-17T00:06:02Z","REV_TW1_U_01",0,true,2,1,0,0,0,0,0,0,13.79,,,0,13.79,0,0,,,,,3630,-3750,0.665,1.435,,,,37,,,,,2,,,,0.5,0.8,0.3,0.4,34600,34400,34400,,,,-5,59.9868,14,4961232,5420895,,,,,,,12,0,0,0,0,0,0,0,0,,2,,1147.4,24.1,21,88.5,88.5,14528.16,14528.16,100,-3912,3912,-3750,3630,-4200,4200,0,0,0,0,0,0,,,3.359,3.348,3.355,28,25,25.166,,,48,48,48,false,false,false,2,2,6,6,0,342,4200,16416,1500,-1500,0,0,1,0.505,0.2,0.2,999,999,999,999,999,999,999,999,3630,-3750,false,0,0,2,1,0,0,0,1,2,1,1,0,0,8,1,0,0,-1437806,0,37502,0,0,0,0,0,0,0,0,0,707.421,2094.96,2094.96,1815,1875,1141.4,true,0,1815,-1875,2094.96,2094.96,1815,1875,1141.8,true,0,1815,-1875
"2025-09-17T00:06:04Z","REV_TW1_U_01",0,true,2,1,0,0,0,0,0,0,13.79,,,0,13.79,0,0,,,,,3630,-3750,0.665,1.435,,,,37,,,,,2,,,,0.43,0.7,0.3,0.3,34600,34500,34400,,,,-5,59.9836,16,4961232,5420895,,,,,,,12,0,0,0,0,0,0,0,0,,2,,1147.4,24.1,21,88.5,88.5,14528.16,14528.16,100,-3912,3912,-3750,3630,-4200,4200,0,0,0,0,0,0,,,3.359,3.348,3.355,28,25,25.166,,,48,48,48,false,false,false,2,2,6,6,0,342,4200,16416,1500,-1500,0,0,1,0.505,0.2,0.2,999,999,999,999,999,999,999,999,3630,-3750,false,0,0,2,1,0,0,0,1,2,1,1,0,0,8,1,0,0,-1437806,0,37504,0,0,0,0,0,0,0,0,0,707.421,2094.12,2094.12,1815,1875,1141.3,true,0,1815,-1875,2094.12,2094.12,1815,1875,1141.7,true,0,1815,-1875
"2025-09-17T00:06:06Z","REV_TW1_U_01",0,true,2,1,0,0,0,0,0,0,13.79,,,0,13.79,0,0,,,,,3630,-3750,0.665,1.435,,,,37,,,,,2,,,,0.47,0.7,0.3,0.4,34600,34500,34400,,,,-5,59.9901,16,4961232,5420895,,,,,,,12,0,0,0,0,0,0,0,0,,2,,1147.4,24.1,21,88.5,88.5,14528.16,14528.16,100,-3912,3912,-3750,3630,-4200,4200,0,0,0,0,0,0,,,3.359,3.348,3.355,28,25,25.166,,,48,48,48,false,false,false,2,2,6,6,0,342,4200,16416,1500,-1500,0,0,1,0.505,0.2,0.2,999,999,999,999,999,999,999,999,3630,-3750,false,0,0,2,1,0,0,0,1,2,1,1,0,0,8,1,0,0,-1437807,0,37506,0,0,0,0,0,0,0,0,0,707.421,2095.8,2095.8,1815,1875,1141.3,true,0,1815,-1875,2093.91,2093.91,1815,1875,1141.7,true,0,1815,-1875
"2025-09-17T00:06:08Z","REV_TW1_U_01",0,true,2,1,0,0,0,0,0,0,13.79,,,0,13.79,0,0,,,,,3630,-3750,0.665,1.435,,,,37,,,,,2,,,,0.43,0.7,0.2,0.4,34600,34500,34400,,,,-5,59.9853,15,4961232,5420895,,,,,,,12,0,0,0,0,0,0,0,0,,2,,1147.4,24.1,21,88.5,88.5,14528.16,14528.16,100,-3912,3912,-3750,3630,-4200,4200,0,0,0,0,0,0,,,3.359,3.348,3.355,28,24,25.166,,,48,48,48,false,false,false,2,2,6,6,0,342,4200,16416,1500,-1500,0,0,1,0.505,0.2,0.2,999,999,999,999,999,999,999,999,3630,-3750,false,0,0,2,1,0,0,0,1,2,1,1,0,0,8,1,0,0,-1437807,0,37508,0,0,0,0,0,0,0,0,0,707.421,2095.38,2095.38,1815,1875,1141.3,true,0,1815,-1875,2093.49,2093.49,1815,1875,1141.7,true,0,1815,-1875
"2025-09-17T00:06:10Z","REV_TW1_U_01",0,true,2,1,0,0,0,0,0,0,13.79,,,0,13.79,0,0,,,,,3630,-3750,0.665,1.435,,,,37,,,,,2,,,,0.43,0.7,0.3,0.3,34600,34500,34400,,,,-5,59.9876,15,4961232,5420895,,,,,,,12,0,0,0,0,0,0,0,0,,2,,1147.4,22.95,20,88.5,88.5,14528.16,14528.16,100,-3912,3912,-3750,3630,-4200,4200,0,0,0,0,0,0,,,3.359,3.348,3.355,28,25,25.166,,,48,48,48,false,false,false,2,2,6,6,0,342,4200,16416,1500,-1500,0,0,1,0.505,0.2,0.2,999,999,999,999,999,999,999,999,3630,-3750,false,0,0,2,1,0,0,0,1,2,1,1,0,0,8,1,0,0,-1437807,0,37510,0,0,0,0,0,0,0,0,0,707.421,2095.59,2095.59,1815,1875,1141.3,true,0,1815,-1875,2095.59,2095.59,1815,1875,1141.7,true,0,1815,-1875
"2025-09-17T00:06:12Z","REV_TW1_U_01",0,true,2,1,0,0,0,0,0,0,13.79,,,0,13.79,0,0,,,,,3630,-3750,0.665,1.435,,,,37,,,,,2,,,,0.5,0.8,0.3,0.4,34600,34500,34400,,,,-5,59.986,15,4961232,5420895,,,,,,,12,0,0,0,0,0,0,0,0,,2,,1147.3,24.09,21,88.5,88.5,14528.16,14528.16,100,-3912,3912,-3750,3630,-4200,4200,0,0,0,0,0,0,,,3.36,3.348,3.354,28,24,25.166,,,48,48,48,false,false,false,2,2,6,6,0,342,4200,16416,1500,-1500,0,0,1,0.505,0.2,0.2,999,999,999,999,999,999,999,999,3630,-3750,false,0,0,2,1,0,0,0,1,2,1,1,0,0,8,1,0,0,-1437807,0,37512,0,0,0,0,0,0,0,0,0,707.421,2094.54,2094.54,1815,1875,1141.3,true,0,1815,-1875,2094.54,2094.54,1815,1875,1141.7,true,0,1815,-1875
"2025-09-17T00:06:14Z","REV_TW1_U_01",0,true,2,1,0,0,0,0,0,0,13.79,,,0,13.79,0,0,,,,,3630,-3750,0.665,1.435,,,,37,,,,,2,,,,0.4,0.7,0.2,0.3,34600,34400,34400,,,,-5,59.992,14,4961232,5420895,,,,,,,12,0,0,0,0,0,0,0,0,,2,,1147.3,22.95,20,88.5,88.5,14528.16,14528.16,100,-3912,3912,-3750,3630,-4200,4200,0,0,0,0,0,0,,,3.359,3.348,3.354,28,25,25.166,,,48,48,48,false,false,false,2,2,6,6,0,342,4200,16416,1500,-1500,0,0,1,0.505,0.2,0.2,999,999,999,999,999,999,999,999,3630,-3750,false,0,0,2,1,0,0,0,1,2,1,1,0,0,8,1,0,0,-1437807,0,37514,0,0,0,0,0,0,0,0,0,707.421,2095.8,2095.8,1815,1875,1141.3,true,0,1815,-1875,2095.8,2095.8,1815,1875,1141.7,true,0,1815,-1875
"2025-09-17T00:06:16Z","REV_TW1_U_01",0,true,2,1,0,0,0,0,0,0,13.79,,,0,13.79,0,0,,,,,3630,-3750,0.665,1.435,,,,37,,,,,2,,,,0.47,0.8,0.3,0.3,34600,34400,34400,,,,-5,59.9976,14,4961232,5420895,,,,,,,12,0,0,0,0,0,0,0,0,,2,,1147.3,24.09,21,88.5,88.5,14528.16,14528.16,100,-3912,3912,-3750,3630,-4200,4200,0,0,0,0,0,0,,,3.359,3.348,3.354,28,25,25.166,,,48,48,48,false,false,false,2,2,6,6,0,342,4200,16416,1500,-1500,0,0,1,0.505,0.2,0.2,999,999,999,999,999,999,999,999,3630,-3750,false,0,0,2,1,0,0,0,1,2,1,1,0,0,8,1,0,0,-1437807,0,37516,0,0,0,0,0,0,0,0,0,707.421,2093.91,2093.91,1815,1875,1141.3,true,0,1815,-1875,2093.91,2093.91,1815,1875,1141.7,true,0,1815,-1875
"2025-09-17T00:06:18Z","REV_TW1_U_01",0,true,2,1,0,0,0,0,0,0,13.79,,,0,13.79,0,0,,,,,3630,-3750,0.665,1.435,,,,37,,,,,2,,,,0.4,0.7,0.2,0.3,34600,34400,34400,,,,-5,60.0009,15,4961232,5420895,,,,,,,12,0,0,0,0,0,0,0,0,,2,,1147.3,24.09,21,88.5,88.5,14528.16,14528.16,100,-3912,3912,-3750,3630,-4200,4200,0,0,0,0,0,0,,,3.359,3.348,3.354,28,24,25.166,,,48,48,48,false,false,false,2,2,6,6,0,342,4200,16416,1500,-1500,0,0,1,0.505,0.2,0.2,999,999,999,999,999,999,999,999,3630,-3750,false,0,0,2,1,0,0,0,1,2,1,1,0,0,8,1,0,0,-1437807,0,37518,0,0,0,0,0,0,0,0,0,707.421,2094.12,2094.12,1815,1875,1141.3,true,0,1815,-1875,2094.12,2094.12,1815,1875,1141.7,true,0,1815,-1875
"2025-09-17T00:06:20Z","REV_TW1_U_01",0,true,2,1,0,0,0,0,0,0,13.79,,,0,13.79,0,0,,,,,3630,-3750,0.665,1.435,,,,37,,,,,2,,,,0.4,0.7,0.2,0.3,34600,34500,34400,,,,-6,59.9977,16,4961232,5420895,,,,,,,12,0,0,0,0,0,0,0,0,,2,,1147.3,22.95,20,88.5,88.5,14528.16,14528.16,100,-3912,3912,-3750,3630,-4200,4200,0,0,0,0,0,0,,,3.359,3.348,3.354,28,25,25.166,,,48,48,48,false,false,false,2,2,6,6,0,342,4200,16416,1500,-1500,0,0,1,0.505,0.2,0.2,999,999,999,999,999,999,999,999,3630,-3750,false,0,0,2,1,0,0,0,1,2,1,1,0,0,8,1,0,0,-1437807,0,37520,0,0,0,0,0,0,0,0,0,707.421,2094.54,2094.54,1815,1875,1141.2,true,0,1815,-1875,2094.33,2094.33,1815,1875,1141.7,true,0,1815,-1875
"2025-09-17T00:06:22Z","REV_TW1_U_01",0,true,2,1,0,0,0,0,0,0,13.79,,,0,13.79,0,0,,,,,3630,-3750,0.665,1.435,,,,37,,,,,2,,,,0.43,0.7,0.3,0.3,34600,34500,34400,,,,-5,59.9987,15,4961232,5420895,,,,,,,12,0,0,0,0,0,0,0,0,,2,,1147.3,22.95,20,88.5,88.5,14528.16,14528.16,100,-3912,3912,-3750,3630,-4200,4200,0,0,0,0,0,0,,,3.359,3.348,3.354,28,24,25.166,,,48,48,48,false,false,false,2,2,6,6,0,342,4200,16416,1500,-1500,0,0,1,0.505,0.2,0.2,999,999,999,999,999,999,999,999,3630,-3750,false,0,0,2,1,0,0,0,1,2,1,1,0,0,8,1,0,0,-1437807,0,37522,0,0,0,0,0,0,0,0,0,707.421,2094.54,2094.54,1815,1875,1141.2,true,0,1815,-1875,2094.54,2094.54,1815,1875,1141.6,true,0,1815,-1875
"2025-09-17T00:06:24Z","REV_TW1_U_01",0,true,2,1,0,0,0,0,0,0,13.79,,,0,13.79,0,0,,,,,3630,-3750,0.665,1.435,,,,37,,,,,2,,,,0.43,0.7,0.2,0.4,34600,34500,34400,,,,-6,60.0037,16,4961232,5420895,,,,,,,12,0,0,0,0,0,0,0,0,,2,,1147.3,24.09,21,88.5,88.5,14528.16,14528.16,100,-3912,3912,-3750,3630,-4200,4200,0,0,0,0,0,0,,,3.359,3.348,3.354,28,24,25.166,,,48,48,48,false,false,false,2,2,6,6,0,342,4200,16416,1500,-1500,0,0,1,0.505,0.2,0.2,999,999,999,999,999,999,999,999,3630,-3750,false,0,0,2,1,0,0,0,1,2,1,1,0,0,8,1,0,0,-1437808,0,37524,0,0,0,0,0,0,0,0,0,707.421,2093.49,2093.49,1815,1875,1141.2,true,0,1815,-1875,2093.49,2093.49,1815,1875,1141.6,true,0,1815,-1875
"2025-09-17T00:06:26Z","REV_TW1_U_01",0,true,2,1,0,0,0,0,0,0,13.79,,,0,13.79,0,0,,,,,3630,-3750,0.665,1.435,,,,37,,,,,2,,,,0.47,0.8,0.3,0.3,34600,34500,34400,,,,-6,60.006,15,4961232,5420895,,,,,,,12,0,0,0,0,0,0,0,0,,2,,1147.3,24.09,21,88.5,88.5,14528.16,14528.16,100,-3912,3912,-3750,3630,-4200,4200,0,0,0,0,0,0,,,3.359,3.348,3.354,28,25,25.166,,,48,48,48,false,false,false,2,2,6,6,0,342,4200,16416,1500,-1500,0,0,1,0.505,0.2,0.2,999,999,999,999,999,999,999,999,3630,-3750,false,0,0,2,1,0,0,0,1,2,1,1,0,0,8,1,0,0,-1437808,0,37526,0,0,0,0,0,0,0,0,0,707.421,2094.96,2094.96,1815,1875,1141.2,true,0,1815,-1875,2094.96,2094.96,1815,1875,1141.6,true,0,1815,-1875
"2025-09-17T00:06:28Z","REV_TW1_U_01",0,true,2,1,0,0,0,0,0,0,13.79,,,0,13.79,0,0,,,,,3630,-3750,0.665,1.435,,,,37,,,,,2,,,,0.43,0.7,0.3,0.3,34600,34500,34400,,,,-6,60.0037,15,4961232,5420895,,,,,,,12,0,0,0,0,0,0,0,0,,2,,1147.3,24.09,21,88.5,88.5,14528.16,14528.16,100,-3912,3912,-3750,3630,-4200,4200,0,0,0,0,0,0,,,3.359,3.348,3.354,28,25,25.166,,,48,48,48,false,false,false,2,2,6,6,0,342,4200,16416,1500,-1500,0,0,1,0.505,0.2,0.2,999,999,999,999,999,999,999,999,3630,-3750,false,0,0,2,1,0,0,0,1,2,1,1,0,0,8,1,0,0,-1437808,0,37528,0,0,0,0,0,0,0,0,0,707.421,2096.01,2096.01,1815,1875,1141.2,true,0,1815,-1875,2095.8,2095.8,1815,1875,1141.6,true,0,1815,-1875
"2025-09-17T00:06:30Z","REV_TW1_U_01",0,true,2,1,0,0,0,0,0,0,13.79,,,0,13.79,0,0,,,,,3630,-3750,0.665,1.435,,,,37,,,,,2,,,,0.43,0.7,0.3,0.3,34600,34500,34400,,,,-6,60.0039,16,4961232,5420895,,,,,,,12,0,0,0,0,0,0,0,0,,2,,1147.2,24.09,21,88.5,88.5,14528.16,14528.16,100,-3912,3912,-3750,3630,-4200,4200,0,0,0,0,0,0,,,3.359,3.348,3.354,28,25,25.166,,,48,48,48,false,false,false,2,2,6,6,0,342,4200,16416,1500,-1500,0,0,1,0.505,0.2,0.2,999,999,999,999,999,999,999,999,3630,-3750,false,0,0,2,1,0,0,0,1,2,1,1,0,0,8,1,0,0,-1437808,0,37530,0,0,0,0,0,0,0,0,0,707.421,2096.43,2096.43,1815,1875,1141.2,true,0,1815,-1875,2096.43,2096.43,1815,1875,1141.6,true,0,1815,-1875
"2025-09-17T00:06:32Z","REV_TW1_U_01",0,true,2,1,0,0,0,0,0,0,13.79,,,0,13.79,0,0,,,,,3630,-3750,0.665,1.435,,,,37,,,,,2,,,,0.47,0.7,0.3,0.4,34600,34500,34400,,,,-4,60.0097,15,4961232,5420895,,,,,,,12,0,0,0,0,0,0,0,0,,2,,1147.2,22.94,20,88.5,88.5,14528.16,14528.16,100,-3912,3912,-3750,3630,-4200,4200,0,0,0,0,0,0,,,3.359,3.347,3.354,28,24,25.166,,,48,48,48,false,false,false,2,2,6,6,0,342,4200,16416,1500,-1500,0,0,1,0.505,0.2,0.2,999,999,999,999,999,999,999,999,3630,-3750,false,0,0,2,1,0,0,0,1,2,1,1,0,0,8,1,0,0,-1437808,0,37532,0,0,0,0,0,0,0,0,0,707.421,2095.59,2095.59,1815,1875,1141.2,true,0,1815,-1875,2095.59,2095.59,1815,1875,1141.6,true,0,1815,-1875
"2025-09-17T00:06:34Z","REV_TW1_U_01",0,true,2,1,0,0,0,0,0,0,13.79,,,0,13.79,0,0,,,,,3630,-3750,0.665,1.435,,,,37,,,,,2,,,,0.47,0.7,0.3,0.4,34600,34500,34400,,,,-4,60.0044,15,4961232,5420895,,,,,,,12,0,0,0,0,0,0,0,0,,2,,1147.2,24.09,21,88.5,88.5,14528.16,14528.16,100,-3912,3912,-3750,3630,-4200,4200,0,0,0,0,0,0,,,3.359,3.348,3.354,28,25,25.166,,,48,48,48,false,false,false,2,2,6,6,0,342,4200,16416,1500,-1500,0,0,1,0.505,0.2,0.2,999,999,999,999,999,999,999,999,3630,-3750,false,0,0,2,1,0,0,0,1,2,1,1,0,0,8,1,0,0,-1437808,0,37534,0,0,0,0,0,0,0,0,0,707.421,2095.8,2095.8,1815,1875,1141.2,true,0,1815,-1875,2095.8,2095.8,1815,1875,1141.6,true,0,1815,-1875
"2025-09-17T00:06:36Z","REV_TW1_U_01",0,true,2,1,0,0,0,0,0,0,13.79,,,0,13.79,0,0,,,,,3630,-3750,0.665,1.435,,,,37,,,,,2,,,,0.53,0.8,0.3,0.5,34600,34500,34400,,,,-6,60.0059,14,4961232,5420895,,,,,,,12,0,0,0,0,0,0,0,0,,2,,1147.2,24.09,21,88.5,88.5,14528.16,14528.16,100,-3912,3912,-3750,3630,-4200,4200,0,0,0,0,0,0,,,3.359,3.348,3.354,28,24,25.166,,,48,48,48,false,false,false,2,2,6,6,0,342,4200,16416,1500,-1500,0,0,1,0.505,0.2,0.2,999,999,999,999,999,999,999,999,3630,-3750,false,0,0,2,1,0,0,0,1,2,1,1,0,0,8,1,0,0,-1437808,0,37536,0,0,0,0,0,0,0,0,0,707.421,2094.54,2094.54,1815,1875,1141.2,true,0,1815,-1875,2094.54,2094.54,1815,1875,1141.6,true,0,1815,-1875
"2025-09-17T00:06:38Z","REV_TW1_U_01",0,true,2,1,0,0,0,0,0,0,13.79,,,0,13.79,0,0,,,,,3630,-3750,0.665,1.435,,,,37,,,,,2,,,,0.4,0.7,0.2,0.3,34600,34500,34400,,,,-6,60.0133,16,4961232,5420895,,,,,,,12,0,0,0,0,0,0,0,0,,2,,1147.2,24.09,21,88.5,88.5,14528.16,14528.16,100,-3912,3912,-3750,3630,-4200,4200,0,0,0,0,0,0,,,3.359,3.348,3.354,28,24,25.166,,,48,48,48,false,false,false,2,2,6,6,0,342,4200,16416,1500,-1500,0,0,1,0.505,0.2,0.2,999,999,999,999,999,999,999,999,3630,-3750,false,0,0,2,1,0,0,0,1,2,1,1,0,0,8,1,0,0,-1437808,0,37538,0,0,0,0,0,0,0,0,0,707.421,2095.8,2095.8,1815,1875,1141.2,true,0,1815,-1875,2095.8,2095.8,1815,1875,1141.6,true,0,1815,-1875
"2025-09-17T00:06:40Z","REV_TW1_U_01",0,true,2,1,0,0,0,0,0,0,13.79,,,0,13.79,0,0,,,,,3630,-3750,0.665,1.435,,,,37,,,,,2,,,,0.5,0.8,0.3,0.4,34600,34500,34400,,,,-6,60.007,16,4961232,5420895,,,,,,,12,0,0,0,0,0,0,0,0,,2,,1147.2,22.94,20,88.5,88.5,14528.16,14528.16,100,-3912,3912,-3750,3630,-4200,4200,0,0,0,0,0,0,,,3.359,3.348,3.354,28,24,25.166,,,48,48,48,false,false,false,2,2,6,6,0,342,4200,16416,1500,-1500,0,0,1,0.505,0.2,0.2,999,999,999,999,999,999,999,999,3630,-3750,false,0,0,2,1,0,0,0,1,2,1,1,0,0,8,1,0,0,-1437808,0,37540,0,0,0,0,0,0,0,0,0,707.421,2094.96,2094.96,1815,1875,1141.1,true,0,1815,-1875,2094.96,2094.96,1815,1875,1141.5,true,0,1815,-1875
"2025-09-17T00:06:42Z","REV_TW1_U_01",0,true,2,1,0,0,0,0,0,0,13.79,,,0,13.79,0,0,,,,,3630,-3750,0.665,1.435,,,,37,,,,,2,,,,0.47,0.7,0.4,0.3,34600,34500,34400,,,,-5,60.01,15,4961232,5420895,,,,,,,12,0,0,0,0,0,0,0,0,,2,,1147.2,22.94,20,88.5,88.5,14528.16,14528.16,100,-3912,3912,-3750,3630,-4200,4200,0,0,0,0,0,0,,,3.359,3.348,3.354,28,24,25.166,,,48,48,48,false,false,false,2,2,6,6,0,342,4200,16416,1500,-1500,0,0,1,0.505,0.2,0.2,999,999,999,999,999,999,999,999,3630,-3750,false,0,0,2,1,0,0,0,1,2,1,1,0,0,8,1,0,0,-1437809,0,37542,0,0,0,0,0,0,0,0,0,707.421,2095.59,2095.59,1815,1875,1141.1,true,0,1815,-1875,2095.59,2095.59,1815,1875,1141.5,true,0,1815,-1875
"2025-09-17T00:06:44Z","REV_TW1_U_01",0,true,2,1,0,0,0,0,0,0,13.79,,,0,13.79,0,0,,,,,3630,-3750,0.665,1.435,,,,37,,,,,2,,,,0.47,0.7,0.3,0.4,34600,34500,34400,,,,-5,60.0045,16,4961232,5420895,,,,,,,12,0,0,0,0,0,0,0,0,,2,,1147.2,24.09,21,88.5,88.5,14528.16,14528.16,100,-3912,3912,-3750,3630,-4200,4200,0,0,0,0,0,0,,,3.359,3.348,3.354,28,25,25.166,,,48,48,48,false,false,false,2,2,6,6,0,342,4200,16416,1500,-1500,0,0,1,0.505,0.2,0.2,999,999,999,999,999,999,999,999,3630,-3750,false,0,0,2,1,0,0,0,1,2,1,1,0,0,8,1,0,0,-1437809,0,37544,0,0,0,0,0,0,0,0,0,707.421,2096.64,2096.64,1815,1875,1141.1,true,0,1815,-1875,2096.64,2096.64,1815,1875,1141.5,true,0,1815,-1875
"2025-09-17T00:06:46Z","REV_TW1_U_01",0,true,2,1,0,0,0,0,0,0,13.79,,,0,13.79,0,0,,,,,3630,-3750,0.665,1.435,,,,37,,,,,2,,,,0.4,0.6,0.3,0.3,34600,34500,34400,,,,-4,60.0082,16,4961232,5420895,,,,,,,12,0,0,0,0,0,0,0,0,,2,,1147.2,22.94,20,88.5,88.5,14528.16,14528.16,100,-3912,3912,-3750,3630,-4200,4200,0,0,0,0,0,0,,,3.359,3.348,3.354,28,25,25.166,,,48,48,48,false,false,false,2,2,6,6,0,342,4200,16416,1500,-1500,0,0,1,0.505,0.2,0.2,999,999,999,999,999,999,999,999,3630,-3750,false,0,0,2,1,0,0,0,1,2,1,1,0,0,8,1,0,0,-1437809,0,37546,0,0,0,0,0,0,0,0,0,707.421,2096.43,2096.43,1815,1875,1141.1,true,0,1815,-1875,2096.43,2096.43,1815,1875,1141.5,true,0,1815,-1875
"2025-09-17T00:06:48Z","REV_TW1_U_01",0,true,2,1,0,0,0,0,0,0,13.79,,,0,13.79,0,0,,,,,3630,-3750,0.665,1.435,,,,37,,,,,2,,,,0.47,0.7,0.3,0.4,34600,34500,34400,,,,-5,60.0006,16,4961232,5420895,,,,,,,12,0,0,0,0,0,0,0,0,,2,,1147.2,24.09,21,88.5,88.5,14528.16,14528.16,100,-3912,3912,-3750,3630,-4200,4200,0,0,0,0,0,0,,,3.359,3.348,3.354,28,25,25.166,,,48,48,48,false,false,false,2,2,6,6,0,342,4200,16416,1500,-1500,0,0,1,0.505,0.2,0.2,999,999,999,999,999,999,999,999,3630,-3750,false,0,0,2,1,0,0,0,1,2,1,1,0,0,8,1,0,0,-1437809,0,37548,0,0,0,0,0,0,0,0,0,707.421,2094.96,2094.96,1815,1875,1141.1,true,0,1815,-1875,2096.85,2096.85,1815,1875,1141.5,true,0,1815,-1875
"2025-09-17T00:06:50Z","REV_TW1_U_01",0,true,2,1,0,0,0,0,0,0,13.79,,,0,13.79,0,0,,,,,3630,-3750,0.665,1.435,,,,37,,,,,2,,,,0.47,0.7,0.3,0.4,34600,34500,34400,,,,-5,59.9981,17,4961232,5420895,,,,,,,12,0,0,0,0,0,0,0,0,,2,,1147.1,24.09,21,88.5,88.5,14528.16,14528.16,100,-3912,3912,-3750,3630,-4200,4200,0,0,0,0,0,0,,,3.359,3.348,3.354,28,25,25.166,,,48,48,48,false,false,false,2,2,6,6,0,342,4200,16416,1500,-1500,0,0,1,0.505,0.2,0.2,999,999,999,999,999,999,999,999,3630,-3750,false,0,0,2,1,0,0,0,1,2,1,1,0,0,8,1,0,0,-1437809,0,37550,0,0,0,0,0,0,0,0,0,707.421,2096.22,2096.22,1815,1875,1141.1,true,0,1815,-1875,2096.22,2096.22,1815,1875,1141.5,true,0,1815,-1875
"2025-09-17T00:06:52Z","REV_TW1_U_01",0,true,2,1,0,0,0,0,0,0,13.79,,,0,13.79,0,0,,,,,3630,-3750,0.665,1.435,,,,37,,,,,2,,,,0.43,0.7,0.3,0.3,34600,34500,34400,,,,-5,59.9918,16,4961232,5420895,,,,,,,12,0,0,0,0,0,0,0,0,,2,,1147.1,22.94,20,88.5,88.5,14528.16,14528.16,100,-3912,3912,-3750,3630,-4200,4200,0,0,0,0,0,0,,,3.358,3.347,3.354,28,25,25.166,,,48,48,48,false,false,false,2,2,6,6,0,342,4200,16416,1500,-1500,0,0,1,0.505,0.2,0.2,999,999,999,999,999,999,999,999,3630,-3750,false,0,0,2,1,0,0,0,1,2,1,1,0,0,8,1,0,0,-1437809,0,37552,0,0,0,0,0,0,0,0,0,707.421,2096.85,2096.85,1815,1875,1141.1,true,0,1815,-1875,2096.85,2096.85,1815,1875,1141.5,true,0,1815,-1875
"2025-09-17T00:06:54Z","REV_TW1_U_01",0,true,2,1,0,0,0,0,0,0,13.79,,,0,13.79,0,0,,,,,3630,-3750,0.665,1.435,,,,37,,,,,2,,,,0.43,0.7,0.2,0.4,34600,34500,34400,,,,-5,59.9888,16,4961232,5420895,,,,,,,12,0,0,0,0,0,0,0,0,,2,,1147.1,25.24,22,88.5,88.5,14528.16,14528.16,100,-3912,3912,-3750,3630,-4200,4200,0,0,0,0,0,0,,,3.358,3.347,3.354,28,25,25.166,,,48,48,48,false,false,false,2,2,6,6,0,342,4200,16416,1500,-1500,0,0,1,0.505,0.2,0.2,999,999,999,999,999,999,999,999,3630,-3750,false,0,0,2,1,0,0,0,1,2,1,1,0,0,8,1,0,0,-1437809,0,37554,0,0,0,0,0,0,0,0,0,707.421,2096.01,2096.01,1815,1875,1141.1,true,0,1815,-1875,2096.01,2096.01,1815,1875,1141.5,true,0,1815,-1875
"2025-09-17T00:06:56Z","REV_TW1_U_01",0,true,2,1,0,0,0,0,0,0,13.79,,,0,13.79,0,0,,,,,3630,-3750,0.665,1.435,,,,37,,,,,2,,,,0.37,0.6,0.2,0.3,34600,34500,34400,,,,-4,59.992,15,4961232,5420895,,,,,,,12,0,0,0,0,0,0,0,0,,2,,1147.1,22.94,20,88.5,88.5,14528.16,14528.16,100,-3912,3912,-3750,3630,-4200,4200,0,0,0,0,0,0,,,3.358,3.347,3.354,28,25,25.166,,,48,48,48,false,false,false,2,2,6,6,0,342,4200,16416,1500,-1500,0,0,1,0.505,0.2,0.2,999,999,999,999,999,999,999,999,3630,-3750,false,0,0,2,1,0,0,0,1,2,1,1,0,0,8,1,0,0,-1437809,0,37556,0,0,0,0,0,0,0,0,0,707.421,2094.96,2094.96,1815,1875,1141.1,true,0,1815,-1875,2095.17,2095.17,1815,1875,1141.5,true,0,1815,-1875
"2025-09-17T00:06:58Z","REV_TW1_U_01",0,true,2,1,0,0,0,0,0,0,13.79,,,0,13.79,0,0,,,,,3630,-3750,0.665,1.435,,,,37,,,,,2,,,,0.43,0.7,0.3,0.3,34600,34500,34400,,,,-5,59.9892,16,4961232,5420895,,,,,,,12,0,0,0,0,0,0,0,0,,2,,1147.1,22.94,20,88.5,88.5,14528.16,14528.16,100,-3912,3912,-3750,3630,-4200,4200,0,0,0,0,0,0,,,3.358,3.347,3.354,28,25,25.166,,,48,48,48,false,false,false,2,2,6,6,0,342,4200,16416,1500,-1500,0,0,1,0.505,0.2,0.2,999,999,999,999,999,999,999,999,3630,-3750,false,0,0,2,1,0,0,0,1,2,1,1,0,0,8,1,0,0,-1437810,0,37558,0,0,0,0,0,0,0,0,0,707.421,2095.38,2095.38,1815,1875,1141.1,true,0,1815,-1875,2095.38,2095.38,1815,1875,1141.5,true,0,1815,-1875
"2025-09-17T00:07:00Z","REV_TW1_U_01",0,true,2,1,0,0,0,0,0,0,13.79,,,0,13.79,0,0,,,,,3630,-3750,0.665,1.435,,,,38,,,,,2,,,,0.43,0.7,0.3,0.3,34600,34500,34400,,,,-5,59.9845,15,4961232,5420895,,,,,,,12,0,0,0,0,0,0,0,0,,2,,1147.1,22.94,20,88.5,88.5,14528.16,14528.16,100,-3912,3912,-3750,3630,-4200,4200,0,0,0,0,0,0,,,3.358,3.347,3.354,28,25,25.166,,,48,48,48,false,false,false,2,2,6,6,0,342,4200,16416,1500,-1500,0,0,1,0.505,0.3,0.3,999,999,999,999,999,999,999,999,3630,-3750,false,0,0,2,1,0,0,0,1,2,1,1,0,0,8,1,0,0,-1437810,0,37560,0,0,0,0,0,0,0,0,0,707.421,2095.17,2095.17,1815,1875,1141.1,true,0,1815,-1875,2095.17,2095.17,1815,1875,1141.5,true,0,1815,-1875
"2025-09-17T00:07:02Z","REV_TW1_U_01",0,true,2,1,0,0,0,0,0,0,13.79,,,0,13.79,0,0,,,,,3630,-3750,0.665,1.435,,,,37,,,,,2,,,,0.43,0.7,0.3,0.3,34600,34500,34400,,,,-6,59.9748,16,4961232,5420895,,,,,,,12,0,0,0,0,0,0,0,0,,2,,1147.1,22.94,20,88.5,88.5,14528.16,14528.16,100,-3912,3912,-3750,3630,-4200,4200,0,0,0,0,0,0,,,3.358,3.348,3.354,28,25,25.166,,,48,48,48,false,false,false,2,2,6,6,0,342,4200,16416,1500,-1500,0,0,1,0.505,0.3,0.3,999,999,999,999,999,999,999,999,3630,-3750,false,0,0,2,1,0,0,0,1,2,1,1,0,0,8,1,0,0,-1437810,0,37562,0,0,0,0,0,0,0,0,0,707.421,2095.38,2095.38,1815,1875,1141,true,0,1815,-1875,2095.38,2095.38,1815,1875,1141.4,true,0,1815,-1875
"2025-09-17T00:07:04Z","REV_TW1_U_01",0,true,2,1,0,0,0,0,0,0,13.79,,,0,13.79,0,0,,,,,3630,-3750,0.665,1.435,,,,38,,,,,2,,,,0.4,0.7,0.2,0.3,34600,34500,34400,,,,-5,59.9821,16,4961232,5420895,,,,,,,12,0,0,0,0,0,0,0,0,,2,,1147.1,24.09,21,88.5,88.5,14528.16,14528.16,100,-3912,3912,-3750,3630,-4200,4200,0,0,0,0,0,0,,,3.358,3.347,3.354,28,25,25.166,,,48,48,48,false,false,false,2,2,6,6,0,342,4200,16416,1500,-1500,0,0,1,0.505,0.3,0.3,999,999,999,999,999,999,999,999,3630,-3750,false,0,0,2,1,0,0,0,1,2,1,1,0,0,8,1,0,0,-1437810,0,37564,0,0,0,0,0,0,0,0,0,707.421,2097.48,2097.48,1815,1875,1141,true,0,1815,-1875,2097.48,2097.48,1815,1875,1141.4,true,0,1815,-1875
"2025-09-17T00:07:06Z","REV_TW1_U_01",0,true,2,1,0,0,0,0,0,0,13.79,,,0,13.79,0,0,,,,,3630,-3750,0.665,1.435,,,,38,,,,,2,,,,0.43,0.7,0.3,0.3,34600,34500,34400,,,,-6,59.9723,14,4961232,5420895,,,,,,,12,0,0,0,0,0,0,0,0,,2,,1147.1,22.94,20,88.5,88.5,14528.16,14528.16,100,-3912,3912,-3750,3630,-4200,4200,0,0,0,0,0,0,,,3.358,3.347,3.354,28,25,25.166,,,48,48,48,false,false,false,2,2,6,6,0,342,4200,16416,1500,-1500,0,0,1,0.505,0.3,0.3,999,999,999,999,999,999,999,999,3630,-3750,false,0,0,2,1,0,0,0,1,2,1,1,0,0,8,1,0,0,-1437810,0,37566,0,0,0,0,0,0,0,0,0,707.421,2096.85,2096.85,1815,1875,1141,true,0,1815,-1875,2096.85,2096.85,1815,1875,1141.4,true,0,1815,-1875
"2025-09-17T00:07:08Z","REV_TW1_U_01",0,true,2,1,0,0,0,0,0,0,13.79,,,0,13.79,0,0,,,,,3630,-3750,0.665,1.435,,,,38,,,,,2,,,,0.47,0.8,0.3,0.3,34600,34500,34400,,,,-5,59.9728,16,4961232,5420895,,,,,,,12,0,0,0,0,0,0,0,0,,2,,1147,24.09,21,88.5,88.5,14528.16,14528.16,100,-3912,3912,-3750,3630,-4200,4200,0,0,0,0,0,0,,,3.358,3.347,3.354,28,25,25.166,,,48,48,48,false,false,false,2,2,6,6,0,342,4200,16416,1500,-1500,0,0,1,0.505,0.3,0.3,999,999,999,999,999,999,999,999,3630,-3750,false,0,0,2,1,0,0,0,1,2,1,1,0,0,8,1,0,0,-1437810,0,37568,0,0,0,0,0,0,0,0,0,707.421,2096.01,2096.01,1815,1875,1141,true,0,1815,-1875,2096.01,2096.01,1815,1875,1141.4,true,0,1815,-1875
"2025-09-17T00:07:10Z","REV_TW1_U_01",0,true,2,1,0,0,0,0,0,0,13.79,,,0,13.79,0,0,,,,,3630,-3750,0.665,1.435,,,,38,,,,,2,,,,0.43,0.7,0.3,0.3,34600,34500,34400,,,,-5,59.9836,16,4961232,5420895,,,,,,,12,0,0,0,0,0,0,0,0,,2,,1147,24.09,21,88.5,88.5,14528.16,14528.16,100,-3912,3912,-3750,3630,-4200,4200,0,0,0,0,0,0,,,3.358,3.347,3.354,28,25,25.166,,,48,48,48,false,false,false,2,2,6,6,0,342,4200,16416,1500,-1500,0,0,1,0.505,0.3,0.3,999,999,999,999,999,999,999,999,3630,-3750,false,0,0,2,1,0,0,0,1,2,1,1,0,0,8,1,0,0,-1437810,0,37570,0,0,0,0,0,0,0,0,0,707.421,2096.01,2096.01,1815,1875,1141,true,0,1815,-1875,2096.01,2096.01,1815,1875,1141.4,true,0,1815,-1875
"2025-09-17T00:07:12Z","REV_TW1_U_01",0,true,2,1,0,0,0,0,0,0,13.79,,,0,13.79,0,0,,,,,3630,-3750,0.665,1.435,,,,38,,,,,2,,,,0.43,0.7,0.3,0.3,34600,34500,34400,,,,-6,59.9718,15,4961232,5420895,,,,,,,12,0,0,0,0,0,0,0,0,,2,,1147,22.94,20,88.5,88.5,14528.16,14528.16,100,-3912,3912,-3750,3630,-4200,4200,0,0,0,0,0,0,,,3.358,3.347,3.354,28,25,25.166,,,48,48,48,false,false,false,2,2,6,6,0,342,4200,16416,1500,-1500,0,0,1,0.505,0.3,0.3,999,999,999,999,999,999,999,999,3630,-3750,false,0,0,2,1,0,0,0,1,2,1,1,0,0,8,1,0,0,-1437810,0,37572,0,0,0,0,0,0,0,0,0,707.421,2094.33,2094.33,1815,1875,1141,true,0,1815,-1875,2094.33,2094.33,1815,1875,1141.4,true,0,1815,-1875
"2025-09-17T00:07:14Z","REV_TW1_U_01",0,true,2,1,0,0,0,0,0,0,13.79,,,0,13.79,0,0,,,,,3630,-3750,0.665,1.435,,,,38,,,,,2,,,,0.43,0.7,0.3,0.3,34600,34500,34400,,,,-7,59.9779,17,4961232,5420895,,,,,,,12,0,0,0,0,0,0,0,0,,2,,1147,22.94,20,88.5,88.5,14528.16,14528.16,100,-3912,3912,-3750,3630,-4200,4200,0,0,0,0,0,0,,,3.358,3.347,3.354,28,24,25.166,,,48,48,48,false,false,false,2,2,6,6,0,342,4200,16416,1500,-1500,0,0,1,0.505,0.3,0.3,999,999,999,999,999,999,999,999,3630,-3750,false,0,0,2,1,0,0,0,1,2,1,1,0,0,8,1,0,0,-1437810,0,37574,0,0,0,0,0,0,0,0,0,707.421,2097.06,2097.06,1815,1875,1141,true,0,1815,-1875,2097.06,2097.06,1815,1875,1141.4,true,0,1815,-1875
"2025-09-17T00:07:16Z","REV_TW1_U_01",0,true,2,1,0,0,0,0,0,0,13.79,,,0,13.79,0,0,,,,,3630,-3750,0.665,1.435,,,,38,,,,,2,,,,0.43,0.7,0.3,0.3,34600,34500,34400,,,,-6,59.9792,16,4961232,5420895,,,,,,,12,0,0,0,0,0,0,0,0,,2,,1147,24.09,21,88.5,88.5,14528.16,14528.16,100,-3912,3912,-3750,3630,-4200,4200,0,0,0,0,0,0,,,3.358,3.347,3.354,28,25,25.166,,,48,48,48,false,false,false,2,2,6,6,0,342,4200,16416,1500,-1500,0,0,1,0.505,0.3,0.3,999,999,999,999,999,999,999,999,3630,-3750,false,0,0,2,1,0,0,0,1,2,1,1,0,0,8,1,0,0,-1437811,0,37576,0,0,0,0,0,0,0,0,0,707.421,2094.96,2094.96,1815,1875,1141,true,0,1815,-1875,2094.96,2094.96,1815,1875,1141.4,true,0,1815,-1875
"2025-09-17T00:07:18Z","REV_TW1_U_01",0,true,2,1,0,0,0,0,0,0,13.79,,,0,13.79,0,0,,,,,3630,-3750,0.665,1.435,,,,38,,,,,2,,,,0.4,0.7,0.2,0.3,34600,34500,34400,,,,-5,59.9815,18,4961232,5420895,,,,,,,12,0,0,0,0,0,0,0,0,,2,,1147,22.94,20,88.5,88.5,14528.16,14528.16,100,-3912,3912,-3750,3630,-4200,4200,0,0,0,0,0,0,,,3.358,3.347,3.353,28,25,25.166,,,48,48,48,false,false,false,2,2,6,6,0,342,4200,16416,1500,-1500,0,0,1,0.505,0.3,0.3,999,999,999,999,999,999,999,999,3630,-3750,false,0,0,2,1,0,0,0,1,2,1,1,0,0,8,1,0,0,-1437811,0,37578,0,0,0,0,0,0,0,0,0,707.421,2096.43,2096.43,1815,1875,1141,true,0,1815,-1875,2096.43,2096.43,1815,1875,1141.4,true,0,1815,-1875
"2025-09-17T00:07:20Z","REV_TW1_U_01",0,true,2,1,0,0,0,0,0,0,13.79,,,0,13.79,0,0,,,,,3630,-3750,0.665,1.435,,,,37,,,,,2,,,,0.43,0.7,0.3,0.3,34600,34500,34400,,,,-5,59.987,19,4961232,5420895,,,,,,,12,0,0,0,0,0,0,0,0,,2,,1147,22.94,20,88.5,88.5,14528.16,14528.16,100,-3912,3912,-3750,3630,-4200,4200,0,0,0,0,0,0,,,3.358,3.347,3.353,28,25,25.166,,,48,48,48,false,false,false,2,2,6,6,0,342,4200,16416,1500,-1500,0,0,1,0.505,0.2,0.2,999,999,999,999,999,999,999,999,3630,-3750,false,0,0,2,1,0,0,0,1,2,1,1,0,0,8,1,0,0,-1437811,0,37580,0,0,0,0,0,0,0,0,0,707.421,2097.48,2097.48,1815,1875,1141,true,0,1815,-1875,2097.48,2097.48,1815,1875,1141.4,true,0,1815,-1875
"2025-09-17T00:07:22Z","REV_TW1_U_01",0,true,2,1,0,0,0,0,0,0,13.79,,,0,13.79,0,0,,,,,3630,-3750,0.665,1.435,,,,38,,,,,2,,,,0.47,0.7,0.3,0.4,34600,34500,34400,,,,-4,59.9865,20,4961232,5420895,,,,,,,12,0,0,0,0,0,0,0,0,,2,,1147,22.94,20,88.5,88.5,14528.16,14528.16,100,-3912,3912,-3750,3630,-4200,4200,0,0,0,0,0,0,,,3.358,3.347,3.353,28,24,25.166,,,48,48,48,false,false,false,2,2,6,6,0,342,4200,16416,1500,-1500,0,0,1,0.505,0.2,0.2,999,999,999,999,999,999,999,999,3630,-3750,false,0,0,2,1,0,0,0,1,2,1,1,0,0,8,1,0,0,-1437811,0,37582,0,0,0,0,0,0,0,0,0,707.421,2097.69,2097.69,1815,1875,1141,true,0,1815,-1875,2097.69,2097.69,1815,1875,1141.4,true,0,1815,-1875
"2025-09-17T00:07:24Z","REV_TW1_U_01",0,true,2,1,0,0,0,0,0,0,13.79,,,0,13.79,0,0,,,,,3630,-3750,0.665,1.435,,,,38,,,,,2,,,,0.37,0.6,0.2,0.3,34600,34500,34400,,,,-5,59.9822,19,4961232,5420895,,,,,,,12,0,0,0,0,0,0,0,0,,2,,1147,24.09,21,88.5,88.5,14528.16,14528.16,100,-3912,3912,-3750,3630,-4200,4200,0,0,0,0,0,0,,,3.358,3.347,3.353,28,25,25.166,,,48,48,48,false,false,false,2,2,6,6,0,342,4200,16416,1500,-1500,0,0,1,0.505,0.2,0.2,999,999,999,999,999,999,999,999,3630,-3750,false,0,0,2,1,0,0,0,1,2,1,1,0,0,8,1,0,0,-1437811,0,37584,0,0,0,0,0,0,0,0,0,707.421,2096.43,2096.43,1815,1875,1140.9,true,0,1815,-1875,2096.43,2096.43,1815,1875,1141.3,true,0,1815,-1875
"2025-09-17T00:07:26Z","REV_TW1_U_01",0,true,2,1,0,0,0,0,0,0,13.79,,,0,13.79,0,0,,,,,3630,-3750,0.665,1.435,,,,37,,,,,2,,,,0.43,0.7,0.2,0.4,34600,34500,34400,,,,-5,59.9878,18,4961232,5420895,,,,,,,12,0,0,0,0,0,0,0,0,,2,,1147,22.94,20,88.5,88.5,14528.16,14528.16,100,-3912,3912,-3750,3630,-4200,4200,0,0,0,0,0,0,,,3.358,3.347,3.353,28,24,25.166,,,48,48,48,false,false,false,2,2,6,6,0,342,4200,16416,1500,-1500,0,0,1,0.505,0.2,0.2,999,999,999,999,999,999,999,999,3630,-3750,false,0,0,2,1,0,0,0,1,2,1,1,0,0,8,1,0,0,-1437811,0,37586,0,0,0,0,0,0,0,0,0,707.421,2095.17,2095.17,1815,1875,1140.9,true,0,1815,-1875,2095.17,2095.17,1815,1875,1141.3,true,0,1815,-1875
"2025-09-17T00:07:28Z","REV_TW1_U_01",0,true,2,1,0,0,0,0,0,0,13.79,,,0,13.79,0,0,,,,,3630,-3750,0.665,1.435,,,,38,,,,,2,,,,0.43,0.7,0.3,0.3,34600,34500,34400,,,,-4,59.9915,19,4961232,5420895,,,,,,,12,0,0,0,0,0,0,0,0,,2,,1146.9,22.94,20,88.5,88.5,14528.16,14528.16,100,-3912,3912,-3750,3630,-4200,4200,0,0,0,0,0,0,,,3.358,3.347,3.353,28,24,25.166,,,48,48,48,false,false,false,2,2,6,6,0,342,4200,16416,1500,-1500,0,0,1,0.505,0.2,0.2,999,999,999,999,999,999,999,999,3630,-3750,false,0,0,2,1,0,0,0,1,2,1,1,0,0,8,1,0,0,-1437811,0,37588,0,0,0,0,0,0,0,0,0,707.421,2095.38,2095.38,1815,1875,1140.9,true,0,1815,-1875,2096.01,2096.01,1815,1875,1141.3,true,0,1815,-1875
"2025-09-17T00:07:30Z","REV_TW1_U_01",0,true,2,1,0,0,0,0,0,0,13.79,,,0,13.79,0,0,,,,,3630,-3750,0.665,1.435,,,,38,,,,,2,,,,0.47,0.7,0.3,0.4,34600,34500,34400,,,,-4,59.9888,18,4961232,5420895,,,,,,,12,0,0,0,0,0,0,0,0,,2,,1146.9,22.94,20,88.5,88.5,14528.16,14528.16,100,-3912,3912,-3750,3630,-4200,4200,0,0,0,0,0,0,,,3.358,3.347,3.353,28,25,25.166,,,48,48,48,false,false,false,2,2,6,6,0,342,4200,16416,1500,-1500,0,0,1,0.505,0.2,0.2,999,999,999,999,999,999,999,999,3630,-3750,false,0,0,2,1,0,0,0,1,2,1,1,0,0,8,1,0,0,-1437811,0,37590,0,0,0,0,0,0,0,0,0,707.421,2096.01,2096.01,1815,1875,1140.9,true,0,1815,-1875,2096.01,2096.01,1815,1875,1141.3,true,0,1815,-1875
"2025-09-17T00:07:32Z","REV_TW1_U_01",0,true,2,1,0,0,0,0,0,0,13.79,,,0,13.79,0,0,,,,,3630,-3750,0.665,1.435,,,,37,,,,,2,,,,0.43,0.7,0.2,0.4,34600,34500,34400,,,,-3,59.9807,18,4961232,5420895,,,,,,,12,0,0,0,0,0,0,0,0,,2,,1146.9,22.94,20,88.5,88.5,14528.16,14528.16,100,-3912,3912,-3750,3630,-4200,4200,0,0,0,0,0,0,,,3.357,3.346,3.353,28,24,25.166,,,48,48,48,false,false,false,2,2,6,6,0,342,4200,16416,1500,-1500,0,0,1,0.505,0.2,0.2,999,999,999,999,999,999,999,999,3630,-3750,false,0,0,2,1,0,0,0,1,2,1,1,0,0,8,1,0,0,-1437811,0,37592,0,0,0,0,0,0,0,0,0,707.421,2094.12,2094.12,1815,1875,1140.9,true,0,1815,-1875,2094.12,2094.12,1815,1875,1141.3,true,0,1815,-1875
"2025-09-17T00:07:34Z","REV_TW1_U_01",0,true,2,1,0,0,0,0,0,0,13.79,,,0,13.79,0,0,,,,,3630,-3750,0.665,1.435,,,,38,,,,,2,,,,0.47,0.7,0.3,0.4,34600,34500,34400,,,,-4,59.9892,18,4961232,5420895,,,,,,,12,0,0,0,0,0,0,0,0,,2,,1146.9,24.08,21,88.5,88.5,14528.16,14528.16,100,-3912,3912,-3750,3630,-4200,4200,0,0,0,0,0,0,,,3.357,3.347,3.353,28,25,25.166,,,48,48,48,false,false,false,2,2,6,6,0,342,4200,16416,1500,-1500,0,0,1,0.505,0.2,0.2,999,999,999,999,999,999,999,999,3630,-3750,false,0,0,2,1,0,0,0,1,2,1,1,0,0,8,1,0,0,-1437812,0,37594,0,0,0,0,0,0,0,0,0,707.421,2093.91,2093.91,1815,1875,1140.9,true,0,1815,-1875,2094.75,2094.75,1815,1875,1141.3,true,0,1815,-1875
"2025-09-17T00:07:36Z","REV_TW1_U_01",0,true,2,1,0,0,0,0,0,0,13.79,,,0,13.79,0,0,,,,,3630,-3750,0.665,1.435,,,,37,,,,,2,,,,0.5,0.8,0.3,0.4,34600,34500,34400,,,,-4,59.9936,18,4961232,5420895,,,,,,,12,0,0,0,0,0,0,0,0,,2,,1146.9,24.08,21,88.5,88.5,14528.16,14528.16,100,-3912,3912,-3750,3630,-4200,4200,0,0,0,0,0,0,,,3.357,3.347,3.353,28,25,25.166,,,48,48,48,false,false,false,2,2,6,6,0,342,4200,16416,1500,-1500,0,0,1,0.505,0.2,0.2,999,999,999,999,999,999,999,999,3630,-3750,false,0,0,2,1,0,0,0,1,2,1,1,0,0,8,1,0,0,-1437812,0,37596,0,0,0,0,0,0,0,0,0,707.421,2094.96,2094.96,1815,1875,1140.9,true,0,1815,-1875,2094.96,2094.96,1815,1875,1141.3,true,0,1815,-1875
"2025-09-17T00:07:38Z","REV_TW1_U_01",0,true,2,1,0,0,0,0,0,0,13.79,,,0,13.79,0,0,,,,,3630,-3750,0.665,1.435,,,,37,,,,,2,,,,0.47,0.7,0.3,0.4,34600,34500,34400,,,,-4,59.9999,18,4961232,5420895,,,,,,,12,0,0,0,0,0,0,0,0,,2,,1146.9,22.94,20,88.5,88.5,14528.16,14528.16,100,-3912,3912,-3750,3630,-4200,4200,0,0,0,0,0,0,,,3.358,3.346,3.353,28,25,25.166,,,48,48,48,false,false,false,2,2,6,6,0,342,4200,16416,1500,-1500,0,0,1,0.505,0.2,0.2,999,999,999,999,999,999,999,999,3630,-3750,false,0,0,2,1,0,0,0,1,2,1,1,0,0,8,1,0,0,-1437812,0,37598,0,0,0,0,0,0,0,0,0,707.421,2095.8,2095.8,1815,1875,1140.9,true,0,1815,-1875,2095.8,2095.8,1815,1875,1141.3,true,0,1815,-1875
"2025-09-17T00:07:40Z","REV_TW1_U_01",0,true,2,1,0,0,0,0,0,0,13.79,,,0,13.79,0,0,,,,,3630,-3750,0.665,1.435,,,,38,,,,,2,,,,0.47,0.7,0.3,0.4,34600,34500,34400,,,,-4,59.9977,18,4961232,5420895,,,,,,,12,0,0,0,0,0,0,0,0,,2,,1146.9,22.94,20,88.5,88.5,14528.16,14528.16,100,-3912,3912,-3750,3630,-4200,4200,0,0,0,0,0,0,,,3.358,3.347,3.353,28,25,25.166,,,48,48,48,false,false,false,2,2,6,6,0,342,4200,16416,1500,-1500,0,0,1,0.505,0.2,0.2,999,999,999,999,999,999,999,999,3630,-3750,false,0,0,2,1,0,0,0,1,2,1,1,0,0,8,1,0,0,-1437812,0,37600,0,0,0,0,0,0,0,0,0,707.421,2095.38,2095.38,1815,1875,1140.8,true,0,1815,-1875,2095.38,2095.38,1815,1875,1141.3,true,0,1815,-1875
"2025-09-17T00:07:42Z","REV_TW1_U_01",0,true,2,1,0,0,0,0,0,0,13.79,,,0,13.79,0,0,,,,,3630,-3750,0.665,1.435,,,,38,,,,,2,,,,0.47,0.7,0.3,0.4,34600,34500,34400,,,,-4,60.0041,18,4961232,5420895,,,,,,,12,0,0,0,0,0,0,0,0,,2,,1146.9,24.08,21,88.5,88.5,14528.16,14528.16,100,-3912,3912,-3750,3630,-4200,4200,0,0,0,0,0,0,,,3.357,3.347,3.353,28,25,25.166,,,48,48,48,false,false,false,2,2,6,6,0,342,4200,16416,1500,-1500,0,0,1,0.505,0.2,0.2,999,999,999,999,999,999,999,999,3630,-3750,false,0,0,2,1,0,0,0,1,2,1,1,0,0,8,1,0,0,-1437812,0,37602,0,0,0,0,0,0,0,0,0,707.421,2095.17,2095.17,1815,1875,1140.9,true,0,1815,-1875,2095.17,2095.17,1815,1875,1141.3,true,0,1815,-1875
"2025-09-17T00:07:44Z","REV_TW1_U_01",0,true,2,1,0,0,0,0,0,0,13.79,,,0,13.79,0,0,,,,,3630,-3750,0.665,1.435,,,,37,,,,,2,,,,0.43,0.7,0.3,0.3,34600,34500,34400,,,,-4,60.0067,18,4961232,5420895,,,,,,,12,0,0,0,0,0,0,0,0,,2,,1146.9,22.94,20,88.5,88.5,14528.16,14528.16,100,-3912,3912,-3750,3630,-4200,4200,0,0,0,0,0,0,,,3.357,3.347,3.353,28,25,25.166,,,48,48,48,false,false,false,2,2,6,6,0,342,4200,16416,1500,-1500,0,0,1,0.505,0.2,0.2,999,999,999,999,999,999,999,999,3630,-3750,false,0,0,2,1,0,0,0,1,2,1,1,0,0,8,1,0,0,-1437812,0,37604,0,0,0,0,0,0,0,0,0,707.421,2095.59,2095.59,1815,1875,1140.9,true,0,1815,-1875,2095.59,2095.59,1815,1875,1141.3,true,0,1815,-1875
"2025-09-17T00:07:46Z","REV_TW1_U_01",0,true,2,1,0,0,0,0,0,0,13.79,,,0,13.79,0,0,,,,,3630,-3750,0.665,1.435,,,,38,,,,,2,,,,0.47,0.7,0.3,0.4,34600,34500,34400,,,,-5,60.0012,17,4961232,5420895,,,,,,,12,0,0,0,0,0,0,0,0,,2,,1146.9,22.94,20,88.5,88.5,14528.16,14528.16,100,-3912,3912,-3750,3630,-4200,4200,0,0,0,0,0,0,,,3.358,3.347,3.353,28,25,25.166,,,48,48,48,false,false,false,2,2,6,6,0,342,4200,16416,1500,-1500,0,0,1,0.505,0.2,0.2,999,999,999,999,999,999,999,999,3630,-3750,false,0,0,2,1,0,0,0,1,2,1,1,0,0,8,1,0,0,-1437812,0,37606,0,0,0,0,0,0,0,0,0,707.421,2096.43,2096.43,1815,1875,1140.8,true,0,1815,-1875,2096.43,2096.43,1815,1875,1141.2,true,0,1815,-1875
"2025-09-17T00:07:48Z","REV_TW1_U_01",0,true,2,1,0,0,0,0,0,0,13.79,,,0,13.79,0,0,,,,,3630,-3750,0.665,1.435,,,,38,,,,,2,,,,0.43,0.7,0.3,0.3,34600,34500,34400,,,,-5,60.0026,18,4961232,5420895,,,,,,,12,0,0,0,0,0,0,0,0,,2,,1146.9,22.94,20,88.5,88.5,14528.16,14528.16,100,-3912,3912,-3750,3630,-4200,4200,0,0,0,0,0,0,,,3.357,3.347,3.353,28,24,25.166,,,48,48,48,false,false,false,2,2,6,6,0,342,4200,16416,1500,-1500,0,0,1,0.505,0.2,0.2,999,999,999,999,999,999,999,999,3630,-3750,false,0,0,2,1,0,0,0,1,2,1,1,0,0,8,1,0,0,-1437812,0,37608,0,0,0,0,0,0,0,0,0,707.421,2095.8,2095.8,1815,1875,1140.8,true,0,1815,-1875,2095.8,2095.8,1815,1875,1141.2,true,0,1815,-1875
"2025-09-17T00:07:50Z","REV_TW1_U_01",0,true,2,1,0,0,0,0,0,0,13.79,,,0,13.79,0,0,,,,,3630,-3750,0.665,1.435,,,,38,,,,,2,,,,0.5,0.7,0.4,0.4,34600,34500,34400,,,,-4,60.0069,18,4961232,5420895,,,,,,,12,0,0,0,0,0,0,0,0,,2,,1146.9,22.94,20,88.5,88.5,14528.16,14528.16,100,-3912,3912,-3750,3630,-4200,4200,0,0,0,0,0,0,,,3.357,3.347,3.353,28,24,25.166,,,48,48,48,false,false,false,2,2,6,6,0,342,4200,16416,1500,-1500,0,0,1,0.505,0.2,0.2,999,999,999,999,999,999,999,999,3630,-3750,false,0,0,2,1,0,0,0,1,2,1,1,0,0,8,1,0,0,-1437813,0,37610,0,0,0,0,0,0,0,0,0,707.421,2096.43,2096.43,1815,1875,1140.8,true,0,1815,-1875,2096.43,2096.43,1815,1875,1141.2,true,0,1815,-1875
"2025-09-17T00:07:52Z","REV_TW1_U_01",0,true,2,1,0,0,0,0,0,0,13.79,,,0,13.79,0,0,,,,,3630,-3750,0.665,1.435,,,,38,,,,,2,,,,0.43,0.7,0.2,0.4,34600,34500,34400,,,,-3,60.0071,18,4961232,5420895,,,,,,,12,0,0,0,0,0,0,0,0,,2,,1146.8,22.94,20,88.5,88.5,14528.16,14528.16,100,-3912,3912,-3750,3630,-4200,4200,0,0,0,0,0,0,,,3.357,3.347,3.353,28,25,25.166,,,48,48,48,false,false,false,2,2,6,6,0,342,4200,16416,1500,-1500,0,0,1,0.505,0.2,0.2,999,999,999,999,999,999,999,999,3630,-3750,false,0,0,2,1,0,0,0,1,2,1,1,0,0,8,1,0,0,-1437813,0,37612,0,0,0,0,0,0,0,0,0,707.421,2096.43,2096.43,1815,1875,1140.8,true,0,1815,-1875,2096.43,2096.43,1815,1875,1141.2,true,0,1815,-1875
"2025-09-17T00:07:54Z","REV_TW1_U_01",0,true,2,1,0,0,0,0,0,0,13.79,,,0,13.79,0,0,,,,,3630,-3750,0.665,1.435,,,,38,,,,,2,,,,0.43,0.7,0.3,0.3,34600,34500,34400,,,,-4,60.0034,19,4961232,5420895,,,,,,,12,0,0,0,0,0,0,0,0,,2,,1146.8,24.08,21,88.5,88.5,14528.16,14528.16,100,-3912,3912,-3750,3630,-4200,4200,0,0,0,0,0,0,,,3.357,3.347,3.353,28,24,25.166,,,48,48,48,false,false,false,2,2,6,6,0,342,4200,16416,1500,-1500,0,0,1,0.505,0.2,0.2,999,999,999,999,999,999,999,999,3630,-3750,false,0,0,2,1,0,0,0,1,2,1,1,0,0,8,1,0,0,-1437813,0,37614,0,0,0,0,0,0,0,0,0,707.421,2096.43,2096.43,1815,1875,1140.8,true,0,1815,-1875,2094.54,2094.54,1815,1875,1141.2,true,0,1815,-1875
"2025-09-17T00:07:56Z","REV_TW1_U_01",0,true,2,1,0,0,0,0,0,0,13.79,,,0,13.79,0,0,,,,,3630,-3750,0.665,1.435,,,,38,,,,,2,,,,0.43,0.7,0.3,0.3,34600,34500,34400,,,,-4,60.0152,18,4961232,5420895,,,,,,,12,0,0,0,0,0,0,0,0,,2,,1146.8,22.94,20,88.5,88.5,14528.16,14528.16,100,-3912,3912,-3750,3630,-4200,4200,0,0,0,0,0,0,,,3.357,3.346,3.353,28,25,25.166,,,48,48,48,false,false,false,2,2,6,6,0,342,4200,16416,1500,-1500,0,0,1,0.505,0.2,0.2,999,999,999,999,999,999,999,999,3630,-3750,false,0,0,2,1,0,0,0,1,2,1,1,0,0,8,1,0,0,-1437813,0,37616,0,0,0,0,0,0,0,0,0,707.421,2095.8,2095.8,1815,1875,1140.8,true,0,1815,-1875,2095.8,2095.8,1815,1875,1141.2,true,0,1815,-1875
"2025-09-17T00:07:58Z","REV_TW1_U_01",0,true,2,1,0,0,0,0,0,0,13.79,,,0,13.79,0,0,,,,,3630,-3750,0.665,1.435,,,,37,,,,,2,,,,0.4,0.7,0.2,0.3,34600,34500,34400,,,,-5,60.0172,19,4961232,5420895,,,,,,,12,0,0,0,0,0,0,0,0,,2,,1146.8,22.94,20,88.5,88.5,14528.16,14528.16,100,-3912,3912,-3750,3630,-4200,4200,0,0,0,0,0,0,,,3.357,3.347,3.353,28,25,25.166,,,48,48,48,false,false,false,2,2,6,6,0,342,4200,16416,1500,-1500,0,0,1,0.505,0.2,0.2,999,999,999,999,999,999,999,999,3630,-3750,false,0,0,2,1,0,0,0,1,2,1,1,0,0,8,1,0,0,-1437813,0,37618,0,0,0,0,0,0,0,0,0,707.421,2096.64,2096.64,1815,1875,1140.8,true,0,1815,-1875,2096.64,2096.64,1815,1875,1141.2,true,0,1815,-1875
"2025-09-17T00:08:00Z","REV_TW1_U_01",0,true,2,1,0,0,0,0,0,0,13.79,,,0,13.79,0,0,,,,,3630,-3750,0.665,1.435,,,,38,,,,,2,,,,0.4,0.7,0.3,0.2,34600,34500,34400,,,,-4,60.0158,18,4961232,5420895,,,,,,,12,0,0,0,0,0,0,0,0,,2,,1146.8,22.94,20,88.5,88.5,14528.16,14528.16,100,-3912,3912,-3750,3630,-4200,4200,0,0,0,0,0,0,,,3.357,3.346,3.353,28,25,25.166,,,48,48,48,false,false,false,2,2,6,6,0,342,4200,16416,1500,-1500,0,0,1,0.505,0.2,0.2,999,999,999,999,999,999,999,999,3630,-3750,false,0,0,2,1,0,0,0,1,2,1,1,0,0,8,1,0,0,-1437813,0,37620,0,0,0,0,0,0,0,0,0,707.421,2095.59,2095.59,1815,1875,1140.8,true,0,1815,-1875,2095.59,2095.59,1815,1875,1141.2,true,0,1815,-1875
"2025-09-17T00:08:02Z","REV_TW1_U_01",0,true,2,1,0,0,0,0,0,0,13.79,,,0,13.79,0,0,,,,,3630,-3750,0.665,1.435,,,,38,,,,,2,,,,0.43,0.7,0.3,0.3,34600,34500,34400,,,,-4,60.0089,19,4961232,5420895,,,,,,,12,0,0,0,0,0,0,0,0,,2,,1146.8,24.08,21,88.5,88.5,14528.16,14528.16,100,-3912,3912,-3750,3630,-4200,4200,0,0,0,0,0,0,,,3.357,3.345,3.353,28,25,25.166,,,48,48,48,false,false,false,2,2,6,6,0,342,4200,16416,1500,-1500,0,0,1,0.505,0.2,0.2,999,999,999,999,999,999,999,999,3630,-3750,false,0,0,2,1,0,0,0,1,2,1,1,0,0,8,1,0,0,-1437813,0,37622,0,0,0,0,0,0,0,0,0,707.421,2094.96,2094.96,1815,1875,1140.8,true,0,1815,-1875,2094.96,2094.96,1815,1875,1141.2,true,0,1815,-1875
"2025-09-17T00:08:04Z","REV_TW1_U_01",0,true,2,1,0,0,0,0,0,0,13.79,,,0,13.79,0,0,,,,,3630,-3750,0.665,1.435,,,,38,,,,,2,,,,0.43,0.7,0.3,0.3,34600,34500,34400,,,,-4,60.0147,19,4961232,5420895,,,,,,,12,0,0,0,0,0,0,0,0,,2,,1146.8,22.94,20,88.5,88.5,14528.16,14528.16,100,-3912,3912,-3750,3630,-4200,4200,0,0,0,0,0,0,,,3.357,3.346,3.353,28,25,25.166,,,48,48,48,false,false,false,2,2,6,6,0,342,4200,16416,1500,-1500,0,0,1,0.505,0.2,0.2,999,999,999,999,999,999,999,999,3630,-3750,false,0,0,2,1,0,0,0,1,2,1,1,0,0,8,1,0,0,-1437813,0,37624,0,0,0,0,0,0,0,0,0,707.421,2097.69,2097.69,1815,1875,1140.8,true,0,1815,-1875,2097.69,2097.69,1815,1875,1141.2,true,0,1815,-1875
"2025-09-17T00:08:06Z","REV_TW1_U_01",0,true,2,1,0,0,0,0,0,0,13.79,,,0,13.79,0,0,,,,,3630,-3750,0.665,1.435,,,,38,,,,,2,,,,0.5,0.7,0.4,0.4,34600,34500,34400,,,,-4,60.012,19,4961232,5420895,,,,,,,12,0,0,0,0,0,0,0,0,,2,,1146.8,24.08,21,88.5,88.5,14528.16,14528.16,100,-3912,3912,-3750,3630,-4200,4200,0,0,0,0,0,0,,,3.357,3.347,3.353,28,25,25.166,,,48,48,48,false,false,false,2,2,6,6,0,342,4200,16416,1500,-1500,0,0,1,0.505,0.2,0.2,999,999,999,999,999,999,999,999,3630,-3750,false,0,0,2,1,0,0,0,1,2,1,1,0,0,8,1,0,0,-1437813,0,37626,0,0,0,0,0,0,0,0,0,707.421,2096.64,2096.64,1815,1875,1140.8,true,0,1815,-1875,2096.64,2096.64,1815,1875,1141.1,true,0,1815,-1875
"2025-09-17T00:08:08Z","REV_TW1_U_01",0,true,2,1,0,0,0,0,0,0,13.79,,,0,13.79,0,0,,,,,3630,-3750,0.665,1.435,,,,38,,,,,2,,,,0.43,0.7,0.3,0.3,34600,34500,34400,,,,-4,60.0072,20,4961232,5420895,,,,,,,12,0,0,0,0,0,0,0,0,,2,,1146.8,22.94,20,88.5,88.5,14528.16,14528.16,100,-3912,3912,-3750,3630,-4200,4200,0,0,0,0,0,0,,,3.357,3.346,3.353,28,24,25.166,,,48,48,48,false,false,false,2,2,6,6,0,342,4200,16416,1500,-1500,0,0,1,0.505,0.2,0.2,999,999,999,999,999,999,999,999,3630,-3750,false,0,0,2,1,0,0,0,1,2,1,1,0,0,8,1,0,0,-1437814,0,37628,0,0,0,0,0,0,0,0,0,707.421,2097.06,2097.06,1815,1875,1140.7,true,0,1815,-1875,2097.06,2097.06,1815,1875,1141.2,true,0,1815,-1875
"2025-09-17T00:08:10Z","REV_TW1_U_01",0,true,2,1,0,0,0,0,0,0,13.79,,,0,13.79,0,0,,,,,3630,-3750,0.665,1.435,,,,38,,,,,2,,,,0.47,0.7,0.3,0.4,34600,34500,34400,,,,-4,60.0098,18,4961232,5420895,,,,,,,12,0,0,0,0,0,0,0,0,,2,,1146.8,22.94,20,88.5,88.5,14528.16,14528.16,100,-3912,3912,-3750,3630,-4200,4200,0,0,0,0,0,0,,,3.357,3.347,3.353,28,25,25.166,,,48,48,48,false,false,false,2,2,6,6,0,342,4200,16416,1500,-1500,0,0,1,0.505,0.2,0.2,999,999,999,999,999,999,999,999,3630,-3750,false,0,0,2,1,0,0,0,1,2,1,1,0,0,8,1,0,0,-1437814,0,37630,0,0,0,0,0,0,0,0,0,707.421,2095.59,2095.59,1815,1875,1140.7,true,0,1815,-1875,2095.59,2095.59,1815,1875,1141.1,true,0,1815,-1875
"2025-09-17T00:08:12Z","REV_TW1_U_01",0,true,2,1,0,0,0,0,0,0,13.79,,,0,13.79,0,0,,,,,3630,-3750,0.665,1.435,,,,38,,,,,2,,,,0.47,0.7,0.3,0.4,34600,34500,34400,,,,-5,60.0045,20,4961232,5420895,,,,,,,12,0,0,0,0,0,0,0,0,,2,,1146.7,22.93,20,88.5,88.5,14528.16,14528.16,100,-3912,3912,-3750,3630,-4200,4200,0,0,0,0,0,0,,,3.357,3.346,3.353,28,25,25.166,,,48,48,48,false,false,false,2,2,6,6,0,342,4200,16416,1500,-1500,0,0,1,0.505,0.2,0.2,999,999,999,999,999,999,999,999,3630,-3750,false,0,0,2,1,0,0,0,1,2,1,1,0,0,8,1,0,0,-1437814,0,37632,0,0,0,0,0,0,0,0,0,707.421,2096.64,2096.64,1815,1875,1140.7,true,0,1815,-1875,2096.64,2096.64,1815,1875,1141.1,true,0,1815,-1875
"2025-09-17T00:08:14Z","REV_TW1_U_01",0,true,2,1,0,0,0,0,0,0,13.79,,,0,13.79,0,0,,,,,3630,-3750,0.665,1.435,,,,38,,,,,2,,,,0.4,0.7,0.3,0.2,34600,34500,34400,,,,-4,59.9967,18,4961232,5420895,,,,,,,12,0,0,0,0,0,0,0,0,,2,,1146.7,24.08,21,88.5,88.5,14528.16,14528.16,100,-3912,3912,-3750,3630,-4200,4200,0,0,0,0,0,0,,,3.357,3.346,3.353,28,25,25.166,,,48,48,48,false,false,false,2,2,6,6,0,342,4200,16416,1500,-1500,0,0,1,0.505,0.2,0.2,999,999,999,999,999,999,999,999,3630,-3750,false,0,0,2,1,0,0,0,1,2,1,1,0,0,8,1,0,0,-1437814,0,37634,0,0,0,0,0,0,0,0,0,707.421,2096.43,2096.43,1815,1875,1140.7,true,0,1815,-1875,2096.43,2096.43,1815,1875,1141.1,true,0,1815,-1875
"2025-09-17T00:08:16Z","REV_TW1_U_01",0,true,2,1,0,0,0,0,0,0,13.79,,,0,13.79,0,0,,,,,3630,-3750,0.665,1.435,,,,37,,,,,2,,,,0.37,0.6,0.2,0.3,34600,34500,34400,,,,-4,59.9926,19,4961232,5420895,,,,,,,12,0,0,0,0,0,0,0,0,,2,,1146.7,24.08,21,88.5,88.5,14528.16,14528.16,100,-3912,3912,-3750,3630,-4200,4200,0,0,0,0,0,0,,,3.357,3.346,3.353,28,25,25.166,,,48,48,48,false,false,false,2,2,6,6,0,342,4200,16416,1500,-1500,0,0,1,0.505,0.2,0.2,999,999,999,999,999,999,999,999,3630,-3750,false,0,0,2,1,0,0,0,1,2,1,1,0,0,8,1,0,0,-1437814,0,37636,0,0,0,0,0,0,0,0,0,707.421,2096.01,2096.01,1815,1875,1140.7,true,0,1815,-1875,2096.01,2096.01,1815,1875,1141.1,true,0,1815,-1875
"2025-09-17T00:08:18Z","REV_TW1_U_01",0,true,2,1,0,0,0,0,0,0,13.79,,,0,13.79,0,0,,,,,3630,-3750,0.665,1.435,,,,37,,,,,2,,,,0.47,0.7,0.3,0.4,34600,34500,34400,,,,-4,59.9875,18,4961233,5420895,,,,,,,12,0,0,0,0,0,0,0,0,,2,,1146.7,22.93,20,88.5,88.5,14528.16,14528.16,100,-3912,3912,-3750,3630,-4200,4200,0,0,0,0,0,0,,,3.357,3.346,3.353,28,25,25.166,,,48,48,48,false,false,false,2,2,6,6,0,342,4200,16416,1500,-1500,0,0,1,0.505,0.2,0.2,999,999,999,999,999,999,999,999,3630,-3750,false,0,0,2,1,0,0,0,1,2,1,1,0,0,8,1,0,0,-1437814,0,37638,0,0,0,0,0,0,0,0,0,707.421,2094.96,2094.96,1815,1875,1140.7,true,0,1815,-1875,2094.96,2094.96,1815,1875,1141.1,true,0,1815,-1875
"date_rec","device_id","_faultCount","_cloudConnected","UnitSt","UnitMode","UnitAlm1","UnitFlt1","UnitFlt2","UnitFlt3","UnitDiags","kWin","kVArin","kWcalc","kVArcalc","kWout","kVArout","DCIin","DCIout","OutVin","OutFin","OutVout","OutFout","DisMax","ChMax","DisCost","ChCost","TmpRet","TmpSup","TmpAmb","TmpEnc1","TmpEnc2","TmpEnc3","TmpEnc4","EncHumidity","PcsSt","PcsCmd","DCAOut","DCVOut","ACA","AphA","AphB","AphC","PPVphAB","PPVphBC","PPVphCA","PhVphA","PhVphB","PhVphC","kW","Hz","kVAr","kWH","kWHC","kWHD","DCA","DCV","DCkW","TmpCab","TmpSnk","PcsStVnd","PcsEvtVnd1","PcsEvtVnd2","PcsEvtVnd3","PcsEvtVnd4","PcsEvtVnd5","PcsEvtVnd6","PcsEvtVnd7","PcsEvtVnd8","BattStVnd","BattSt","BattCmd","BattV","BattP","BattA","SoC","SoCOnline","SOE","SOEOnline","SoH","BattAChLmt","BattADisLmt","BattPChLmt","BattPDisLmt","BattPChLmtEMS","BattPDisLmtEMS","BatEvtVnd1","BatEvtVnd2","BatEvtVnd3","BatEvtVnd4","BatEvtVnd5","BatEvtVnd6","BatEvtVnd7","BatEvtVnd8","CellVMax","CellVMin","CellVAvg","ModTmpMax","ModTmpMin","ModTmpAvg","BattStopReq","DCIR","_ConnStr","_EnabledStr","_TotalStr","_PcsAlmActive","_BattAlmActive","_StrAlmActive","_RunningPcsCnt","_TotalPcs","_RunningHVACCnt","_TotalHVAC","_UnitType","_StrEnergy","_UnitSRating","_UnitE","_QMax","_QMin","_HVACInhibitCnt","_ExhaustCnt","_StrSocDelta","_StrSocStdDev","_StrVDelta","_StrVDeltaOnline","_emcu1St","_emcu3St","_emcu5St","_emcu0St","_emcu2St","_emcu4St","_bms1St","_bms0St","_TotBusbarPDisLmt","_TotBusbarPChLmt","_bias_err","_BusbarPcmds.0","_BusbarPcmds.1","_CusRole","_GenSel","_CurrFlt","_FltMod","_CurrWrn","_StartCondAll","_ACSw","_MVSw","_MVGenSw","_MVEarthSw","_MVFbErr","_PcsPModeVnd","_PcsQModeVnd","_SelModkWh","_SelModkVArh","_kVArh","_CommsTimeout","_HB","PcsEvtVnd9","PcsEvtVnd10","PcsEvtVnd11","PcsEvtVnd12","PcsEvtVnd13","PcsEvtVnd14","PcsEvtVnd15","PcsEvtVnd16","PcsEvtVnd17","_ACIR","_CustomBusbarPLmts.0.busbar_dis_limit","_CustomBusbarPLmts.0.busbar_ch_limit","_CustomBusbarPLmts.0.subbms_dis_limit","_CustomBusbarPLmts.0.subbms_ch_limit","_CustomBusbarPLmts.0.gain_param_val","_CustomBusbarPLmts.0.running","_CustomBusbarPLmts.0.busbar_delta_gain","_CustomBusbarPLmts.0.final_dis_limit","_CustomBusbarPLmts.0.final_ch_limit","_CustomBusbarPLmts.1.busbar_dis_limit","_CustomBusbarPLmts.1.busbar_ch_limit","_CustomBusbarPLmts.1.subbms_dis_limit","_CustomBusbarPLmts.1.subbms_ch_limit","_CustomBusbarPLmts.1.gain_param_val","_CustomBusbarPLmts.1.running","_CustomBusbarPLmts.1.busbar_delta_gain","_CustomBusbarPLmts.1.final_dis_limit","_CustomBusbarPLmts.1.final_ch_limit"
"2025-09-17T00:08:20Z","REV_TW1_U_01",0,true,2,1,0,0,0,0,0,0,13.79,,,0,13.79,0,0,,,,,3630,-3750,0.665,1.435,,,,37,,,,,2,,,,0.37,0.6,0.2,0.3,34600,34500,34400,,,,-4,59.9842,18,4961233,5420895,,,,,,,12,0,0,0,0,0,0,0,0,,2,,1146.7,24.08,21,88.5,88.5,14528.16,14528.16,100,-3912,3912,-3750,3630,-4200,4200,0,0,0,0,0,0,,,3.357,3.346,3.353,28,25,25.166,,,48,48,48,false,false,false,2,2,6,6,0,342,4200,16416,1500,-1500,0,0,1,0.505,0.2,0.2,999,999,999,999,999,999,999,999,3630,-3750,false,0,0,2,1,0,0,0,1,2,1,1,0,0,8,1,0,0,-1437814,0,37640,0,0,0,0,0,0,0,0,0,707.421,2098.11,2098.11,1815,1875,1140.7,true,0,1815,-1875,2098.11,2098.11,1815,1875,1141.1,true,0,1815,-1875
"2025-09-17T00:08:22Z","REV_TW1_U_01",0,true,2,1,0,0,0,0,0,0,13.79,,,0,13.79,0,0,,,,,3630,-3750,0.665,1.435,,,,37,,,,,2,,,,0.4,0.6,0.2,0.4,34600,34500,34400,,,,-4,59.9824,18,4961233,5420895,,,,,,,12,0,0,0,0,0,0,0,0,,2,,1146.7,24.08,21,88.5,88.5,14528.16,14528.16,100,-3912,3912,-3750,3630,-4200,4200,0,0,0,0,0,0,,,3.357,3.346,3.353,28,25,25.166,,,48,48,48,false,false,false,2,2,6,6,0,342,4200,16416,1500,-1500,0,0,1,0.505,0.2,0.2,999,999,999,999,999,999,999,999,3630,-3750,false,0,0,2,1,0,0,0,1,2,1,1,0,0,8,1,0,0,-1437814,0,37642,0,0,0,0,0,0,0,0,0,707.421,2096.85,2096.85,1815,1875,1140.7,true,0,1815,-1875,2096.85,2096.85,1815,1875,1141.1,true,0,1815,-1875
"2025-09-17T00:08:24Z","REV_TW1_U_01",0,true,2,1,0,0,0,0,0,0,13.79,,,0,13.79,0,0,,,,,3630,-3750,0.665,1.435,,,,37,,,,,2,,,,0.43,0.7,0.3,0.3,34600,34500,34400,,,,-4,59.9893,17,4961233,5420895,,,,,,,12,0,0,0,0,0,0,0,0,,2,,1146.7,22.93,20,88.5,88.5,14528.16,14528.16,100,-3912,3912,-3750,3630,-4200,4200,0,0,0,0,0,0,,,3.357,3.346,3.353,28,25,25.166,,,48,48,48,false,false,false,2,2,6,6,0,342,4200,16416,1500,-1500,0,0,1,0.505,0.2,0.2,999,999,999,999,999,999,999,999,3630,-3750,false,0,0,2,1,0,0,0,1,2,1,1,0,0,8,1,0,0,-1437814,0,37644,0,0,0,0,0,0,0,0,0,707.421,2093.91,2093.91,1815,1875,1140.7,true,0,1815,-1875,2093.91,2093.91,1815,1875,1141.1,true,0,1815,-1875
"2025-09-17T00:08:26Z","REV_TW1_U_01",0,true,2,1,0,0,0,0,0,0,13.79,,,0,13.79,0,0,,,,,3630,-3750,0.665,1.435,,,,37,,,,,2,,,,0.43,0.7,0.3,0.3,34600,34500,34400,,,,-4,59.9815,18,4961233,5420895,,,,,,,12,0,0,0,0,0,0,0,0,,2,,1146.7,24.08,21,88.5,88.5,14528.16,14528.16,100,-3912,3912,-3750,3630,-4200,4200,0,0,0,0,0,0,,,3.357,3.346,3.353,28,25,25.166,,,48,48,48,false,false,false,2,2,6,6,0,342,4200,16416,1500,-1500,0,0,1,0.505,0.2,0.2,999,999,999,999,999,999,999,999,3630,-3750,false,0,0,2,1,0,0,0,1,2,1,1,0,0,8,1,0,0,-1437815,0,37646,0,0,0,0,0,0,0,0,0,707.421,2097.27,2097.27,1815,1875,1140.7,true,0,1815,-1875,2097.27,2097.27,1815,1875,1141.1,true,0,1815,-1875
"2025-09-17T00:08:28Z","REV_TW1_U_01",0,true,2,1,0,0,0,0,0,0,13.79,,,0,13.79,0,0,,,,,3630,-3750,0.665,1.435,,,,37,,,,,2,,,,0.47,0.7,0.3,0.4,34600,34500,34400,,,,-4,59.9791,17,4961233,5420895,,,,,,,12,0,0,0,0,0,0,0,0,,2,,1146.7,22.93,20,88.5,88.5,14528.16,14528.16,100,-3912,3912,-3750,3630,-4200,4200,0,0,0,0,0,0,,,3.357,3.346,3.353,28,25,25.166,,,48,48,48,false,false,false,2,2,6,6,0,342,4200,16416,1500,-1500,0,0,1,0.505,0.2,0.2,999,999,999,999,999,999,999,999,3630,-3750,false,0,0,2,1,0,0,0,1,2,1,1,0,0,8,1,0,0,-1437815,0,37647,0,0,0,0,0,0,0,0,0,707.421,2096.22,2096.22,1815,1875,1140.7,true,0,1815,-1875,2096.22,2096.22,1815,1875,1141.1,true,0,1815,-1875
"2025-09-17T00:08:30Z","REV_TW1_U_01",0,true,2,1,0,0,0,0,0,0,13.79,,,0,13.79,0,0,,,,,3630,-3750,0.665,1.435,,,,37,,,,,2,,,,0.43,0.7,0.3,0.3,34600,34500,34400,,,,-4,59.985,18,4961233,5420895,,,,,,,12,0,0,0,0,0,0,0,0,,2,,1146.7,24.08,21,88.5,88.5,14528.16,14528.16,100,-3912,3912,-3750,3630,-4200,4200,0,0,0,0,0,0,,,3.357,3.346,3.353,28,25,25.166,,,48,48,48,false,false,false,2,2,6,6,0,342,4200,16416,1500,-1500,0,0,1,0.505,0.2,0.2,999,999,999,999,999,999,999,999,3630,-3750,false,0,0,2,1,0,0,0,1,2,1,1,0,0,8,1,0,0,-1437815,0,37650,0,0,0,0,0,0,0,0,0,707.421,2097.48,2097.48,1815,1875,1140.7,true,0,1815,-1875,2097.48,2097.48,1815,1875,1141.1,true,0,1815,-1875
"2025-09-17T00:08:32Z","REV_TW1_U_01",0,true,2,1,0,0,0,0,0,0,13.79,,,0,13.79,0,0,,,,,3630,-3750,0.665,1.435,,,,37,,,,,2,,,,0.43,0.7,0.3,0.3,34600,34500,34400,,,,-5,59.984,17,4961233,5420895,,,,,,,12,0,0,0,0,0,0,0,0,,2,,1146.7,22.93,20,88.5,88.5,14528.16,14528.16,100,-3912,3912,-3750,3630,-4200,4200,0,0,0,0,0,0,,,3.357,3.346,3.353,28,24,25.166,,,48,48,48,false,false,false,2,2,6,6,0,342,4200,16416,1500,-1500,0,0,1,0.505,0.2,0.2,999,999,999,999,999,999,999,999,3630,-3750,false,0,0,2,1,0,0,0,1,2,1,1,0,0,8,1,0,0,-1437815,0,37652,0,0,0,0,0,0,0,0,0,707.421,2097.9,2097.9,1815,1875,1140.7,true,0,1815,-1875,2097.9,2097.9,1815,1875,1141.1,true,0,1815,-1875
"2025-09-17T00:08:34Z","REV_TW1_U_01",0,true,2,1,0,0,0,0,0,0,13.79,,,0,13.79,0,0,,,,,3630,-3750,0.665,1.435,,,,37,,,,,2,,,,0.4,0.6,0.3,0.3,34600,34500,34400,,,,-5,59.9824,17,4961233,5420895,,,,,,,12,0,0,0,0,0,0,0,0,,2,,1146.7,24.08,21,88.5,88.5,14528.16,14528.16,100,-3912,3912,-3750,3630,-4200,4200,0,0,0,0,0,0,,,3.357,3.346,3.353,28,24,25.166,,,48,48,48,false,false,false,2,2,6,6,0,342,4200,16416,1500,-1500,0,0,1,0.505,0.2,0.2,999,999,999,999,999,999,999,999,3630,-3750,false,0,0,2,1,0,0,0,1,2,1,1,0,0,8,1,0,0,-1437815,0,37654,0,0,0,0,0,0,0,0,0,707.421,2098.32,2098.32,1815,1875,1140.7,true,0,1815,-1875,2098.32,2098.32,1815,1875,1141.1,true,0,1815,-1875
"2025-09-17T00:08:36Z","REV_TW1_U_01",0,true,2,1,0,0,0,0,0,0,13.79,,,0,13.79,0,0,,,,,3630,-3750,0.665,1.435,,,,37,,,,,2,,,,0.43,0.6,0.4,0.3,34600,34500,34400,,,,-5,59.9821,18,4961233,5420895,,,,,,,12,0,0,0,0,0,0,0,0,,2,,1146.7,24.08,21,88.5,88.5,14528.16,14528.16,100,-3912,3912,-3750,3630,-4200,4200,0,0,0,0,0,0,,,3.357,3.346,3.353,28,25,25.166,,,48,48,48,false,false,false,2,2,6,6,0,342,4200,16416,1500,-1500,0,0,1,0.505,0.2,0.2,999,999,999,999,999,999,999,999,3630,-3750,false,0,0,2,1,0,0,0,1,2,1,1,0,0,8,1,0,0,-1437815,0,37655,0,0,0,0,0,0,0,0,0,707.421,2096.64,2096.64,1815,1875,1140.7,true,0,1815,-1875,2096.64,2096.64,1815,1875,1141.1,true,0,1815,-1875
"2025-09-17T00:08:38Z","REV_TW1_U_01",0,true,2,1,0,0,0,0,0,0,13.79,,,0,13.79,0,0,,,,,3630,-3750,0.665,1.435,,,,37,,,,,2,,,,0.4,0.6,0.2,0.4,34600,34500,34400,,,,-5,59.9859,17,4961233,5420895,,,,,,,12,0,0,0,0,0,0,0,0,,2,,1146.7,24.08,21,88.5,88.5,14528.16,14528.16,100,-3912,3912,-3750,3630,-4200,4200,0,0,0,0,0,0,,,3.356,3.346,3.352,28,25,25.166,,,48,48,48,false,false,false,2,2,6,6,0,342,4200,16416,1500,-1500,0,0,1,0.505,0.2,0.2,999,999,999,999,999,999,999,999,3630,-3750,false,0,0,2,1,0,0,0,1,2,1,1,0,0,8,1,0,0,-1437815,0,37658,0,0,0,0,0,0,0,0,0,707.421,2097.06,2097.06,1815,1875,1140.6,true,0,1815,-1875,2097.06,2097.06,1815,1875,1141,true,0,1815,-1875
"2025-09-17T00:08:40Z","REV_TW1_U_01",0,true,2,1,0,0,0,0,0,0,13.79,,,0,13.79,0,0,,,,,3630,-3750,0.665,1.435,,,,37,,,,,2,,,,0.43,0.6,0.3,0.4,34600,34500,34400,,,,-4,59.9727,16,4961233,5420895,,,,,,,12,0,0,0,0,0,0,0,0,,2,,1146.6,22.93,20,88.5,88.5,14528.16,14528.16,100,-3912,3912,-3750,3630,-4200,4200,0,0,0,0,0,0,,,3.357,3.346,3.352,28,25,25.166,,,48,48,48,false,false,false,2,2,6,6,0,342,4200,16416,1500,-1500,0,0,1,0.505,0.3,0.3,999,999,999,999,999,999,999,999,3630,-3750,false,0,0,2,1,0,0,0,1,2,1,1,0,0,8,1,0,0,-1437815,0,37660,0,0,0,0,0,0,0,0,0,707.421,2095.8,2095.8,1815,1875,1140.7,true,0,1815,-1875,2095.8,2095.8,1815,1875,1141,true,0,1815,-1875
"2025-09-17T00:08:42Z","REV_TW1_U_01",0,true,2,1,0,0,0,0,0,0,13.79,,,0,13.79,0,0,,,,,3630,-3750,0.665,1.435,,,,37,,,,,2,,,,0.43,0.7,0.2,0.4,34600,34500,34400,,,,-5,59.9727,16,4961233,5420895,,,,,,,12,0,0,0,0,0,0,0,0,,2,,1146.6,24.08,21,88.5,88.5,14528.16,14528.16,100,-3912,3912,-3750,3630,-4200,4200,0,0,0,0,0,0,,,3.356,3.346,3.352,28,25,25.166,,,48,48,48,false,false,false,2,2,6,6,0,342,4200,16416,1500,-1500,0,0,1,0.505,0.3,0.3,999,999,999,999,999,999,999,999,3630,-3750,false,0,0,2,1,0,0,0,1,2,1,1,0,0,8,1,0,0,-1437816,0,37661,0,0,0,0,0,0,0,0,0,707.421,2095.38,2095.38,1815,1875,1140.6,true,0,1815,-1875,2095.38,2095.38,1815,1875,1141,true,0,1815,-1875
"2025-09-17T00:08:44Z","REV_TW1_U_01",0,true,2,1,0,0,0,0,0,0,13.79,,,0,13.79,0,0,,,,,3630,-3750,0.665,1.435,,,,37,,,,,2,,,,0.47,0.7,0.3,0.4,34600,34500,34400,,,,-6,59.9687,15,4961233,5420895,,,,,,,12,0,0,0,0,0,0,0,0,,2,,1146.6,24.08,21,88.5,88.5,14528.16,14528.16,100,-3912,3912,-3750,3630,-4200,4200,0,0,0,0,0,0,,,3.356,3.346,3.352,28,24,25.166,,,48,48,48,false,false,false,2,2,6,6,0,342,4200,16416,1500,-1500,0,0,1,0.505,0.3,0.3,999,999,999,999,999,999,999,999,3630,-3750,false,0,0,2,1,0,0,0,1,2,1,1,0,0,8,1,0,0,-1437816,0,37663,0,0,0,0,0,0,0,0,0,707.421,2095.59,2095.59,1815,1875,1140.6,true,0,1815,-1875,2095.59,2095.59,1815,1875,1141,true,0,1815,-1875
"2025-09-17T00:08:46Z","REV_TW1_U_01",0,true,2,1,0,0,0,0,0,0,13.79,,,0,13.79,0,0,,,,,3630,-3750,0.665,1.435,,,,37,,,,,2,,,,0.47,0.7,0.3,0.4,34600,34500,34400,,,,-4,59.9622,16,4961233,5420895,,,,,,,12,0,0,0,0,0,0,0,0,,2,,1146.6,24.08,21,88.5,88.5,14528.16,14528.16,100,-3912,3912,-3750,3630,-4200,4200,0,0,0,0,0,0,,,3.356,3.346,3.352,28,25,25.166,,,48,48,48,false,false,false,2,2,6,6,0,342,4200,16416,1500,-1500,0,0,1,0.505,0.3,0.3,999,999,999,999,999,999,999,999,3630,-3750,false,0,0,2,1,0,0,0,1,2,1,1,0,0,8,1,0,0,-1437816,0,37666,0,0,0,0,0,0,0,0,0,707.421,2097.06,2097.06,1815,1875,1140.6,true,0,1815,-1875,2097.48,2097.48,1815,1875,1141,true,0,1815,-1875
"2025-09-17T00:08:48Z","REV_TW1_U_01",0,true,2,1,0,0,0,0,0,0,13.79,,,0,13.79,0,0,,,,,3630,-3750,0.665,1.435,,,,37,,,,,2,,,,0.37,0.6,0.2,0.3,34600,34500,34400,,,,-5,59.9682,15,4961233,5420895,,,,,,,12,0,0,0,0,0,0,0,0,,2,,1146.6,24.08,21,88.5,88.5,14528.16,14528.16,100,-3912,3912,-3750,3630,-4200,4200,0,0,0,0,0,0,,,3.356,3.346,3.352,28,24,25.166,,,48,48,48,false,false,false,2,2,6,6,0,342,4200,16416,1500,-1500,0,0,1,0.505,0.3,0.3,999,999,999,999,999,999,999,999,3630,-3750,false,0,0,2,1,0,0,0,1,2,1,1,0,0,8,1,0,0,-1437816,0,37668,0,0,0,0,0,0,0,0,0,707.421,2096.43,2096.43,1815,1875,1140.6,true,0,1815,-1875,2096.43,2096.43,1815,1875,1141,true,0,1815,-1875
"2025-09-17T00:08:50Z","REV_TW1_U_01",0,true,2,1,0,0,0,0,0,0,13.79,,,0,13.79,0,0,,,,,3630,-3750,0.665,1.435,,,,38,,,,,2,,,,0.4,0.6,0.3,0.3,34600,34500,34400,,,,-5,59.968,16,4961233,5420895,,,,,,,12,0,0,0,0,0,0,0,0,,2,,1146.6,22.93,20,88.5,88.5,14528.16,14528.16,100,-3912,3912,-3750,3630,-4200,4200,0,0,0,0,0,0,,,3.356,3.346,3.352,28,25,25.166,,,48,48,48,false,false,false,2,2,6,6,0,342,4200,16416,1500,-1500,0,0,1,0.505,0.3,0.3,999,999,999,999,999,999,999,999,3630,-3750,false,0,0,2,1,0,0,0,1,2,1,1,0,0,8,1,0,0,-1437816,0,37669,0,0,0,0,0,0,0,0,0,707.421,2097.48,2097.48,1815,1875,1140.6,true,0,1815,-1875,2097.48,2097.48,1815,1875,1141,true,0,1815,-1875
"2025-09-17T00:08:52Z","REV_TW1_U_01",0,true,2,1,0,0,0,0,0,0,13.79,,,0,13.79,0,0,,,,,3630,-3750,0.665,1.435,,,,37,,,,,2,,,,0.43,0.7,0.2,0.4,34600,34500,34400,,,,-6,59.9741,17,4961233,5420895,,,,,,,12,0,0,0,0,0,0,0,0,,2,,1146.6,22.93,20,88.5,88.5,14528.16,14528.16,100,-3912,3912,-3750,3630,-4200,4200,0,0,0,0,0,0,,,3.356,3.346,3.352,28,25,25.166,,,48,48,48,false,false,false,2,2,6,6,0,342,4200,16416,1500,-1500,0,0,1,0.505,0.3,0.3,999,999,999,999,999,999,999,999,3630,-3750,false,0,0,2,1,0,0,0,1,2,1,1,0,0,8,1,0,0,-1437816,0,37672,0,0,0,0,0,0,0,0,0,707.421,2096.01,2096.01,1815,1875,1140.6,true,0,1815,-1875,2096.01,2096.01,1815,1875,1141,true,0,1815,-1875
"2025-09-17T00:08:54Z","REV_TW1_U_01",0,true,2,1,0,0,0,0,0,0,13.79,,,0,13.79,0,0,,,,,3630,-3750,0.665,1.435,,,,37,,,,,2,,,,0.43,0.6,0.4,0.3,34600,34500,34400,,,,-6,59.9801,16,4961233,5420895,,,,,,,12,0,0,0,0,0,0,0,0,,2,,1146.6,22.93,20,88.5,88.5,14528.16,14528.16,100,-3912,3912,-3750,3630,-4200,4200,0,0,0,0,0,0,,,3.356,3.346,3.352,28,24,25.166,,,48,48,48,false,false,false,2,2,6,6,0,342,4200,16416,1500,-1500,0,0,1,0.505,0.3,0.3,999,999,999,999,999,999,999,999,3630,-3750,false,0,0,2,1,0,0,0,1,2,1,1,0,0,8,1,0,0,-1437816,0,37674,0,0,0,0,0,0,0,0,0,707.421,2096.43,2096.43,1815,1875,1140.6,true,0,1815,-1875,2096.43,2096.43,1815,1875,1141,true,0,1815,-1875
"2025-09-17T00:08:56Z","REV_TW1_U_01",0,true,2,1,0,0,0,0,0,0,13.79,,,0,13.79,0,0,,,,,3630,-3750,0.665,1.435,,,,38,,,,,2,,,,0.47,0.7,0.3,0.4,34600,34500,34400,,,,-6,59.9769,18,4961233,5420895,,,,,,,12,0,0,0,0,0,0,0,0,,2,,1146.6,24.08,21,88.5,88.5,14528.16,14528.16,100,-3912,3912,-3750,3630,-4200,4200,0,0,0,0,0,0,,,3.356,3.346,3.352,28,25,25.166,,,48,48,48,false,false,false,2,2,6,6,0,342,4200,16416,1500,-1500,0,0,1,0.505,0.3,0.3,999,999,999,999,999,999,999,999,3630,-3750,false,0,0,2,1,0,0,0,1,2,1,1,0,0,8,1,0,0,-1437816,0,37675,0,0,0,0,0,0,0,0,0,707.421,2097.69,2097.69,1815,1875,1140.6,true,0,1815,-1875,2097.69,2097.69,1815,1875,1141,true,0,1815,-1875
"2025-09-17T00:08:58Z","REV_TW1_U_01",0,true,2,1,0,0,0,0,0,0,13.79,,,0,13.79,0,0,,,,,3630,-3750,0.665,1.435,,,,37,,,,,2,,,,0.4,0.6,0.2,0.4,34600,34500,34400,,,,-5,59.9772,16,4961233,5420895,,,,,,,12,0,0,0,0,0,0,0,0,,2,,1146.6,24.08,21,88.5,88.5,14528.16,14528.16,100,-3912,3912,-3750,3630,-4200,4200,0,0,0,0,0,0,,,3.356,3.346,3.352,28,25,25.166,,,48,48,48,false,false,false,2,2,6,6,0,342,4200,16416,1500,-1500,0,0,1,0.505,0.3,0.3,999,999,999,999,999,999,999,999,3630,-3750,false,0,0,2,1,0,0,0,1,2,1,1,0,0,8,1,0,0,-1437816,0,37678,0,0,0,0,0,0,0,0,0,707.421,2096.85,2096.85,1815,1875,1140.6,true,0,1815,-1875,2095.8,2095.8,1815,1875,1141,true,0,1815,-1875
"2025-09-17T00:09:00Z","REV_TW1_U_01",0,true,2,1,0,0,0,0,0,0,13.79,,,0,13.79,0,0,,,,,3630,-3750,0.665,1.435,,,,37,,,,,2,,,,0.43,0.6,0.3,0.4,34600,34500,34400,,,,-5,59.9866,18,4961233,5420895,,,,,,,12,0,0,0,0,0,0,0,0,,2,,1146.6,24.08,21,88.5,88.5,14528.16,14528.16,100,-3912,3912,-3750,3630,-4200,4200,0,0,0,0,0,0,,,3.356,3.345,3.352,28,25,25.166,,,48,48,48,false,false,false,2,2,6,6,0,342,4200,16416,1500,-1500,0,0,1,0.505,0.3,0.3,999,999,999,999,999,999,999,999,3630,-3750,false,0,0,2,1,0,0,0,1,2,1,1,0,0,8,1,0,0,-1437817,0,37680,0,0,0,0,0,0,0,0,0,707.421,2096.43,2096.43,1815,1875,1140.6,true,0,1815,-1875,2096.43,2096.43,1815,1875,1141,true,0,1815,-1875
"2025-09-17T00:09:02Z","REV_TW1_U_01",0,true,2,1,0,0,0,0,0,0,13.79,,,0,13.79,0,0,,,,,3630,-3750,0.665,1.435,,,,37,,,,,2,,,,0.47,0.7,0.3,0.4,34600,34500,34400,,,,-4,59.9852,19,4961233,5420895,,,,,,,12,0,0,0,0,0,0,0,0,,2,,1146.6,24.08,21,88.5,88.5,14528.16,14528.16,100,-3912,3912,-3750,3630,-4200,4200,0,0,0,0,0,0,,,3.356,3.346,3.352,28,25,25.166,,,48,48,48,false,false,false,2,2,6,6,0,342,4200,16416,1500,-1500,0,0,1,0.505,0.2,0.2,999,999,999,999,999,999,999,999,3630,-3750,false,0,0,2,1,0,0,0,1,2,1,1,0,0,8,1,0,0,-1437817,0,37681,0,0,0,0,0,0,0,0,0,707.421,2097.06,2097.06,1815,1875,1140.6,true,0,1815,-1875,2097.06,2097.06,1815,1875,1141,true,0,1815,-1875
"2025-09-17T00:09:04Z","REV_TW1_U_01",0,true,2,1,0,0,0,0,0,0,13.79,,,0,13.79,0,0,,,,,3630,-3750,0.665,1.435,,,,37,,,,,2,,,,0.4,0.6,0.2,0.4,34600,34500,34400,,,,-4,59.9781,18,4961233,5420895,,,,,,,12,0,0,0,0,0,0,0,0,,2,,1146.6,22.93,20,88.5,88.5,14528.16,14528.16,100,-3912,3912,-3750,3630,-4200,4200,0,0,0,0,0,0,,,3.356,3.346,3.352,28,25,25.166,,,48,48,48,false,false,false,2,2,6,6,0,342,4200,16416,1500,-1500,0,0,1,0.505,0.2,0.2,999,999,999,999,999,999,999,999,3630,-3750,false,0,0,2,1,0,0,0,1,2,1,1,0,0,8,1,0,0,-1437817,0,37684,0,0,0,0,0,0,0,0,0,707.421,2097.27,2097.27,1815,1875,1140.5,true,0,1815,-1875,2097.27,2097.27,1815,1875,1140.9,true,0,1815,-1875
"2025-09-17T00:09:06Z","REV_TW1_U_01",0,true,2,1,0,0,0,0,0,0,13.79,,,0,13.79,0,0,,,,,3630,-3750,0.665,1.435,,,,37,,,,,2,,,,0.43,0.6,0.3,0.4,34600,34500,34400,,,,-5,59.977,19,4961233,5420895,,,,,,,12,0,0,0,0,0,0,0,0,,2,,1146.6,22.93,20,88.5,88.5,14528.16,14528.16,100,-3912,3912,-3750,3630,-4200,4200,0,0,0,0,0,0,,,3.356,3.346,3.352,28,25,25.166,,,48,48,48,false,false,false,2,2,6,6,0,342,4200,16416,1500,-1500,0,0,1,0.505,0.2,0.2,999,999,999,999,999,999,999,999,3630,-3750,false,0,0,2,1,0,0,0,1,2,1,1,0,0,8,1,0,0,-1437817,0,37686,0,0,0,0,0,0,0,0,0,707.421,2096.01,2096.01,1815,1875,1140.5,true,0,1815,-1875,2096.01,2096.01,1815,1875,1141,true,0,1815,-1875
"2025-09-17T00:09:08Z","REV_TW1_U_01",0,true,2,1,0,0,0,0,0,0,13.79,,,0,13.79,0,0,,,,,3630,-3750,0.665,1.435,,,,37,,,,,2,,,,0.4,0.6,0.3,0.3,34600,34500,34400,,,,-4,59.9818,17,4961233,5420895,,,,,,,12,0,0,0,0,0,0,0,0,,2,,1146.5,24.08,21,88.5,88.5,14528.16,14528.16,100,-3912,3912,-3750,3630,-4200,4200,0,0,0,0,0,0,,,3.356,3.346,3.352,28,25,25.166,,,48,48,48,false,false,false,2,2,6,6,0,342,4200,16416,1500,-1500,0,0,1,0.505,0.2,0.2,999,999,999,999,999,999,999,999,3630,-3750,false,0,0,2,1,0,0,0,1,2,1,1,0,0,8,1,0,0,-1437817,0,37687,0,0,0,0,0,0,0,0,0,707.421,2097.27,2097.27,1815,1875,1140.6,true,0,1815,-1875,2097.27,2097.27,1815,1875,1141,true,0,1815,-1875
"2025-09-17T00:09:10Z","REV_TW1_U_01",0,true,2,1,0,0,0,0,0,0,13.79,,,0,13.79,0,0,,,,,3630,-3750,0.665,1.435,,,,37,,,,,2,,,,0.43,0.7,0.3,0.3,34600,34500,34400,,,,-4,59.9807,19,4961233,5420895,,,,,,,12,0,0,0,0,0,0,0,0,,2,,1146.5,25.22,22,88.5,88.5,14528.16,14528.16,100,-3912,3912,-3750,3630,-4200,4200,0,0,0,0,0,0,,,3.356,3.346,3.352,28,25,25.166,,,48,48,48,false,false,false,2,2,6,6,0,342,4200,16416,1500,-1500,0,0,1,0.505,0.2,0.2,999,999,999,999,999,999,999,999,3630,-3750,false,0,0,2,1,0,0,0,1,2,1,1,0,0,8,1,0,0,-1437817,0,37689,0,0,0,0,0,0,0,0,0,707.421,2098.32,2098.32,1815,1875,1140.6,true,0,1815,-1875,2098.32,2098.32,1815,1875,1141,true,0,1815,-1875
"2025-09-17T00:09:12Z","REV_TW1_U_01",0,true,2,1,0,0,0,0,0,0,13.79,,,0,13.79,0,0,,,,,3630,-3750,0.665,1.435,,,,37,,,,,2,,,,0.4,0.6,0.3,0.3,34600,34500,34400,,,,-4,59.9787,18,4961233,5420895,,,,,,,12,0,0,0,0,0,0,0,0,,2,,1146.5,22.93,20,88.5,88.5,14528.16,14528.16,100,-3912,3912,-3750,3630,-4200,4200,0,0,0,0,0,0,,,3.356,3.346,3.352,28,25,25.166,,,48,48,48,false,false,false,2,2,6,6,0,342,4200,16416,1500,-1500,0,0,1,0.505,0.2,0.2,999,999,999,999,999,999,999,999,3630,-3750,false,0,0,2,1,0,0,0,1,2,1,1,0,0,8,1,0,0,-1437817,0,37692,0,0,0,0,0,0,0,0,0,707.421,2098.32,2098.32,1815,1875,1140.5,true,0,1815,-1875,2098.32,2098.32,1815,1875,1140.9,true,0,1815,-1875
"2025-09-17T00:09:14Z","REV_TW1_U_01",0,true,2,1,0,0,0,0,0,0,13.79,,,0,13.79,0,0,,,,,3630,-3750,0.665,1.435,,,,37,,,,,2,,,,0.37,0.6,0.3,0.2,34600,34500,34400,,,,-4,59.9758,17,4961233,5420895,,,,,,,12,0,0,0,0,0,0,0,0,,2,,1146.5,22.93,20,88.5,88.5,14528.16,14528.16,100,-3912,3912,-3750,3630,-4200,4200,0,0,0,0,0,0,,,3.356,3.346,3.352,28,25,25.166,,,48,48,48,false,false,false,2,2,6,6,0,342,4200,16416,1500,-1500,0,0,1,0.505,0.2,0.2,999,999,999,999,999,999,999,999,3630,-3750,false,0,0,2,1,0,0,0,1,2,1,1,0,0,8,1,0,0,-1437817,0,37693,0,0,0,0,0,0,0,0,0,707.421,2096.64,2096.64,1815,1875,1140.5,true,0,1815,-1875,2096.64,2096.64,1815,1875,1140.9,true,0,1815,-1875
"2025-09-17T00:09:16Z","REV_TW1_U_01",0,true,2,1,0,0,0,0,0,0,13.79,,,0,13.79,0,0,,,,,3630,-3750,0.665,1.435,,,,37,,,,,2,,,,0.4,0.6,0.2,0.4,34600,34500,34400,,,,-5,59.9827,17,4961233,5420895,,,,,,,12,0,0,0,0,0,0,0,0,,2,,1146.5,25.22,22,88.5,88.5,14528.16,14528.16,100,-3912,3912,-3750,3630,-4200,4200,0,0,0,0,0,0,,,3.356,3.346,3.352,28,25,25.166,,,48,48,48,false,false,false,2,2,6,6,0,342,4200,16416,1500,-1500,0,0,1,0.505,0.2,0.2,999,999,999,999,999,999,999,999,3630,-3750,false,0,0,2,1,0,0,0,1,2,1,1,0,0,8,1,0,0,-1437817,0,37695,0,0,0,0,0,0,0,0,0,691.114,2097.69,2097.69,1815,1875,1140.5,true,0,1815,-1875,2097.69,2097.69,1815,1875,1140.9,true,0,1815,-1875
"2025-09-17T00:09:18Z","REV_TW1_U_01",0,true,2,1,0,0,0,0,0,0,13.79,,,0,13.79,0,0,,,,,3630,-3750,0.665,1.435,,,,37,,,,,2,,,,0.37,0.6,0.2,0.3,34600,34500,34400,,,,-5,59.9802,18,4961233,5420895,,,,,,,12,0,0,0,0,0,0,0,0,,2,,1146.5,24.08,21,88.5,88.5,14528.16,14528.16,100,-3912,3912,-3750,3630,-4200,4200,0,0,0,0,0,0,,,3.356,3.346,3.352,28,24,25.166,,,48,48,48,false,false,false,2,2,6,6,0,342,4200,16416,1500,-1500,0,0,1,0.505,0.2,0.2,999,999,999,999,999,999,999,999,3630,-3750,false,0,0,2,1,0,0,0,1,2,1,1,0,0,8,1,0,0,-1437818,0,37698,0,0,0,0,0,0,0,0,0,691.114,2095.17,2095.17,1815,1875,1140.5,true,0,1815,-1875,2095.17,2095.17,1815,1875,1140.9,true,0,1815,-1875
"2025-09-17T00:09:20Z","REV_TW1_U_01",0,true,2,1,0,0,0,0,0,0,13.79,,,0,13.79,0,0,,,,,3630,-3750,0.665,1.435,,,,37,,,,,2,,,,0.4,0.7,0.2,0.3,34600,34500,34400,,,,-5,59.9803,18,4961233,5420895,,,,,,,12,0,0,0,0,0,0,0,0,,2,,1146.5,22.93,20,88.5,88.5,14528.16,14528.16,100,-3912,3912,-3750,3630,-4200,4200,0,0,0,0,0,0,,,3.356,3.346,3.352,28,24,25.166,,,48,48,48,false,false,false,2,2,6,6,0,342,4200,16416,1500,-1500,0,0,1,0.505,0.2,0.2,999,999,999,999,999,999,999,999,3630,-3750,false,0,0,2,1,0,0,0,1,2,1,1,0,0,8,1,0,0,-1437818,0,37699,0,0,0,0,0,0,0,0,0,691.114,2096.43,2096.43,1815,1875,1140.5,true,0,1815,-1875,2096.43,2096.43,1815,1875,1140.9,true,0,1815,-1875
"2025-09-17T00:09:22Z","REV_TW1_U_01",0,true,2,1,0,0,0,0,0,0,13.79,,,0,13.79,0,0,,,,,3630,-3750,0.665,1.435,,,,37,,,,,2,,,,0.43,0.6,0.3,0.4,34600,34500,34400,,,,-5,59.9677,17,4961233,5420895,,,,,,,12,0,0,0,0,0,0,0,0,,2,,1146.5,22.93,20,88.5,88.5,14528.16,14528.16,100,-3912,3912,-3750,3630,-4200,4200,0,0,0,0,0,0,,,3.356,3.345,3.352,28,25,25.166,,,48,48,48,false,false,false,2,2,6,6,0,342,4200,16416,1500,-1500,0,0,1,0.505,0.2,0.2,999,999,999,999,999,999,999,999,3630,-3750,false,0,0,2,1,0,0,0,1,2,1,1,0,0,8,1,0,0,-1437818,0,37702,0,0,0,0,0,0,0,0,0,691.114,2096.85,2096.85,1815,1875,1140.5,true,0,1815,-1875,2096.85,2096.85,1815,1875,1140.9,true,0,1815,-1875
"2025-09-17T00:09:24Z","REV_TW1_U_01",0,true,2,1,0,0,0,0,0,0,13.79,,,0,13.79,0,0,,,,,3630,-3750,0.665,1.435,,,,37,,,,,2,,,,0.47,0.7,0.3,0.4,34600,34500,34400,,,,-5,59.9657,18,4961233,5420895,,,,,,,12,0,0,0,0,0,0,0,0,,2,,1146.5,24.08,21,88.5,88.5,14528.16,14528.16,100,-3912,3912,-3750,3630,-4200,4200,0,0,0,0,0,0,,,3.356,3.346,3.352,28,25,25.166,,,48,48,48,false,false,false,2,2,6,6,0,342,4200,16416,1500,-1500,0,0,1,0.505,0.2,0.2,999,999,999,999,999,999,999,999,3630,-3750,false,0,0,2,1,0,0,0,1,2,1,1,0,0,8,1,0,0,-1437818,0,37703,0,0,0,0,0,0,0,0,0,691.114,2098.74,2098.74,1815,1875,1140.5,true,0,1815,-1875,2098.74,2098.74,1815,1875,1140.9,true,0,1815,-1875
"2025-09-17T00:09:26Z","REV_TW1_U_01",0,true,2,1,0,0,0,0,0,0,13.79,,,0,13.79,0,0,,,,,3630,-3750,0.665,1.435,,,,37,,,,,2,,,,0.43,0.7,0.3,0.3,34600,34500,34400,,,,-5,59.9708,15,4961233,5420895,,,,,,,12,0,0,0,0,0,0,0,0,,2,,1146.5,25.22,22,88.5,88.5,14528.16,14528.16,100,-3912,3912,-3750,3630,-4200,4200,0,0,0,0,0,0,,,3.356,3.346,3.352,28,24,25.166,,,48,48,48,false,false,false,2,2,6,6,0,342,4200,16416,1500,-1500,0,0,1,0.505,0.2,0.2,999,999,999,999,999,999,999,999,3630,-3750,false,0,0,2,1,0,0,0,1,2,1,1,0,0,8,1,0,0,-1437818,0,37705,0,0,0,0,0,0,0,0,0,691.114,2098.53,2098.53,1815,1875,1140.5,true,0,1815,-1875,2098.53,2098.53,1815,1875,1140.9,true,0,1815,-1875
"2025-09-17T00:09:28Z","REV_TW1_U_01",0,true,2,1,0,0,0,0,0,0,13.79,,,0,13.79,0,0,,,,,3630,-3750,0.665,1.435,,,,37,,,,,2,,,,0.43,0.7,0.2,0.4,34600,34500,34400,,,,-5,59.9616,14,4961233,5420895,,,,,,,12,0,0,0,0,0,0,0,0,,2,,1146.5,24.08,21,88.5,88.5,14528.16,14528.16,100,-3912,3912,-3750,3630,-4200,4200,0,0,0,0,0,0,,,3.356,3.346,3.352,28,24,25.166,,,48,48,48,false,false,false,2,2,6,6,0,342,4200,16416,1500,-1500,0,0,1,0.505,0.2,0.2,999,999,999,999,999,999,999,999,3630,-3750,false,0,0,2,1,0,0,0,1,2,1,1,0,0,8,1,0,0,-1437818,0,37708,0,0,0,0,0,0,0,0,0,691.114,2097.06,2097.06,1815,1875,1140.5,true,0,1815,-1875,2098.11,2098.11,1815,1875,1140.9,true,0,1815,-1875
"2025-09-17T00:09:30Z","REV_TW1_U_01",0,true,2,1,0,0,0,0,0,0,13.79,,,0,13.79,0,0,,,,,3630,-3750,0.665,1.435,,,,37,,,,,2,,,,0.4,0.6,0.2,0.4,34700,34500,34400,,,,-6,59.9675,15,4961233,5420895,,,,,,,12,0,0,0,0,0,0,0,0,,2,,1146.5,24.08,21,88.5,88.5,14528.16,14528.16,100,-3912,3912,-3750,3630,-4200,4200,0,0,0,0,0,0,,,3.356,3.345,3.352,28,25,25.166,,,48,48,48,false,false,false,2,2,6,6,0,342,4200,16416,1500,-1500,0,0,1,0.505,0.2,0.2,999,999,999,999,999,999,999,999,3630,-3750,false,0,0,2,1,0,0,0,1,2,1,1,0,0,8,1,0,0,-1437818,0,37709,0,0,0,0,0,0,0,0,0,691.114,2098.32,2098.32,1815,1875,1140.5,true,0,1815,-1875,2098.32,2098.32,1815,1875,1140.9,true,0,1815,-1875
"2025-09-17T00:09:32Z","REV_TW1_U_01",0,true,2,1,0,0,0,0,0,0,13.79,,,0,13.79,0,0,,,,,3630,-3750,0.665,1.435,,,,37,,,,,2,,,,0.4,0.6,0.3,0.3,34700,34500,34400,,,,-5,59.9767,16,4961233,5420895,,,,,,,12,0,0,0,0,0,0,0,0,,2,,1146.5,22.93,20,88.5,88.5,14528.16,14528.16,100,-3912,3912,-3750,3630,-4200,4200,0,0,0,0,0,0,,,3.356,3.345,3.352,28,24,25.166,,,48,48,48,false,false,false,2,2,6,6,0,342,4200,16416,1500,-1500,0,0,1,0.505,0.2,0.2,999,999,999,999,999,999,999,999,3630,-3750,false,0,0,2,1,0,0,0,1,2,1,1,0,0,8,1,0,0,-1437818,0,37711,0,0,0,0,0,0,0,0,0,691.114,2097.69,2097.69,1815,1875,1140.5,true,0,1815,-1875,2098.95,2098.95,1815,1875,1140.9,true,0,1815,-1875
"2025-09-17T00:09:34Z","REV_TW1_U_01",0,true,2,1,0,0,0,0,0,0,13.79,,,0,13.79,0,0,,,,,3630,-3750,0.665,1.435,,,,38,,,,,2,,,,0.43,0.7,0.2,0.4,34700,34500,34400,,,,-5,59.9743,16,4961233,5420895,,,,,,,12,0,0,0,0,0,0,0,0,,2,,1146.5,22.93,20,88.5,88.5,14528.16,14528.16,100,-3912,3912,-3750,3630,-4200,4200,0,0,0,0,0,0,,,3.356,3.345,3.352,28,24,25.166,,,48,48,48,false,false,false,2,2,6,6,0,342,4200,16416,1500,-1500,0,0,1,0.505,0.2,0.2,999,999,999,999,999,999,999,999,3630,-3750,false,0,0,2,1,0,0,0,1,2,1,1,0,0,8,1,0,0,-1437819,0,37713,0,0,0,0,0,0,0,0,0,691.114,2096.85,2096.85,1815,1875,1140.4,true,0,1815,-1875,2096.85,2096.85,1815,1875,1140.9,true,0,1815,-1875
"2025-09-17T00:09:36Z","REV_TW1_U_01",0,true,2,1,0,0,0,0,0,0,13.79,,,0,13.79,0,0,,,,,3630,-3750,0.665,1.435,,,,38,,,,,2,,,,0.4,0.6,0.3,0.3,34600,34500,34400,,,,-6,59.9881,16,4961233,5420895,,,,,,,12,0,0,0,0,0,0,0,0,,2,,1146.4,22.93,20,88.5,88.5,14528.16,14528.16,100,-3912,3912,-3750,3630,-4200,4200,0,0,0,0,0,0,,,3.356,3.345,3.352,28,25,25.166,,,48,48,48,false,false,false,2,2,6,6,0,342,4200,16416,1500,-1500,0,0,1,0.505,0.2,0.2,999,999,999,999,999,999,999,999,3630,-3750,false,0,0,2,1,0,0,0,1,2,1,1,0,0,8,1,0,0,-1437819,0,37716,0,0,0,0,0,0,0,0,0,691.114,2097.27,2097.27,1815,1875,1140.4,true,0,1815,-1875,2097.27,2097.27,1815,1875,1140.9,true,0,1815,-1875
"2025-09-17T00:09:38Z","REV_TW1_U_01",0,true,2,1,0,0,0,0,0,0,13.79,,,0,13.79,0,0,,,,,3630,-3750,0.665,1.435,,,,38,,,,,2,,,,0.47,0.6,0.4,0.4,34600,34500,34400,,,,-6,59.9843,17,4961233,5420895,,,,,,,12,0,0,0,0,0,0,0,0,,2,,1146.4,22.93,20,88.5,88.5,14528.16,14528.16,100,-3912,3912,-3750,3630,-4200,4200,0,0,0,0,0,0,,,3.356,3.346,3.352,28,25,25.166,,,48,48,48,false,false,false,2,2,6,6,0,342,4200,16416,1500,-1500,0,0,1,0.505,0.2,0.2,999,999,999,999,999,999,999,999,3630,-3750,false,0,0,2,1,0,0,0,1,2,1,1,0,0,8,1,0,0,-1437819,0,37717,0,0,0,0,0,0,0,0,0,691.114,2097.48,2097.48,1815,1875,1140.5,true,0,1815,-1875,2096.43,2096.43,1815,1875,1140.9,true,0,1815,-1875
"2025-09-17T00:09:40Z","REV_TW1_U_01",0,true,2,1,0,0,0,0,0,0,13.79,,,0,13.79,0,0,,,,,3630,-3750,0.665,1.435,,,,37,,,,,2,,,,0.4,0.6,0.3,0.3,34600,34500,34400,,,,-5,59.9757,17,4961233,5420895,,,,,,,12,0,0,0,0,0,0,0,0,,2,,1146.4,22.93,20,88.5,88.5,14528.16,14528.16,100,-3912,3912,-3750,3630,-4200,4200,0,0,0,0,0,0,,,3.356,3.345,3.352,28,24,25.166,,,48,48,48,false,false,false,2,2,6,6,0,342,4200,16416,1500,-1500,0,0,1,0.505,0.2,0.2,999,999,999,999,999,999,999,999,3630,-3750,false,0,0,2,1,0,0,0,1,2,1,1,0,0,8,1,0,0,-1437819,0,37719,0,0,0,0,0,0,0,0,0,691.114,2097.69,2097.69,1815,1875,1140.4,true,0,1815,-1875,2097.69,2097.69,1815,1875,1140.8,true,0,1815,-1875
"2025-09-17T00:09:42Z","REV_TW1_U_01",0,true,2,1,0,0,0,0,0,0,13.79,,,0,13.79,0,0,,,,,3630,-3750,0.665,1.435,,,,37,,,,,2,,,,0.4,0.6,0.3,0.3,34600,34500,34400,,,,-5,59.9855,18,4961233,5420895,,,,,,,12,0,0,0,0,0,0,0,0,,2,,1146.4,24.07,21,88.5,88.5,14528.16,14528.16,100,-3912,3912,-3750,3630,-4200,4200,0,0,0,0,0,0,,,3.356,3.346,3.352,28,24,25.166,,,48,48,48,false,false,false,2,2,6,6,0,342,4200,16416,1500,-1500,0,0,1,0.505,0.2,0.2,999,999,999,999,999,999,999,999,3630,-3750,false,0,0,2,1,0,0,0,1,2,1,1,0,0,8,1,0,0,-1437819,0,37721,0,0,0,0,0,0,0,0,0,691.114,2098.74,2098.74,1815,1875,1140.4,true,0,1815,-1875,2098.74,2098.74,1815,1875,1140.8,true,0,1815,-1875
"2025-09-17T00:09:44Z","REV_TW1_U_01",0,true,2,1,0,0,0,0,0,0,13.79,,,0,13.79,0,0,,,,,3630,-3750,0.665,1.435,,,,37,,,,,2,,,,0.47,0.7,0.3,0.4,34600,34500,34400,,,,-5,59.976,17,4961233,5420895,,,,,,,12,0,0,0,0,0,0,0,0,,2,,1146.4,24.07,21,88.5,88.5,14528.16,14528.16,100,-3912,3912,-3750,3630,-4200,4200,0,0,0,0,0,0,,,3.356,3.345,3.352,28,24,25.166,,,48,48,48,false,false,false,2,2,6,6,0,342,4200,16416,1500,-1500,0,0,1,0.505,0.2,0.2,999,999,999,999,999,999,999,999,3630,-3750,false,0,0,2,1,0,0,0,1,2,1,1,0,0,8,1,0,0,-1437819,0,37724,0,0,0,0,0,0,0,0,0,691.114,2097.69,2097.69,1815,1875,1140.4,true,0,1815,-1875,2097.69,2097.69,1815,1875,1140.8,true,0,1815,-1875
"2025-09-17T00:09:46Z","REV_TW1_U_01",0,true,2,1,0,0,0,0,0,0,13.79,,,0,13.79,0,0,,,,,3630,-3750,0.665,1.435,,,,37,,,,,2,,,,0.4,0.6,0.3,0.3,34700,34500,34400,,,,-5,59.9742,18,4961233,5420895,,,,,,,12,0,0,0,0,0,0,0,0,,2,,1146.4,22.93,20,88.5,88.5,14528.16,14528.16,100,-3912,3912,-3750,3630,-4200,4200,0,0,0,0,0,0,,,3.356,3.345,3.352,28,25,25.166,,,48,48,48,false,false,false,2,2,6,6,0,342,4200,16416,1500,-1500,0,0,1,0.505,0.2,0.2,999,999,999,999,999,999,999,999,3630,-3750,false,0,0,2,1,0,0,0,1,2,1,1,0,0,8,1,0,0,-1437819,0,37725,0,0,0,0,0,0,0,0,0,691.114,2097.27,2097.27,1815,1875,1140.4,true,0,1815,-1875,2097.27,2097.27,1815,1875,1140.8,true,0,1815,-1875
"2025-09-17T00:09:48Z","REV_TW1_U_01",0,true,2,1,0,0,0,0,0,0,13.79,,,0,13.79,0,0,,,,,3630,-3750,0.665,1.435,,,,38,,,,,2,,,,0.47,0.7,0.3,0.4,34600,34500,34400,,,,-4,59.9756,19,4961233,5420895,,,,,,,12,0,0,0,0,0,0,0,0,,2,,1146.4,22.93,20,88.5,88.5,14528.16,14528.16,100,-3912,3912,-3750,3630,-4200,4200,0,0,0,0,0,0,,,3.356,3.345,3.352,28,25,25.166,,,48,48,48,false,false,false,2,2,6,6,0,342,4200,16416,1500,-1500,0,0,1,0.505,0.2,0.2,999,999,999,999,999,999,999,999,3630,-3750,false,0,0,2,1,0,0,0,1,2,1,1,0,0,8,1,0,0,-1437819,0,37727,0,0,0,0,0,0,0,0,0,691.114,2098.53,2098.53,1815,1875,1140.4,true,0,1815,-1875,2098.53,2098.53,1815,1875,1140.8,true,0,1815,-1875
"2025-09-17T00:09:50Z","REV_TW1_U_01",0,true,2,1,0,0,0,0,0,0,13.79,,,0,13.79,0,0,,,,,3630,-3750,0.665,1.435,,,,37,,,,,2,,,,0.43,0.7,0.3,0.3,34700,34500,34400,,,,-4,59.9755,19,4961233,5420895,,,,,,,12,0,0,0,0,0,0,0,0,,2,,1146.4,22.93,20,88.5,88.5,14528.16,14528.16,100,-3912,3912,-3750,3630,-4200,4200,0,0,0,0,0,0,,,3.356,3.345,3.352,28,24,25.166,,,48,48,48,false,false,false,2,2,6,6,0,342,4200,16416,1500,-1500,0,0,1,0.505,0.2,0.2,999,999,999,999,999,999,999,999,3630,-3750,false,0,0,2,1,0,0,0,1,2,1,1,0,0,8,1,0,0,-1437819,0,37729,0,0,0,0,0,0,0,0,0,691.114,2097.9,2097.9,1815,1875,1140.4,true,0,1815,-1875,2097.9,2097.9,1815,1875,1140.8,true,0,1815,-1875
"2025-09-17T00:09:52Z","REV_TW1_U_01",0,true,2,1,0,0,0,0,0,0,13.79,,,0,13.79,0,0,,,,,3630,-3750,0.665,1.435,,,,37,,,,,2,,,,0.43,0.7,0.2,0.4,34600,34500,34400,,,,-4,59.9819,18,4961233,5420895,,,,,,,12,0,0,0,0,0,0,0,0,,2,,1146.4,24.07,21,88.5,88.5,14528.16,14528.16,100,-3912,3912,-3750,3630,-4200,4200,0,0,0,0,0,0,,,3.356,3.345,3.352,28,25,25.166,,,48,48,48,false,false,false,2,2,6,6,0,342,4200,16416,1500,-1500,0,0,1,0.505,0.2,0.2,999,999,999,999,999,999,999,999,3630,-3750,false,0,0,2,1,0,0,0,1,2,1,1,0,0,8,1,0,0,-1437820,0,37731,0,0,0,0,0,0,0,0,0,691.114,2099.37,2099.37,1815,1875,1140.4,true,0,1815,-1875,2099.37,2099.37,1815,1875,1140.8,true,0,1815,-1875
"2025-09-17T00:09:54Z","REV_TW1_U_01",0,true,2,1,0,0,0,0,0,0,13.79,,,0,13.79,0,0,,,,,3630,-3750,0.665,1.435,,,,37,,,,,2,,,,0.43,0.7,0.3,0.3,34600,34500,34400,,,,-3,59.9764,18,4961233,5420895,,,,,,,12,0,0,0,0,0,0,0,0,,2,,1146.4,22.93,20,88.5,88.5,14528.16,14528.16,100,-3912,3912,-3750,3630,-4200,4200,0,0,0,0,0,0,,,3.356,3.345,3.352,28,25,25.166,,,48,48,48,false,false,false,2,2,6,6,0,342,4200,16416,1500,-1500,0,0,1,0.505,0.2,0.2,999,999,999,999,999,999,999,999,3630,-3750,false,0,0,2,1,0,0,0,1,2,1,1,0,0,8,1,0,0,-1437820,0,37733,0,0,0,0,0,0,0,0,0,691.114,2097.9,2097.9,1815,1875,1140.4,true,0,1815,-1875,2097.9,2097.9,1815,1875,1140.8,true,0,1815,-1875
"2025-09-17T00:09:56Z","REV_TW1_U_01",0,true,2,1,0,0,0,0,0,0,13.79,,,0,13.79,0,0,,,,,3630,-3750,0.665,1.435,,,,37,,,,,2,,,,0.47,0.7,0.3,0.4,34600,34500,34400,,,,-4,59.9784,18,4961233,5420895,,,,,,,12,0,0,0,0,0,0,0,0,,2,,1146.4,22.93,20,88.5,88.5,14528.16,14528.16,100,-3912,3912,-3750,3630,-4200,4200,0,0,0,0,0,0,,,3.356,3.345,3.352,28,25,25.166,,,48,48,48,false,false,false,2,2,6,6,0,342,4200,16416,1500,-1500,0,0,1,0.505,0.2,0.2,999,999,999,999,999,999,999,999,3630,-3750,false,0,0,2,1,0,0,0,1,2,1,1,0,0,8,1,0,0,-1437820,0,37735,0,0,0,0,0,0,0,0,0,691.114,2097.06,2097.06,1815,1875,1140.4,true,0,1815,-1875,2097.27,2097.27,1815,1875,1140.8,true,0,1815,-1875
"2025-09-17T00:09:58Z","REV_TW1_U_01",0,true,2,1,0,0,0,0,0,0,13.79,,,0,13.79,0,0,,,,,3630,-3750,0.665,1.435,,,,37,,,,,2,,,,0.47,0.6,0.4,0.4,34600,34500,34400,,,,-4,59.9773,17,4961233,5420895,,,,,,,12,0,0,0,0,0,0,0,0,,2,,1146.4,24.07,21,88.5,88.5,14528.16,14528.16,100,-3912,3912,-3750,3630,-4200,4200,0,0,0,0,0,0,,,3.356,3.345,3.352,28,24,25.166,,,48,48,48,false,false,false,2,2,6,6,0,342,4200,16416,1500,-1500,0,0,1,0.505,0.2,0.2,999,999,999,999,999,999,999,999,3630,-3750,false,0,0,2,1,0,0,0,1,2,1,1,0,0,8,1,0,0,-1437820,0,37737,0,0,0,0,0,0,0,0,0,691.114,2097.69,2097.69,1815,1875,1140.4,true,0,1815,-1875,2097.69,2097.69,1815,1875,1140.8,true,0,1815,-1875
"2025-09-17T00:10:00Z","REV_TW1_U_01",0,true,2,1,0,0,0,0,0,0,13.79,,,0,13.79,0,0,,,,,3630,-3750,0.665,1.435,,,,37,,,,,2,,,,0.43,0.7,0.3,0.3,34600,34500,34400,,,,-5,59.9806,17,4961233,5420895,,,,,,,12,0,0,0,0,0,0,0,0,,2,,1146.4,22.93,20,88.5,88.5,14528.16,14528.16,100,-3912,3912,-3750,3630,-4200,4200,0,0,0,0,0,0,,,3.356,3.345,3.352,28,24,25.166,,,48,48,48,false,false,false,2,2,6,6,0,342,4200,16416,1500,-1500,0,0,1,0.505,0.2,0.2,999,999,999,999,999,999,999,999,3630,-3750,false,0,0,2,1,0,0,0,1,2,1,1,0,0,8,1,0,0,-1437820,0,37739,0,0,0,0,0,0,0,0,0,691.114,2095.59,2095.59,1815,1875,1140.4,true,0,1815,-1875,2095.59,2095.59,1815,1875,1140.8,true,0,1815,-1875
"2025-09-17T00:10:02Z","REV_TW1_U_01",0,true,2,1,0,0,0,0,0,0,13.79,,,0,13.79,0,0,,,,,3630,-3750,0.665,1.435,,,,37,,,,,2,,,,0.4,0.6,0.3,0.3,34600,34500,34400,,,,-5,59.982,18,4961233,5420895,,,,,,,12,0,0,0,0,0,0,0,0,,2,,1146.4,22.93,20,88.5,88.5,14528.16,14528.16,100,-3912,3912,-3750,3630,-4200,4200,0,0,0,0,0,0,,,3.356,3.345,3.352,28,25,25.166,,,48,48,48,false,false,false,2,2,6,6,0,342,4200,16416,1500,-1500,0,0,1,0.505,0.2,0.2,999,999,999,999,999,999,999,999,3630,-3750,false,0,0,2,1,0,0,0,1,2,1,1,0,0,8,1,0,0,-1437820,0,37741,0,0,0,0,0,0,0,0,0,691.114,2097.06,2097.06,1815,1875,1140.4,true,0,1815,-1875,2097.06,2097.06,1815,1875,1140.8,true,0,1815,-1875
"2025-09-17T00:10:04Z","REV_TW1_U_01",0,true,2,1,0,0,0,0,0,0,13.79,,,0,13.79,0,0,,,,,3630,-3750,0.665,1.435,,,,38,,,,,2,,,,0.37,0.6,0.2,0.3,34600,34500,34400,,,,-5,59.9765,17,4961233,5420895,,,,,,,12,0,0,0,0,0,0,0,0,,2,,1146.4,22.93,20,88.5,88.5,14528.16,14528.16,100,-3912,3912,-3750,3630,-4200,4200,0,0,0,0,0,0,,,3.356,3.345,3.352,28,24,25.166,,,48,48,48,false,false,false,2,2,6,6,0,342,4200,16416,1500,-1500,0,0,1,0.505,0.2,0.2,999,999,999,999,999,999,999,999,3630,-3750,false,0,0,2,1,0,0,0,1,2,1,1,0,0,8,1,0,0,-1437820,0,37743,0,0,0,0,0,0,0,0,0,691.114,2097.48,2097.48,1815,1875,1140.4,true,0,1815,-1875,2097.48,2097.48,1815,1875,1140.8,true,0,1815,-1875
"2025-09-17T00:10:06Z","REV_TW1_U_01",0,true,2,1,0,0,0,0,0,0,13.79,,,0,13.79,0,0,,,,,3630,-3750,0.665,1.435,,,,37,,,,,2,,,,0.37,0.6,0.2,0.3,34600,34500,34400,,,,-5,59.9838,17,4961233,5420895,,,,,,,12,0,0,0,0,0,0,0,0,,2,,1146.4,25.22,22,88.5,88.5,14528.16,14528.16,100,-3912,3912,-3750,3630,-4200,4200,0,0,0,0,0,0,,,3.356,3.345,3.352,28,24,25.166,,,48,48,48,false,false,false,2,2,6,6,0,342,4200,16416,1500,-1500,0,0,1,0.505,0.2,0.2,999,999,999,999,999,999,999,999,3630,-3750,false,0,0,2,1,0,0,0,1,2,1,1,0,0,8,1,0,0,-1437820,0,37745,0,0,0,0,0,0,0,0,0,691.114,2096.85,2096.85,1815,1875,1140.4,true,0,1815,-1875,2096.85,2096.85,1815,1875,1140.8,true,0,1815,-1875
"2025-09-17T00:10:08Z","REV_TW1_U_01",0,true,2,1,0,0,0,0,0,0,13.79,,,0,13.79,0,0,,,,,3630,-3750,0.665,1.435,,,,38,,,,,2,,,,0.4,0.6,0.3,0.3,34600,34500,34400,,,,-5,59.9875,15,4961233,5420895,,,,,,,12,0,0,0,0,0,0,0,0,,2,,1146.4,24.07,21,88.5,88.5,14528.16,14528.16,100,-3912,3912,-3750,3630,-4200,4200,0,0,0,0,0,0,,,3.356,3.345,3.352,28,24,25.166,,,48,48,48,false,false,false,2,2,6,6,0,342,4200,16416,1500,-1500,0,0,1,0.505,0.2,0.2,999,999,999,999,999,999,999,999,3630,-3750,false,0,0,2,1,0,0,0,1,2,1,1,0,0,8,1,0,0,-1437820,0,37747,0,0,0,0,0,0,0,0,0,691.114,2098.95,2098.95,1815,1875,1140.4,true,0,1815,-1875,2098.95,2098.95,1815,1875,1140.8,true,0,1815,-1875
"2025-09-17T00:10:10Z","REV_TW1_U_01",0,true,2,1,0,0,0,0,0,0,13.79,,,0,13.79,0,0,,,,,3630,-3750,0.665,1.435,,,,37,,,,,2,,,,0.37,0.6,0.2,0.3,34600,34500,34400,,,,-5,59.9856,16,4961233,5420895,,,,,,,12,0,0,0,0,0,0,0,0,,2,,1146.3,22.93,20,88.5,88.5,14528.16,14528.16,100,-3912,3912,-3750,3630,-4200,4200,0,0,0,0,0,0,,,3.356,3.345,3.352,28,24,25.166,,,48,48,48,false,false,false,2,2,6,6,0,342,4200,16416,1500,-1500,0,0,1,0.505,0.2,0.2,999,999,999,999,999,999,999,999,3630,-3750,false,0,0,2,1,0,0,0,1,2,1,1,0,0,8,1,0,0,-1437821,0,37749,0,0,0,0,0,0,0,0,0,691.114,2096.64,2096.64,1815,1875,1140.4,true,0,1815,-1875,2096.64,2096.64,1815,1875,1140.8,true,0,1815,-1875
"2025-09-17T00:10:12Z","REV_TW1_U_01",0,true,2,1,0,0,0,0,0,0,13.79,,,0,13.79,0,0,,,,,3630,-3750,0.665,1.435,,,,37,,,,,2,,,,0.4,0.6,0.3,0.3,34600,34500,34400,,,,-4,59.9796,16,4961233,5420895,,,,,,,12,0,0,0,0,0,0,0,0,,2,,1146.3,24.07,21,88.5,88.5,14528.16,14528.16,100,-3912,3912,-3750,3630,-4200,4200,0,0,0,0,0,0,,,3.356,3.345,3.352,28,25,25.166,,,48,48,48,false,false,false,2,2,6,6,0,342,4200,16416,1500,-1500,0,0,1,0.505,0.2,0.2,999,999,999,999,999,999,999,999,3630,-3750,false,0,0,2,1,0,0,0,1,2,1,1,0,0,8,1,0,0,-1437821,0,37751,0,0,0,0,0,0,0,0,0,691.114,2097.48,2097.48,1815,1875,1140.3,true,0,1815,-1875,2097.48,2097.48,1815,1875,1140.8,true,0,1815,-1875
"2025-09-17T00:10:14Z","REV_TW1_U_01",0,true,2,1,0,0,0,0,0,0,13.79,,,0,13.79,0,0,,,,,3630,-3750,0.665,1.435,,,,37,,,,,2,,,,0.4,0.6,0.2,0.4,34600,34500,34400,,,,-4,59.9732,15,4961233,5420895,,,,,,,12,0,0,0,0,0,0,0,0,,2,,1146.3,22.93,20,88.5,88.5,14528.16,14528.16,100,-3912,3912,-3750,3630,-4200,4200,0,0,0,0,0,0,,,3.356,3.345,3.352,28,24,25.166,,,48,48,48,false,false,false,2,2,6,6,0,342,4200,16416,1500,-1500,0,0,1,0.505,0.2,0.2,999,999,999,999,999,999,999,999,3630,-3750,false,0,0,2,1,0,0,0,1,2,1,1,0,0,8,1,0,0,-1437821,0,37753,0,0,0,0,0,0,0,0,0,691.114,2097.27,2097.27,1815,1875,1140.4,true,0,1815,-1875,2097.27,2097.27,1815,1875,1140.8,true,0,1815,-1875
"2025-09-17T00:10:16Z","REV_TW1_U_01",0,true,2,1,0,0,0,0,0,0,13.79,,,0,13.79,0,0,,,,,3630,-3750,0.665,1.435,,,,38,,,,,2,,,,0.4,0.6,0.3,0.3,34600,34500,34400,,,,-5,59.9795,16,4961233,5420895,,,,,,,12,0,0,0,0,0,0,0,0,,2,,1146.3,22.93,20,88.5,88.5,14528.16,14528.16,100,-3912,3912,-3750,3630,-4200,4200,0,0,0,0,0,0,,,3.356,3.345,3.352,28,24,25.166,,,48,48,48,false,false,false,2,2,6,6,0,342,4200,16416,1500,-1500,0,0,1,0.505,0.2,0.2,999,999,999,999,999,999,999,999,3630,-3750,false,0,0,2,1,0,0,0,1,2,1,1,0,0,8,1,0,0,-1437821,0,37755,0,0,0,0,0,0,0,0,0,691.114,2097.48,2097.48,1815,1875,1140.3,true,0,1815,-1875,2097.48,2097.48,1815,1875,1140.7,true,0,1815,-1875
"2025-09-17T00:10:18Z","REV_TW1_U_01",0,true,2,1,0,0,0,0,0,0,13.79,,,0,13.79,0,0,,,,,3630,-3750,0.665,1.435,,,,37,,,,,2,,,,0.4,0.6,0.2,0.4,34600,34500,34400,,,,-6,59.977,15,4961233,5420895,,,,,,,12,0,0,0,0,0,0,0,0,,2,,1146.3,24.07,21,88.5,88.5,14528.16,14528.16,100,-3912,3912,-3750,3630,-4200,4200,0,0,0,0,0,0,,,3.356,3.345,3.352,28,24,25.166,,,48,48,48,false,false,false,2,2,6,6,0,342,4200,16416,1500,-1500,0,0,1,0.505,0.2,0.2,999,999,999,999,999,999,999,999,3630,-3750,false,0,0,2,1,0,0,0,1,2,1,1,0,0,8,1,0,0,-1437821,0,37757,0,0,0,0,0,0,0,0,0,691.114,2096.43,2096.43,1815,1875,1140.3,true,0,1815,-1875,2096.43,2096.43,1815,1875,1140.7,true,0,1815,-1875
"2025-09-17T00:10:20Z","REV_TW1_U_01",0,true,2,1,0,0,0,0,0,0,13.79,,,0,13.79,0,0,,,,,3630,-3750,0.665,1.435,,,,37,,,,,2,,,,0.4,0.6,0.3,0.3,34700,34500,34400,,,,-6,59.9748,17,4961233,5420895,,,,,,,12,0,0,0,0,0,0,0,0,,2,,1146.3,24.07,21,88.5,88.5,14528.16,14528.16,100,-3912,3912,-3750,3630,-4200,4200,0,0,0,0,0,0,,,3.356,3.345,3.352,28,25,25.166,,,48,48,48,false,false,false,2,2,6,6,0,342,4200,16416,1500,-1500,0,0,1,0.505,0.2,0.2,999,999,999,999,999,999,999,999,3630,-3750,false,0,0,2,1,0,0,0,1,2,1,1,0,0,8,1,0,0,-1437821,0,37759,0,0,0,0,0,0,0,0,0,691.114,2096.85,2096.85,1815,1875,1140.3,true,0,1815,-1875,2096.85,2096.85,1815,1875,1140.7,true,0,1815,-1875
"2025-09-17T00:10:22Z","REV_TW1_U_01",0,true,2,1,0,0,0,0,0,0,13.79,,,0,13.79,0,0,,,,,3630,-3750,0.665,1.435,,,,38,,,,,2,,,,0.4,0.6,0.3,0.3,34600,34500,34400,,,,-6,59.9738,15,4961233,5420895,,,,,,,12,0,0,0,0,0,0,0,0,,2,,1146.3,24.07,21,88.5,88.5,14528.16,14528.16,100,-3912,3912,-3750,3630,-4200,4200,0,0,0,0,0,0,,,3.356,3.344,3.352,28,24,25.166,,,48,48,48,false,false,false,2,2,6,6,0,342,4200,16416,1500,-1500,0,0,1,0.505,0.2,0.2,999,999,999,999,999,999,999,999,3630,-3750,false,0,0,2,1,0,0,0,1,2,1,1,0,0,8,1,0,0,-1437821,0,37761,0,0,0,0,0,0,0,0,0,691.114,2097.9,2097.9,1815,1875,1140.3,true,0,1815,-1875,2097.9,2097.9,1815,1875,1140.7,true,0,1815,-1875
"2025-09-17T00:10:24Z","REV_TW1_U_01",0,true,2,1,0,0,0,0,0,0,13.79,,,0,13.79,0,0,,,,,3630,-3750,0.665,1.435,,,,37,,,,,2,,,,0.4,0.6,0.3,0.3,34700,34500,34400,,,,-5,59.9693,17,4961233,5420895,,,,,,,12,0,0,0,0,0,0,0,0,,2,,1146.3,24.07,21,88.5,88.5,14528.16,14528.16,100,-3912,3912,-3750,3630,-4200,4200,0,0,0,0,0,0,,,3.356,3.345,3.352,28,24,25.166,,,48,48,48,false,false,false,2,2,6,6,0,342,4200,16416,1500,-1500,0,0,1,0.505,0.2,0.2,999,999,999,999,999,999,999,999,3630,-3750,false,0,0,2,1,0,0,0,1,2,1,1,0,0,8,1,0,0,-1437821,0,37763,0,0,0,0,0,0,0,0,0,691.114,2099.58,2099.58,1815,1875,1140.3,true,0,1815,-1875,2099.58,2099.58,1815,1875,1140.7,true,0,1815,-1875
"2025-09-17T00:10:26Z","REV_TW1_U_01",0,true,2,1,0,0,0,0,0,0,13.79,,,0,13.79,0,0,,,,,3630,-3750,0.665,1.435,,,,37,,,,,2,,,,0.43,0.6,0.3,0.4,34600,34500,34400,,,,-5,59.9739,18,4961233,5420895,,,,,,,12,0,0,0,0,0,0,0,0,,2,,1146.3,24.07,21,88.5,88.5,14528.16,14528.16,100,-3912,3912,-3750,3630,-4200,4200,0,0,0,0,0,0,,,3.356,3.345,3.351,28,24,25.166,,,48,48,48,false,false,false,2,2,6,6,0,342,4200,16416,1500,-1500,0,0,1,0.505,0.2,0.2,999,999,999,999,999,999,999,999,3630,-3750,false,0,0,2,1,0,0,0,1,2,1,1,0,0,8,1,0,0,-1437822,0,37765,0,0,0,0,0,0,0,0,0,691.114,2097.27,2097.27,1815,1875,1140.3,true,0,1815,-1875,2097.27,2097.27,1815,1875,1140.7,true,0,1815,-1875
"2025-09-17T00:10:28Z","REV_TW1_U_01",0,true,2,1,0,0,0,0,0,0,13.79,,,0,13.79,0,0,,,,,3630,-3750,0.665,1.435,,,,37,,,,,2,,,,0.47,0.7,0.3,0.4,34700,34500,34400,,,,-5,59.9765,18,4961233,5420895,,,,,,,12,0,0,0,0,0,0,0,0,,2,,1146.3,24.07,21,88.5,88.5,14528.16,14528.16,100,-3912,3912,-3750,3630,-4200,4200,0,0,0,0,0,0,,,3.356,3.345,3.351,28,24,25.166,,,48,48,48,false,false,false,2,2,6,6,0,342,4200,16416,1500,-1500,0,0,1,0.505,0.2,0.2,999,999,999,999,999,999,999,999,3630,-3750,false,0,0,2,1,0,0,0,1,2,1,1,0,0,8,1,0,0,-1437822,0,37767,0,0,0,0,0,0,0,0,0,691.114,2098.74,2098.74,1815,1875,1140.3,true,0,1815,-1875,2098.74,2098.74,1815,1875,1140.7,true,0,1815,-1875
"2025-09-17T00:10:30Z","REV_TW1_U_01",0,true,2,1,0,0,0,0,0,0,13.79,,,0,13.79,0,0,,,,,3630,-3750,0.665,1.435,,,,38,,,,,2,,,,0.33,0.6,0.2,0.2,34700,34500,34400,,,,-5,59.9726,18,4961233,5420895,,,,,,,12,0,0,0,0,0,0,0,0,,2,,1146.3,24.07,21,88.5,88.5,14528.16,14528.16,100,-3912,3912,-3750,3630,-4200,4200,0,0,0,0,0,0,,,3.356,3.345,3.351,28,25,25.166,,,48,48,48,false,false,false,2,2,6,6,0,342,4200,16416,1500,-1500,0,0,1,0.505,0.2,0.2,999,999,999,999,999,999,999,999,3630,-3750,false,0,0,2,1,0,0,0,1,2,1,1,0,0,8,1,0,0,-1437822,0,37769,0,0,0,0,0,0,0,0,0,691.114,2098.11,2098.11,1815,1875,1140.3,true,0,1815,-1875,2098.11,2098.11,1815,1875,1140.7,true,0,1815,-1875
"2025-09-17T00:10:32Z","REV_TW1_U_01",0,true,2,1,0,0,0,0,0,0,13.79,,,0,13.79,0,0,,,,,3630,-3750,0.665,1.435,,,,37,,,,,2,,,,0.37,0.6,0.2,0.3,34700,34500,34400,,,,-5,59.9814,19,4961233,5420895,,,,,,,12,0,0,0,0,0,0,0,0,,2,,1146.3,22.93,20,88.5,88.5,14528.16,14528.16,100,-3912,3912,-3750,3630,-4200,4200,0,0,0,0,0,0,,,3.355,3.345,3.351,28,24,25.166,,,48,48,48,false,false,false,2,2,6,6,0,342,4200,16416,1500,-1500,0,0,1,0.505,0.2,0.2,999,999,999,999,999,999,999,999,3630,-3750,false,0,0,2,1,0,0,0,1,2,1,1,0,0,8,1,0,0,-1437822,0,37771,0,0,0,0,0,0,0,0,0,691.114,2097.48,2097.48,1815,1875,1140.3,true,0,1815,-1875,2097.48,2097.48,1815,1875,1140.7,true,0,1815,-1875
"2025-09-17T00:10:34Z","REV_TW1_U_01",0,true,2,1,0,0,0,0,0,0,13.79,,,0,13.79,0,0,,,,,3630,-3750,0.665,1.435,,,,37,,,,,2,,,,0.37,0.6,0.2,0.3,34600,34500,34400,,,,-5,59.982,19,4961233,5420895,,,,,,,12,0,0,0,0,0,0,0,0,,2,,1146.3,24.07,21,88.5,88.5,14528.16,14528.16,100,-3912,3912,-3750,3630,-4200,4200,0,0,0,0,0,0,,,3.355,3.345,3.351,28,25,25.166,,,48,48,48,false,false,false,2,2,6,6,0,342,4200,16416,1500,-1500,0,0,1,0.505,0.2,0.2,999,999,999,999,999,999,999,999,3630,-3750,false,0,0,2,1,0,0,0,1,2,1,1,0,0,8,1,0,0,-1437822,0,37773,0,0,0,0,0,0,0,0,0,691.114,2098.95,2098.95,1815,1875,1140.3,true,0,1815,-1875,2098.95,2098.95,1815,1875,1140.7,true,0,1815,-1875
"2025-09-17T00:10:36Z","REV_TW1_U_01",0,true,2,1,0,0,0,0,0,0,13.79,,,0,13.79,0,0,,,,,3630,-3750,0.665,1.435,,,,37,,,,,2,,,,0.43,0.7,0.3,0.3,34600,34500,34400,,,,-3,59.9781,19,4961233,5420895,,,,,,,12,0,0,0,0,0,0,0,0,,2,,1146.3,24.07,21,88.5,88.5,14528.16,14528.16,100,-3912,3912,-3750,3630,-4200,4200,0,0,0,0,0,0,,,3.355,3.345,3.351,28,25,25.166,,,48,48,48,false,false,false,2,2,6,6,0,342,4200,16416,1500,-1500,0,0,1,0.505,0.2,0.2,999,999,999,999,999,999,999,999,3630,-3750,false,0,0,2,1,0,0,0,1,2,1,1,0,0,8,1,0,0,-1437822,0,37775,0,0,0,0,0,0,0,0,0,691.114,2099.79,2099.79,1815,1875,1140.3,true,0,1815,-1875,2099.79,2099.79,1815,1875,1140.7,true,0,1815,-1875
"2025-09-17T00:10:38Z","REV_TW1_U_01",0,true,2,1,0,0,0,0,0,0,13.79,,,0,13.79,0,0,,,,,3630,-3750,0.665,1.435,,,,37,,,,,2,,,,0.47,0.7,0.3,0.4,34600,34500,34400,,,,-4,59.9753,18,4961233,5420895,,,,,,,12,0,0,0,0,0,0,0,0,,2,,1146.3,25.22,22,88.5,88.5,14528.16,14528.16,100,-3912,3912,-3750,3630,-4200,4200,0,0,0,0,0,0,,,3.355,3.345,3.351,28,25,25.166,,,48,48,48,false,false,false,2,2,6,6,0,342,4200,16416,1500,-1500,0,0,1,0.505,0.2,0.2,999,999,999,999,999,999,999,999,3630,-3750,false,0,0,2,1,0,0,0,1,2,1,1,0,0,8,1,0,0,-1437822,0,37777,0,0,0,0,0,0,0,0,0,691.114,2097.69,2097.69,1815,1875,1140.3,true,0,1815,-1875,2097.69,2097.69,1815,1875,1140.7,true,0,1815,-1875
"2025-09-17T00:10:40Z","REV_TW1_U_01",0,true,2,1,0,0,0,0,0,0,13.79,,,0,13.79,0,0,,,,,3630,-3750,0.665,1.435,,,,37,,,,,2,,,,0.37,0.6,0.2,0.3,34700,34500,34400,,,,-5,59.9807,18,4961233,5420895,,,,,,,12,0,0,0,0,0,0,0,0,,2,,1146.3,24.07,21,88.5,88.5,14528.16,14528.16,100,-3912,3912,-3750,3630,-4200,4200,0,0,0,0,0,0,,,3.356,3.345,3.351,28,25,25.166,,,48,48,48,false,false,false,2,2,6,6,0,342,4200,16416,1500,-1500,0,0,1,0.505,0.2,0.2,999,999,999,999,999,999,999,999,3630,-3750,false,0,0,2,1,0,0,0,1,2,1,1,0,0,8,1,0,0,-1437822,0,37779,0,0,0,0,0,0,0,0,0,691.114,2098.53,2098.53,1815,1875,1140.3,true,0,1815,-1875,2097.9,2097.9,1815,1875,1140.7,true,0,1815,-1875
"2025-09-17T00:10:42Z","REV_TW1_U_01",0,true,2,1,0,0,0,0,0,0,13.79,,,0,13.79,0,0,,,,,3630,-3750,0.665,1.435,,,,37,,,,,2,,,,0.4,0.7,0.2,0.3,34700,34500,34400,,,,-5,59.9785,18,4961233,5420895,,,,,,,12,0,0,0,0,0,0,0,0,,2,,1146.3,24.07,21,88.5,88.5,14528.16,14528.16,100,-3912,3912,-3750,3630,-4200,4200,0,0,0,0,0,0,,,3.355,3.345,3.351,28,25,25.166,,,48,48,48,false,false,false,2,2,6,6,0,342,4200,16416,1500,-1500,0,0,1,0.505,0.2,0.2,999,999,999,999,999,999,999,999,3630,-3750,false,0,0,2,1,0,0,0,1,2,1,1,0,0,8,1,0,0,-1437822,0,37781,0,0,0,0,0,0,0,0,0,691.114,2100,2100,1815,1875,1140.3,true,0,1815,-1875,2100,2100,1815,1875,1140.7,true,0,1815,-1875
"2025-09-17T00:10:44Z","REV_TW1_U_01",0,true,2,1,0,0,0,0,0,0,13.79,,,0,13.79,0,0,,,,,3630,-3750,0.665,1.435,,,,37,,,,,2,,,,0.4,0.6,0.3,0.3,34700,34500,34400,,,,-5,59.9772,17,4961233,5420895,,,,,,,12,0,0,0,0,0,0,0,0,,2,,1146.3,24.07,21,88.5,88.5,14528.16,14528.16,100,-3912,3912,-3750,3630,-4200,4200,0,0,0,0,0,0,,,3.355,3.345,3.351,28,25,25.166,,,48,48,48,false,false,false,2,2,6,6,0,342,4200,16416,1500,-1500,0,0,1,0.505,0.2,0.2,999,999,999,999,999,999,999,999,3630,-3750,false,0,0,2,1,0,0,0,1,2,1,1,0,0,8,1,0,0,-1437823,0,37783,0,0,0,0,0,0,0,0,0,691.114,2097.69,2097.69,1815,1875,1140.3,true,0,1815,-1875,2097.69,2097.69,1815,1875,1140.7,true,0,1815,-1875
"2025-09-17T00:10:46Z","REV_TW1_U_01",0,true,2,1,0,0,0,0,0,0,13.79,,,0,13.79,0,0,,,,,3630,-3750,0.665,1.435,,,,37,,,,,2,,,,0.43,0.6,0.3,0.4,34700,34500,34400,,,,-5,59.9785,17,4961233,5420895,,,,,,,12,0,0,0,0,0,0,0,0,,2,,1146.3,22.93,20,88.5,88.5,14528.16,14528.16,100,-3912,3912,-3750,3630,-4200,4200,0,0,0,0,0,0,,,3.355,3.345,3.351,28,24,25.166,,,48,48,48,false,false,false,2,2,6,6,0,342,4200,16416,1500,-1500,0,0,1,0.505,0.2,0.2,999,999,999,999,999,999,999,999,3630,-3750,false,0,0,2,1,0,0,0,1,2,1,1,0,0,8,1,0,0,-1437823,0,37785,0,0,0,0,0,0,0,0,0,691.114,2097.9,2097.9,1815,1875,1140.3,true,0,1815,-1875,2098.32,2098.32,1815,1875,1140.7,true,0,1815,-1875
"2025-09-17T00:10:48Z","REV_TW1_U_01",0,true,2,1,0,0,0,0,0,0,13.79,,,0,13.79,0,0,,,,,3630,-3750,0.665,1.435,,,,37,,,,,2,,,,0.43,0.6,0.3,0.4,34700,34500,34400,,,,-5,59.9744,18,4961233,5420895,,,,,,,12,0,0,0,0,0,0,0,0,,2,,1146.2,22.92,20,88.5,88.5,14528.16,14528.16,100,-3912,3912,-3750,3630,-4200,4200,0,0,0,0,0,0,,,3.355,3.345,3.351,28,24,25.166,,,48,48,48,false,false,false,2,2,6,6,0,342,4200,16416,1500,-1500,0,0,1,0.505,0.2,0.2,999,999,999,999,999,999,999,999,3630,-3750,false,0,0,2,1,0,0,0,1,2,1,1,0,0,8,1,0,0,-1437823,0,37787,0,0,0,0,0,0,0,0,0,691.114,2097.48,2097.48,1815,1875,1140.3,true,0,1815,-1875,2097.48,2097.48,1815,1875,1140.7,true,0,1815,-1875
"2025-09-17T00:10:50Z","REV_TW1_U_01",0,true,2,1,0,0,0,0,0,0,13.79,,,0,13.79,0,0,,,,,3630,-3750,0.665,1.435,,,,37,,,,,2,,,,0.4,0.6,0.3,0.3,34700,34500,34400,,,,-6,59.9799,17,4961233,5420895,,,,,,,12,0,0,0,0,0,0,0,0,,2,,1146.2,24.07,21,88.5,88.5,14528.16,14528.16,100,-3912,3912,-3750,3630,-4200,4200,0,0,0,0,0,0,,,3.356,3.345,3.351,28,24,25.166,,,48,48,48,false,false,false,2,2,6,6,0,342,4200,16416,1500,-1500,0,0,1,0.505,0.2,0.2,999,999,999,999,999,999,999,999,3630,-3750,false,0,0,2,1,0,0,0,1,2,1,1,0,0,8,1,0,0,-1437823,0,37789,0,0,0,0,0,0,0,0,0,691.114,2097.48,2097.48,1815,1875,1140.3,true,0,1815,-1875,2096.22,2096.22,1815,1875,1140.7,true,0,1815,-1875
"2025-09-17T00:10:52Z","REV_TW1_U_01",0,true,2,1,0,0,0,0,0,0,13.79,,,0,13.79,0,0,,,,,3630,-3750,0.665,1.435,,,,37,,,,,2,,,,0.43,0.6,0.4,0.3,34700,34500,34400,,,,-5,59.9729,15,4961233,5420895,,,,,,,12,0,0,0,0,0,0,0,0,,2,,1146.2,22.92,20,88.5,88.5,14528.16,14528.16,100,-3912,3912,-3750,3630,-4200,4200,0,0,0,0,0,0,,,3.356,3.344,3.351,28,25,25.166,,,48,48,48,false,false,false,2,2,6,6,0,342,4200,16416,1500,-1500,0,0,1,0.505,0.2,0.2,999,999,999,999,999,999,999,999,3630,-3750,false,0,0,2,1,0,0,0,1,2,1,1,0,0,8,1,0,0,-1437823,0,37791,0,0,0,0,0,0,0,0,0,691.114,2097.27,2097.27,1815,1875,1140.2,true,0,1815,-1875,2097.27,2097.27,1815,1875,1140.6,true,0,1815,-1875
"2025-09-17T00:10:54Z","REV_TW1_U_01",0,true,2,1,0,0,0,0,0,0,13.79,,,0,13.79,0,0,,,,,3630,-3750,0.665,1.435,,,,37,,,,,2,,,,0.43,0.7,0.3,0.3,34700,34500,34400,,,,-5,59.977,16,4961233,5420895,,,,,,,12,0,0,0,0,0,0,0,0,,2,,1146.2,24.07,21,88.5,88.5,14528.16,14528.16,100,-3912,3912,-3750,3630,-4200,4200,0,0,0,0,0,0,,,3.355,3.345,3.351,28,25,25.166,,,48,48,48,false,false,false,2,2,6,6,0,342,4200,16416,1500,-1500,0,0,1,0.505,0.2,0.2,999,999,999,999,999,999,999,999,3630,-3750,false,0,0,2,1,0,0,0,1,2,1,1,0,0,8,1,0,0,-1437823,0,37793,0,0,0,0,0,0,0,0,0,691.114,2097.69,2097.69,1815,1875,1140.2,true,0,1815,-1875,2097.69,2097.69,1815,1875,1140.6,true,0,1815,-1875
"2025-09-17T00:10:56Z","REV_TW1_U_01",0,true,2,1,0,0,0,0,0,0,13.79,,,0,13.79,0,0,,,,,3630,-3750,0.665,1.435,,,,37,,,,,2,,,,0.4,0.6,0.2,0.4,34700,34500,34400,,,,-4,59.9822,16,4961233,5420895,,,,,,,12,0,0,0,0,0,0,0,0,,2,,1146.2,24.07,21,88.5,88.5,14528.16,14528.16,100,-3912,3912,-3750,3630,-4200,4200,0,0,0,0,0,0,,,3.355,3.345,3.351,28,24,25.166,,,48,48,48,false,false,false,2,2,6,6,0,342,4200,16416,1500,-1500,0,0,1,0.505,0.2,0.2,999,999,999,999,999,999,999,999,3630,-3750,false,0,0,2,1,0,0,0,1,2,1,1,0,0,8,1,0,0,-1437823,0,37795,0,0,0,0,0,0,0,0,0,691.114,2098.74,2098.74,1815,1875,1140.2,true,0,1815,-1875,2098.74,2098.74,1815,1875,1140.6,true,0,1815,-1875
"2025-09-17T00:10:58Z","REV_TW1_U_01",0,true,2,1,0,0,0,0,0,0,13.79,,,0,13.79,0,0,,,,,3630,-3750,0.665,1.435,,,,37,,,,,2,,,,0.37,0.6,0.3,0.2,34700,34500,34400,,,,-5,59.9793,15,4961233,5420895,,,,,,,12,0,0,0,0,0,0,0,0,,2,,1146.2,24.07,21,88.5,88.5,14528.16,14528.16,100,-3912,3912,-3750,3630,-4200,4200,0,0,0,0,0,0,,,3.356,3.345,3.351,28,25,25.166,,,48,48,48,false,false,false,2,2,6,6,0,342,4200,16416,1500,-1500,0,0,1,0.505,0.2,0.2,999,999,999,999,999,999,999,999,3630,-3750,false,0,0,2,1,0,0,0,1,2,1,1,0,0,8,1,0,0,-1437823,0,37797,0,0,0,0,0,0,0,0,0,691.114,2099.37,2099.37,1815,1875,1140.2,true,0,1815,-1875,2099.37,2099.37,1815,1875,1140.6,true,0,1815,-1875
"2025-09-17T00:11:00Z","REV_TW1_U_01",0,true,2,1,0,0,0,0,0,0,13.79,,,0,13.79,0,0,,,,,3630,-3750,0.665,1.435,,,,37,,,,,2,,,,0.43,0.7,0.3,0.3,34700,34500,34400,,,,-7,59.9753,16,4961233,5420895,,,,,,,12,0,0,0,0,0,0,0,0,,2,,1146.2,24.07,21,88.5,88.5,14528.16,14528.16,100,-3912,3912,-3750,3630,-4200,4200,0,0,0,0,0,0,,,3.355,3.345,3.351,28,25,25.166,,,48,48,48,false,false,false,2,2,6,6,0,342,4200,16416,1500,-1500,0,0,1,0.505,0.2,0.2,999,999,999,999,999,999,999,999,3630,-3750,false,0,0,2,1,0,0,0,1,2,1,1,0,0,8,1,0,0,-1437824,0,37799,0,0,0,0,0,0,0,0,0,691.114,2098.74,2098.74,1815,1875,1140.2,true,0,1815,-1875,2098.74,2098.74,1815,1875,1140.6,true,0,1815,-1875
"2025-09-17T00:11:02Z","REV_TW1_U_01",0,true,2,1,0,0,0,0,0,0,13.79,,,0,13.79,0,0,,,,,3630,-3750,0.665,1.435,,,,37,,,,,2,,,,0.47,0.7,0.4,0.3,34700,34500,34400,,,,-5,59.9765,16,4961233,5420895,,,,,,,12,0,0,0,0,0,0,0,0,,2,,1146.2,24.07,21,88.5,88.5,14528.16,14528.16,100,-3912,3912,-3750,3630,-4200,4200,0,0,0,0,0,0,,,3.355,3.345,3.351,28,24,25.166,,,48,48,48,false,false,false,2,2,6,6,0,342,4200,16416,1500,-1500,0,0,1,0.505,0.2,0.2,999,999,999,999,999,999,999,999,3630,-3750,false,0,0,2,1,0,0,0,1,2,1,1,0,0,8,1,0,0,-1437824,0,37801,0,0,0,0,0,0,0,0,0,691.114,2097.9,2097.9,1815,1875,1140.2,true,0,1815,-1875,2097.9,2097.9,1815,1875,1140.6,true,0,1815,-1875
"2025-09-17T00:11:04Z","REV_TW1_U_01",0,true,2,1,0,0,0,0,0,0,13.79,,,0,13.79,0,0,,,,,3630,-3750,0.665,1.435,,,,37,,,,,2,,,,0.4,0.6,0.3,0.3,34700,34500,34400,,,,-5,59.9755,16,4961233,5420895,,,,,,,12,0,0,0,0,0,0,0,0,,2,,1146.2,24.07,21,88.5,88.5,14528.16,14528.16,100,-3912,3912,-3750,3630,-4200,4200,0,0,0,0,0,0,,,3.355,3.345,3.351,28,24,25.166,,,48,48,48,false,false,false,2,2,6,6,0,342,4200,16416,1500,-1500,0,0,1,0.505,0.2,0.2,999,999,999,999,999,999,999,999,3630,-3750,false,0,0,2,1,0,0,0,1,2,1,1,0,0,8,1,0,0,-1437824,0,37803,0,0,0,0,0,0,0,0,0,691.114,2098.11,2098.11,1815,1875,1140.2,true,0,1815,-1875,2100.21,2100.21,1815,1875,1140.6,true,0,1815,-1875
"2025-09-17T00:11:06Z","REV_TW1_U_01",0,true,2,1,0,0,0,0,0,0,13.79,,,0,13.79,0,0,,,,,3630,-3750,0.665,1.435,,,,37,,,,,2,,,,0.37,0.6,0.2,0.3,34700,34500,34400,,,,-5,59.9775,17,4961233,5420895,,,,,,,12,0,0,0,0,0,0,0,0,,2,,1146.2,22.92,20,88.5,88.5,14528.16,14528.16,100,-3912,3912,-3750,3630,-4200,4200,0,0,0,0,0,0,,,3.355,3.345,3.351,28,25,25.166,,,48,48,48,false,false,false,2,2,6,6,0,342,4200,16416,1500,-1500,0,0,1,0.505,0.2,0.2,999,999,999,999,999,999,999,999,3630,-3750,false,0,0,2,1,0,0,0,1,2,1,1,0,0,8,1,0,0,-1437824,0,37805,0,0,0,0,0,0,0,0,0,691.114,2097.27,2097.27,1815,1875,1140.2,true,0,1815,-1875,2097.27,2097.27,1815,1875,1140.6,true,0,1815,-1875
"2025-09-17T00:11:08Z","REV_TW1_U_01",0,true,2,1,0,0,0,0,0,0,13.79,,,0,13.79,0,0,,,,,3630,-3750,0.665,1.435,,,,37,,,,,2,,,,0.43,0.7,0.3,0.3,34700,34500,34400,,,,-5,59.9682,17,4961233,5420895,,,,,,,12,0,0,0,0,0,0,0,0,,2,,1146.2,24.07,21,88.5,88.5,14528.16,14528.16,100,-3912,3912,-3750,3630,-4200,4200,0,0,0,0,0,0,,,3.355,3.345,3.351,28,25,25.166,,,48,48,48,false,false,false,2,2,6,6,0,342,4200,16416,1500,-1500,0,0,1,0.505,0.2,0.2,999,999,999,999,999,999,999,999,3630,-3750,false,0,0,2,1,0,0,0,1,2,1,1,0,0,8,1,0,0,-1437824,0,37807,0,0,0,0,0,0,0,0,0,691.114,2098.95,2098.95,1815,1875,1140.2,true,0,1815,-1875,2098.95,2098.95,1815,1875,1140.6,true,0,1815,-1875
"2025-09-17T00:11:10Z","REV_TW1_U_01",0,true,2,1,0,0,0,0,0,0,13.79,,,0,13.79,0,0,,,,,3630,-3750,0.665,1.435,,,,37,,,,,2,,,,0.4,0.6,0.3,0.3,34700,34500,34400,,,,-6,59.978,19,4961233,5420895,,,,,,,12,0,0,0,0,0,0,0,0,,2,,1146.2,22.92,20,88.5,88.5,14528.16,14528.16,100,-3912,3912,-3750,3630,-4200,4200,0,0,0,0,0,0,,,3.355,3.345,3.351,28,25,25.166,,,48,48,48,false,false,false,2,2,6,6,0,342,4200,16416,1500,-1500,0,0,1,0.505,0.2,0.2,999,999,999,999,999,999,999,999,3630,-3750,false,0,0,2,1,0,0,0,1,2,1,1,0,0,8,1,0,0,-1437824,0,37809,0,0,0,0,0,0,0,0,0,691.114,2100.21,2100.21,1815,1875,1140.2,true,0,1815,-1875,2099.16,2099.16,1815,1875,1140.6,true,0,1815,-1875
"2025-09-17T00:11:12Z","REV_TW1_U_01",0,true,2,1,0,0,0,0,0,0,13.79,,,0,13.79,0,0,,,,,3630,-3750,0.665,1.435,,,,37,,,,,2,,,,0.4,0.6,0.3,0.3,34700,34500,34400,,,,-5,59.9743,18,4961233,5420895,,,,,,,12,0,0,0,0,0,0,0,0,,2,,1146.2,24.07,21,88.5,88.5,14528.16,14528.16,100,-3912,3912,-3750,3630,-4200,4200,0,0,0,0,0,0,,,3.355,3.345,3.351,28,24,25.166,,,48,48,48,false,false,false,2,2,6,6,0,342,4200,16416,1500,-1500,0,0,1,0.505,0.2,0.2,999,999,999,999,999,999,999,999,3630,-3750,false,0,0,2,1,0,0,0,1,2,1,1,0,0,8,1,0,0,-1437824,0,37811,0,0,0,0,0,0,0,0,0,691.114,2098.11,2098.11,1815,1875,1140.2,true,0,1815,-1875,2098.11,2098.11,1815,1875,1140.6,true,0,1815,-1875
"2025-09-17T00:11:14Z","REV_TW1_U_01",0,true,2,1,0,0,0,0,0,0,13.79,,,0,13.79,0,0,,,,,3630,-3750,0.665,1.435,,,,37,,,,,2,,,,0.47,0.7,0.3,0.4,34700,34500,34400,,,,-5,59.9757,19,4961233,5420895,,,,,,,12,0,0,0,0,0,0,0,0,,2,,1146.2,24.07,21,88.5,88.5,14528.16,14528.16,100,-3912,3912,-3750,3630,-4200,4200,0,0,0,0,0,0,,,3.355,3.345,3.351,28,24,25.166,,,48,48,48,false,false,false,2,2,6,6,0,342,4200,16416,1500,-1500,0,0,1,0.505,0.2,0.2,999,999,999,999,999,999,999,999,3630,-3750,false,0,0,2,1,0,0,0,1,2,1,1,0,0,8,1,0,0,-1437824,0,37813,0,0,0,0,0,0,0,0,0,691.114,2097.27,2097.27,1815,1875,1140.2,true,0,1815,-1875,2097.27,2097.27,1815,1875,1140.6,true,0,1815,-1875
"2025-09-17T00:11:16Z","REV_TW1_U_01",0,true,2,1,0,0,0,0,0,0,13.79,,,0,13.79,0,0,,,,,3630,-3750,0.665,1.435,,,,37,,,,,2,,,,0.43,0.6,0.3,0.4,34700,34500,34400,,,,-4,59.964,19,4961233,5420895,,,,,,,12,0,0,0,0,0,0,0,0,,2,,1146.2,22.92,20,88.5,88.5,14528.16,14528.16,100,-3912,3912,-3750,3630,-4200,4200,0,0,0,0,0,0,,,3.355,3.345,3.351,28,24,25.166,,,48,48,48,false,false,false,2,2,6,6,0,342,4200,16416,1500,-1500,0,0,1,0.505,0.2,0.2,999,999,999,999,999,999,999,999,3630,-3750,false,0,0,2,1,0,0,0,1,2,1,1,0,0,8,1,0,0,-1437824,0,37815,0,0,0,0,0,0,0,0,0,691.114,2097.69,2097.69,1815,1875,1140.2,true,0,1815,-1875,2097.69,2097.69,1815,1875,1140.6,true,0,1815,-1875
"2025-09-17T00:11:18Z","REV_TW1_U_01",0,true,2,1,0,0,0,0,0,0,13.79,,,0,13.79,0,0,,,,,3630,-3750,0.665,1.435,,,,37,,,,,2,,,,0.4,0.6,0.3,0.3,34700,34500,34400,,,,-4,59.9732,19,4961233,5420895,,,,,,,12,0,0,0,0,0,0,0,0,,2,,1146.2,22.92,20,88.5,88.5,14528.16,14528.16,100,-3912,3912,-3750,3630,-4200,4200,0,0,0,0,0,0,,,3.355,3.345,3.351,28,24,25.166,,,48,48,48,false,false,false,2,2,6,6,0,342,4200,16416,1500,-1500,0,0,1,0.505,0.2,0.2,999,999,999,999,999,999,999,999,3630,-3750,false,0,0,2,1,0,0,0,1,2,1,1,0,0,8,1,0,0,-1437825,0,37817,0,0,0,0,0,0,0,0,0,691.114,2097.48,2097.48,1815,1875,1140.2,true,0,1815,-1875,2097.48,2097.48,1815,1875,1140.6,true,0,1815,-1875
"2025-09-17T00:11:20Z","REV_TW1_U_01",0,true,2,1,0,0,0,0,0,0,13.79,,,0,13.79,0,0,,,,,3630,-3750,0.665,1.435,,,,37,,,,,2,,,,0.43,0.7,0.2,0.4,34700,34500,34400,,,,-4,59.974,18,4961233,5420895,,,,,,,12,0,0,0,0,0,0,0,0,,2,,1146.2,22.92,20,88.5,88.5,14528.16,14528.16,100,-3912,3912,-3750,3630,-4200,4200,0,0,0,0,0,0,,,3.355,3.345,3.351,28,24,25.166,,,48,48,48,false,false,false,2,2,6,6,0,342,4200,16416,1500,-1500,0,0,1,0.505,0.2,0.2,999,999,999,999,999,999,999,999,3630,-3750,false,0,0,2,1,0,0,0,1,2,1,1,0,0,8,1,0,0,-1437825,0,37819,0,0,0,0,0,0,0,0,0,691.114,2098.95,2098.95,1815,1875,1140.2,true,0,1815,-1875,2098.95,2098.95,1815,1875,1140.6,true,0,1815,-1875
"2025-09-17T00:11:22Z","REV_TW1_U_01",0,true,2,1,0,0,0,0,0,0,13.79,,,0,13.79,0,0,,,,,3630,-3750,0.665,1.435,,,,37,,,,,2,,,,0.43,0.7,0.3,0.3,34700,34500,34400,,,,-4,59.9795,18,4961233,5420895,,,,,,,12,0,0,0,0,0,0,0,0,,2,,1146.2,24.07,21,88.5,88.5,14528.16,14528.16,100,-3912,3912,-3750,3630,-4200,4200,0,0,0,0,0,0,,,3.355,3.345,3.351,28,25,25.166,,,48,48,48,false,false,false,2,2,6,6,0,342,4200,16416,1500,-1500,0,0,1,0.505,0.2,0.2,999,999,999,999,999,999,999,999,3630,-3750,false,0,0,2,1,0,0,0,1,2,1,1,0,0,8,1,0,0,-1437825,0,37821,0,0,0,0,0,0,0,0,0,691.114,2098.95,2098.95,1815,1875,1140.2,true,0,1815,-1875,2098.95,2098.95,1815,1875,1140.6,true,0,1815,-1875
"2025-09-17T00:11:24Z","REV_TW1_U_01",0,true,2,1,0,0,0,0,0,0,13.79,,,0,13.79,0,0,,,,,3630,-3750,0.665,1.435,,,,37,,,,,2,,,,0.47,0.7,0.3,0.4,34700,34500,34400,,,,-6,59.9796,19,4961233,5420895,,,,,,,12,0,0,0,0,0,0,0,0,,2,,1146.2,24.07,21,88.5,88.5,14528.16,14528.16,100,-3912,3912,-3750,3630,-4200,4200,0,0,0,0,0,0,,,3.355,3.344,3.351,28,24,25.166,,,48,48,48,false,false,false,2,2,6,6,0,342,4200,16416,1500,-1500,0,0,1,0.505,0.2,0.2,999,999,999,999,999,999,999,999,3630,-3750,false,0,0,2,1,0,0,0,1,2,1,1,0,0,8,1,0,0,-1437825,0,37823,0,0,0,0,0,0,0,0,0,691.114,2100.42,2100.42,1815,1875,1140.2,true,0,1815,-1875,2100.42,2100.42,1815,1875,1140.6,true,0,1815,-1875
"2025-09-17T00:11:26Z","REV_TW1_U_01",0,true,2,1,0,0,0,0,0,0,13.79,,,0,13.79,0,0,,,,,3630,-3750,0.665,1.435,,,,37,,,,,2,,,,0.47,0.7,0.3,0.4,34700,34500,34400,,,,-5,59.9745,17,4961233,5420895,,,,,,,12,0,0,0,0,0,0,0,0,,2,,1146.2,22.92,20,88.5,88.5,14528.16,14528.16,100,-3912,3912,-3750,3630,-4200,4200,0,0,0,0,0,0,,,3.355,3.345,3.351,28,25,25.166,,,48,48,48,false,false,false,2,2,6,6,0,342,4200,16416,1500,-1500,0,0,1,0.505,0.2,0.2,999,999,999,999,999,999,999,999,3630,-3750,false,0,0,2,1,0,0,0,1,2,1,1,0,0,8,1,0,0,-1437825,0,37825,0,0,0,0,0,0,0,0,0,691.114,2098.11,2098.11,1815,1875,1140.2,true,0,1815,-1875,2098.74,2098.74,1815,1875,1140.6,true,0,1815,-1875
"2025-09-17T00:11:28Z","REV_TW1_U_01",0,true,2,1,0,0,0,0,0,0,13.79,,,0,13.79,0,0,,,,,3630,-3750,0.665,1.435,,,,37,,,,,2,,,,0.37,0.6,0.2,0.3,34700,34500,34400,,,,-6,59.9795,17,4961233,5420895,,,,,,,12,0,0,0,0,0,0,0,0,,2,,1146.2,24.07,21,88.5,88.5,14528.16,14528.16,100,-3912,3912,-3750,3630,-4200,4200,0,0,0,0,0,0,,,3.355,3.345,3.351,28,24,25.166,,,48,48,48,false,false,false,2,2,6,6,0,342,4200,16416,1500,-1500,0,0,1,0.505,0.2,0.2,999,999,999,999,999,999,999,999,3630,-3750,false,0,0,2,1,0,0,0,1,2,1,1,0,0,8,1,0,0,-1437825,0,37827,0,0,0,0,0,0,0,0,0,691.114,2099.16,2099.16,1815,1875,1140.2,true,0,1815,-1875,2099.16,2099.16,1815,1875,1140.6,true,0,1815,-1875
"2025-09-17T00:11:30Z","REV_TW1_U_01",0,true,2,1,0,0,0,0,0,0,13.79,,,0,13.79,0,0,,,,,3630,-3750,0.665,1.435,,,,37,,,,,2,,,,0.4,0.6,0.3,0.3,34700,34500,34400,,,,-6,59.9727,17,4961233,5420895,,,,,,,12,0,0,0,0,0,0,0,0,,2,,1146.2,24.07,21,88.5,88.5,14528.16,14528.16,100,-3912,3912,-3750,3630,-4200,4200,0,0,0,0,0,0,,,3.355,3.344,3.351,28,25,25.166,,,48,48,48,false,false,false,2,2,6,6,0,342,4200,16416,1500,-1500,0,0,1,0.505,0.2,0.2,999,999,999,999,999,999,999,999,3630,-3750,false,0,0,2,1,0,0,0,1,2,1,1,0,0,8,1,0,0,-1437825,0,37829,0,0,0,0,0,0,0,0,0,691.114,2099.58,2099.58,1815,1875,1140.2,true,0,1815,-1875,2099.79,2099.79,1815,1875,1140.6,true,0,1815,-1875
"2025-09-17T00:11:32Z","REV_TW1_U_01",0,true,2,1,0,0,0,0,0,0,13.79,,,0,13.79,0,0,,,,,3630,-3750,0.665,1.435,,,,37,,,,,2,,,,0.47,0.7,0.3,0.4,34700,34500,34400,,,,-5,59.975,15,4961233,5420895,,,,,,,12,0,0,0,0,0,0,0,0,,2,,1146.2,22.92,20,88.5,88.5,14528.16,14528.16,100,-3912,3912,-3750,3630,-4200,4200,0,0,0,0,0,0,,,3.355,3.345,3.351,28,24,25.166,,,48,48,48,false,false,false,2,2,6,6,0,342,4200,16416,1500,-1500,0,0,1,0.505,0.2,0.2,999,999,999,999,999,999,999,999,3630,-3750,false,0,0,2,1,0,0,0,1,2,1,1,0,0,8,1,0,0,-1437825,0,37831,0,0,0,0,0,0,0,0,0,691.114,2098.95,2098.95,1815,1875,1140.2,true,0,1815,-1875,2098.95,2098.95,1815,1875,1140.6,true,0,1815,-1875
"2025-09-17T00:11:34Z","REV_TW1_U_01",0,true,2,1,0,0,0,0,0,0,13.79,,,0,13.79,0,0,,,,,3630,-3750,0.665,1.435,,,,37,,,,,2,,,,0.43,0.6,0.3,0.4,34700,34500,34400,,,,-5,59.9718,16,4961233,5420895,,,,,,,12,0,0,0,0,0,0,0,0,,2,,1146.2,22.92,20,88.5,88.5,14528.16,14528.16,100,-3912,3912,-3750,3630,-4200,4200,0,0,0,0,0,0,,,3.355,3.344,3.351,28,25,25.166,,,48,48,48,false,false,false,2,2,6,6,0,342,4200,16416,1500,-1500,0,0,1,0.505,0.2,0.2,999,999,999,999,999,999,999,999,3630,-3750,false,0,0,2,1,0,0,0,1,2,1,1,0,0,8,1,0,0,-1437826,0,37833,0,0,0,0,0,0,0,0,0,691.114,2097.27,2097.27,1815,1875,1140.2,true,0,1815,-1875,2097.27,2097.27,1815,1875,1140.6,true,0,1815,-1875
"2025-09-17T00:11:36Z","REV_TW1_U_01",0,true,2,1,0,0,0,0,0,0,13.79,,,0,13.79,0,0,,,,,3630,-3750,0.665,1.435,,,,37,,,,,2,,,,0.4,0.6,0.3,0.3,34700,34500,34400,,,,-5,59.9682,15,4961233,5420895,,,,,,,12,0,0,0,0,0,0,0,0,,2,,1146.2,22.92,20,88.5,88.5,14528.16,14528.16,100,-3912,3912,-3750,3630,-4200,4200,0,0,0,0,0,0,,,3.355,3.345,3.351,28,25,25,,,48,48,48,false,false,false,2,2,6,6,0,342,4200,16416,1500,-1500,0,0,1,0.505,0.2,0.2,999,999,999,999,999,999,999,999,3630,-3750,false,0,0,2,1,0,0,0,1,2,1,1,0,0,8,1,0,0,-1437826,0,37835,0,0,0,0,0,0,0,0,0,691.114,2099.37,2099.37,1815,1875,1140.2,true,0,1815,-1875,2099.37,2099.37,1815,1875,1140.6,true,0,1815,-1875
"2025-09-17T00:11:38Z","REV_TW1_U_01",0,true,2,1,0,0,0,0,0,0,13.79,,,0,13.79,0,0,,,,,3630,-3750,0.665,1.435,,,,37,,,,,2,,,,0.43,0.7,0.2,0.4,34700,34500,34400,,,,-5,59.9655,15,4961233,5420895,,,,,,,12,0,0,0,0,0,0,0,0,,2,,1146.2,22.92,20,88.5,88.5,14528.16,14528.16,100,-3912,3912,-3750,3630,-4200,4200,0,0,0,0,0,0,,,3.355,3.345,3.351,28,24,25.166,,,48,48,48,false,false,false,2,2,6,6,0,342,4200,16416,1500,-1500,0,0,1,0.505,0.2,0.2,999,999,999,999,999,999,999,999,3630,-3750,false,0,0,2,1,0,0,0,1,2,1,1,0,0,8,1,0,0,-1437826,0,37837,0,0,0,0,0,0,0,0,0,691.114,2097.06,2097.06,1815,1875,1140.2,true,0,1815,-1875,2097.06,2097.06,1815,1875,1140.5,true,0,1815,-1875
"2025-09-17T00:11:40Z","REV_TW1_U_01",0,true,2,1,0,0,0,0,0,0,13.79,,,0,13.79,0,0,,,,,3630,-3750,0.665,1.435,,,,37,,,,,2,,,,0.4,0.6,0.3,0.3,34700,34500,34400,,,,-6,59.9671,16,4961233,5420895,,,,,,,12,0,0,0,0,0,0,0,0,,2,,1146.1,24.07,21,88.5,88.5,14528.16,14528.16,100,-3912,3912,-3750,3630,-4200,4200,0,0,0,0,0,0,,,3.355,3.345,3.351,28,25,25.166,,,48,48,48,false,false,false,2,2,6,6,0,342,4200,16416,1500,-1500,0,0,1,0.505,0.2,0.2,999,999,999,999,999,999,999,999,3630,-3750,false,0,0,2,1,0,0,0,1,2,1,1,0,0,8,1,0,0,-1437826,0,37839,0,0,0,0,0,0,0,0,0,691.114,2099.16,2099.16,1815,1875,1140.2,true,0,1815,-1875,2099.16,2099.16,1815,1875,1140.5,true,0,1815,-1875
"2025-09-17T00:11:42Z","REV_TW1_U_01",0,true,2,1,0,0,0,0,0,0,13.79,,,0,13.79,0,0,,,,,3630,-3750,0.665,1.435,,,,37,,,,,2,,,,0.4,0.6,0.3,0.3,34700,34500,34400,,,,-6,59.9632,16,4961233,5420895,,,,,,,12,0,0,0,0,0,0,0,0,,2,,1146.1,24.07,21,88.5,88.5,14528.16,14528.16,100,-3912,3912,-3750,3630,-4200,4200,0,0,0,0,0,0,,,3.355,3.345,3.351,28,25,25.166,,,48,48,48,false,false,false,2,2,6,6,0,342,4200,16416,1500,-1500,0,0,1,0.505,0.1,0.1,999,999,999,999,999,999,999,999,3630,-3750,false,0,0,2,1,0,0,0,1,2,1,1,0,0,8,1,0,0,-1437826,0,37841,0,0,0,0,0,0,0,0,0,691.114,2099.16,2099.16,1815,1875,1140.1,true,0,1815,-1875,2099.16,2099.16,1815,1875,1140.5,true,0,1815,-1875
"2025-09-17T00:11:44Z","REV_TW1_U_01",0,true,2,1,0,0,0,0,0,0,13.79,,,0,13.79,0,0,,,,,3630,-3750,0.665,1.435,,,,37,,,,,2,,,,0.43,0.7,0.3,0.3,34700,34500,34400,,,,-6,59.9693,17,4961233,5420895,,,,,,,12,0,0,0,0,0,0,0,0,,2,,1146.1,24.07,21,88.5,88.5,14528.16,14528.16,100,-3912,3912,-3750,3630,-4200,4200,0,0,0,0,0,0,,,3.355,3.344,3.351,28,25,25.166,,,48,48,48,false,false,false,2,2,6,6,0,342,4200,16416,1500,-1500,0,0,1,0.505,0.1,0.1,999,999,999,999,999,999,999,999,3630,-3750,false,0,0,2,1,0,0,0,1,2,1,1,0,0,8,1,0,0,-1437826,0,37843,0,0,0,0,0,0,0,0,0,691.114,2097.69,2097.69,1815,1875,1140.1,true,0,1815,-1875,2097.69,2097.69,1815,1875,1140.5,true,0,1815,-1875
"2025-09-17T00:11:46Z","REV_TW1_U_01",0,true,2,1,0,0,0,0,0,0,13.79,,,0,13.79,0,0,,,,,3630,-3750,0.665,1.435,,,,37,,,,,2,,,,0.43,0.7,0.2,0.4,34700,34500,34400,,,,-5,59.9618,17,4961233,5420895,,,,,,,12,0,0,0,0,0,0,0,0,,2,,1146.1,22.92,20,88.5,88.5,14528.16,14528.16,100,-3912,3912,-3750,3630,-4200,4200,0,0,0,0,0,0,,,3.355,3.345,3.351,28,25,25.166,,,48,48,48,false,false,false,2,2,6,6,0,342,4200,16416,1500,-1500,0,0,1,0.505,0.1,0.1,999,999,999,999,999,999,999,999,3630,-3750,false,0,0,2,1,0,0,0,1,2,1,1,0,0,8,1,0,0,-1437826,0,37845,0,0,0,0,0,0,0,0,0,691.114,2097.48,2097.48,1815,1875,1140.1,true,0,1815,-1875,2097.48,2097.48,1815,1875,1140.5,true,0,1815,-1875
"2025-09-17T00:11:48Z","REV_TW1_U_01",0,true,2,1,0,0,0,0,0,0,13.79,,,0,13.79,0,0,,,,,3630,-3750,0.665,1.435,,,,37,,,,,2,,,,0.4,0.6,0.3,0.3,34700,34500,34400,,,,-5,59.9658,18,4961233,5420895,,,,,,,12,0,0,0,0,0,0,0,0,,2,,1146.1,24.07,21,88.5,88.5,14528.16,14528.16,100,-3912,3912,-3750,3630,-4200,4200,0,0,0,0,0,0,,,3.355,3.344,3.351,28,24,25.166,,,48,48,48,false,false,false,2,2,6,6,0,342,4200,16416,1500,-1500,0,0,1,0.505,0.1,0.1,999,999,999,999,999,999,999,999,3630,-3750,false,0,0,2,1,0,0,0,1,2,1,1,0,0,8,1,0,0,-1437826,0,37847,0,0,0,0,0,0,0,0,0,691.114,2098.95,2098.95,1815,1875,1140.1,true,0,1815,-1875,2098.95,2098.95,1815,1875,1140.5,true,0,1815,-1875
"2025-09-17T00:11:50Z","REV_TW1_U_01",0,true,2,1,0,0,0,0,0,0,13.79,,,0,13.79,0,0,,,,,3630,-3750,0.665,1.435,,,,37,,,,,2,,,,0.37,0.6,0.2,0.3,34700,34500,34500,,,,-5,59.9646,18,4961233,5420895,,,,,,,12,0,0,0,0,0,0,0,0,,2,,1146.1,24.07,21,88.5,88.5,14528.16,14528.16,100,-3912,3912,-3750,3630,-4200,4200,0,0,0,0,0,0,,,3.355,3.345,3.351,28,25,25.166,,,48,48,48,false,false,false,2,2,6,6,0,342,4200,16416,1500,-1500,0,0,1,0.505,0.1,0.1,999,999,999,999,999,999,999,999,3630,-3750,false,0,0,2,1,0,0,0,1,2,1,1,0,0,8,1,0,0,-1437826,0,37849,0,0,0,0,0,0,0,0,0,691.114,2098.32,2098.32,1815,1875,1140.1,true,0,1815,-1875,2098.32,2098.32,1815,1875,1140.5,true,0,1815,-1875
"2025-09-17T00:11:52Z","REV_TW1_U_01",0,true,2,1,0,0,0,0,0,0,13.79,,,0,13.79,0,0,,,,,3630,-3750,0.665,1.435,,,,37,,,,,2,,,,0.4,0.6,0.3,0.3,34700,34500,34400,,,,-4,59.9726,17,4961233,5420895,,,,,,,12,0,0,0,0,0,0,0,0,,2,,1146.1,24.07,21,88.5,88.5,14528.16,14528.16,100,-3912,3912,-3750,3630,-4200,4200,0,0,0,0,0,0,,,3.355,3.345,3.351,28,24,25.166,,,48,48,48,false,false,false,2,2,6,6,0,342,4200,16416,1500,-1500,0,0,1,0.505,0.1,0.1,999,999,999,999,999,999,999,999,3630,-3750,false,0,0,2,1,0,0,0,1,2,1,1,0,0,8,1,0,0,-1437826,0,37851,0,0,0,0,0,0,0,0,0,691.114,2098.53,2098.53,1815,1875,1140.1,true,0,1815,-1875,2098.53,2098.53,1815,1875,1140.5,true,0,1815,-1875
"2025-09-17T00:11:54Z","REV_TW1_U_01",0,true,2,1,0,0,0,0,0,0,13.79,,,0,13.79,0,0,,,,,3630,-3750,0.665,1.435,,,,37,,,,,2,,,,0.43,0.6,0.3,0.4,34700,34500,34400,,,,-4,59.9653,19,4961233,5420895,,,,,,,12,0,0,0,0,0,0,0,0,,2,,1146.1,24.07,21,88.5,88.5,14528.16,14528.16,100,-3912,3912,-3750,3630,-4200,4200,0,0,0,0,0,0,,,3.355,3.345,3.351,28,24,25.166,,,48,48,48,false,false,false,2,2,6,6,0,342,4200,16416,1500,-1500,0,0,1,0.505,0.1,0.1,999,999,999,999,999,999,999,999,3630,-3750,false,0,0,2,1,0,0,0,1,2,1,1,0,0,8,1,0,0,-1437827,0,37853,0,0,0,0,0,0,0,0,0,691.114,2098.74,2098.74,1815,1875,1140.1,true,0,1815,-1875,2098.74,2098.74,1815,1875,1140.5,true,0,1815,-1875
"2025-09-17T00:11:56Z","REV_TW1_U_01",0,true,2,1,0,0,0,0,0,0,13.79,,,0,13.79,0,0,,,,,3630,-3750,0.665,1.435,,,,37,,,,,2,,,,0.4,0.6,0.3,0.3,34700,34500,34400,,,,-5,59.9688,18,4961233,5420895,,,,,,,12,0,0,0,0,0,0,0,0,,2,,1146.1,25.21,22,88.5,88.5,14528.16,14528.16,100,-3912,3912,-3750,3630,-4200,4200,0,0,0,0,0,0,,,3.355,3.345,3.351,28,24,25.166,,,48,48,48,false,false,false,2,2,6,6,0,342,4200,16416,1500,-1500,0,0,1,0.505,0.1,0.1,999,999,999,999,999,999,999,999,3630,-3750,false,0,0,2,1,0,0,0,1,2,1,1,0,0,8,1,0,0,-1437827,0,37855,0,0,0,0,0,0,0,0,0,691.114,2097.9,2097.9,1815,1875,1140.1,true,0,1815,-1875,2097.9,2097.9,1815,1875,1140.5,true,0,1815,-1875
"2025-09-17T00:11:58Z","REV_TW1_U_01",0,true,2,1,0,0,0,0,0,0,13.79,,,0,13.79,0,0,,,,,3630,-3750,0.665,1.435,,,,37,,,,,2,,,,0.4,0.6,0.3,0.3,34700,34500,34400,,,,-5,59.9678,17,4961233,5420895,,,,,,,12,0,0,0,0,0,0,0,0,,2,,1146.1,24.07,21,88.5,88.5,14528.16,14528.16,100,-3912,3912,-3750,3630,-4200,4200,0,0,0,0,0,0,,,3.355,3.345,3.351,28,25,25.166,,,48,48,48,false,false,false,2,2,6,6,0,342,4200,16416,1500,-1500,0,0,1,0.505,0.1,0.1,999,999,999,999,999,999,999,999,3630,-3750,false,0,0,2,1,0,0,0,1,2,1,1,0,0,8,1,0,0,-1437827,0,37857,0,0,0,0,0,0,0,0,0,691.114,2099.16,2099.16,1815,1875,1140.1,true,0,1815,-1875,2099.16,2099.16,1815,1875,1140.5,true,0,1815,-1875
"2025-09-17T00:12:00Z","REV_TW1_U_01",0,true,2,1,0,0,0,0,0,0,13.79,,,0,13.79,0,0,,,,,3630,-3750,0.665,1.435,,,,37,,,,,2,,,,0.43,0.7,0.3,0.3,34700,34500,34400,,,,-5,59.973,18,4961233,5420895,,,,,,,12,0,0,0,0,0,0,0,0,,2,,1146.1,22.92,20,88.5,88.5,14528.16,14528.16,100,-3912,3912,-3750,3630,-4200,4200,0,0,0,0,0,0,,,3.355,3.345,3.351,28,25,25.166,,,48,48,48,false,false,false,2,2,6,6,0,342,4200,16416,1500,-1500,0,0,1,0.505,0.1,0.1,999,999,999,999,999,999,999,999,3630,-3750,false,0,0,2,1,0,0,0,1,2,1,1,0,0,8,1,0,0,-1437827,0,37859,0,0,0,0,0,0,0,0,0,691.114,2099.79,2099.79,1815,1875,1140.1,true,0,1815,-1875,2099.79,2099.79,1815,1875,1140.5,true,0,1815,-1875
"2025-09-17T00:12:02Z","REV_TW1_U_01",0,true,2,1,0,0,0,0,0,0,13.79,,,0,13.79,0,0,,,,,3630,-3750,0.665,1.435,,,,37,,,,,2,,,,0.4,0.6,0.3,0.3,34700,34500,34400,,,,-4,59.9685,15,4961233,5420895,,,,,,,12,0,0,0,0,0,0,0,0,,2,,1146.1,22.92,20,88.5,88.5,14528.16,14528.16,100,-3912,3912,-3750,3630,-4200,4200,0,0,0,0,0,0,,,3.355,3.344,3.351,28,24,25.166,,,48,48,48,false,false,false,2,2,6,6,0,342,4200,16416,1500,-1500,0,0,1,0.505,0.2,0.2,999,999,999,999,999,999,999,999,3630,-3750,false,0,0,2,1,0,0,0,1,2,1,1,0,0,8,1,0,0,-1437827,0,37860,0,0,0,0,0,0,0,0,0,691.114,2099.16,2099.16,1815,1875,1140.1,true,0,1815,-1875,2099.16,2099.16,1815,1875,1140.5,true,0,1815,-1875
"2025-09-17T00:12:04Z","REV_TW1_U_01",0,true,2,1,0,0,0,0,0,0,13.79,,,0,13.79,0,0,,,,,3630,-3750,0.665,1.435,,,,37,,,,,2,,,,0.37,0.6,0.2,0.3,34700,34500,34400,,,,-5,59.9583,16,4961233,5420895,,,,,,,12,0,0,0,0,0,0,0,0,,2,,1146.1,22.92,20,88.5,88.5,14528.16,14528.16,100,-3912,3912,-3750,3630,-4200,4200,0,0,0,0,0,0,,,3.355,3.345,3.351,28,24,25.166,,,48,48,48,false,false,false,2,2,6,6,0,342,4200,16416,1500,-1500,0,0,1,0.505,0.2,0.2,999,999,999,999,999,999,999,999,3630,-3750,false,0,0,2,1,0,0,0,1,2,1,1,0,0,8,1,0,0,-1437827,0,37863,0,0,0,0,0,0,0,0,0,691.114,2099.16,2099.16,1815,1875,1140.1,true,0,1815,-1875,2099.16,2099.16,1815,1875,1140.5,true,0,1815,-1875
"2025-09-17T00:12:06Z","REV_TW1_U_01",0,true,2,1,0,0,0,0,0,0,13.79,,,0,13.79,0,0,,,,,3630,-3750,0.665,1.435,,,,37,,,,,2,,,,0.43,0.7,0.3,0.3,34700,34500,34500,,,,-5,59.9605,16,4961233,5420895,,,,,,,12,0,0,0,0,0,0,0,0,,2,,1146.1,22.92,20,88.5,88.5,14528.16,14528.16,100,-3912,3912,-3750,3630,-4200,4200,0,0,0,0,0,0,,,3.355,3.345,3.351,28,25,25.166,,,48,48,48,false,false,false,2,2,6,6,0,342,4200,16416,1500,-1500,0,0,1,0.505,0.2,0.2,999,999,999,999,999,999,999,999,3630,-3750,false,0,0,2,1,0,0,0,1,2,1,1,0,0,8,1,0,0,-1437827,0,37865,0,0,0,0,0,0,0,0,0,691.114,2099.58,2099.58,1815,1875,1140.1,true,0,1815,-1875,2099.58,2099.58,1815,1875,1140.5,true,0,1815,-1875
"2025-09-17T00:12:08Z","REV_TW1_U_01",0,true,2,1,0,0,0,0,0,0,13.79,,,0,13.79,0,0,,,,,3630,-3750,0.665,1.435,,,,37,,,,,2,,,,0.47,0.7,0.3,0.4,34700,34500,34500,,,,-6,59.9704,15,4961233,5420895,,,,,,,12,0,0,0,0,0,0,0,0,,2,,1146.1,24.07,21,88.5,88.5,14528.16,14528.16,100,-3912,3912,-3750,3630,-4200,4200,0,0,0,0,0,0,,,3.355,3.345,3.351,28,24,25.166,,,48,48,48,false,false,false,2,2,6,6,0,342,4200,16416,1500,-1500,0,0,1,0.505,0.2,0.2,999,999,999,999,999,999,999,999,3630,-3750,false,0,0,2,1,0,0,0,1,2,1,1,0,0,8,1,0,0,-1437827,0,37867,0,0,0,0,0,0,0,0,0,691.114,2098.32,2098.32,1815,1875,1140.1,true,0,1815,-1875,2098.11,2098.11,1815,1875,1140.5,true,0,1815,-1875
"2025-09-17T00:12:10Z","REV_TW1_U_01",0,true,2,1,0,0,0,0,0,0,13.79,,,0,13.79,0,0,,,,,3630,-3750,0.665,1.435,,,,37,,,,,2,,,,0.4,0.7,0.2,0.3,34700,34500,34400,,,,-6,59.9717,16,4961233,5420895,,,,,,,12,0,0,0,0,0,0,0,0,,2,,1146.1,24.07,21,88.5,88.5,14528.16,14528.16,100,-3912,3912,-3750,3630,-4200,4200,0,0,0,0,0,0,,,3.355,3.345,3.351,28,25,25.166,,,48,48,48,false,false,false,2,2,6,6,0,342,4200,16416,1500,-1500,0,0,1,0.505,0.2,0.2,999,999,999,999,999,999,999,999,3630,-3750,false,0,0,2,1,0,0,0,1,2,1,1,0,0,8,1,0,0,-1437828,0,37869,0,0,0,0,0,0,0,0,0,691.114,2099.58,2099.58,1815,1875,1140.1,true,0,1815,-1875,2099.58,2099.58,1815,1875,1140.5,true,0,1815,-1875
"2025-09-17T00:12:12Z","REV_TW1_U_01",0,true,2,1,0,0,0,0,0,0,13.79,,,0,13.79,0,0,,,,,3630,-3750,0.665,1.435,,,,37,,,,,2,,,,0.37,0.6,0.2,0.3,34700,34500,34400,,,,-5,59.9687,15,4961233,5420895,,,,,,,12,0,0,0,0,0,0,0,0,,2,,1146.1,24.07,21,88.5,88.5,14528.16,14528.16,100,-3912,3912,-3750,3630,-4200,4200,0,0,0,0,0,0,,,3.355,3.344,3.351,28,25,25.166,,,48,48,48,false,false,false,2,2,6,6,0,342,4200,16416,1500,-1500,0,0,1,0.505,0.2,0.2,999,999,999,999,999,999,999,999,3630,-3750,false,0,0,2,1,0,0,0,1,2,1,1,0,0,8,1,0,0,-1437828,0,37871,0,0,0,0,0,0,0,0,0,691.114,2097.27,2097.27,1815,1875,1140.1,true,0,1815,-1875,2097.27,2097.27,1815,1875,1140.5,true,0,1815,-1875
"2025-09-17T00:12:14Z","REV_TW1_U_01",0,true,2,1,0,0,0,0,0,0,13.79,,,0,13.79,0,0,,,,,3630,-3750,0.665,1.435,,,,37,,,,,2,,,,0.43,0.7,0.3,0.3,34700,34500,34400,,,,-5,59.9752,17,4961233,5420895,,,,,,,12,0,0,0,0,0,0,0,0,,2,,1146.1,22.92,20,88.5,88.5,14528.16,14528.16,100,-3912,3912,-3750,3630,-4200,4200,0,0,0,0,0,0,,,3.355,3.344,3.351,28,25,25.166,,,48,48,48,false,false,false,2,2,6,6,0,342,4200,16416,1500,-1500,0,0,1,0.505,0.2,0.2,999,999,999,999,999,999,999,999,3630,-3750,false,0,0,2,1,0,0,0,1,2,1,1,0,0,8,1,0,0,-1437828,0,37873,0,0,0,0,0,0,0,0,0,691.114,2098.11,2098.11,1815,1875,1140.1,true,0,1815,-1875,2098.11,2098.11,1815,1875,1140.5,true,0,1815,-1875
"2025-09-17T00:12:16Z","REV_TW1_U_01",0,true,2,1,0,0,0,0,0,0,13.79,,,0,13.79,0,0,,,,,3630,-3750,0.665,1.435,,,,37,,,,,2,,,,0.4,0.6,0.3,0.3,34700,34500,34400,,,,-5,59.9665,18,4961233,5420895,,,,,,,12,0,0,0,0,0,0,0,0,,2,,1146.1,24.07,21,88.5,88.5,14528.16,14528.16,100,-3912,3912,-3750,3630,-4200,4200,0,0,0,0,0,0,,,3.355,3.344,3.351,28,24,25.166,,,48,48,48,false,false,false,2,2,6,6,0,342,4200,16416,1500,-1500,0,0,1,0.505,0.2,0.2,999,999,999,999,999,999,999,999,3630,-3750,false,0,0,2,1,0,0,0,1,2,1,1,0,0,8,1,0,0,-1437828,0,37874,0,0,0,0,0,0,0,0,0,691.114,2098.74,2098.74,1815,1875,1140.1,true,0,1815,-1875,2098.74,2098.74,1815,1875,1140.5,true,0,1815,-1875
"2025-09-17T00:12:18Z","REV_TW1_U_01",0,true,2,1,0,0,0,0,0,0,13.79,,,0,13.79,0,0,,,,,3630,-3750,0.665,1.435,,,,37,,,,,2,,,,0.5,0.7,0.3,0.5,34700,34500,34400,,,,-5,59.9718,19,4961233,5420895,,,,,,,12,0,0,0,0,0,0,0,0,,2,,1146.1,22.92,20,88.5,88.5,14528.16,14528.16,100,-3912,3912,-3750,3630,-4200,4200,0,0,0,0,0,0,,,3.355,3.344,3.351,28,24,25.166,,,48,48,48,false,false,false,2,2,6,6,0,342,4200,16416,1500,-1500,0,0,1,0.505,0.2,0.2,999,999,999,999,999,999,999,999,3630,-3750,false,0,0,2,1,0,0,0,1,2,1,1,0,0,8,1,0,0,-1437828,0,37877,0,0,0,0,0,0,0,0,0,691.114,2097.69,2097.69,1815,1875,1140.1,true,0,1815,-1875,2097.69,2097.69,1815,1875,1140.5,true,0,1815,-1875
"2025-09-17T00:12:20Z","REV_TW1_U_01",0,true,2,1,0,0,0,0,0,0,13.79,,,0,13.79,0,0,,,,,3630,-3750,0.665,1.435,,,,37,,,,,2,,,,0.4,0.6,0.2,0.4,34700,34500,34400,,,,-4,59.9691,19,4961233,5420895,,,,,,,12,0,0,0,0,0,0,0,0,,2,,1146.1,22.92,20,88.5,88.5,14528.16,14528.16,100,-3912,3912,-3750,3630,-4200,4200,0,0,0,0,0,0,,,3.355,3.344,3.351,28,25,25.166,,,48,48,48,false,false,false,2,2,6,6,0,342,4200,16416,1500,-1500,0,0,1,0.505,0.2,0.2,999,999,999,999,999,999,999,999,3630,-3750,false,0,0,2,1,0,0,0,1,2,1,1,0,0,8,1,0,0,-1437828,0,37879,0,0,0,0,0,0,0,0,0,691.114,2096.85,2096.85,1815,1875,1140,true,0,1815,-1875,2096.85,2096.85,1815,1875,1140.4,true,0,1815,-1875
"2025-09-17T00:12:22Z","REV_TW1_U_01",0,true,2,1,0,0,0,0,0,0,13.79,,,0,13.79,0,0,,,,,3630,-3750,0.665,1.435,,,,37,,,,,2,,,,0.37,0.6,0.2,0.3,34700,34500,34400,,,,-4,59.9646,18,4961233,5420895,,,,,,,12,0,0,0,0,0,0,0,0,,2,,1146.1,22.92,20,88.5,88.5,14528.16,14528.16,100,-3912,3912,-3750,3630,-4200,4200,0,0,0,0,0,0,,,3.355,3.343,3.351,28,25,25.166,,,48,48,48,false,false,false,2,2,6,6,0,342,4200,16416,1500,-1500,0,0,1,0.505,0.1,0.1,999,999,999,999,999,999,999,999,3630,-3750,false,0,0,2,1,0,0,0,1,2,1,1,0,0,8,1,0,0,-1437828,0,37880,0,0,0,0,0,0,0,0,0,691.114,2097.9,2097.9,1815,1875,1140.1,true,0,1815,-1875,2097.9,2097.9,1815,1875,1140.4,true,0,1815,-1875
"2025-09-17T00:12:24Z","REV_TW1_U_01",0,true,2,1,0,0,0,0,0,0,13.79,,,0,13.79,0,0,,,,,3630,-3750,0.665,1.435,,,,37,,,,,2,,,,0.4,0.6,0.3,0.3,34700,34500,34400,,,,-4,59.9757,18,4961233,5420895,,,,,,,12,0,0,0,0,0,0,0,0,,2,,1146.1,22.92,20,88.5,88.5,14528.16,14528.16,100,-3912,3912,-3750,3630,-4200,4200,0,0,0,0,0,0,,,3.355,3.344,3.351,28,24,25.166,,,48,48,48,false,false,false,2,2,6,6,0,342,4200,16416,1500,-1500,0,0,1,0.505,0.1,0.1,999,999,999,999,999,999,999,999,3630,-3750,false,0,0,2,1,0,0,0,1,2,1,1,0,0,8,1,0,0,-1437828,0,37883,0,0,0,0,0,0,0,0,0,691.114,2098.95,2098.95,1815,1875,1140,true,0,1815,-1875,2098.95,2098.95,1815,1875,1140.4,true,0,1815,-1875
"2025-09-17T00:12:26Z","REV_TW1_U_01",0,true,2,1,0,0,0,0,0,0,13.79,,,0,13.79,0,0,,,,,3630,-3750,0.665,1.435,,,,37,,,,,2,,,,0.4,0.6,0.2,0.4,34700,34500,34500,,,,-4,59.9664,17,4961233,5420895,,,,,,,12,0,0,0,0,0,0,0,0,,2,,1146.1,22.92,20,88.5,88.5,14528.16,14528.16,100,-3912,3912,-3750,3630,-4200,4200,0,0,0,0,0,0,,,3.355,3.345,3.351,28,24,25.166,,,48,48,48,false,false,false,2,2,6,6,0,342,4200,16416,1500,-1500,0,0,1,0.505,0.1,0.1,999,999,999,999,999,999,999,999,3630,-3750,false,0,0,2,1,0,0,0,1,2,1,1,0,0,8,1,0,0,-1437828,0,37885,0,0,0,0,0,0,0,0,0,691.114,2099.58,2099.58,1815,1875,1140,true,0,1815,-1875,2099.58,2099.58,1815,1875,1140.4,true,0,1815,-1875
"2025-09-17T00:12:28Z","REV_TW1_U_01",0,true,2,1,0,0,0,0,0,0,13.79,,,0,13.79,0,0,,,,,3630,-3750,0.665,1.435,,,,37,,,,,2,,,,0.43,0.7,0.3,0.3,34700,34500,34400,,,,-5,59.967,18,4961233,5420895,,,,,,,12,0,0,0,0,0,0,0,0,,2,,1146.1,24.07,21,88.5,88.5,14528.16,14528.16,100,-3912,3912,-3750,3630,-4200,4200,0,0,0,0,0,0,,,3.355,3.345,3.351,28,25,25.166,,,48,48,48,false,false,false,2,2,6,6,0,342,4200,16416,1500,-1500,0,0,1,0.505,0.1,0.1,999,999,999,999,999,999,999,999,3630,-3750,false,0,0,2,1,0,0,0,1,2,1,1,0,0,8,1,0,0,-1437829,0,37887,0,0,0,0,0,0,0,0,0,691.114,2100.63,2100.63,1815,1875,1140,true,0,1815,-1875,2100.63,2100.63,1815,1875,1140.4,true,0,1815,-1875
"date_rec","device_id","_faultCount","_cloudConnected","UnitSt","UnitMode","UnitAlm1","UnitFlt1","UnitFlt2","UnitFlt3","UnitDiags","kWin","kVArin","kWcalc","kVArcalc","kWout","kVArout","DCIin","DCIout","OutVin","OutFin","OutVout","OutFout","DisMax","ChMax","DisCost","ChCost","TmpRet","TmpSup","TmpAmb","TmpEnc1","TmpEnc2","TmpEnc3","TmpEnc4","EncHumidity","PcsSt","PcsCmd","DCAOut","DCVOut","ACA","AphA","AphB","AphC","PPVphAB","PPVphBC","PPVphCA","PhVphA","PhVphB","PhVphC","kW","Hz","kVAr","kWH","kWHC","kWHD","DCA","DCV","DCkW","TmpCab","TmpSnk","PcsStVnd","PcsEvtVnd1","PcsEvtVnd2","PcsEvtVnd3","PcsEvtVnd4","PcsEvtVnd5","PcsEvtVnd6","PcsEvtVnd7","PcsEvtVnd8","BattStVnd","BattSt","BattCmd","BattV","BattP","BattA","SoC","SoCOnline","SOE","SOEOnline","SoH","BattAChLmt","BattADisLmt","BattPChLmt","BattPDisLmt","BattPChLmtEMS","BattPDisLmtEMS","BatEvtVnd1","BatEvtVnd2","BatEvtVnd3","BatEvtVnd4","BatEvtVnd5","BatEvtVnd6","BatEvtVnd7","BatEvtVnd8","CellVMax","CellVMin","CellVAvg","ModTmpMax","ModTmpMin","ModTmpAvg","BattStopReq","DCIR","_ConnStr","_EnabledStr","_TotalStr","_PcsAlmActive","_BattAlmActive","_StrAlmActive","_RunningPcsCnt","_TotalPcs","_RunningHVACCnt","_TotalHVAC","_UnitType","_StrEnergy","_UnitSRating","_UnitE","_QMax","_QMin","_HVACInhibitCnt","_ExhaustCnt","_StrSocDelta","_StrSocStdDev","_StrVDelta","_StrVDeltaOnline","_emcu1St","_emcu3St","_emcu5St","_emcu0St","_emcu2St","_emcu4St","_bms1St","_bms0St","_TotBusbarPDisLmt","_TotBusbarPChLmt","_bias_err","_BusbarPcmds.0","_BusbarPcmds.1","_CusRole","_GenSel","_CurrFlt","_FltMod","_CurrWrn","_StartCondAll","_ACSw","_MVSw","_MVGenSw","_MVEarthSw","_MVFbErr","_PcsPModeVnd","_PcsQModeVnd","_SelModkWh","_SelModkVArh","_kVArh","_CommsTimeout","_HB","PcsEvtVnd9","PcsEvtVnd10","PcsEvtVnd11","PcsEvtVnd12","PcsEvtVnd13","PcsEvtVnd14","PcsEvtVnd15","PcsEvtVnd16","PcsEvtVnd17","_ACIR","_CustomBusbarPLmts.0.busbar_dis_limit","_CustomBusbarPLmts.0.busbar_ch_limit","_CustomBusbarPLmts.0.subbms_dis_limit","_CustomBusbarPLmts.0.subbms_ch_limit","_CustomBusbarPLmts.0.gain_param_val","_CustomBusbarPLmts.0.running","_CustomBusbarPLmts.0.busbar_delta_gain","_CustomBusbarPLmts.0.final_dis_limit","_CustomBusbarPLmts.0.final_ch_limit","_CustomBusbarPLmts.1.busbar_dis_limit","_CustomBusbarPLmts.1.busbar_ch_limit","_CustomBusbarPLmts.1.subbms_dis_limit","_CustomBusbarPLmts.1.subbms_ch_limit","_CustomBusbarPLmts.1.gain_param_val","_CustomBusbarPLmts.1.running","_CustomBusbarPLmts.1.busbar_delta_gain","_CustomBusbarPLmts.1.final_dis_limit","_CustomBusbarPLmts.1.final_ch_limit"
"2025-09-17T00:12:30Z","REV_TW1_U_01",0,true,2,1,0,0,0,0,0,0,13.79,,,0,13.79,0,0,,,,,3630,-3750,0.665,1.435,,,,37,,,,,2,,,,0.37,0.6,0.2,0.3,34600,34500,34400,,,,-5,59.9687,17,4961233,5420895,,,,,,,12,0,0,0,0,0,0,0,0,,2,,1146,24.07,21,88.5,88.5,14528.16,14528.16,100,-3912,3912,-3750,3630,-4200,4200,0,0,0,0,0,0,,,3.355,3.344,3.351,28,24,25.166,,,48,48,48,false,false,false,2,2,6,6,0,342,4200,16416,1500,-1500,0,0,1,0.505,0.1,0.1,999,999,999,999,999,999,999,999,3630,-3750,false,0,0,2,1,0,0,0,1,2,1,1,0,0,8,1,0,0,-1437829,0,37888,0,0,0,0,0,0,0,0,0,691.114,2097.69,2097.69,1815,1875,1140,true,0,1815,-1875,2097.69,2097.69,1815,1875,1140.4,true,0,1815,-1875
"2025-09-17T00:12:32Z","REV_TW1_U_01",0,true,2,1,0,0,0,0,0,0,13.79,,,0,13.79,0,0,,,,,3630,-3750,0.665,1.435,,,,37,,,,,2,,,,0.4,0.6,0.3,0.3,34600,34500,34400,,,,-4,59.9765,17,4961233,5420895,,,,,,,12,0,0,0,0,0,0,0,0,,2,,1146,24.07,21,88.5,88.5,14528.16,14528.16,100,-3912,3912,-3750,3630,-4200,4200,0,0,0,0,0,0,,,3.354,3.344,3.351,28,25,25.166,,,48,48,48,false,false,false,2,2,6,6,0,342,4200,16416,1500,-1500,0,0,1,0.505,0.1,0.1,999,999,999,999,999,999,999,999,3630,-3750,false,0,0,2,1,0,0,0,1,2,1,1,0,0,8,1,0,0,-1437829,0,37891,0,0,0,0,0,0,0,0,0,691.114,2098.95,2098.95,1815,1875,1140,true,0,1815,-1875,2098.95,2098.95,1815,1875,1140.4,true,0,1815,-1875
"2025-09-17T00:12:34Z","REV_TW1_U_01",0,true,2,1,0,0,0,0,0,0,13.79,,,0,13.79,0,0,,,,,3630,-3750,0.665,1.435,,,,37,,,,,2,,,,0.43,0.6,0.3,0.4,34700,34500,34400,,,,-4,59.9696,17,4961233,5420895,,,,,,,12,0,0,0,0,0,0,0,0,,2,,1146,24.07,21,88.5,88.5,14528.16,14528.16,100,-3912,3912,-3750,3630,-4200,4200,0,0,0,0,0,0,,,3.355,3.344,3.351,28,25,25.166,,,48,48,48,false,false,false,2,2,6,6,0,342,4200,16416,1500,-1500,0,0,1,0.505,0.1,0.1,999,999,999,999,999,999,999,999,3630,-3750,false,0,0,2,1,0,0,0,1,2,1,1,0,0,8,1,0,0,-1437829,0,37893,0,0,0,0,0,0,0,0,0,691.114,2099.16,2099.16,1815,1875,1140,true,0,1815,-1875,2099.16,2099.16,1815,1875,1140.4,true,0,1815,-1875
"2025-09-17T00:12:36Z","REV_TW1_U_01",0,true,2,1,0,0,0,0,0,0,13.79,,,0,13.79,0,0,,,,,3630,-3750,0.665,1.435,,,,37,,,,,2,,,,0.37,0.6,0.2,0.3,34600,34500,34400,,,,-5,59.9701,16,4961233,5420895,,,,,,,12,0,0,0,0,0,0,0,0,,2,,1146,22.92,20,88.5,88.5,14528.16,14528.16,100,-3912,3912,-3750,3630,-4200,4200,0,0,0,0,0,0,,,3.354,3.344,3.351,28,25,25.166,,,48,48,48,false,false,false,2,2,6,6,0,342,4200,16416,1500,-1500,0,0,1,0.505,0.1,0.1,999,999,999,999,999,999,999,999,3630,-3750,false,0,0,2,1,0,0,0,1,2,1,1,0,0,8,1,0,0,-1437829,0,37894,0,0,0,0,0,0,0,0,0,691.114,2098.32,2098.32,1815,1875,1140,true,0,1815,-1875,2097.9,2097.9,1815,1875,1140.4,true,0,1815,-1875
"2025-09-17T00:12:38Z","REV_TW1_U_01",0,true,2,1,0,0,0,0,0,0,13.79,,,0,13.79,0,0,,,,,3630,-3750,0.665,1.435,,,,37,,,,,2,,,,0.43,0.7,0.3,0.3,34600,34500,34400,,,,-5,59.9729,14,4961233,5420895,,,,,,,12,0,0,0,0,0,0,0,0,,2,,1146,22.92,20,88.5,88.5,14528.16,14528.16,100,-3912,3912,-3750,3630,-4200,4200,0,0,0,0,0,0,,,3.355,3.344,3.351,28,25,25.166,,,48,48,48,false,false,false,2,2,6,6,0,342,4200,16416,1500,-1500,0,0,1,0.505,0.1,0.1,999,999,999,999,999,999,999,999,3630,-3750,false,0,0,2,1,0,0,0,1,2,1,1,0,0,8,1,0,0,-1437829,0,37897,0,0,0,0,0,0,0,0,0,691.114,2098.32,2098.32,1815,1875,1140,true,0,1815,-1875,2098.32,2098.32,1815,1875,1140.4,true,0,1815,-1875
"2025-09-17T00:12:40Z","REV_TW1_U_01",0,true,2,1,0,0,0,0,0,0,13.79,,,0,13.79,0,0,,,,,3630,-3750,0.665,1.435,,,,37,,,,,2,,,,0.4,0.6,0.3,0.3,34600,34500,34400,,,,-5,59.9631,16,4961233,5420895,,,,,,,12,0,0,0,0,0,0,0,0,,2,,1146,24.07,21,88.5,88.5,14528.16,14528.16,100,-3912,3912,-3750,3630,-4200,4200,0,0,0,0,0,0,,,3.355,3.344,3.351,28,25,25.166,,,48,48,48,false,false,false,2,2,6,6,0,342,4200,16416,1500,-1500,0,0,1,0.505,0.1,0.1,999,999,999,999,999,999,999,999,3630,-3750,false,0,0,2,1,0,0,0,1,2,1,1,0,0,8,1,0,0,-1437829,0,37899,0,0,0,0,0,0,0,0,0,691.114,2098.11,2098.11,1815,1875,1140,true,0,1815,-1875,2098.53,2098.53,1815,1875,1140.4,true,0,1815,-1875
"2025-09-17T00:12:42Z","REV_TW1_U_01",0,true,2,1,0,0,0,0,0,0,13.79,,,0,13.79,0,0,,,,,3630,-3750,0.665,1.435,,,,37,,,,,2,,,,0.4,0.6,0.3,0.3,34600,34500,34400,,,,-5,59.9607,16,4961233,5420895,,,,,,,12,0,0,0,0,0,0,0,0,,2,,1146,22.92,20,88.5,88.5,14528.16,14528.16,100,-3912,3912,-3750,3630,-4200,4200,0,0,0,0,0,0,,,3.354,3.344,3.351,28,24,25,,,48,48,48,false,false,false,2,2,6,6,0,342,4200,16416,1500,-1500,0,0,1,0.505,0.2,0.2,999,999,999,999,999,999,999,999,3630,-3750,false,0,0,2,1,0,0,0,1,2,1,1,0,0,8,1,0,0,-1437829,0,37900,0,0,0,0,0,0,0,0,0,691.114,2098.32,2098.32,1815,1875,1140,true,0,1815,-1875,2098.32,2098.32,1815,1875,1140.4,true,0,1815,-1875
"2025-09-17T00:12:44Z","REV_TW1_U_01",0,true,2,1,0,0,0,0,0,0,13.79,,,0,13.79,0,0,,,,,3630,-3750,0.665,1.435,,,,37,,,,,2,,,,0.4,0.6,0.3,0.3,34700,34500,34400,,,,-5,59.9705,16,4961233,5420895,,,,,,,12,0,0,0,0,0,0,0,0,,2,,1146,22.92,20,88.5,88.5,14528.16,14528.16,100,-3912,3912,-3750,3630,-4200,4200,0,0,0,0,0,0,,,3.354,3.344,3.351,28,24,25.166,,,48,48,48,false,false,false,2,2,6,6,0,342,4200,16416,1500,-1500,0,0,1,0.505,0.2,0.2,999,999,999,999,999,999,999,999,3630,-3750,false,0,0,2,1,0,0,0,1,2,1,1,0,0,8,1,0,0,-1437830,0,37903,0,0,0,0,0,0,0,0,0,691.114,2098.95,2098.95,1815,1875,1140,true,0,1815,-1875,2098.95,2098.95,1815,1875,1140.4,true,0,1815,-1875
"2025-09-17T00:12:46Z","REV_TW1_U_01",0,true,2,1,0,0,0,0,0,0,13.79,,,0,13.79,0,0,,,,,3630,-3750,0.665,1.435,,,,37,,,,,2,,,,0.4,0.6,0.3,0.3,34700,34500,34400,,,,-6,59.9725,17,4961233,5420895,,,,,,,12,0,0,0,0,0,0,0,0,,2,,1146,24.07,21,88.5,88.5,14528.16,14528.16,100,-3912,3912,-3750,3630,-4200,4200,0,0,0,0,0,0,,,3.354,3.344,3.351,28,24,25.166,,,48,48,48,false,false,false,2,2,6,6,0,342,4200,16416,1500,-1500,0,0,1,0.505,0.2,0.2,999,999,999,999,999,999,999,999,3630,-3750,false,0,0,2,1,0,0,0,1,2,1,1,0,0,8,1,0,0,-1437830,0,37905,0,0,0,0,0,0,0,0,0,691.114,2096.85,2096.85,1815,1875,1140,true,0,1815,-1875,2096.85,2096.85,1815,1875,1140.4,true,0,1815,-1875
"2025-09-17T00:12:48Z","REV_TW1_U_01",0,true,2,1,0,0,0,0,0,0,13.79,,,0,13.79,0,0,,,,,3630,-3750,0.665,1.435,,,,37,,,,,2,,,,0.4,0.6,0.3,0.3,34700,34500,34400,,,,-5,59.9761,18,4961233,5420895,,,,,,,12,0,0,0,0,0,0,0,0,,2,,1146,24.07,21,88.5,88.5,14528.16,14528.16,100,-3912,3912,-3750,3630,-4200,4200,0,0,0,0,0,0,,,3.355,3.344,3.351,28,25,25.166,,,48,48,48,false,false,false,2,2,6,6,0,342,4200,16416,1500,-1500,0,0,1,0.505,0.2,0.2,999,999,999,999,999,999,999,999,3630,-3750,false,0,0,2,1,0,0,0,1,2,1,1,0,0,8,1,0,0,-1437830,0,37907,0,0,0,0,0,0,0,0,0,691.114,2098.53,2098.53,1815,1875,1140,true,0,1815,-1875,2098.53,2098.53,1815,1875,1140.4,true,0,1815,-1875
"2025-09-17T00:12:50Z","REV_TW1_U_01",0,true,2,1,0,0,0,0,0,0,13.79,,,0,13.79,0,0,,,,,3630,-3750,0.665,1.435,,,,37,,,,,2,,,,0.47,0.7,0.3,0.4,34700,34500,34400,,,,-5,59.9744,19,4961233,5420895,,,,,,,12,0,0,0,0,0,0,0,0,,2,,1146,24.07,21,88.5,88.5,14528.16,14528.16,100,-3912,3912,-3750,3630,-4200,4200,0,0,0,0,0,0,,,3.355,3.344,3.351,28,24,25.166,,,48,48,48,false,false,false,2,2,6,6,0,342,4200,16416,1500,-1500,0,0,1,0.505,0.2,0.2,999,999,999,999,999,999,999,999,3630,-3750,false,0,0,2,1,0,0,0,1,2,1,1,0,0,8,1,0,0,-1437830,0,37908,0,0,0,0,0,0,0,0,0,691.114,2098.74,2098.74,1815,1875,1140,true,0,1815,-1875,2098.74,2098.74,1815,1875,1140.4,true,0,1815,-1875
"2025-09-17T00:12:52Z","REV_TW1_U_01",0,true,2,1,0,0,0,0,0,0,13.79,,,0,13.79,0,0,,,,,3630,-3750,0.665,1.435,,,,37,,,,,2,,,,0.37,0.6,0.3,0.2,34700,34500,34400,,,,-4,59.9794,19,4961233,5420895,,,,,,,12,0,0,0,0,0,0,0,0,,2,,1146,22.92,20,88.5,88.5,14528.16,14528.16,100,-3912,3912,-3750,3630,-4200,4200,0,0,0,0,0,0,,,3.354,3.344,3.351,28,24,25.166,,,48,48,48,false,false,false,2,2,6,6,0,342,4200,16416,1500,-1500,0,0,1,0.505,0.2,0.2,999,999,999,999,999,999,999,999,3630,-3750,false,0,0,2,1,0,0,0,1,2,1,1,0,0,8,1,0,0,-1437830,0,37911,0,0,0,0,0,0,0,0,0,691.114,2097.27,2097.27,1815,1875,1140,true,0,1815,-1875,2097.27,2097.27,1815,1875,1140.4,true,0,1815,-1875
"2025-09-17T00:12:54Z","REV_TW1_U_01",0,true,2,1,0,0,0,0,0,0,13.79,,,0,13.79,0,0,,,,,3630,-3750,0.665,1.435,,,,37,,,,,2,,,,0.43,0.6,0.3,0.4,34700,34500,34400,,,,-5,59.9829,19,4961233,5420895,,,,,,,12,0,0,0,0,0,0,0,0,,2,,1146,24.07,21,88.5,88.5,14528.16,14528.16,100,-3912,3912,-3750,3630,-4200,4200,0,0,0,0,0,0,,,3.354,3.344,3.351,28,24,25.166,,,48,48,48,false,false,false,2,2,6,6,0,342,4200,16416,1500,-1500,0,0,1,0.505,0.2,0.2,999,999,999,999,999,999,999,999,3630,-3750,false,0,0,2,1,0,0,0,1,2,1,1,0,0,8,1,0,0,-1437830,0,37913,0,0,0,0,0,0,0,0,0,691.114,2098.11,2098.11,1815,1875,1140,true,0,1815,-1875,2098.11,2098.11,1815,1875,1140.4,true,0,1815,-1875
"2025-09-17T00:12:56Z","REV_TW1_U_01",0,true,2,1,0,0,0,0,0,0,13.79,,,0,13.79,0,0,,,,,3630,-3750,0.665,1.435,,,,37,,,,,2,,,,0.43,0.7,0.2,0.4,34700,34500,34400,,,,-4,59.9805,18,4961233,5420895,,,,,,,12,0,0,0,0,0,0,0,0,,2,,1146,24.07,21,88.5,88.5,14528.16,14528.16,100,-3912,3912,-3750,3630,-4200,4200,0,0,0,0,0,0,,,3.354,3.344,3.351,28,25,25.166,,,48,48,48,false,false,false,2,2,6,6,0,342,4200,16416,1500,-1500,0,0,1,0.505,0.2,0.2,999,999,999,999,999,999,999,999,3630,-3750,false,0,0,2,1,0,0,0,1,2,1,1,0,0,8,1,0,0,-1437830,0,37914,0,0,0,0,0,0,0,0,0,691.114,2097.48,2097.48,1815,1875,1140,true,0,1815,-1875,2097.48,2097.48,1815,1875,1140.4,true,0,1815,-1875
"2025-09-17T00:12:58Z","REV_TW1_U_01",0,true,2,1,0,0,0,0,0,0,13.79,,,0,13.79,0,0,,,,,3630,-3750,0.665,1.435,,,,37,,,,,2,,,,0.4,0.6,0.3,0.3,34700,34500,34400,,,,-4,59.9852,19,4961233,5420895,,,,,,,12,0,0,0,0,0,0,0,0,,2,,1146,24.07,21,88.5,88.5,14528.16,14528.16,100,-3912,3912,-3750,3630,-4200,4200,0,0,0,0,0,0,,,3.354,3.344,3.351,28,25,25.166,,,48,48,48,false,false,false,2,2,6,6,0,342,4200,16416,1500,-1500,0,0,1,0.505,0.2,0.2,999,999,999,999,999,999,999,999,3630,-3750,false,0,0,2,1,0,0,0,1,2,1,1,0,0,8,1,0,0,-1437830,0,37916,0,0,0,0,0,0,0,0,0,691.114,2097.9,2097.9,1815,1875,1140,true,0,1815,-1875,2097.9,2097.9,1815,1875,1140.4,true,0,1815,-1875
"2025-09-17T00:13:00Z","REV_TW1_U_01",0,true,2,1,0,0,0,0,0,0,13.79,,,0,13.79,0,0,,,,,3630,-3750,0.665,1.435,,,,37,,,,,2,,,,0.37,0.6,0.2,0.3,34700,34500,34400,,,,-4,59.9827,19,4961233,5420895,,,,,,,12,0,0,0,0,0,0,0,0,,2,,1146,22.92,20,88.5,88.5,14528.16,14528.16,100,-3912,3912,-3750,3630,-4200,4200,0,0,0,0,0,0,,,3.354,3.344,3.351,28,25,25.166,,,48,48,48,false,false,false,2,2,6,6,0,342,4200,16416,1500,-1500,0,0,1,0.505,0.2,0.2,999,999,999,999,999,999,999,999,3630,-3750,false,0,0,2,1,0,0,0,1,2,1,1,0,0,8,1,0,0,-1437830,0,37919,0,0,0,0,0,0,0,0,0,691.114,2098.95,2098.95,1815,1875,1140,true,0,1815,-1875,2098.95,2098.95,1815,1875,1140.4,true,0,1815,-1875
"2025-09-17T00:13:02Z","REV_TW1_U_01",0,true,2,1,0,0,0,0,0,0,13.79,,,0,13.79,0,0,,,,,3630,-3750,0.665,1.435,,,,37,,,,,2,,,,0.4,0.6,0.3,0.3,34700,34500,34400,,,,-3,59.9825,18,4961233,5420895,,,,,,,12,0,0,0,0,0,0,0,0,,2,,1146,24.07,21,88.5,88.5,14528.16,14528.16,100,-3912,3912,-3750,3630,-4200,4200,0,0,0,0,0,0,,,3.354,3.344,3.351,28,25,25.166,,,48,48,48,false,false,false,2,2,6,6,0,342,4200,16416,1500,-1500,0,0,1,0.505,0.2,0.2,999,999,999,999,999,999,999,999,3630,-3750,false,0,0,2,1,0,0,0,1,2,1,1,0,0,8,1,0,0,-1437831,0,37921,0,0,0,0,0,0,0,0,0,691.114,2097.69,2097.69,1815,1875,1140,true,0,1815,-1875,2097.69,2097.69,1815,1875,1140.4,true,0,1815,-1875
"2025-09-17T00:13:04Z","REV_TW1_U_01",0,true,2,1,0,0,0,0,0,0,13.79,,,0,13.79,0,0,,,,,3630,-3750,0.665,1.435,,,,37,,,,,2,,,,0.4,0.6,0.3,0.3,34700,34500,34400,,,,-4,59.9821,18,4961233,5420895,,,,,,,12,0,0,0,0,0,0,0,0,,2,,1146,25.21,22,88.5,88.5,14528.16,14528.16,100,-3912,3912,-3750,3630,-4200,4200,0,0,0,0,0,0,,,3.354,3.344,3.351,28,25,25.166,,,48,48,48,false,false,false,2,2,6,6,0,342,4200,16416,1500,-1500,0,0,1,0.505,0.2,0.2,999,999,999,999,999,999,999,999,3630,-3750,false,0,0,2,1,0,0,0,1,2,1,1,0,0,8,1,0,0,-1437831,0,37922,0,0,0,0,0,0,0,0,0,691.114,2097.69,2097.69,1815,1875,1140,true,0,1815,-1875,2097.69,2097.69,1815,1875,1140.4,true,0,1815,-1875
"2025-09-17T00:13:06Z","REV_TW1_U_01",0,true,2,1,0,0,0,0,0,0,13.79,,,0,13.79,0,0,,,,,3630,-3750,0.665,1.435,,,,37,,,,,2,,,,0.4,0.7,0.2,0.3,34700,34500,34500,,,,-5,59.9724,18,4961233,5420895,,,,,,,12,0,0,0,0,0,0,0,0,,2,,1146,24.07,21,88.5,88.5,14528.16,14528.16,100,-3912,3912,-3750,3630,-4200,4200,0,0,0,0,0,0,,,3.354,3.344,3.35,28,25,25.166,,,48,48,48,false,false,false,2,2,6,6,0,342,4200,16416,1500,-1500,0,0,1,0.505,0.2,0.2,999,999,999,999,999,999,999,999,3630,-3750,false,0,0,2,1,0,0,0,1,2,1,1,0,0,8,1,0,0,-1437831,0,37924,0,0,0,0,0,0,0,0,0,691.114,2099.16,2099.16,1815,1875,1140,true,0,1815,-1875,2099.16,2099.16,1815,1875,1140.3,true,0,1815,-1875
"2025-09-17T00:13:08Z","REV_TW1_U_01",0,true,2,1,0,0,0,0,0,0,13.79,,,0,13.79,0,0,,,,,3630,-3750,0.665,1.435,,,,37,,,,,2,,,,0.47,0.7,0.3,0.4,34700,34500,34500,,,,-5,59.9743,17,4961233,5420895,,,,,,,12,0,0,0,0,0,0,0,0,,2,,1145.9,24.06,21,88.5,88.5,14528.16,14528.16,100,-3912,3912,-3750,3630,-4200,4200,0,0,0,0,0,0,,,3.354,3.344,3.35,28,24,25.166,,,48,48,48,false,false,false,2,2,6,6,0,342,4200,16416,1500,-1500,0,0,1,0.505,0.2,0.2,999,999,999,999,999,999,999,999,3630,-3750,false,0,0,2,1,0,0,0,1,2,1,1,0,0,8,1,0,0,-1437831,0,37927,0,0,0,0,0,0,0,0,0,691.114,2098.53,2098.53,1815,1875,1139.9,true,0,1815,-1875,2098.53,2098.53,1815,1875,1140.3,true,0,1815,-1875
"2025-09-17T00:13:10Z","REV_TW1_U_01",0,true,2,1,0,0,0,0,0,0,13.79,,,0,13.79,0,0,,,,,3630,-3750,0.665,1.435,,,,37,,,,,2,,,,0.4,0.6,0.3,0.3,34700,34500,34500,,,,-4,59.9752,16,4961233,5420895,,,,,,,12,0,0,0,0,0,0,0,0,,2,,1146,24.07,21,88.5,88.5,14528.16,14528.16,100,-3912,3912,-3750,3630,-4200,4200,0,0,0,0,0,0,,,3.354,3.344,3.35,28,24,25.166,,,48,48,48,false,false,false,2,2,6,6,0,342,4200,16416,1500,-1500,0,0,1,0.505,0.2,0.2,999,999,999,999,999,999,999,999,3630,-3750,false,0,0,2,1,0,0,0,1,2,1,1,0,0,8,1,0,0,-1437831,0,37928,0,0,0,0,0,0,0,0,0,691.114,2100.42,2100.42,1815,1875,1139.9,true,0,1815,-1875,2100.42,2100.42,1815,1875,1140.4,true,0,1815,-1875
"2025-09-17T00:13:12Z","REV_TW1_U_01",0,true,2,1,0,0,0,0,0,0,13.79,,,0,13.79,0,0,,,,,3630,-3750,0.665,1.435,,,,37,,,,,2,,,,0.37,0.6,0.3,0.2,34700,34500,34400,,,,-5,59.9839,17,4961233,5420895,,,,,,,12,0,0,0,0,0,0,0,0,,2,,1145.9,22.92,20,88.5,88.5,14528.16,14528.16,100,-3912,3912,-3750,3630,-4200,4200,0,0,0,0,0,0,,,3.354,3.344,3.35,28,24,25,,,48,48,48,false,false,false,2,2,6,6,0,342,4200,16416,1500,-1500,0,0,1,0.505,0.2,0.2,999,999,999,999,999,999,999,999,3630,-3750,false,0,0,2,1,0,0,0,1,2,1,1,0,0,8,1,0,0,-1437831,0,37930,0,0,0,0,0,0,0,0,0,691.114,2099.58,2099.58,1815,1875,1139.9,true,0,1815,-1875,2099.58,2099.58,1815,1875,1140.3,true,0,1815,-1875
"2025-09-17T00:13:14Z","REV_TW1_U_01",0,true,2,1,0,0,0,0,0,0,13.79,,,0,13.79,0,0,,,,,3630,-3750,0.665,1.435,,,,37,,,,,2,,,,0.4,0.6,0.2,0.4,34700,34500,34400,,,,-5,59.9768,17,4961233,5420895,,,,,,,12,0,0,0,0,0,0,0,0,,2,,1145.9,22.92,20,88.5,88.5,14528.16,14528.16,100,-3912,3912,-3750,3630,-4200,4200,0,0,0,0,0,0,,,3.354,3.344,3.35,28,25,25.166,,,48,48,48,false,false,false,2,2,6,6,0,342,4200,16416,1500,-1500,0,0,1,0.505,0.2,0.2,999,999,999,999,999,999,999,999,3630,-3750,false,0,0,2,1,0,0,0,1,2,1,1,0,0,8,1,0,0,-1437831,0,37933,0,0,0,0,0,0,0,0,0,691.114,2098.95,2098.95,1815,1875,1139.9,true,0,1815,-1875,2098.95,2098.95,1815,1875,1140.3,true,0,1815,-1875
"2025-09-17T00:13:16Z","REV_TW1_U_01",0,true,2,1,0,0,0,0,0,0,13.79,,,0,13.79,0,0,,,,,3630,-3750,0.665,1.435,,,,37,,,,,2,,,,0.4,0.7,0.2,0.3,34700,34500,34400,,,,-5,59.9747,16,4961233,5420895,,,,,,,12,0,0,0,0,0,0,0,0,,2,,1145.9,24.06,21,88.5,88.5,14528.16,14528.16,100,-3912,3912,-3750,3630,-4200,4200,0,0,0,0,0,0,,,3.354,3.344,3.35,28,24,25.166,,,48,48,48,false,false,false,2,2,6,6,0,342,4200,16416,1500,-1500,0,0,1,0.505,0.2,0.2,999,999,999,999,999,999,999,999,3630,-3750,false,0,0,2,1,0,0,0,1,2,1,1,0,0,8,1,0,0,-1437831,0,37934,0,0,0,0,0,0,0,0,0,691.114,2100,2100,1815,1875,1140,true,0,1815,-1875,2100,2100,1815,1875,1140.3,true,0,1815,-1875
"2025-09-17T00:13:18Z","REV_TW1_U_01",0,true,2,1,0,0,0,0,0,0,13.79,,,0,13.79,0,0,,,,,3630,-3750,0.665,1.435,,,,37,,,,,2,,,,0.4,0.6,0.3,0.3,34700,34500,34500,,,,-5,59.9839,16,4961233,5420895,,,,,,,12,0,0,0,0,0,0,0,0,,2,,1145.9,24.06,21,88.5,88.5,14528.16,14528.16,100,-3912,3912,-3750,3630,-4200,4200,0,0,0,0,0,0,,,3.354,3.344,3.35,28,25,25,,,48,48,48,false,false,false,2,2,6,6,0,342,4200,16416,1500,-1500,0,0,1,0.505,0.2,0.2,999,999,999,999,999,999,999,999,3630,-3750,false,0,0,2,1,0,0,0,1,2,1,1,0,0,8,1,0,0,-1437831,0,37936,0,0,0,0,0,0,0,0,0,691.114,2098.11,2098.11,1815,1875,1140,true,0,1815,-1875,2098.11,2098.11,1815,1875,1140.3,true,0,1815,-1875
"2025-09-17T00:13:20Z","REV_TW1_U_01",0,true,2,1,0,0,0,0,0,0,13.79,,,0,13.79,0,0,,,,,3630,-3750,0.665,1.435,,,,37,,,,,2,,,,0.37,0.6,0.3,0.2,34700,34500,34400,,,,-4,59.9704,15,4961233,5420895,,,,,,,12,0,0,0,0,0,0,0,0,,2,,1145.9,24.06,21,88.5,88.5,14528.16,14528.16,100,-3912,3912,-3750,3630,-4200,4200,0,0,0,0,0,0,,,3.355,3.344,3.35,28,25,25.166,,,48,48,48,false,false,false,2,2,6,6,0,342,4200,16416,1500,-1500,0,0,1,0.505,0.2,0.2,999,999,999,999,999,999,999,999,3630,-3750,false,0,0,2,1,0,0,0,1,2,1,1,0,0,8,1,0,0,-1437832,0,37938,0,0,0,0,0,0,0,0,0,691.114,2098.95,2098.95,1815,1875,1139.9,true,0,1815,-1875,2098.95,2098.95,1815,1875,1140.3,true,0,1815,-1875
"2025-09-17T00:13:22Z","REV_TW1_U_01",0,true,2,1,0,0,0,0,0,0,13.79,,,0,13.79,0,0,,,,,3630,-3750,0.665,1.435,,,,37,,,,,2,,,,0.4,0.6,0.3,0.3,34700,34500,34500,,,,-5,59.9738,15,4961233,5420895,,,,,,,12,0,0,0,0,0,0,0,0,,2,,1145.9,24.06,21,88.5,88.5,14528.16,14528.16,100,-3912,3912,-3750,3630,-4200,4200,0,0,0,0,0,0,,,3.354,3.343,3.35,28,25,25.166,,,48,48,48,false,false,false,2,2,6,6,0,342,4200,16416,1500,-1500,0,0,1,0.505,0.2,0.2,999,999,999,999,999,999,999,999,3630,-3750,false,0,0,2,1,0,0,0,1,2,1,1,0,0,8,1,0,0,-1437832,0,37941,0,0,0,0,0,0,0,0,0,691.114,2099.58,2099.58,1815,1875,1139.9,true,0,1815,-1875,2099.58,2099.58,1815,1875,1140.3,true,0,1815,-1875
"2025-09-17T00:13:24Z","REV_TW1_U_01",0,true,2,1,0,0,0,0,0,0,13.79,,,0,13.79,0,0,,,,,3630,-3750,0.665,1.435,,,,37,,,,,2,,,,0.43,0.7,0.3,0.3,34700,34500,34500,,,,-5,59.9681,16,4961233,5420895,,,,,,,12,0,0,0,0,0,0,0,0,,2,,1145.9,22.92,20,88.5,88.5,14528.16,14528.16,100,-3912,3912,-3750,3630,-4200,4200,0,0,0,0,0,0,,,3.354,3.344,3.35,28,24,25.166,,,48,48,48,false,false,false,2,2,6,6,0,342,4200,16416,1500,-1500,0,0,1,0.505,0.2,0.2,999,999,999,999,999,999,999,999,3630,-3750,false,0,0,2,1,0,0,0,1,2,1,1,0,0,8,1,0,0,-1437832,0,37942,0,0,0,0,0,0,0,0,0,691.114,2099.79,2099.79,1815,1875,1139.9,true,0,1815,-1875,2099.79,2099.79,1815,1875,1140.3,true,0,1815,-1875
"2025-09-17T00:13:26Z","REV_TW1_U_01",0,true,2,1,0,0,0,0,0,0,13.79,,,0,13.79,0,0,,,,,3630,-3750,0.665,1.435,,,,37,,,,,2,,,,0.37,0.6,0.2,0.3,34700,34500,34500,,,,-5,59.9691,16,4961233,5420895,,,,,,,12,0,0,0,0,0,0,0,0,,2,,1145.9,24.06,21,88.5,88.5,14528.16,14528.16,100,-3912,3912,-3750,3630,-4200,4200,0,0,0,0,0,0,,,3.354,3.344,3.35,28,25,25,,,48,48,48,false,false,false,2,2,6,6,0,342,4200,16416,1500,-1500,0,0,1,0.505,0.2,0.2,999,999,999,999,999,999,999,999,3630,-3750,false,0,0,2,1,0,0,0,1,2,1,1,0,0,8,1,0,0,-1437832,0,37944,0,0,0,0,0,0,0,0,0,691.114,2100.21,2100.21,1815,1875,1139.9,true,0,1815,-1875,2100.21,2100.21,1815,1875,1140.3,true,0,1815,-1875
"2025-09-17T00:13:28Z","REV_TW1_U_01",0,true,2,1,0,0,0,0,0,0,13.79,,,0,13.79,0,0,,,,,3630,-3750,0.665,1.435,,,,37,,,,,2,,,,0.37,0.6,0.2,0.3,34700,34500,34500,,,,-5,59.9611,17,4961233,5420895,,,,,,,12,0,0,0,0,0,0,0,0,,2,,1145.9,24.06,21,88.5,88.5,14528.16,14528.16,100,-3912,3912,-3750,3630,-4200,4200,0,0,0,0,0,0,,,3.354,3.344,3.35,28,24,25,,,48,48,48,false,false,false,2,2,6,6,0,342,4200,16416,1500,-1500,0,0,1,0.505,0.2,0.2,999,999,999,999,999,999,999,999,3630,-3750,false,0,0,2,1,0,0,0,1,2,1,1,0,0,8,1,0,0,-1437832,0,37946,0,0,0,0,0,0,0,0,0,691.114,2099.79,2099.79,1815,1875,1139.9,true,0,1815,-1875,2099.79,2099.79,1815,1875,1140.3,true,0,1815,-1875
"2025-09-17T00:13:30Z","REV_TW1_U_01",0,true,2,1,0,0,0,0,0,0,13.79,,,0,13.79,0,0,,,,,3630,-3750,0.665,1.435,,,,37,,,,,2,,,,0.5,0.7,0.4,0.4,34700,34500,34500,,,,-5,59.9599,17,4961233,5420895,,,,,,,12,0,0,0,0,0,0,0,0,,2,,1145.9,24.06,21,88.5,88.5,14528.16,14528.16,100,-3912,3912,-3750,3630,-4200,4200,0,0,0,0,0,0,,,3.354,3.344,3.35,28,25,25.166,,,48,48,48,false,false,false,2,2,6,6,0,342,4200,16416,1500,-1500,0,0,1,0.505,0.2,0.2,999,999,999,999,999,999,999,999,3630,-3750,false,0,0,2,1,0,0,0,1,2,1,1,0,0,8,1,0,0,-1437832,0,37948,0,0,0,0,0,0,0,0,0,691.114,2099.16,2099.16,1815,1875,1139.9,true,0,1815,-1875,2100,2100,1815,1875,1140.3,true,0,1815,-1875
"2025-09-17T00:13:32Z","REV_TW1_U_01",0,true,2,1,0,0,0,0,0,0,13.79,,,0,13.79,0,0,,,,,3630,-3750,0.665,1.435,,,,37,,,,,2,,,,0.37,0.6,0.2,0.3,34700,34500,34400,,,,-5,59.9679,20,4961233,5420895,,,,,,,12,0,0,0,0,0,0,0,0,,2,,1145.9,22.92,20,88.5,88.5,14528.16,14528.16,100,-3912,3912,-3750,3630,-4200,4200,0,0,0,0,0,0,,,3.354,3.344,3.35,28,24,25,,,48,48,48,false,false,false,2,2,6,6,0,342,4200,16416,1500,-1500,0,0,1,0.505,0.2,0.2,999,999,999,999,999,999,999,999,3630,-3750,false,0,0,2,1,0,0,0,1,2,1,1,0,0,8,1,0,0,-1437832,0,37950,0,0,0,0,0,0,0,0,0,691.114,2100.63,2100.63,1815,1875,1139.9,true,0,1815,-1875,2099.37,2099.37,1815,1875,1140.3,true,0,1815,-1875
"2025-09-17T00:13:34Z","REV_TW1_U_01",0,true,2,1,0,0,0,0,0,0,13.79,,,0,13.79,0,0,,,,,3630,-3750,0.665,1.435,,,,37,,,,,2,,,,0.37,0.6,0.2,0.3,34700,34500,34500,,,,-4,59.9618,19,4961233,5420895,,,,,,,12,0,0,0,0,0,0,0,0,,2,,1145.9,22.92,20,88.5,88.5,14528.16,14528.16,100,-3912,3912,-3750,3630,-4200,4200,0,0,0,0,0,0,,,3.354,3.344,3.35,28,24,25.166,,,48,48,48,false,false,false,2,2,6,6,0,342,4200,16416,1500,-1500,0,0,1,0.505,0.2,0.2,999,999,999,999,999,999,999,999,3630,-3750,false,0,0,2,1,0,0,0,1,2,1,1,0,0,8,1,0,0,-1437832,0,37952,0,0,0,0,0,0,0,0,0,691.114,2100,2100,1815,1875,1139.9,true,0,1815,-1875,2100,2100,1815,1875,1140.3,true,0,1815,-1875
"2025-09-17T00:13:36Z","REV_TW1_U_01",0,true,2,1,0,0,0,0,0,0,13.79,,,0,13.79,0,0,,,,,3630,-3750,0.665,1.435,,,,37,,,,,2,,,,0.43,0.6,0.3,0.4,34700,34500,34500,,,,-4,59.9668,18,4961233,5420895,,,,,,,12,0,0,0,0,0,0,0,0,,2,,1145.9,22.92,20,88.5,88.5,14528.16,14528.16,100,-3912,3912,-3750,3630,-4200,4200,0,0,0,0,0,0,,,3.354,3.344,3.35,28,24,25,,,48,48,48,false,false,false,2,2,6,6,0,342,4200,16416,1500,-1500,0,0,1,0.505,0.2,0.2,999,999,999,999,999,999,999,999,3630,-3750,false,0,0,2,1,0,0,0,1,2,1,1,0,0,8,1,0,0,-1437833,0,37955,0,0,0,0,0,0,0,0,0,691.114,2100,2100,1815,1875,1139.9,true,0,1815,-1875,2100,2100,1815,1875,1140.3,true,0,1815,-1875
"2025-09-17T00:13:38Z","REV_TW1_U_01",0,true,2,1,0,0,0,0,0,0,13.79,,,0,13.79,0,0,,,,,3630,-3750,0.665,1.435,,,,37,,,,,2,,,,0.4,0.6,0.3,0.3,34700,34500,34400,,,,-4,59.9615,18,4961233,5420895,,,,,,,12,0,0,0,0,0,0,0,0,,2,,1145.9,24.06,21,88.5,88.5,14528.16,14528.16,100,-3912,3912,-3750,3630,-4200,4200,0,0,0,0,0,0,,,3.354,3.344,3.35,28,24,25.166,,,48,48,48,false,false,false,2,2,6,6,0,342,4200,16416,1500,-1500,0,0,1,0.505,0.2,0.2,999,999,999,999,999,999,999,999,3630,-3750,false,0,0,2,1,0,0,0,1,2,1,1,0,0,8,1,0,0,-1437833,0,37956,0,0,0,0,0,0,0,0,0,691.114,2099.37,2099.37,1815,1875,1139.9,true,0,1815,-1875,2099.37,2099.37,1815,1875,1140.3,true,0,1815,-1875
"2025-09-17T00:13:40Z","REV_TW1_U_01",0,true,2,1,0,0,0,0,0,0,13.79,,,0,13.79,0,0,,,,,3630,-3750,0.665,1.435,,,,37,,,,,2,,,,0.5,0.7,0.4,0.4,34700,34500,34400,,,,-5,59.9721,17,4961233,5420895,,,,,,,12,0,0,0,0,0,0,0,0,,2,,1145.9,24.06,21,88.5,88.5,14528.16,14528.16,100,-3912,3912,-3750,3630,-4200,4200,0,0,0,0,0,0,,,3.354,3.344,3.35,28,24,25.166,,,48,48,48,false,false,false,2,2,6,6,0,342,4200,16416,1500,-1500,0,0,1,0.505,0.2,0.2,999,999,999,999,999,999,999,999,3630,-3750,false,0,0,2,1,0,0,0,1,2,1,1,0,0,8,1,0,0,-1437833,0,37958,0,0,0,0,0,0,0,0,0,691.114,2098.32,2098.32,1815,1875,1139.9,true,0,1815,-1875,2098.32,2098.32,1815,1875,1140.3,true,0,1815,-1875
"2025-09-17T00:13:42Z","REV_TW1_U_01",0,true,2,1,0,0,0,0,0,0,13.79,,,0,13.79,0,0,,,,,3630,-3750,0.665,1.435,,,,37,,,,,2,,,,0.43,0.6,0.3,0.4,34700,34500,34400,,,,-5,59.9662,17,4961233,5420895,,,,,,,12,0,0,0,0,0,0,0,0,,2,,1145.9,24.06,21,88.5,88.5,14528.16,14528.16,100,-3912,3912,-3750,3630,-4200,4200,0,0,0,0,0,0,,,3.354,3.344,3.35,28,24,25.166,,,48,48,48,false,false,false,2,2,6,6,0,342,4200,16416,1500,-1500,0,0,1,0.505,0.2,0.2,999,999,999,999,999,999,999,999,3630,-3750,false,0,0,2,1,0,0,0,1,2,1,1,0,0,8,1,0,0,-1437833,0,37960,0,0,0,0,0,0,0,0,0,691.114,2100.21,2100.21,1815,1875,1139.9,true,0,1815,-1875,2100.21,2100.21,1815,1875,1140.3,true,0,1815,-1875
"2025-09-17T00:13:44Z","REV_TW1_U_01",0,true,2,1,0,0,0,0,0,0,13.79,,,0,13.79,0,0,,,,,3630,-3750,0.665,1.435,,,,37,,,,,2,,,,0.43,0.6,0.3,0.4,34700,34500,34400,,,,-5,59.9666,18,4961233,5420895,,,,,,,12,0,0,0,0,0,0,0,0,,2,,1145.9,24.06,21,88.5,88.5,14528.16,14528.16,100,-3912,3912,-3750,3630,-4200,4200,0,0,0,0,0,0,,,3.354,3.344,3.35,28,25,25,,,48,48,48,false,false,false,2,2,6,6,0,342,4200,16416,1500,-1500,0,0,1,0.505,0.2,0.2,999,999,999,999,999,999,999,999,3630,-3750,false,0,0,2,1,0,0,0,1,2,1,1,0,0,8,1,0,0,-1437833,0,37962,0,0,0,0,0,0,0,0,0,691.114,2099.58,2099.58,1815,1875,1139.9,true,0,1815,-1875,2099.58,2099.58,1815,1875,1140.3,true,0,1815,-1875
"2025-09-17T00:13:46Z","REV_TW1_U_01",0,true,2,1,0,0,0,0,0,0,13.79,,,0,13.79,0,0,,,,,3630,-3750,0.665,1.435,,,,37,,,,,2,,,,0.47,0.7,0.3,0.4,34700,34500,34500,,,,-5,59.9658,17,4961233,5420895,,,,,,,12,0,0,0,0,0,0,0,0,,2,,1145.9,22.92,20,88.5,88.5,14528.16,14528.16,100,-3912,3912,-3750,3630,-4200,4200,0,0,0,0,0,0,,,3.354,3.344,3.35,28,25,25,,,48,48,48,false,false,false,2,2,6,6,0,342,4200,16416,1500,-1500,0,0,1,0.505,0.2,0.2,999,999,999,999,999,999,999,999,3630,-3750,false,0,0,2,1,0,0,0,1,2,1,1,0,0,8,1,0,0,-1437833,0,37964,0,0,0,0,0,0,0,0,0,691.114,2098.74,2098.74,1815,1875,1139.9,true,0,1815,-1875,2098.74,2098.74,1815,1875,1140.3,true,0,1815,-1875
"2025-09-17T00:13:48Z","REV_TW1_U_01",0,true,2,1,0,0,0,0,0,0,13.79,,,0,13.79,0,0,,,,,3630,-3750,0.665,1.435,,,,37,,,,,2,,,,0.43,0.6,0.3,0.4,34700,34500,34400,,,,-5,59.9713,15,4961233,5420895,,,,,,,12,0,0,0,0,0,0,0,0,,2,,1145.9,24.06,21,88.5,88.5,14528.16,14528.16,100,-3912,3912,-3750,3630,-4200,4200,0,0,0,0,0,0,,,3.354,3.344,3.35,28,25,25.166,,,48,48,48,false,false,false,2,2,6,6,0,342,4200,16416,1500,-1500,0,0,1,0.505,0.2,0.2,999,999,999,999,999,999,999,999,3630,-3750,false,0,0,2,1,0,0,0,1,2,1,1,0,0,8,1,0,0,-1437833,0,37966,0,0,0,0,0,0,0,0,0,691.114,2097.27,2097.27,1815,1875,1139.9,true,0,1815,-1875,2097.27,2097.27,1815,1875,1140.3,true,0,1815,-1875
"2025-09-17T00:13:50Z","REV_TW1_U_01",0,true,2,1,0,0,0,0,0,0,13.79,,,0,13.79,0,0,,,,,3630,-3750,0.665,1.435,,,,37,,,,,2,,,,0.5,0.7,0.4,0.4,34700,34500,34400,,,,-5,59.9683,15,4961233,5420895,,,,,,,12,0,0,0,0,0,0,0,0,,2,,1145.9,24.06,21,88.5,88.5,14528.16,14528.16,100,-3912,3912,-3750,3630,-4200,4200,0,0,0,0,0,0,,,3.354,3.344,3.35,28,25,25,,,48,48,48,false,false,false,2,2,6,6,0,342,4200,16416,1500,-1500,0,0,1,0.505,0.2,0.2,999,999,999,999,999,999,999,999,3630,-3750,false,0,0,2,1,0,0,0,1,2,1,1,0,0,8,1,0,0,-1437833,0,37968,0,0,0,0,0,0,0,0,0,691.114,2098.53,2098.53,1815,1875,1139.9,true,0,1815,-1875,2098.53,2098.53,1815,1875,1140.3,true,0,1815,-1875
"2025-09-17T00:13:52Z","REV_TW1_U_01",0,true,2,1,0,0,0,0,0,0,13.79,,,0,13.79,0,0,,,,,3630,-3750,0.665,1.435,,,,37,,,,,2,,,,0.43,0.6,0.3,0.4,34700,34500,34400,,,,-5,59.9594,15,4961233,5420895,,,,,,,12,0,0,0,0,0,0,0,0,,2,,1145.9,24.06,21,88.5,88.5,14528.16,14528.16,100,-3912,3912,-3750,3630,-4200,4200,0,0,0,0,0,0,,,3.354,3.344,3.35,28,24,25,,,48,48,48,false,false,false,2,2,6,6,0,342,4200,16416,1500,-1500,0,0,1,0.505,0.2,0.2,999,999,999,999,999,999,999,999,3630,-3750,false,0,0,2,1,0,0,0,1,2,1,1,0,0,8,1,0,0,-1437833,0,37970,0,0,0,0,0,0,0,0,0,691.114,2098.11,2098.11,1815,1875,1139.9,true,0,1815,-1875,2098.11,2098.11,1815,1875,1140.3,true,0,1815,-1875
"2025-09-17T00:13:54Z","REV_TW1_U_01",0,true,2,1,0,0,0,0,0,0,13.79,,,0,13.79,0,0,,,,,3630,-3750,0.665,1.435,,,,37,,,,,2,,,,0.43,0.7,0.3,0.3,34700,34500,34400,,,,-5,59.9628,15,4961233,5420895,,,,,,,12,0,0,0,0,0,0,0,0,,2,,1145.9,24.06,21,88.5,88.5,14528.16,14528.16,100,-3912,3912,-3750,3630,-4200,4200,0,0,0,0,0,0,,,3.354,3.344,3.35,28,25,25,,,48,48,48,false,false,false,2,2,6,6,0,342,4200,16416,1500,-1500,0,0,1,0.505,0.2,0.2,999,999,999,999,999,999,999,999,3630,-3750,false,0,0,2,1,0,0,0,1,2,1,1,0,0,8,1,0,0,-1437834,0,37972,0,0,0,0,0,0,0,0,0,691.114,2098.74,2098.74,1815,1875,1139.9,true,0,1815,-1875,2098.74,2098.74,1815,1875,1140.3,true,0,1815,-1875
"2025-09-17T00:13:56Z","REV_TW1_U_01",0,true,2,1,0,0,0,0,0,0,13.79,,,0,13.79,0,0,,,,,3630,-3750,0.665,1.435,,,,37,,,,,2,,,,0.43,0.7,0.3,0.3,34700,34500,34500,,,,-5,59.9665,16,4961233,5420895,,,,,,,12,0,0,0,0,0,0,0,0,,2,,1145.9,24.06,21,88.5,88.5,14528.16,14528.16,100,-3912,3912,-3750,3630,-4200,4200,0,0,0,0,0,0,,,3.354,3.344,3.35,28,24,25.166,,,48,48,48,false,false,false,2,2,6,6,0,342,4200,16416,1500,-1500,0,0,1,0.505,0.2,0.2,999,999,999,999,999,999,999,999,3630,-3750,false,0,0,2,1,0,0,0,1,2,1,1,0,0,8,1,0,0,-1437834,0,37974,0,0,0,0,0,0,0,0,0,691.114,2098.74,2098.74,1815,1875,1139.9,true,0,1815,-1875,2098.74,2098.74,1815,1875,1140.3,true,0,1815,-1875
"2025-09-17T00:13:58Z","REV_TW1_U_01",0,true,2,1,0,0,0,0,0,0,13.79,,,0,13.79,0,0,,,,,3630,-3750,0.665,1.435,,,,37,,,,,2,,,,0.47,0.7,0.4,0.3,34700,34500,34400,,,,-6,59.964,18,4961233,5420895,,,,,,,12,0,0,0,0,0,0,0,0,,2,,1145.9,22.92,20,88.5,88.5,14528.16,14528.16,100,-3912,3912,-3750,3630,-4200,4200,0,0,0,0,0,0,,,3.354,3.344,3.35,28,25,25,,,48,48,48,false,false,false,2,2,6,6,0,342,4200,16416,1500,-1500,0,0,1,0.505,0.2,0.2,999,999,999,999,999,999,999,999,3630,-3750,false,0,0,2,1,0,0,0,1,2,1,1,0,0,8,1,0,0,-1437834,0,37976,0,0,0,0,0,0,0,0,0,691.114,2098.95,2098.95,1815,1875,1139.9,true,0,1815,-1875,2098.95,2098.95,1815,1875,1140.3,true,0,1815,-1875
"2025-09-17T00:14:00Z","REV_TW1_U_01",0,true,2,1,0,0,0,0,0,0,13.79,,,0,13.79,0,0,,,,,3630,-3750,0.665,1.435,,,,37,,,,,2,,,,0.47,0.7,0.3,0.4,34700,34500,34400,,,,-5,59.9657,17,4961233,5420895,,,,,,,12,0,0,0,0,0,0,0,0,,2,,1145.8,24.06,21,88.5,88.5,14528.16,14528.16,100,-3912,3912,-3750,3630,-4200,4200,0,0,0,0,0,0,,,3.354,3.344,3.35,28,24,25,,,48,48,48,false,false,false,2,2,6,6,0,342,4200,16416,1500,-1500,0,0,1,0.505,0.2,0.2,999,999,999,999,999,999,999,999,3630,-3750,false,0,0,2,1,0,0,0,1,2,1,1,0,0,8,1,0,0,-1437834,0,37978,0,0,0,0,0,0,0,0,0,691.114,2098.74,2098.74,1815,1875,1139.9,true,0,1815,-1875,2098.74,2098.74,1815,1875,1140.3,true,0,1815,-1875
"2025-09-17T00:14:02Z","REV_TW1_U_01",0,true,2,1,0,0,0,0,0,0,13.79,,,0,13.79,0,0,,,,,3630,-3750,0.665,1.435,,,,37,,,,,2,,,,0.43,0.7,0.3,0.3,34700,34500,34400,,,,-5,59.9604,19,4961233,5420895,,,,,,,12,0,0,0,0,0,0,0,0,,2,,1145.8,24.06,21,88.5,88.5,14528.16,14528.16,100,-3912,3912,-3750,3630,-4200,4200,0,0,0,0,0,0,,,3.354,3.344,3.35,28,25,25,,,48,48,48,false,false,false,2,2,6,6,0,342,4200,16416,1500,-1500,0,0,1,0.505,0.2,0.2,999,999,999,999,999,999,999,999,3630,-3750,false,0,0,2,1,0,0,0,1,2,1,1,0,0,8,1,0,0,-1437834,0,37980,0,0,0,0,0,0,0,0,0,691.114,2099.37,2099.37,1815,1875,1139.9,true,0,1815,-1875,2100.42,2100.42,1815,1875,1140.3,true,0,1815,-1875
"2025-09-17T00:14:04Z","REV_TW1_U_01",0,true,2,1,0,0,0,0,0,0,13.79,,,0,13.79,0,0,,,,,3630,-3750,0.665,1.435,,,,37,,,,,2,,,,0.43,0.6,0.3,0.4,34700,34500,34400,,,,-4,59.9572,19,4961233,5420895,,,,,,,12,0,0,0,0,0,0,0,0,,2,,1145.8,24.06,21,88.5,88.5,14528.16,14528.16,100,-3912,3912,-3750,3630,-4200,4200,0,0,0,0,0,0,,,3.354,3.344,3.35,28,24,25.166,,,48,48,48,false,false,false,2,2,6,6,0,342,4200,16416,1500,-1500,0,0,1,0.505,0.2,0.2,999,999,999,999,999,999,999,999,3630,-3750,false,0,0,2,1,0,0,0,1,2,1,1,0,0,8,1,0,0,-1437834,0,37982,0,0,0,0,0,0,0,0,0,691.114,2100,2100,1815,1875,1139.9,true,0,1815,-1875,2100,2100,1815,1875,1140.2,true,0,1815,-1875
"2025-09-17T00:14:06Z","REV_TW1_U_01",0,true,2,1,0,0,0,0,0,0,13.79,,,0,13.79,0,0,,,,,3630,-3750,0.665,1.435,,,,37,,,,,2,,,,0.4,0.6,0.3,0.3,34700,34500,34500,,,,-4,59.9609,18,4961233,5420895,,,,,,,12,0,0,0,0,0,0,0,0,,2,,1145.8,24.06,21,88.5,88.5,14528.16,14528.16,100,-3912,3912,-3750,3630,-4200,4200,0,0,0,0,0,0,,,3.354,3.344,3.35,28,24,25,,,48,48,48,false,false,false,2,2,6,6,0,342,4200,16416,1500,-1500,0,0,1,0.505,0.2,0.2,999,999,999,999,999,999,999,999,3630,-3750,false,0,0,2,1,0,0,0,1,2,1,1,0,0,8,1,0,0,-1437834,0,37984,0,0,0,0,0,0,0,0,0,691.114,2100.42,2100.42,1815,1875,1139.8,true,0,1815,-1875,2100.42,2100.42,1815,1875,1140.3,true,0,1815,-1875
"2025-09-17T00:14:08Z","REV_TW1_U_01",0,true,2,1,0,0,0,0,0,0,13.79,,,0,13.79,0,0,,,,,3630,-3750,0.665,1.435,,,,37,,,,,2,,,,0.43,0.6,0.3,0.4,34700,34500,34500,,,,-5,59.9684,17,4961233,5420895,,,,,,,12,0,0,0,0,0,0,0,0,,2,,1145.8,24.06,21,88.5,88.5,14528.16,14528.16,100,-3912,3912,-3750,3630,-4200,4200,0,0,0,0,0,0,,,3.354,3.344,3.35,28,24,25,,,48,48,48,false,false,false,2,2,6,6,0,342,4200,16416,1500,-1500,0,0,1,0.505,0.2,0.2,999,999,999,999,999,999,999,999,3630,-3750,false,0,0,2,1,0,0,0,1,2,1,1,0,0,8,1,0,0,-1437834,0,37986,0,0,0,0,0,0,0,0,0,691.114,2098.74,2098.74,1815,1875,1139.9,true,0,1815,-1875,2099.58,2099.58,1815,1875,1140.2,true,0,1815,-1875
"2025-09-17T00:14:10Z","REV_TW1_U_01",0,true,2,1,0,0,0,0,0,0,13.79,,,0,13.79,0,0,,,,,3630,-3750,0.665,1.435,,,,37,,,,,2,,,,0.47,0.7,0.3,0.4,34700,34500,34500,,,,-4,59.9685,18,4961233,5420895,,,,,,,12,0,0,0,0,0,0,0,0,,2,,1145.8,24.06,21,88.5,88.5,14528.16,14528.16,100,-3912,3912,-3750,3630,-4200,4200,0,0,0,0,0,0,,,3.354,3.343,3.35,28,24,25,,,48,48,48,false,false,false,2,2,6,6,0,342,4200,16416,1500,-1500,0,0,1,0.505,0.2,0.2,999,999,999,999,999,999,999,999,3630,-3750,false,0,0,2,1,0,0,0,1,2,1,1,0,0,8,1,0,0,-1437834,0,37988,0,0,0,0,0,0,0,0,0,691.114,2100.84,2100.84,1815,1875,1139.8,true,0,1815,-1875,2100.84,2100.84,1815,1875,1140.2,true,0,1815,-1875
"2025-09-17T00:14:12Z","REV_TW1_U_01",0,true,2,1,0,0,0,0,0,0,13.79,,,0,13.79,0,0,,,,,3630,-3750,0.665,1.435,,,,37,,,,,2,,,,0.4,0.6,0.3,0.3,34700,34500,34500,,,,-5,59.9633,17,4961233,5420895,,,,,,,12,0,0,0,0,0,0,0,0,,2,,1145.8,25.21,22,88.5,88.5,14528.16,14528.16,100,-3912,3912,-3750,3630,-4200,4200,0,0,0,0,0,0,,,3.354,3.344,3.35,28,25,25,,,48,48,48,false,false,false,2,2,6,6,0,342,4200,16416,1500,-1500,0,0,1,0.505,0.2,0.2,999,999,999,999,999,999,999,999,3630,-3750,false,0,0,2,1,0,0,0,1,2,1,1,0,0,8,1,0,0,-1437835,0,37990,0,0,0,0,0,0,0,0,0,691.114,2099.16,2099.16,1815,1875,1139.9,true,0,1815,-1875,2099.16,2099.16,1815,1875,1140.2,true,0,1815,-1875
"2025-09-17T00:14:14Z","REV_TW1_U_01",0,true,2,1,0,0,0,0,0,0,13.79,,,0,13.79,0,0,,,,,3630,-3750,0.665,1.435,,,,37,,,,,2,,,,0.4,0.6,0.3,0.3,34700,34500,34400,,,,-5,59.971,16,4961233,5420895,,,,,,,12,0,0,0,0,0,0,0,0,,2,,1145.8,22.92,20,88.5,88.5,14528.16,14528.16,100,-3912,3912,-3750,3630,-4200,4200,0,0,0,0,0,0,,,3.354,3.344,3.35,28,24,25,,,48,48,48,false,false,false,2,2,6,6,0,342,4200,16416,1500,-1500,0,0,1,0.505,0.2,0.2,999,999,999,999,999,999,999,999,3630,-3750,false,0,0,2,1,0,0,0,1,2,1,1,0,0,8,1,0,0,-1437835,0,37992,0,0,0,0,0,0,0,0,0,691.114,2099.79,2099.79,1815,1875,1139.8,true,0,1815,-1875,2099.79,2099.79,1815,1875,1140.2,true,0,1815,-1875
"2025-09-17T00:14:16Z","REV_TW1_U_01",0,true,2,1,0,0,0,0,0,0,13.79,,,0,13.79,0,0,,,,,3630,-3750,0.665,1.435,,,,37,,,,,2,,,,0.43,0.6,0.3,0.4,34700,34500,34400,,,,-5,59.9693,16,4961233,5420895,,,,,,,12,0,0,0,0,0,0,0,0,,2,,1145.8,22.92,20,88.5,88.5,14528.16,14528.16,100,-3912,3912,-3750,3630,-4200,4200,0,0,0,0,0,0,,,3.354,3.344,3.35,28,25,25.166,,,48,48,48,false,false,false,2,2,6,6,0,342,4200,16416,1500,-1500,0,0,1,0.505,0.2,0.2,999,999,999,999,999,999,999,999,3630,-3750,false,0,0,2,1,0,0,0,1,2,1,1,0,0,8,1,0,0,-1437835,0,37994,0,0,0,0,0,0,0,0,0,691.114,2098.53,2098.53,1815,1875,1139.9,true,0,1815,-1875,2098.53,2098.53,1815,1875,1140.2,true,0,1815,-1875
"2025-09-17T00:14:18Z","REV_TW1_U_01",0,true,2,1,0,0,0,0,0,0,13.79,,,0,13.79,0,0,,,,,3630,-3750,0.665,1.435,,,,37,,,,,2,,,,0.43,0.7,0.2,0.4,34700,34500,34500,,,,-6,59.9623,15,4961233,5420895,,,,,,,12,0,0,0,0,0,0,0,0,,2,,1145.8,25.21,22,88.5,88.5,14528.16,14528.16,100,-3912,3912,-3750,3630,-4200,4200,0,0,0,0,0,0,,,3.354,3.344,3.35,28,24,25,,,48,48,48,false,false,false,2,2,6,6,0,342,4200,16416,1500,-1500,0,0,1,0.505,0.2,0.2,999,999,999,999,999,999,999,999,3630,-3750,false,0,0,2,1,0,0,0,1,2,1,1,0,0,8,1,0,0,-1437835,0,37996,0,0,0,0,0,0,0,0,0,691.114,2099.37,2099.37,1815,1875,1139.8,true,0,1815,-1875,2099.37,2099.37,1815,1875,1140.2,true,0,1815,-1875
"2025-09-17T00:14:20Z","REV_TW1_U_01",0,true,2,1,0,0,0,0,0,0,13.79,,,0,13.79,0,0,,,,,3630,-3750,0.665,1.435,,,,37,,,,,2,,,,0.5,0.7,0.4,0.4,34700,34500,34400,,,,-6,59.9641,15,4961233,5420895,,,,,,,12,0,0,0,0,0,0,0,0,,2,,1145.8,24.06,21,88.5,88.5,14528.16,14528.16,100,-3912,3912,-3750,3630,-4200,4200,0,0,0,0,0,0,,,3.354,3.344,3.35,28,24,25,,,48,48,48,false,false,false,2,2,6,6,0,342,4200,16416,1500,-1500,0,0,1,0.505,0.2,0.2,999,999,999,999,999,999,999,999,3630,-3750,false,0,0,2,1,0,0,0,1,2,1,1,0,0,8,1,0,0,-1437835,0,37998,0,0,0,0,0,0,0,0,0,691.114,2100.21,2100.21,1815,1875,1139.8,true,0,1815,-1875,2100.21,2100.21,1815,1875,1140.2,true,0,1815,-1875
"2025-09-17T00:14:22Z","REV_TW1_U_01",0,true,2,1,0,0,0,0,0,0,13.79,,,0,13.79,0,0,,,,,3630,-3750,0.665,1.435,,,,37,,,,,2,,,,0.43,0.7,0.3,0.3,34700,34500,34500,,,,-5,59.9578,17,4961233,5420895,,,,,,,12,0,0,0,0,0,0,0,0,,2,,1145.8,22.92,20,88.5,88.5,14528.16,14528.16,100,-3912,3912,-3750,3630,-4200,4200,0,0,0,0,0,0,,,3.354,3.344,3.35,28,24,25.166,,,48,48,48,false,false,false,2,2,6,6,0,342,4200,16416,1500,-1500,0,0,1,0.505,0.2,0.2,999,999,999,999,999,999,999,999,3630,-3750,false,0,0,2,1,0,0,0,1,2,1,1,0,0,8,1,0,0,-1437835,0,38000,0,0,0,0,0,0,0,0,0,691.114,2099.79,2099.79,1815,1875,1139.8,true,0,1815,-1875,2099.79,2099.79,1815,1875,1140.2,true,0,1815,-1875
"2025-09-17T00:14:24Z","REV_TW1_U_01",0,true,2,1,0,0,0,0,0,0,13.79,,,0,13.79,0,0,,,,,3630,-3750,0.665,1.435,,,,37,,,,,2,,,,0.47,0.7,0.3,0.4,34700,34500,34500,,,,-6,59.9656,15,4961233,5420895,,,,,,,12,0,0,0,0,0,0,0,0,,2,,1145.8,22.92,20,88.5,88.5,14528.16,14528.16,100,-3912,3912,-3750,3630,-4200,4200,0,0,0,0,0,0,,,3.354,3.344,3.35,28,24,25,,,48,48,48,false,false,false,2,2,6,6,0,342,4200,16416,1500,-1500,0,0,1,0.505,0.2,0.2,999,999,999,999,999,999,999,999,3630,-3750,false,0,0,2,1,0,0,0,1,2,1,1,0,0,8,1,0,0,-1437835,0,38002,0,0,0,0,0,0,0,0,0,711.401,2099.79,2099.79,1815,1875,1139.8,true,0,1815,-1875,2099.79,2099.79,1815,1875,1140.2,true,0,1815,-1875
"2025-09-17T00:14:26Z","REV_TW1_U_01",0,true,2,1,0,0,0,0,0,0,13.79,,,0,13.79,0,0,,,,,3630,-3750,0.665,1.435,,,,37,,,,,2,,,,0.33,0.6,0.2,0.2,34700,34500,34500,,,,-6,59.9626,17,4961233,5420895,,,,,,,12,0,0,0,0,0,0,0,0,,2,,1145.8,24.06,21,88.5,88.5,14528.16,14528.16,100,-3912,3912,-3750,3630,-4200,4200,0,0,0,0,0,0,,,3.354,3.344,3.35,28,24,25,,,48,48,48,false,false,false,2,2,6,6,0,342,4200,16416,1500,-1500,0,0,1,0.505,0.2,0.2,999,999,999,999,999,999,999,999,3630,-3750,false,0,0,2,1,0,0,0,1,2,1,1,0,0,8,1,0,0,-1437835,0,38004,0,0,0,0,0,0,0,0,0,711.401,2098.11,2098.11,1815,1875,1139.8,true,0,1815,-1875,2099.79,2099.79,1815,1875,1140.2,true,0,1815,-1875
"2025-09-17T00:14:28Z","REV_TW1_U_01",0,true,2,1,0,0,0,0,0,0,13.79,,,0,13.79,0,0,,,,,3630,-3750,0.665,1.435,,,,37,,,,,2,,,,0.47,0.7,0.3,0.4,34700,34500,34500,,,,-5,59.9596,19,4961233,5420895,,,,,,,12,0,0,0,0,0,0,0,0,,2,,1145.8,22.92,20,88.5,88.5,14528.16,14528.16,100,-3912,3912,-3750,3630,-4200,4200,0,0,0,0,0,0,,,3.354,3.343,3.35,28,24,25,,,48,48,48,false,false,false,2,2,6,6,0,342,4200,16416,1500,-1500,0,0,1,0.505,0.2,0.2,999,999,999,999,999,999,999,999,3630,-3750,false,0,0,2,1,0,0,0,1,2,1,1,0,0,8,1,0,0,-1437836,0,38006,0,0,0,0,0,0,0,0,0,711.401,2098.74,2098.74,1815,1875,1139.8,true,0,1815,-1875,2098.74,2098.74,1815,1875,1140.2,true,0,1815,-1875
"2025-09-17T00:14:30Z","REV_TW1_U_01",0,true,2,1,0,0,0,0,0,0,13.79,,,0,13.79,0,0,,,,,3630,-3750,0.665,1.435,,,,37,,,,,2,,,,0.47,0.7,0.3,0.4,34700,34500,34500,,,,-5,59.9638,19,4961233,5420895,,,,,,,12,0,0,0,0,0,0,0,0,,2,,1145.8,24.06,21,88.5,88.5,14528.16,14528.16,100,-3912,3912,-3750,3630,-4200,4200,0,0,0,0,0,0,,,3.354,3.343,3.35,28,25,25,,,48,48,48,false,false,false,2,2,6,6,0,342,4200,16416,1500,-1500,0,0,1,0.505,0.2,0.2,999,999,999,999,999,999,999,999,3630,-3750,false,0,0,2,1,0,0,0,1,2,1,1,0,0,8,1,0,0,-1437836,0,38008,0,0,0,0,0,0,0,0,0,711.401,2097.9,2097.9,1815,1875,1139.8,true,0,1815,-1875,2097.9,2097.9,1815,1875,1140.2,true,0,1815,-1875
"2025-09-17T00:14:32Z","REV_TW1_U_01",0,true,2,1,0,0,0,0,0,0,13.79,,,0,13.79,0,0,,,,,3630,-3750,0.665,1.435,,,,37,,,,,2,,,,0.4,0.6,0.3,0.3,34700,34500,34500,,,,-4,59.9643,19,4961233,5420895,,,,,,,12,0,0,0,0,0,0,0,0,,2,,1145.8,24.06,21,88.5,88.5,14528.16,14528.16,100,-3912,3912,-3750,3630,-4200,4200,0,0,0,0,0,0,,,3.354,3.344,3.35,28,25,25,,,48,48,48,false,false,false,2,2,6,6,0,342,4200,16416,1500,-1500,0,0,1,0.505,0.2,0.2,999,999,999,999,999,999,999,999,3630,-3750,false,0,0,2,1,0,0,0,1,2,1,1,0,0,8,1,0,0,-1437836,0,38010,0,0,0,0,0,0,0,0,0,711.401,2097.9,2097.9,1815,1875,1139.8,true,0,1815,-1875,2097.9,2097.9,1815,1875,1140.2,true,0,1815,-1875
"2025-09-17T00:14:34Z","REV_TW1_U_01",0,true,2,1,0,0,0,0,0,0,13.79,,,0,13.79,0,0,,,,,3630,-3750,0.665,1.435,,,,37,,,,,2,,,,0.4,0.6,0.3,0.3,34700,34500,34500,,,,-4,59.9719,18,4961233,5420895,,,,,,,12,0,0,0,0,0,0,0,0,,2,,1145.8,22.92,20,88.5,88.5,14528.16,14528.16,100,-3912,3912,-3750,3630,-4200,4200,0,0,0,0,0,0,,,3.354,3.344,3.35,28,24,25,,,48,48,48,false,false,false,2,2,6,6,0,342,4200,16416,1500,-1500,0,0,1,0.505,0.2,0.2,999,999,999,999,999,999,999,999,3630,-3750,false,0,0,2,1,0,0,0,1,2,1,1,0,0,8,1,0,0,-1437836,0,38012,0,0,0,0,0,0,0,0,0,711.401,2099.79,2099.79,1815,1875,1139.8,true,0,1815,-1875,2099.79,2099.79,1815,1875,1140.2,true,0,1815,-1875
"2025-09-17T00:14:36Z","REV_TW1_U_01",0,true,2,1,0,0,0,0,0,0,13.79,,,0,13.79,0,0,,,,,3630,-3750,0.665,1.435,,,,37,,,,,2,,,,0.43,0.6,0.3,0.4,34700,34500,34500,,,,-4,59.9682,17,4961233,5420895,,,,,,,12,0,0,0,0,0,0,0,0,,2,,1145.8,24.06,21,88.5,88.5,14528.16,14528.16,100,-3912,3912,-3750,3630,-4200,4200,0,0,0,0,0,0,,,3.354,3.344,3.35,28,24,25,,,48,48,48,false,false,false,2,2,6,6,0,342,4200,16416,1500,-1500,0,0,1,0.505,0.2,0.2,999,999,999,999,999,999,999,999,3630,-3750,false,0,0,2,1,0,0,0,1,2,1,1,0,0,8,1,0,0,-1437836,0,38014,0,0,0,0,0,0,0,0,0,711.401,2100.21,2100.21,1815,1875,1139.8,true,0,1815,-1875,2100,2100,1815,1875,1140.2,true,0,1815,-1875
