Date UTC,bms-Jaguar 1  Unit 21B8  bms_1-MaxCellV (max),bms-Jaguar 1  Unit 21B8  bms_2-MaxCellV (max),bms-Jaguar 1  Unit 21B8  bms_2-SysCurrent (max),pcs-Jaguar 1  Unit 21B8  pcs_1-DCkW (max),pcs-Jaguar 1  Unit 21B8  pcs_1-kW (max),unit-Jaguar 1  Unit 21B8-Pset (max),unit-Jaguar 1  Unit 21B8-BMS_MinP_Bus1 (max),unit-Jaguar 1  Unit 21B8-BMS_MinP_Bus2 (max),unit-Jaguar 1  Unit 21B8-AllowedMinP (max),bms-Jaguar 1  Unit 21B8  bms_2-ChaCurrLimit (max),pcs_module-Jaguar 1  Unit 21B8  pcs_1_module_1-P (max),pcs_module-Jaguar 1  Unit 21B8  pcs_1_module_2-P (max),pcs_module-Jaguar 1  Unit 21B8  pcs_1_module_3-P (max),pcs_module-Jaguar 1  Unit 21B8  pcs_1_module_4-P (max)
2025-08-24T00:01:00.000+00:00,3.344,3.579,,-18,-35,,,,-2370.0678,,,-15.6,-4.4,-4.2
2025-08-24T00:02:00.000+00:00,3.344,3.579,,-14,-34,,,,-2376.8006,,0,-15.2,-4.2,-4.2
2025-08-24T00:03:00.000+00:00,3.344,3.579,,-16,-35,,-2090,,-2377.2214,2090,0,-15.7,-3.8,-3.5
2025-08-24T00:04:00.000+00:00,3.344,3.579,,-14,-35,0,-2090,-1332.375,-2376.3798,2090,0,-15.9,-3.9,-4.1
2025-08-24T00:05:00.000+00:00,3.344,3.579,,-15,-34,0,-2090,-1332.375,-2377.8526,2090,0,-15.6,-3.8,-4.3
2025-08-24T00:06:00.000+00:00,3.344,3.579,0,-17,-35,0,-2090,-1332.375,-2378.9046,2090,0,-15.7,-3.7,-4
2025-08-24T00:07:00.000+00:00,3.344,3.58,0,-14,-34,0,-2090,-1306.25,-2354.2524,2090,0,-15.7,-4.1,-3.8
2025-08-24T00:08:00.000+00:00,3.344,3.578,0,-16,-34,0,-2090,-1306.25,-2349.2028,2090,0,-15.7,-4.4,-4
2025-08-24T00:09:00.000+00:00,3.344,3.579,0,-16,-34,0,-2090,-1306.25,-2347.0988,2090,0,-15.6,-3.8,-3.5
2025-08-24T00:10:00.000+00:00,3.344,3.579,0,-14,-34,0,-2090,-1306.25,-2346.0468,2090,0,-15.4,-4.2,-3.7
2025-08-24T00:11:00.000+00:00,3.344,3.579,0.5,-15,-34,0,-2090,-1306.25,-2348.1508,2090,0,-15.9,-3.8,-4.1
2025-08-24T00:12:00.000+00:00,3.344,3.579,0.5,-15,-34,0,-2090,-1358.5,-2349.6236,2090,0,-15.8,-3.7,-4.2
2025-08-24T00:13:00.000+00:00,3.344,3.578,0.5,-14,-34,0,-2090,-1358.5,-2401.4528,2090,0,-16,-4.6,-3.9
2025-08-24T00:14:00.000+00:00,3.344,3.578,0.5,-14,-35,0,-2090,-1358.5,-2399.98,2090,0,-15.5,-3.9,-4.2
2025-08-24T00:15:00.000+00:00,3.344,3.578,0.7,-14,-35,0,-2090,-1358.5,-2403.136,2090,0,-15.8,-4,-4.1
2025-08-24T00:16:00.000+00:00,3.344,3.578,0.7,-16,-34,0,-2090,-1358.5,-2400.1904,2090,0,-16.1,-3.8,-4.6
2025-08-24T00:17:00.000+00:00,3.344,3.578,0.7,-14,-35,0,-2090,-1358.5,-2399.98,2090,0,-15.4,-4.3,-4.1
2025-08-24T00:18:00.000+00:00,3.344,3.578,0.7,-12,-35,0,-2090,-1358.5,-2399.7696,2090,0,-15.7,-4.5,-4.2
2025-08-24T00:19:00.000+00:00,3.344,3.578,0.7,-10,-35,0,-2090,-1358.5,-2399.1384,2090,0,-15.7,-3.9,-4
2025-08-24T00:20:00.000+00:00,3.344,3.579,0.5,-18,-35,0,-2090,-1332.375,-2382.0606,2090,0,-15.2,-3.8,-4.4
2025-08-24T00:21:00.000+00:00,3.344,3.579,0.5,-17,-34,0,-2090,-1332.375,-2378.063,2090,0,-16,-3.9,-4.5
2025-08-24T00:22:00.000+00:00,3.344,3.579,0.5,-17,-35,0,-2090,-1332.375,-2377.6422,2090,0,-15.1,-4.4,-3.5
2025-08-24T00:23:00.000+00:00,3.344,3.579,0.5,-16,-35,0,-2090,-1332.375,-2376.5902,2090,0,-16.1,-4.7,-4.7
2025-08-24T00:24:00.000+00:00,3.344,3.579,0.5,-16,-35,0,-2090,-1332.375,-2378.9046,2090,0,-15.9,-3.5,-4
2025-08-24T00:25:00.000+00:00,3.344,3.579,0,-14,-35,0,-2090,-1332.375,-2376.1694,2090,0,-15.7,-4.3,-4.1
2025-08-24T00:26:00.000+00:00,3.344,3.579,0,-12,-35,0,-2090,-1332.375,-2371.9614,2090,0,-14.8,-4.3,-4
2025-08-24T00:27:00.000+00:00,3.344,3.579,0.5,-6,-35,0,-2090,-1332.375,-2371.751,2090,0,-15.3,-4,-3.9
2025-08-24T00:28:00.000+00:00,3.344,3.579,0.5,-12,-34,0,-2090,-1332.375,-2374.2758,2090,0,-15.8,-4.4,-4.4
2025-08-24T00:29:00.000+00:00,3.344,3.579,0.5,-16,-34,0,-2090,-1332.375,-2374.2758,2090,0,-15.8,-4.4,-4.2
2025-08-24T00:30:00.000+00:00,3.345,3.579,1,-16,-35,0,-2090,-1332.375,-2372.803,2090,0,-15.5,-4,-3.7
2025-08-24T00:31:00.000+00:00,3.345,3.578,1,-16,-35,0,-2090,-1332.375,-2375.959,2090,0,-15.5,-4.2,-4.1
2025-08-24T00:32:00.000+00:00,3.345,3.578,1,-15,-35,0,-2090,-1332.375,-2377.011,2090,0,-15.6,-4.2,-3.9
2025-08-24T00:33:00.000+00:00,3.344,3.578,2.1,-14,-34,0,-2090,-1332.375,-2371.3302,2090,0,-15.6,-4.1,-4.2
2025-08-24T00:34:00.000+00:00,3.344,3.578,0.5,-16,-34,0,-2090,-1332.375,-2374.907,2090,0,-15.8,-4.3,-4.2
2025-08-24T00:35:00.000+00:00,3.344,3.578,0,-14,-34,0,-2090,-1384.625,-2374.907,2090,0,-15.1,-4.4,-4.3
2025-08-24T00:36:00.000+00:00,3.344,3.578,0,-14,-36,0,-2090,-1358.5,-2406.292,2090,0,-15.4,-4.5,-4.4
2025-08-24T00:37:00.000+00:00,3.344,3.578,1,-14,-35,0,-2090,-1358.5,-2398.928,2090,0,-15.5,-4.1,-4
2025-08-24T00:38:00.000+00:00,3.344,3.577,1,-16,-35,0,-2090,-1358.5,-2401.2424,2090,0,-15.7,-4,-3.5
2025-08-24T00:39:00.000+00:00,3.344,3.578,0,-14,-35,0,-2090,-1358.5,-2401.6632,2090,0,-15.2,-4.1,-4.1
2025-08-24T00:40:00.000+00:00,3.344,3.578,0,-14,-35,0,-2090,-1358.5,-2401.8736,2090,0,-15.5,-4,-4.1
2025-08-24T00:41:00.000+00:00,3.344,3.577,0,-14,-35,0,-2090,-1358.5,-2398.5072,2090,0,-15,-4.2,-3.6
2025-08-24T00:42:00.000+00:00,3.344,3.577,1,-14,-34,0,-2090,-1358.5,-2399.7696,2090,0,-15.4,-4.4,-3.8
2025-08-24T00:43:00.000+00:00,3.344,3.577,0,-14,-35,0,-2090,-1358.5,-2400.1904,2090,0,-15.1,-3.6,-4.5
2025-08-24T00:44:00.000+00:00,3.343,3.577,1.2,-12,-35,0,-2090,-1410.75,-2399.3488,2090,0,-14.9,-3.9,-4.2
2025-08-24T00:45:00.000+00:00,3.344,3.576,0.5,-12,-35,0,-2090,-1410.75,-2450.7572,2090,0,-15,-4,-4.3
2025-08-24T00:46:00.000+00:00,3.344,3.575,2.7,-10,-34,0,-2090,-1410.75,-2446.97,2090,0,-14.9,-4.3,-4.4
2025-08-24T00:47:00.000+00:00,3.344,3.575,3.3,-10,-35,0,-2090,-1410.75,-2442.5516,2090,0,-14.7,-4.3,-4.5
2025-08-24T00:48:00.000+00:00,3.344,3.575,3.3,-10,-35,0,-2090,-1410.75,-2452.0196,2090,0,-14.7,-4.3,-3.6
2025-08-24T00:49:00.000+00:00,3.344,3.575,0.5,-14,-35,0,-2090,-1410.75,-2450.7572,2090,0,-14.9,-4.6,-4.3
2025-08-24T00:50:00.000+00:00,3.344,3.575,0.5,-14,-35,0,-2090,-1436.875,-2452.0196,2090,0,-14.9,-4.5,-4.5
2025-08-24T00:51:00.000+00:00,3.344,3.576,0.5,-16,-34,0,-2090,-1410.75,-2460.8564,2090,0,-14.6,-4.4,-4.8
2025-08-24T00:52:00.000+00:00,3.344,3.577,0.5,-16,-35,0,-2090,-1384.625,-2434.7314,2090,0,-15.1,-4.3,-4.4
2025-08-24T00:53:00.000+00:00,3.344,3.578,0.5,-16,-35,0,-2090,-1358.5,-2408.8168,2090,0,-15.3,-4.2,-4
2025-08-24T00:54:00.000+00:00,3.344,3.579,0,-16,-35,0,-2090,-1332.375,-2382.6918,2090,0,-15.4,-3.5,-4.3
2025-08-24T00:55:00.000+00:00,3.344,3.579,0,-17,-35,0,-2090,-1332.375,-2382.6918,2090,0,-15.9,-4.2,-4.3
2025-08-24T00:56:00.000+00:00,3.344,3.579,0,-16,-35,0,-2090,-1332.375,-2382.6918,2090,0,-15.3,-3.7,-4.6
2025-08-24T00:57:00.000+00:00,3.345,3.579,0,-19,-35,0,-2090,-1332.375,-2382.4814,2090,0,-15.6,-4.3,-4.3
2025-08-24T00:58:00.000+00:00,3.345,3.58,0,-17,-34,0,-2090,-1306.25,-2355.9356,2090,0,-15.6,-4.1,-3.8
2025-08-24T00:59:00.000+00:00,3.345,3.58,0,-16,-34,0,-2090,-1306.25,-2356.3564,2090,0,-15.8,-4,-3.7
2025-08-24T01:00:00.000+00:00,3.345,3.58,0,-16,-35,0,-2090,-1306.25,-2356.7772,2090,0,-15.7,-3.9,-3.7
2025-08-24T01:01:00.000+00:00,3.345,3.58,0,-16,-35,0,-2090,-1306.25,-2356.3564,2090,0,-15.7,-4.2,-4
2025-08-24T01:02:00.000+00:00,3.345,3.58,0,-19,-34,0,-2090,-1306.25,-2356.5668,2090,0,-16,-4,-4.1
2025-08-24T01:03:00.000+00:00,3.345,3.58,0,-16,-35,0,-2090,-1306.25,-2356.5668,2090,0,-15.5,-3.6,-3.7
2025-08-24T01:04:00.000+00:00,3.344,3.58,193.5,357,337,0,-2090,-1306.25,-2357.198,2090,0,90.4,132.3,131.7
2025-08-24T01:05:00.000+00:00,3.339,3.488,376.8,743,708,0,-2090,-1306.25,-2357.8292,2090,0,216.5,257.4,256.6
2025-08-24T01:06:00.000+00:00,3.331,3.422,536.1,1109,1082,0,-2090,-1306.25,-2359.7228,2090,0,364.1,365,364.3
2025-08-24T01:07:00.000+00:00,3.322,3.382,690.3,1490,1455,0,-2090,-1306.25,-2359.302,2090,0,532.4,466.3,465.8
2025-08-24T01:08:00.000+00:00,3.311,3.348,844.2,1873,1826,0,-2090,-1306.25,-2359.302,2090,0,706.1,560.8,563.1
2025-08-24T01:09:00.000+00:00,3.3,3.315,999.2,2251,2201,0,-2090,-2090,-2366.2452,2090,0,879.5,664.6,665.8
2025-08-24T01:10:00.000+00:00,3.29,3.29,1178.7,2613,2544,0,-2090,-2090,-2731.4128,2090,0,1007.7,772.7,773.7
2025-08-24T01:11:00.000+00:00,3.282,3.265,1281.3,2815,2746,0,-2090,-2090,-2743.616,2090,0,1059.4,844.3,843.3
2025-08-24T01:12:00.000+00:00,3.28,3.257,1283,2816,2757,0,-2090,-2090,-2728.4672,2090,0,1059.4,842.9,842.7
2025-08-24T01:13:00.000+00:00,3.28,3.258,1280.1,2807,2743,0,-2090,-2090,-2729.3088,2090,0,1053.5,840.9,840.7
2025-08-24T01:14:00.000+00:00,3.28,3.257,1281,2810,2735,0,-2090,-2090,-2730.992,2090,0,1053.2,840.1,839.5
2025-08-24T01:15:00.000+00:00,3.28,3.258,1279.5,2810,2742,0,-2090,-2090,-2729.3088,2090,0,1052.2,840.2,840.6
2025-08-24T01:16:00.000+00:00,3.28,3.258,1278.8,2808,2740,0,-2090,-2090,-2730.1504,2090,0,1052.8,839.4,840.3
2025-08-24T01:17:00.000+00:00,3.28,3.258,1280.3,2814,2739,0,-2090,-2090,-2730.1504,2090,0,1052.1,840.1,840.3
2025-08-24T01:18:00.000+00:00,3.28,3.259,1279.2,2811,2739,0,-2090,-2090,-2732.2544,2090,0,1052.2,841.4,840.2
2025-08-24T01:19:00.000+00:00,3.28,3.259,1280.1,2810,2739,0,-2090,-2090,-2730.1504,2090,0,1052.4,839.9,839.2
2025-08-24T01:20:00.000+00:00,3.28,3.258,1278.4,2809,2738,0,-2090,-2090,-2717.5264,2090,0,1051.9,840.7,839.4
2025-08-24T01:21:00.000+00:00,3.281,3.259,1280.6,2805,2742,0,-2090,-2090,-2712.8976,2090,0,1051.5,839.8,839.7
2025-08-24T01:22:00.000+00:00,3.281,3.259,1278.9,2811,2737,0,-2090,-2090,-2730.1504,2090,0,1053.2,840.3,840.4
2025-08-24T01:23:00.000+00:00,3.281,3.259,1281.7,2817,2742,0,-2090,-2090,-2731.4128,2090,0,1052.7,840.7,840.6
2025-08-24T01:24:00.000+00:00,3.28,3.258,1280.7,2816,2740,0,-2090,-2090,-2734.7792,2090,0,1055.5,840.3,840
2025-08-24T01:25:00.000+00:00,3.281,3.258,1280.5,2814,2738,0,-2090,-2090,-2733.096,2090,0,1053.5,841.2,841.1
2025-08-24T01:26:00.000+00:00,3.28,3.258,1279.7,2811,2755,0,-2090,-2090,-2720.472,2090,0,1053.4,840.3,840.4
2025-08-24T01:27:00.000+00:00,3.281,3.258,1278.1,2810,2736,0,-2090,-2090,-2732.6752,2090,0,1052.3,839.6,839.5
2025-08-24T01:28:00.000+00:00,3.28,3.258,1279.7,2811,2735,0,-2090,-2090,-2730.992,2090,0,1054.6,842.1,841.4
2025-08-24T01:29:00.000+00:00,3.28,3.257,1279.6,2814,2739,0,-2090,-2090,-2732.2544,2090,0,1053.1,840.5,840.5
2025-08-24T01:30:00.000+00:00,3.28,3.258,1280.4,2814,2741,0,-2090,-2090,-2730.5712,2090,0,1053,840.8,841
2025-08-24T01:31:00.000+00:00,3.28,3.257,1278.1,2810,2736,0,-2090,-2090,-2730.1504,2090,0,1052.9,839.9,840.9
2025-08-24T01:32:00.000+00:00,3.28,3.257,1280,2814,2736,0,-2090,-2090,-2733.9376,2090,0,1052.8,840.7,840.2
2025-08-24T01:33:00.000+00:00,3.28,3.257,1280.1,2812,2740,0,-2090,-2090,-2733.096,2090,0,1053,841.7,840.5
2025-08-24T01:34:00.000+00:00,3.279,3.257,1279.9,2813,2735,0,-2090,-2090,-2732.6752,2090,0,1053,840.7,840.4
2025-08-24T01:35:00.000+00:00,3.279,3.256,1281.2,2818,2742,0,-2090,-2090,-2734.3584,2090,0,1054.9,840.9,841.1
2025-08-24T01:36:00.000+00:00,3.279,3.255,1281,2815,2739,0,-2090,-2090,-2736.0416,2090,0,1053.9,841.6,841.3
2025-08-24T01:37:00.000+00:00,3.279,3.255,1282.5,2816,2735,0,-2090,-2090,-2733.096,2090,0,1053.9,840.5,840.8
2025-08-24T01:38:00.000+00:00,3.278,3.255,1281.3,2817,2743,0,-2090,-2090,-2735.2,2090,0,1053.7,841.3,841.6
2025-08-24T01:39:00.000+00:00,3.278,3.254,1282.4,2819,2737,0,-2090,-2090,-2736.0416,2090,0,1053.8,841,840.5
2025-08-24T01:40:00.000+00:00,3.278,3.254,1281.7,2816,2740,0,-2090,-2090,-2734.7792,2090,0,1053.6,841.1,842
2025-08-24T01:41:00.000+00:00,3.277,3.253,1281.5,2814,2739,0,-2090,-2090,-2735.6208,2090,0,1053.7,841.1,840.4
2025-08-24T01:42:00.000+00:00,3.277,3.253,1282.8,2816,2737,0,-2090,-2090,-2735.2,2090,0,1053.5,840.8,841.8
2025-08-24T01:43:00.000+00:00,3.276,3.253,1282.3,2816,2739,0,-2090,-2090,-2735.6208,2090,0,1053.3,841.2,840.5
2025-08-24T01:44:00.000+00:00,3.275,3.252,1282.5,2815,2733,0,-2090,-2090,-2733.9376,2090,0,1053.1,840,841
2025-08-24T01:45:00.000+00:00,3.274,3.252,1283.3,2816,2742,0,-2090,-2090,-2732.6752,2090,0,1053.3,840.5,840.5
2025-08-24T01:46:00.000+00:00,3.274,3.251,1282.8,2816,2737,0,-2090,-2090,-2733.096,2090,0,1053.4,840.8,840.4
2025-08-24T01:47:00.000+00:00,3.273,3.25,1282.8,2816,2741,0,-2090,-2090,-2735.6208,2090,0,1053.3,840.5,841.8
2025-08-24T01:48:00.000+00:00,3.272,3.249,1283.8,2818,2740,0,-2090,-2090,-2736.0416,2090,0,1054.8,841.3,841.2
2025-08-24T01:49:00.000+00:00,3.271,3.249,1284.1,2818,2738,0,-2090,-2090,-2733.9376,2090,0,1054,840.8,841.5
2025-08-24T01:50:00.000+00:00,3.27,3.248,1283.7,2819,2734,0,-2090,-2090,-2736.4624,2090,0,1053.2,840.9,842
2025-08-24T01:51:00.000+00:00,3.269,3.247,1284.9,2818,2737,0,-2090,-2090,-2734.3584,2090,0,1053.1,841.3,840.8
2025-08-24T01:52:00.000+00:00,3.268,3.246,1284.4,2815,2738,0,-2090,-2090,-2733.5168,2090,0,1054.2,841.1,841.1
2025-08-24T01:53:00.000+00:00,3.267,3.246,1285.5,2818,2740,0,-2090,-2090,-2736.0416,2090,0,1054.4,841.8,840.9
2025-08-24T01:54:00.000+00:00,3.265,3.245,1286.6,2819,2740,0,-2090,-2090,-2735.2,2090,0,1054.6,841.4,841.7
2025-08-24T01:55:00.000+00:00,3.264,3.244,1287,2818,2738,0,-2090,-2090,-2736.4624,2090,0,1054,840.8,841.7
2025-08-24T01:56:00.000+00:00,3.263,3.242,1286.6,2817,2738,0,-2090,-2090,-2736.0416,2090,0,1053.8,841,839.7
2025-08-24T01:57:00.000+00:00,3.261,3.243,1286,2818,2739,0,-2090,-2090,-2736.0416,2090,0,1054.7,840.8,840.3
2025-08-24T01:58:00.000+00:00,3.26,3.242,1286.2,2818,2744,0,-2090,-2090,-2735.6208,2090,0,1053.5,840.3,841.8
2025-08-24T01:59:00.000+00:00,3.258,3.241,1287,2820,2746,0,-2090,-2090,-2736.4624,2090,0,1054.1,841.5,840.6
2025-08-24T02:00:00.000+00:00,3.257,3.24,1286.9,2816,2736,0,-2090,-2090,-2734.7792,2090,0,1055.6,841.7,841.9
2025-08-24T02:01:00.000+00:00,3.256,3.24,1287.7,2819,2737,0,-2090,-2090,-2733.9376,2090,0,1055.4,843,841.4
2025-08-24T02:02:00.000+00:00,3.254,3.239,1287.6,2818,2741,0,-2090,-2090,-2732.6752,2090,0,1054.6,840.5,841.3
2025-08-24T02:03:00.000+00:00,3.254,3.238,1288,2816,2742,0,-2090,-2090,-2734.3584,2090,0,1054.2,841.1,841.1
2025-08-24T02:04:00.000+00:00,3.252,3.238,1288.4,2819,2741,0,-2090,-2090,-2734.3584,2090,0,1055,842.4,841.2
2025-08-24T02:05:00.000+00:00,3.252,3.237,1288.8,2819,2740,0,-2090,-2090,-2735.6208,2090,0,1054.9,842.4,843.3
2025-08-24T02:06:00.000+00:00,3.25,3.236,1290.6,2820,2738,0,-2090,-2090,-2730.1504,2090,0,1056,842.2,842.4
2025-08-24T02:07:00.000+00:00,3.249,3.236,1290.1,2821,2738,0,-2090,-2090,-2735.6208,2090,0,1054.9,842.2,841.8
2025-08-24T02:08:00.000+00:00,3.249,3.235,1290.1,2816,2738,0,-2090,-2090,-2736.0416,2090,0,1054.8,842.1,841.4
2025-08-24T02:09:00.000+00:00,3.249,3.235,1290.3,2818,2737,0,-2090,-2090,-2736.0416,2090,0,1054.8,843.4,842.4
2025-08-24T02:10:00.000+00:00,3.248,3.234,1291.2,2819,2741,0,-2090,-2090,-2732.6752,2090,0,1055.7,842.5,842.2
2025-08-24T02:11:00.000+00:00,3.247,3.234,1291.7,2817,2745,0,-2090,-2090,-2733.5168,2090,0,1054.9,841.4,842.2
2025-08-24T02:12:00.000+00:00,3.247,3.233,1291.1,2816,2739,0,-2090,-2090,-2735.2,2090,0,1055.6,842.7,842.5
2025-08-24T02:13:00.000+00:00,3.247,3.232,1291.3,2820,2738,0,-2090,-2090,-2735.6208,2090,0,1054.2,841.5,841.2
2025-08-24T02:14:00.000+00:00,3.246,3.231,1292.1,2820,2738,0,-2090,-2090,-2736.4624,2090,0,1055.6,842.6,842.4
2025-08-24T02:15:00.000+00:00,3.246,3.231,1291.7,2817,2742,0,-2090,-2090,-2736.0416,2090,0,1055.7,841.8,841.7
2025-08-24T02:16:00.000+00:00,3.246,3.23,1292.4,2816,2740,0,-2090,-2090,-2733.9376,2090,0,1054.4,841.2,841
2025-08-24T02:17:00.000+00:00,3.245,3.23,1292.9,2819,2738,0,-2090,-2090,-2736.0416,2090,0,1055.1,841,841.4
2025-08-24T02:18:00.000+00:00,3.244,3.229,1292.1,2817,2747,0,-2090,-2090,-2736.0416,2090,0,1054.8,841.2,841.4
2025-08-24T02:19:00.000+00:00,3.244,3.229,1291.7,2818,2741,0,-2090,-2090,-2732.2544,2090,0,1054.1,841.2,841.1
2025-08-24T02:20:00.000+00:00,3.244,3.228,1293.1,2815,2742,0,-2090,-2090,-2734.7792,2090,0,1054.2,840.3,841
2025-08-24T02:21:00.000+00:00,3.243,3.228,1293.1,2821,2742,0,-2090,-2090,-2735.6208,2090,0,1054.6,840.4,841
2025-08-24T02:22:00.000+00:00,3.243,3.227,1292.7,2817,2745,0,-2090,-2090,-2733.9376,2090,0,1053.7,841.2,841.3
2025-08-24T02:23:00.000+00:00,3.243,3.226,1291.9,2816,2735,0,-2090,-2090,-2735.2,2090,0,1054.2,840.9,841.1
2025-08-24T02:24:00.000+00:00,3.243,3.225,1293.2,2818,2749,0,-2090,-2090,-2732.6752,2090,0,1054.4,841.9,841.1
2025-08-24T02:25:00.000+00:00,3.242,3.225,1292.4,2815,2736,0,-2090,-2090,-2735.2,2090,0,1053.7,840.2,840.6
2025-08-24T02:26:00.000+00:00,3.242,3.224,1292.8,2816,2736,0,-2090,-2090,-2734.3584,2090,0,1053.3,840.6,840.7
2025-08-24T02:27:00.000+00:00,3.241,3.224,1293.3,2818,2737,0,-2090,-2090,-2735.2,2090,0,1052.9,840.1,841.5
2025-08-24T02:28:00.000+00:00,3.241,3.223,1294.1,2815,2743,0,-2090,-2090,-2735.6208,2090,0,1054,841.3,843.5
2025-08-24T02:29:00.000+00:00,3.241,3.222,1293.9,2816,2737,0,-2090,-2090,-2736.4624,2090,0,1054.6,842.8,841.4
2025-08-24T02:30:00.000+00:00,3.24,3.222,1294.7,2817,2736,0,-2090,-2090,-2736.0416,2090,0,1054.1,841.9,841.1
2025-08-24T02:31:00.000+00:00,3.24,3.221,1295.2,2820,2736,0,-2090,-2090,-2736.4624,2090,0,1055.5,841.2,841.2
2025-08-24T02:32:00.000+00:00,3.24,3.22,1295.4,2816,2735,0,-2090,-2090,-2735.2,2090,0,1054.5,841.8,841.8
2025-08-24T02:33:00.000+00:00,3.239,3.22,1296,2814,2740,0,-2090,-2090,-2735.6208,2090,0,1054.2,840.7,841.2
2025-08-24T02:34:00.000+00:00,3.239,3.219,1296.8,2818,2737,0,-2090,-2090,-2735.6208,2090,0,1055.3,842,842
2025-08-24T02:35:00.000+00:00,3.239,3.218,1297,2815,2737,0,-2090,-2090,-2735.6208,2090,0,1054.6,841.8,842.2
2025-08-24T02:36:00.000+00:00,3.238,3.217,1296.5,2817,2741,0,-2090,-2090,-2736.4624,2090,0,1054.5,842.4,842.3
2025-08-24T02:37:00.000+00:00,3.238,3.216,1296.6,2818,2737,0,-2090,-2090,-2736.8832,2090,0,1054.6,841.3,841.6
2025-08-24T02:38:00.000+00:00,3.238,3.215,1297.3,2818,2739,0,-2090,-2090,-2736.8832,2090,0,1054.8,842.5,842.5
2025-08-24T02:39:00.000+00:00,3.237,3.213,1298.4,2818,2739,0,-2090,-2090,-2736.4624,2090,0,1054.2,842.4,842.2
2025-08-24T02:40:00.000+00:00,3.237,3.214,1298.9,2821,2739,0,-2090,-2090,-2736.4624,2090,0,1054.2,840.7,841.8
2025-08-24T02:41:00.000+00:00,3.236,3.214,1298.8,2819,2738,0,-2090,-2090,-2731.8336,2090,0,1053.3,841.7,840.5
2025-08-24T02:42:00.000+00:00,3.236,3.212,1300.2,2818,2739,0,-2090,-2090,-2736.4624,2090,0,1054.5,840.7,841.4
2025-08-24T02:43:00.000+00:00,3.236,3.211,1300,2819,2738,0,-2090,-2090,-2735.6208,2090,0,1053.8,841.3,841.6
2025-08-24T02:44:00.000+00:00,3.235,3.21,1299.7,2819,2737,0,-2090,-2090,-2734.7792,2090,0,1054.7,840.5,841
2025-08-24T02:45:00.000+00:00,3.235,3.208,1299.8,2817,2738,0,-2090,-2090,-2730.5712,2090,0,1053.7,842,841.5
2025-08-24T02:46:00.000+00:00,3.234,3.208,1300.5,2816,2740,0,-2090,-2090,-2733.9376,2090,0,1053.6,841,841.2
2025-08-24T02:47:00.000+00:00,3.232,3.207,1301.9,2817,2737,0,-2090,-2090,-2733.5168,2090,0,1055.2,840.6,840.9
2025-08-24T02:48:00.000+00:00,3.233,3.205,1302.1,2817,2737,0,-2090,-2090,-2734.7792,2090,0,1053.9,841.5,840.9
2025-08-24T02:49:00.000+00:00,3.232,3.204,1302.1,2821,2746,0,-2090,-2090,-2734.3584,2090,0,1053.9,840.9,840.3
2025-08-24T02:50:00.000+00:00,3.232,3.203,1302.2,2816,2741,0,-2090,-2090,-2733.5168,2090,0,1053.9,840.6,840.5
2025-08-24T02:51:00.000+00:00,3.231,3.202,1302.3,2813,2742,0,-2090,-2090,-2734.3584,2090,0,1054.1,841.7,841
2025-08-24T02:52:00.000+00:00,3.231,3.2,1303.7,2819,2747,0,-2090,-2090,-2733.5168,2090,0,1053.9,841,841.5
2025-08-24T02:53:00.000+00:00,3.23,3.199,1303.8,2820,2740,0,-2090,-2090,-2734.7792,2090,0,1054.9,841.1,840.8
2025-08-24T02:54:00.000+00:00,3.23,3.198,1304.4,2813,2744,0,-2090,-2090,-2731.4128,2090,0,1053.7,841.2,841.8
2025-08-24T02:55:00.000+00:00,3.229,3.196,1304.9,2815,2736,0,-2090,-2090,-2735.2,2090,0,1053.4,841.7,841.1
2025-08-24T02:56:00.000+00:00,3.229,3.195,1305.2,2814,2743,0,-2090,-2090,-2731.8336,2090,0,1054.2,841.6,841.2
2025-08-24T02:57:00.000+00:00,3.228,3.193,1305.8,2813,2744,0,-2090,-2090,-2733.5168,2090,0,1055.4,842.8,841.8
2025-08-24T02:58:00.000+00:00,3.228,3.192,1306.2,2813,2745,0,-2090,-2090,-2734.7792,2090,0,1054.7,843.9,842.7
2025-08-24T02:59:00.000+00:00,3.227,3.19,1307.6,2816,2738,0,-2090,-2090,-2734.7792,2090,0,1053.7,841.9,841.8
2025-08-24T03:00:00.000+00:00,3.226,3.189,1307.8,2812,2740,0,-2090,-2090,-2736.0416,2090,0,1054.2,841.2,841
2025-08-24T03:01:00.000+00:00,3.226,3.187,1308.1,2812,2736,0,-2090,-2090,-2734.3584,2090,0,1053.4,841.7,841.2
2025-08-24T03:02:00.000+00:00,3.225,3.185,1308,2810,2740,0,-2090,-2090,-2733.9376,2090,0,1053.6,840.5,840.7
2025-08-24T03:03:00.000+00:00,3.223,3.183,1307.2,2808,2735,0,-2090,-2090,-2732.6752,2090,0,1053.5,840.2,839.3
2025-08-24T03:04:00.000+00:00,3.224,3.18,1307.5,2804,2737,0,-2090,-2090,-2732.6752,2090,0,1052.2,839.8,839.4
2025-08-24T03:05:00.000+00:00,3.223,3.178,1309.8,2808,2735,0,-2090,-2090,-2732.2544,2090,0,1052.8,840.6,840.1
2025-08-24T03:06:00.000+00:00,3.222,3.175,1310.8,2810,2739,0,-2090,-2090,-2731.4128,2090,0,1054.7,841.3,841.6
2025-08-24T03:07:00.000+00:00,3.221,3.174,1311.6,2811,2739,0,-2090,-2090,-2733.5168,2090,0,1052.9,839.5,841.2
2025-08-24T03:08:00.000+00:00,3.22,3.171,1312.9,2810,2738,0,-2090,-2090,-2731.8336,2090,0,1052.9,840.5,839.7
2025-08-24T03:09:00.000+00:00,3.22,3.168,1314.2,2807,2735,0,-2090,-2090,-2733.9376,2090,0,1053.3,841,841
2025-08-24T03:10:00.000+00:00,3.219,3.165,1316.6,2810,2734,0,-2090,-2090,-2733.5168,2090,0,1054,840.4,840.7
2025-08-24T03:11:00.000+00:00,3.218,3.162,1317.3,2808,2736,0,-2090,-2090,-2733.9376,2090,0,1053.7,840.7,840.9
2025-08-24T03:12:00.000+00:00,3.217,3.159,1318.1,2807,2740,0,-2090,-2090,-2733.096,2090,0,1054,840.9,840.9
2025-08-24T03:13:00.000+00:00,3.216,3.156,1319.2,2806,2736,0,-2090,-2090,-2733.9376,2090,0,1054.7,840.7,841.2
2025-08-24T03:14:00.000+00:00,3.215,3.153,1321.5,2812,2743,0,-2090,-2090,-2735.6208,2090,0,1054.1,842.7,841.5
2025-08-24T03:15:00.000+00:00,3.215,3.149,1323.8,2809,2742,0,-2090,-2090,-2733.5168,2090,0,1054.7,842,841.1
2025-08-24T03:16:00.000+00:00,3.213,3.145,1324.8,2813,2737,0,-2090,-2090,-2735.2,2090,0,1054.8,840.8,840.9
2025-08-24T03:17:00.000+00:00,3.212,3.141,1327.9,2811,2738,0,-2090,-2090,-2735.2,2090,0,1054.5,841.2,841.8
2025-08-24T03:18:00.000+00:00,3.211,3.137,1329.8,2815,2739,0,-2090,-2090,-2733.9376,2090,0,1053.7,841.8,841.6
2025-08-24T03:19:00.000+00:00,3.21,3.134,1330.3,2810,2741,0,-2090,-2090,-2733.096,2090,0,1054,840.6,840.7
2025-08-24T03:20:00.000+00:00,3.209,3.132,1330.6,2810,2735,0,-2090,-2090,-2728.4672,2090,0,1052.4,840.1,839.4
2025-08-24T03:21:00.000+00:00,3.208,3.128,1330.6,2809,2737,0,-2090,-2090,-2733.5168,2090,0,1053.8,840.4,839.6
2025-08-24T03:22:00.000+00:00,3.207,3.125,1333.1,2811,2737,0,-2090,-2090,-2734.7792,2090,0,1053.9,841,841.2
2025-08-24T03:23:00.000+00:00,3.206,3.124,1333.4,2810,2739,0,-2090,-2090,-2734.7792,2090,0,1053.6,840.3,840.8
2025-08-24T03:24:00.000+00:00,3.205,3.121,1335.7,2809,2741,0,-2090,-2090,-2736.0416,2090,0,1055,841.2,842.5
2025-08-24T03:25:00.000+00:00,3.204,3.116,1341.5,2817,2738,0,-2090,-2090,-2736.8832,2090,0,1055.3,841.2,841.7
2025-08-24T03:26:00.000+00:00,3.203,3.112,1345.5,2820,2741,0,-2090,-2090,-2730.5712,2090,0,1054.9,842.5,842.5
2025-08-24T03:27:00.000+00:00,3.201,3.109,1348.5,2822,2733,0,-2090,-2090,-2716.264,2090,0,1053.3,842.1,841.6
2025-08-24T03:28:00.000+00:00,3.199,3.103,1349.8,2813,2721,0,-2090,-2090,-2710.3728,2090,0,1049.2,839.6,838.8
2025-08-24T03:29:00.000+00:00,3.198,3.094,1361.2,2830,2736,0,-2090,-2090,-2707.848,2090,0,1056.5,843.5,843.9
2025-08-24T03:30:00.000+00:00,3.197,3.081,1370,2831,2738,0,-2090,-2090,-2721.7344,2090,0,1056.4,845.5,845.4
2025-08-24T03:31:00.000+00:00,3.196,3.064,1381.1,2827,2734,0,-2090,-2090,-2717.5264,2090,0,1056.3,843.4,843.6
2025-08-24T03:32:00.000+00:00,3.195,3.04,1394.6,2828,2734,0,-2090,-2090,-2723.8384,2090,0,1055.8,843.5,845.6
2025-08-24T03:33:00.000+00:00,3.213,3.079,1401,2823,2734,0,-2090,-2090,-631.2,2090,0,1055,842.6,842.6
2025-08-24T03:34:00.000+00:00,3.211,3.093,0.4,661,628,0,-2090,-2090,-631.2,2090,0,635.3,842.6,842.6
2025-08-24T03:35:00.000+00:00,3.212,3.097,0.5,660,627,0,-2090,-2090,-631.2,2090,0,636.3,842.6,842.6
2025-08-24T03:36:00.000+00:00,3.212,3.103,0.9,659,627,0,-2090,-2090,-631.2,2090,0,636.1,842.6,842.6
2025-08-24T03:37:00.000+00:00,3.211,3.105,0.8,659,626,0,-2090,-2090,-631.2,2090,0,636,0,0
2025-08-24T03:38:00.000+00:00,3.22,3.108,0.6,659,627,0,-2090,-2090,-631.2,2090,0,636.5,0,0
2025-08-24T03:39:00.000+00:00,3.22,3.11,0.5,659,627,0,-2090,-2090,-631.2,2090,0,636.2,0,0
2025-08-24T03:40:00.000+00:00,3.219,3.111,0.5,658,627,0,-2090,-2090,-631.2,2090,0,635.8,0,0
2025-08-24T03:41:00.000+00:00,3.24,3.113,0,656,626,0,-2090,-2090,-631.2,2090,0,635.1,0,0
2025-08-24T03:42:00.000+00:00,3.243,3.114,0.1,-16,-37,0,-2090,-2090,-631.2,2090,0,-25.4,0,0
2025-08-24T03:43:00.000+00:00,3.246,3.115,0,-16,-37,0,-2090,-2090,-631.2,2090,0,-26,0,0
2025-08-24T03:44:00.000+00:00,3.248,3.116,0.5,-14,-38,0,-2090,-2090,-631.2,2090,0,-25.3,0,0
2025-08-24T03:45:00.000+00:00,3.249,3.117,0,-16,-37,0,-2090,-2090,-631.2,2090,0,-26.2,0,0
2025-08-24T03:46:00.000+00:00,3.25,3.117,0,-12,-37,0,-2090,-2090,-631.2,2090,0,-25.3,0,0
2025-08-24T03:47:00.000+00:00,3.252,3.118,0,-12,-38,0,-2090,-2090,-631.2,2090,0,-25.4,0,0
2025-08-24T03:48:00.000+00:00,3.252,3.119,0,-16,-37,0,-2090,-2090,-631.2,2090,0,-25.6,0,0
2025-08-24T03:49:00.000+00:00,3.253,3.119,0,-14,-37,0,-2090,-2090,-631.2,2090,0,-26,0,0
2025-08-24T03:50:00.000+00:00,3.254,3.12,0,-12,-37,0,-2090,-2090,-631.2,2090,0,-25,0,0
2025-08-24T03:51:00.000+00:00,3.255,3.12,0,-12,-37,0,-2090,-2090,-631.2,2090,0,-25.3,0,0
2025-08-24T03:52:00.000+00:00,3.255,3.121,0,-14,-37,0,-2090,-2090,-631.2,2090,0,-25.7,0,0
2025-08-24T03:53:00.000+00:00,3.256,3.121,0,-14,-37,0,-2090,-2090,-631.2,2090,0,-25.8,0,0
2025-08-24T03:54:00.000+00:00,3.256,3.122,0,-12,-37,0,-2090,-2090,-631.2,2090,0,-25.3,0,0
2025-08-24T03:55:00.000+00:00,3.257,3.122,0,-12,-37,0,-2090,-2090,-631.2,2090,0,-25.7,0,0
2025-08-24T03:56:00.000+00:00,3.257,3.123,0,-10,-37,0,-2090,-2090,-631.2,2090,0,-24.8,0,0
2025-08-24T03:57:00.000+00:00,3.258,3.123,0,-10,-38,0,-2090,-2090,-631.2,2090,0,-24.7,0,0
2025-08-24T03:58:00.000+00:00,3.258,3.123,0,-12,-37,0,-2090,-2090,-631.2,2090,0,-25.4,0,0
2025-08-24T03:59:00.000+00:00,3.258,3.123,0,-14,-37,0,-2090,-2090,-631.2,2090,0,-24.6,0,0
2025-08-24T04:00:00.000+00:00,3.259,3.124,0,-12,-37,0,-2090,-2090,-631.2,2090,0,-23.9,0,0
2025-08-24T04:01:00.000+00:00,3.259,3.124,0,-14,-37,0,-2090,-2090,-631.2,2090,0,-24.7,0,0
2025-08-24T04:02:00.000+00:00,3.259,3.124,0,-12,-37,0,-2090,-2090,-631.2,2090,0,-25,0,0
2025-08-24T04:03:00.000+00:00,3.259,3.124,0,-14,-37,0,-2090,-2090,-631.2,2090,0,-25.6,0,0
2025-08-24T04:04:00.000+00:00,3.26,3.125,0,-12,-37,0,-2090,-2090,-631.2,2090,0,-25.8,0,0
2025-08-24T04:05:00.000+00:00,3.26,3.125,0,-12,-38,0,-2090,-2090,-631.2,2090,0,-23.2,0,0
2025-08-24T04:06:00.000+00:00,3.26,3.125,0,-14,-38,0,-2090,-2090,-631.2,2090,0,-24.4,0,0
2025-08-24T04:07:00.000+00:00,3.261,3.125,0,-12,-37,0,-2090,-2090,-631.2,2090,0,-24.3,0,0
2025-08-24T04:08:00.000+00:00,3.261,3.126,0,-10,-37,0,-2090,-2090,-631.2,2090,0,-25.3,0,0
2025-08-24T04:09:00.000+00:00,3.261,3.126,0,-10,-37,0,-2090,-2090,-631.2,2090,0,-25.1,0,0
2025-08-24T04:10:00.000+00:00,3.261,3.126,0,-12,-37,0,-2090,-2090,-631.2,2090,0,-25.2,0,0
2025-08-24T04:11:00.000+00:00,3.262,3.126,0,-12,-37,0,-2090,-2090,-631.2,2090,0,-24.5,0,0
2025-08-24T04:12:00.000+00:00,3.262,3.126,0,-12,-37,0,-2090,-2090,-631.2,2090,0,-25.2,0,0
2025-08-24T04:13:00.000+00:00,3.262,3.127,0,-12,-37,0,-2090,-2090,-631.2,2090,0,-24.9,0,0
2025-08-24T04:14:00.000+00:00,3.262,3.127,0,-10,-37,0,-2090,-2090,-631.2,2090,0,-24.6,0,0
2025-08-24T04:15:00.000+00:00,3.262,3.127,0,-10,-37,0,-2090,-2090,-631.2,2090,0,-24.5,0,0
2025-08-24T04:16:00.000+00:00,3.262,3.127,0,-8,-37,0,-2090,-2090,-631.2,2090,0,-25.7,0,0
2025-08-24T04:17:00.000+00:00,3.262,3.127,0,-6,-37,0,-2090,-2090,-631.2,2090,0,-24.3,0,0
2025-08-24T04:18:00.000+00:00,3.262,3.127,0,-6,-37,0,-2090,-2090,-631.2,2090,0,-23.2,0,0
2025-08-24T04:19:00.000+00:00,3.263,3.128,0,-8,-37,0,-2090,-2090,-631.2,2090,0,-24.8,0,0
2025-08-24T04:20:00.000+00:00,3.263,3.128,0,-6,-37,0,-2090,-2090,-631.2,2090,0,-25.1,0,0
2025-08-24T04:21:00.000+00:00,3.263,3.128,0,-10,-37,0,-2090,-2090,-631.2,2090,0,-25,0,0
2025-08-24T04:22:00.000+00:00,3.263,3.128,0,-8,-37,0,-2090,-2090,-631.2,2090,0,-25,0,0
2025-08-24T04:23:00.000+00:00,3.263,3.128,0,-10,-37,0,-2090,-2090,-631.2,2090,0,-25.5,0,0
2025-08-24T04:24:00.000+00:00,3.263,3.128,0,-8,-37,0,-2090,-2090,-631.2,2090,0,-24.8,0,0
2025-08-24T04:25:00.000+00:00,3.263,3.128,0,-12,-37,0,-2090,-2090,-631.2,2090,0,-24.2,0,0
2025-08-24T04:26:00.000+00:00,3.264,3.129,0,-12,-37,0,-2090,-2090,-631.2,2090,0,-25.6,0,0
2025-08-24T04:27:00.000+00:00,3.264,3.129,0,-14,-37,0,-2090,-2090,-631.2,2090,0,-25,0,0
2025-08-24T04:28:00.000+00:00,3.264,3.129,0,-14,-38,0,-2090,-2090,-631.2,2090,0,-24.9,0,0
2025-08-24T04:29:00.000+00:00,3.264,3.129,0,-14,-37,0,-2090,-2090,-631.2,2090,0,-25.2,0,0
2025-08-24T04:30:00.000+00:00,3.264,3.129,0,-14,-37,0,-2090,-2090,-631.2,2090,0,-25.4,0,0
2025-08-24T04:31:00.000+00:00,3.264,3.129,0,-12,-38,0,-2090,-2090,-631.2,2090,0,-25,0,0
2025-08-24T04:32:00.000+00:00,3.264,3.129,0,-14,-37,0,-2090,-2090,-631.2,2090,0,-25.2,0,0
2025-08-24T04:33:00.000+00:00,3.265,3.129,0,-14,-37,0,-2090,-2090,-631.2,2090,0,-24.9,0,0
2025-08-24T04:34:00.000+00:00,3.265,3.129,0,-12,-38,0,-2090,-2090,-631.2,2090,0,-23.6,0,0
2025-08-24T04:35:00.000+00:00,3.265,3.13,0,-14,-37,0,-2090,-2090,-631.2,2090,0,-24.9,0,0
2025-08-24T04:36:00.000+00:00,3.265,3.13,0,-14,-38,0,-2090,-2090,-631.2,2090,0,-25.2,0,0
2025-08-24T04:37:00.000+00:00,3.265,3.13,0,-10,-37,0,-2090,-2090,-631.2,2090,0,-25.1,0,0
2025-08-24T04:38:00.000+00:00,3.265,3.13,0,-12,-37,0,-2090,-2090,-631.2,2090,0,-25.7,0,0
2025-08-24T04:39:00.000+00:00,3.265,3.13,0,-10,-37,0,-2090,-2090,-631.2,2090,0,-25.2,0,0
2025-08-24T04:40:00.000+00:00,3.265,3.13,0,-16,-38,0,-2090,-2090,-631.2,2090,0,-24.7,0,0
2025-08-24T04:41:00.000+00:00,3.265,3.13,0,-14,-38,0,-2090,-2090,-631.2,2090,0,-24.9,0,0
2025-08-24T04:42:00.000+00:00,3.265,3.13,0,-14,-37,0,-2090,-2090,-631.2,2090,0,-24.8,0,0
2025-08-24T04:43:00.000+00:00,3.265,3.13,0,-14,-37,0,-2090,-2090,-631.2,2090,0,-25,0,0
2025-08-24T04:44:00.000+00:00,3.265,3.13,0,-12,-37,0,-2090,-2090,-631.2,2090,0,-25.6,0,0
2025-08-24T04:45:00.000+00:00,3.266,3.131,0,-12,-37,0,-2090,-2090,-631.2,2090,0,-25.3,0,0
2025-08-24T04:46:00.000+00:00,3.266,3.131,0,-12,-37,0,-2090,-2090,-631.2,2090,0,-24.3,0,0
2025-08-24T04:47:00.000+00:00,3.266,3.131,0,-12,-37,0,-2090,-2090,-631.2,2090,0,-24.3,0,0
2025-08-24T04:48:00.000+00:00,3.266,3.131,0,-12,-37,0,-2090,-2090,-631.2,2090,0,-24.3,0,0
2025-08-24T04:49:00.000+00:00,3.266,3.131,0,-12,-37,0,-2090,-2090,-631.2,2090,0,-24.5,0,0
2025-08-24T04:50:00.000+00:00,3.266,3.131,0,-10,-37,0,-2090,-2090,-631.2,2090,0,-24.7,0,0
2025-08-24T04:51:00.000+00:00,3.266,3.131,0,-14,-37,0,-2090,-2090,-631.2,2090,0,-25.2,0,0
2025-08-24T04:52:00.000+00:00,3.266,3.131,0,-12,-37,0,-2090,-2090,-631.2,2090,0,-24.5,0,0
2025-08-24T04:53:00.000+00:00,3.266,3.131,0,-10,-37,0,-2090,-2090,-631.2,2090,0,-24.6,0,0
2025-08-24T04:54:00.000+00:00,3.266,3.131,0,-14,-37,0,-2090,-2090,-631.2,2090,0,-25.2,0,0
2025-08-24T04:55:00.000+00:00,3.266,3.132,0,-12,-37,0,-2090,-2090,-631.2,2090,0,-26,0,0
2025-08-24T04:56:00.000+00:00,3.267,3.132,0,-10,-37,0,-2090,-2090,-631.2,2090,0,-25.3,0,0
2025-08-24T04:57:00.000+00:00,3.267,3.132,0,-12,-37,0,-2090,-2090,-631.2,2090,0,-24.2,0,0
2025-08-24T04:58:00.000+00:00,3.267,3.132,0,-10,-37,0,-2090,-2090,-631.2,2090,0,-23.3,0,0
2025-08-24T04:59:00.000+00:00,3.267,3.132,0,-10,-37,0,-2090,-2090,-631.2,2090,0,-22.9,0,0
2025-08-24T05:00:00.000+00:00,3.267,3.132,0,-12,-38,0,-2090,-2090,-631.2,2090,0,-25.7,0,0
2025-08-24T05:01:00.000+00:00,3.267,3.132,0,-10,-38,0,-2090,-2090,-631.2,2090,0,-24,0,0
2025-08-24T05:02:00.000+00:00,3.267,3.132,0,-14,-38,0,-2090,-2090,-631.2,2090,0,-25.1,0,0
2025-08-24T05:03:00.000+00:00,3.267,3.132,0,-14,-38,0,-2090,-2090,-631.2,2090,0,-25.2,0,0
2025-08-24T05:04:00.000+00:00,3.267,3.132,0,-14,-37,0,-2090,-2090,-631.2,2090,0,-25.8,0,0
2025-08-24T05:05:00.000+00:00,3.267,3.132,0,-14,-37,0,-2090,-2090,-631.2,2090,0,-25.2,0,0
2025-08-24T05:06:00.000+00:00,3.267,3.132,0,-16,-38,0,-2090,-2090,-631.2,2090,0,-25.8,0,0
2025-08-24T05:07:00.000+00:00,3.267,3.132,0,-12,-37,0,-2090,-2090,-631.2,2090,0,-24.6,0,0
2025-08-24T05:08:00.000+00:00,3.267,3.132,0,-16,-38,0,-2090,-2090,-631.2,2090,0,-24.7,0,0
2025-08-24T05:09:00.000+00:00,3.267,3.133,0,-16,-37,0,-2090,-2090,-631.2,2090,0,-25.5,0,0
2025-08-24T05:10:00.000+00:00,3.268,3.133,0,-14,-38,0,-2090,-2090,-631.2,2090,0,-25.4,0,0
2025-08-24T05:11:00.000+00:00,3.268,3.133,0,-12,-37,0,-2090,-2090,-631.2,2090,0,-25.7,0,0
2025-08-24T05:12:00.000+00:00,3.268,3.133,0,-14,-38,0,-2090,-2090,-631.2,2090,0,-24.1,0,0
2025-08-24T05:13:00.000+00:00,3.268,3.133,0,-16,-37,0,-2090,-2090,-631.2,2090,0,-25.1,0,0
2025-08-24T05:14:00.000+00:00,3.268,3.133,0,-14,-37,0,-2090,-2090,-631.2,2090,0,-25.2,0,0
2025-08-24T05:15:00.000+00:00,3.268,3.133,0,-14,-38,0,-2090,-2090,-631.2,2090,0,-23.4,0,0
2025-08-24T05:16:00.000+00:00,3.268,3.133,0,-12,-37,0,-2090,-2090,-631.2,2090,0,-24.4,0,0
2025-08-24T05:17:00.000+00:00,3.268,3.133,0,-14,-37,0,-2090,-2090,-631.2,2090,0,-24.8,0,0
2025-08-24T05:18:00.000+00:00,3.268,3.133,0,-12,-37,0,-2090,-2090,-631.2,2090,0,-25.6,0,0
2025-08-24T05:19:00.000+00:00,3.268,3.133,0,-14,-37,0,-2090,-2090,-631.2,2090,0,-25.3,0,0
2025-08-24T05:20:00.000+00:00,3.268,3.133,0,-14,-37,0,-2090,-2090,-631.2,2090,0,-25.3,0,0
2025-08-24T05:21:00.000+00:00,3.269,3.133,0,-14,-38,0,-2090,-2090,-631.2,2090,0,-24.6,0,0
2025-08-24T05:22:00.000+00:00,3.269,3.133,0,-16,-38,0,-2090,-2090,-631.2,2090,0,-25.6,0,0
2025-08-24T05:23:00.000+00:00,3.269,3.133,0,-12,-37,0,-2090,-2090,-631.2,2090,0,-25.4,0,0
2025-08-24T05:24:00.000+00:00,3.269,3.133,0,-14,-38,0,-2090,-2090,-631.2,2090,0,-25.2,0,0
2025-08-24T05:25:00.000+00:00,3.269,3.134,0,-14,-37,0,-2090,-2090,-631.2,2090,0,-25.9,0,0
2025-08-24T05:26:00.000+00:00,3.269,3.134,0,-16,-37,0,-2090,-2090,-631.2,2090,0,-25.2,0,0
2025-08-24T05:27:00.000+00:00,3.269,3.134,0,-14,-38,0,-2090,-2090,-631.2,2090,0,-25.3,0,0
2025-08-24T05:28:00.000+00:00,3.269,3.134,0,-16,-37,0,-2090,-2090,-631.2,2090,0,-24.3,0,0
2025-08-24T05:29:00.000+00:00,3.269,3.134,0,-14,-38,0,-2090,-2090,-631.2,2090,0,-24.9,0,0
2025-08-24T05:30:00.000+00:00,3.269,3.134,0,-10,-38,0,-2090,-2090,-631.2,2090,0,-25.1,0,0
2025-08-24T05:31:00.000+00:00,3.269,3.134,0,-16,-38,0,-2090,-2090,-631.2,2090,0,-24.6,0,0
2025-08-24T05:32:00.000+00:00,3.269,3.134,0,-16,-37,0,-2090,-2090,-631.2,2090,0,-25.1,0,0
2025-08-24T05:33:00.000+00:00,3.269,3.134,0,-14,-38,0,-2090,-2090,-631.2,2090,0,-24.7,0,0
2025-08-24T05:34:00.000+00:00,3.269,3.134,0,-14,-37,0,-2090,-2090,-631.2,2090,0,-25.2,0,0
2025-08-24T05:35:00.000+00:00,3.269,3.134,0,-14,-38,0,-2090,-2090,-631.2,2090,0,-24.8,0,0
2025-08-24T05:36:00.000+00:00,3.269,3.134,0,-14,-38,0,-2090,-2090,-631.2,2090,0,-25.9,0,0
2025-08-24T05:37:00.000+00:00,3.269,3.134,0,-14,-37,0,-2090,-2090,-631.2,2090,0,-24.8,0,0
2025-08-24T05:38:00.000+00:00,3.269,3.134,0,-14,-37,0,-2090,-2090,-631.2,2090,0,-25.3,0,0
2025-08-24T05:39:00.000+00:00,3.269,3.134,0,-12,-37,0,-2090,-2090,-631.2,2090,0,-25.4,0,0
2025-08-24T05:40:00.000+00:00,3.269,3.134,0,-12,-37,0,-2090,-2090,-631.2,2090,0,-25.6,0,0
2025-08-24T05:41:00.000+00:00,3.269,3.134,0,-12,-38,0,-2090,-2090,-631.2,2090,0,-25.1,0,0
2025-08-24T05:42:00.000+00:00,3.27,3.134,0,-14,-38,0,-2090,-2090,-631.2,2090,0,-24.3,0,0
2025-08-24T05:43:00.000+00:00,3.27,3.134,0,-14,-37,0,-2090,-2090,-631.2,2090,0,-25.2,0,0
2025-08-24T05:44:00.000+00:00,3.27,3.134,0,-16,-37,0,-2090,-2090,-631.2,2090,0,-25.2,0,0
2025-08-24T05:45:00.000+00:00,3.27,3.134,0,-14,-37,0,-2090,-2090,-631.2,2090,0,-24.5,0,0
2025-08-24T05:46:00.000+00:00,3.27,3.135,0,-14,-38,0,-2090,-2090,-631.2,2090,0,-25.3,0,0
2025-08-24T05:47:00.000+00:00,3.27,3.134,0,-14,-38,0,-2090,-2090,-631.2,2090,0,-26,0,0
2025-08-24T05:48:00.000+00:00,3.27,3.134,0,-14,-37,0,-2090,-2090,-631.2,2090,0,-25.4,0,0
2025-08-24T05:49:00.000+00:00,3.27,3.135,0,-16,-37,0,-2090,-2090,-631.2,2090,0,-25.5,0,0
2025-08-24T05:50:00.000+00:00,3.27,3.135,0,-16,-38,0,-2090,-2090,-631.2,2090,0,-25.2,0,0
2025-08-24T05:51:00.000+00:00,3.27,3.135,0,-14,-37,0,-2090,-2090,-631.2,2090,0,-25.6,0,0
2025-08-24T05:52:00.000+00:00,3.27,3.135,0,-14,-38,0,-2090,-2090,-631.2,2090,0,-25.3,0,0
2025-08-24T05:53:00.000+00:00,3.27,3.135,0,-14,-38,0,-2090,-2090,-631.2,2090,0,-25,0,0
2025-08-24T05:54:00.000+00:00,3.27,3.135,0,-14,-38,0,-2090,-2090,-631.2,2090,0,-25.6,0,0
2025-08-24T05:55:00.000+00:00,3.27,3.135,0,-16,-38,0,-2090,-2090,-631.2,2090,0,-25.1,0,0
2025-08-24T05:56:00.000+00:00,3.27,3.135,0,-12,-37,0,-2090,-2090,-631.2,2090,0,-25.4,0,0
2025-08-24T05:57:00.000+00:00,3.27,3.135,0,-14,-38,0,-2090,-2090,-631.2,2090,0,-25.2,0,0
2025-08-24T05:58:00.000+00:00,3.271,3.135,0,-14,-38,0,-2090,-2090,-631.2,2090,0,-25.4,0,0
2025-08-24T05:59:00.000+00:00,3.271,3.135,0,-14,-37,0,-2090,-2090,-631.2,2090,0,-25.6,0,0
2025-08-24T06:00:00.000+00:00,3.271,3.135,0,-14,-38,0,-2090,-2090,-631.2,2090,0,-24.8,0,0
2025-08-24T06:01:00.000+00:00,3.271,3.135,0,-14,-37,0,-2090,-2090,-631.2,2090,0,-25.7,0,0
2025-08-24T06:02:00.000+00:00,3.271,3.135,0,-16,-38,0,-2090,-2090,-631.2,2090,0,-25,0,0
2025-08-24T06:03:00.000+00:00,3.271,3.135,0,-14,-37,0,-2090,-2090,-631.2,2090,0,-24.5,0,0
2025-08-24T06:04:00.000+00:00,3.271,3.135,0,-16,-38,0,-2090,-2090,-631.2,2090,0,-24.8,0,0
2025-08-24T06:05:00.000+00:00,3.271,3.135,0,-10,-37,0,-2090,-2090,-631.2,2090,0,-24.3,0,0
2025-08-24T06:06:00.000+00:00,3.271,3.135,0,-14,-37,0,-2090,-2090,-631.2,2090,0,-24.8,0,0
2025-08-24T06:07:00.000+00:00,3.271,3.135,0,-14,-38,0,-2090,-2090,-631.2,2090,0,-25.1,0,0
2025-08-24T06:08:00.000+00:00,3.271,3.135,0,-12,-37,0,-2090,-2090,-631.2,2090,0,-24.1,0,0
2025-08-24T06:09:00.000+00:00,3.271,3.135,0,-14,-38,0,-2090,-2090,-631.2,2090,0,-25.6,0,0
2025-08-24T06:10:00.000+00:00,3.271,3.135,0,-16,-37,0,-2090,-2090,-631.2,2090,0,-25.3,0,0
2025-08-24T06:11:00.000+00:00,3.271,3.135,0,-12,-36,0,-2090,-2090,-631.2,2090,0,-23.3,0,0
2025-08-24T06:12:00.000+00:00,3.271,3.135,0,-12,-38,0,-2090,-2090,-631.2,2090,0,-26.3,0,0
2025-08-24T06:13:00.000+00:00,3.271,3.135,0,-14,-38,0,-2090,-2090,-631.2,2090,0,-25.2,0,0
2025-08-24T06:14:00.000+00:00,3.272,3.135,0,-14,-38,0,-2090,-2090,-631.2,2090,0,-25.5,0,0
2025-08-24T06:15:00.000+00:00,3.271,3.135,0,-12,-37,0,-2090,-2090,-631.2,2090,0,-25,0,0
2025-08-24T06:16:00.000+00:00,3.272,3.135,0,-14,-38,0,-2090,-2090,-631.2,2090,0,-24.7,0,0
2025-08-24T06:17:00.000+00:00,3.272,3.136,0,-14,-37,0,-2090,-2090,-631.2,2090,0,-23.5,0,0
2025-08-24T06:18:00.000+00:00,3.272,3.136,0,-14,-37,0,-2090,-2090,-631.2,2090,0,-25.5,0,0
2025-08-24T06:19:00.000+00:00,3.272,3.136,0,-14,-38,0,-2090,-2090,-631.2,2090,0,-25.6,0,0
2025-08-24T06:20:00.000+00:00,3.272,3.136,0,-16,-38,0,-2090,-2090,-631.2,2090,0,-25.5,0,0
2025-08-24T06:21:00.000+00:00,3.272,3.136,0,-16,-38,0,-2090,-2090,-631.2,2090,0,-25.5,0,0
2025-08-24T06:22:00.000+00:00,3.272,3.136,0,-16,-37,0,-2090,-2090,-631.2,2090,0,-25.9,0,0
2025-08-24T06:23:00.000+00:00,3.272,3.136,0,-14,-37,0,-2090,-2090,-631.2,2090,0,-24.1,0,0
2025-08-24T06:24:00.000+00:00,3.272,3.136,0,-14,-38,0,-2090,-2090,-631.2,2090,0,-24.7,0,0
2025-08-24T06:25:00.000+00:00,3.272,3.136,0,-14,-37,0,-2090,-2090,-631.2,2090,0,-25.6,0,0
2025-08-24T06:26:00.000+00:00,3.272,3.136,0,-14,-37,0,-2090,-2090,-631.2,2090,0,-24.2,0,0
2025-08-24T06:27:00.000+00:00,3.272,3.136,0,-12,-38,0,-2090,-2090,-631.2,2090,0,-24.6,0,0
2025-08-24T06:28:00.000+00:00,3.272,3.136,0,-12,-37,0,-2090,-2090,-631.2,2090,0,-24.3,0,0
2025-08-24T06:29:00.000+00:00,3.271,3.136,0,-10,-37,0,-2090,-2090,-631.2,2090,0,-24.2,0,0
2025-08-24T06:30:00.000+00:00,3.272,3.136,0,-12,-37,0,-2090,-2090,-631.2,2090,0,-25.4,0,0
2025-08-24T06:31:00.000+00:00,3.272,3.136,0,-12,-37,0,-2090,-2090,-631.2,2090,0,-25.3,0,0
2025-08-24T06:32:00.000+00:00,3.272,3.136,0,-12,-37,0,-2090,-2090,-631.2,2090,0,-24,0,0
2025-08-24T06:33:00.000+00:00,3.272,3.136,0,-12,-38,0,-2090,-2090,-631.2,2090,0,-24.1,0,0
2025-08-24T06:34:00.000+00:00,3.273,3.136,0,-10,-38,0,-2090,-2090,-631.2,2090,0,-24.4,0,0
2025-08-24T06:35:00.000+00:00,3.273,3.136,0,-14,-38,0,-2090,-2090,-631.2,2090,0,-24.9,0,0
2025-08-24T06:36:00.000+00:00,3.273,3.136,0,-14,-37,0,-2090,-2090,-631.2,2090,0,-25.1,0,0
2025-08-24T06:37:00.000+00:00,3.273,3.136,0,-14,-37,0,-2090,-2090,-631.2,2090,0,-25.2,0,0
2025-08-24T06:38:00.000+00:00,3.273,3.136,0,-10,-38,0,-2090,-2090,-631.2,2090,0,-24.8,0,0
2025-08-24T06:39:00.000+00:00,3.273,3.135,0,-14,-38,0,-2090,-2090,-631.2,2090,0,-25.6,0,0
2025-08-24T06:40:00.000+00:00,3.273,3.136,0,-14,-37,0,-2090,-2090,-631.2,2090,0,-25.1,0,0
2025-08-24T06:41:00.000+00:00,3.273,3.136,0,-14,-37,0,-2090,-2090,-631.2,2090,0,-24.8,0,0
2025-08-24T06:42:00.000+00:00,3.273,3.136,0,-16,-38,0,-2090,-2090,-631.2,2090,0,-24.5,0,0
2025-08-24T06:43:00.000+00:00,3.273,3.136,0,-12,-38,0,-2090,-2090,-631.2,2090,0,-24.4,0,0
2025-08-24T06:44:00.000+00:00,3.273,3.136,0,-12,-37,0,-2090,-2090,-631.2,2090,0,-25,0,0
2025-08-24T06:45:00.000+00:00,3.273,3.136,0,-14,-37,0,-2090,-2090,-631.2,2090,0,-25.5,0,0
2025-08-24T06:46:00.000+00:00,3.273,3.136,0,-14,-38,0,-2090,-2090,-631.2,2090,0,-24.8,0,0
2025-08-24T06:47:00.000+00:00,3.273,3.136,0,-16,-38,0,-2090,-2090,-631.2,2090,0,-24.7,0,0
2025-08-24T06:48:00.000+00:00,3.273,3.136,0,-14,-38,0,-2090,-2090,-631.2,2090,0,-25.2,0,0
2025-08-24T06:49:00.000+00:00,3.273,3.136,0,-14,-37,0,-2090,-2090,-631.2,2090,0,-25.4,0,0
2025-08-24T06:50:00.000+00:00,3.273,3.136,0,-14,-37,0,-2090,-2090,-631.2,2090,0,-24.7,0,0
2025-08-24T06:51:00.000+00:00,3.273,3.137,0,-14,-38,0,-2090,-2090,-631.2,2090,0,-22.6,0,0
2025-08-24T06:52:00.000+00:00,3.274,3.137,0,-14,-37,0,-2090,-2090,-631.2,2090,0,-23.4,0,0
2025-08-24T06:53:00.000+00:00,3.273,3.137,0,-12,-37,0,-2090,-2090,-631.2,2090,0,-25.3,0,0
2025-08-24T06:54:00.000+00:00,3.274,3.137,0,-12,-37,0,-2090,-2090,-631.2,2090,0,-24.7,0,0
2025-08-24T06:55:00.000+00:00,3.274,3.137,0,-14,-37,0,-2090,-2090,-631.2,2090,0,-24.9,0,0
2025-08-24T06:56:00.000+00:00,3.273,3.137,0,-12,-38,0,-2090,-2090,-631.2,2090,0,-24.4,0,0
2025-08-24T06:57:00.000+00:00,3.274,3.136,0,-14,-37,0,-2090,-2090,-631.2,2090,0,-24.7,0,0
2025-08-24T06:58:00.000+00:00,3.274,3.137,0,-14,-38,0,-2090,-2090,-631.2,2090,0,-24.6,0,0
2025-08-24T06:59:00.000+00:00,3.274,3.137,0,-14,-37,0,-2090,-2090,-631.2,2090,0,-24.3,0,0
2025-08-24T07:00:00.000+00:00,3.274,3.137,0,-14,-37,0,-2090,-2090,-631.2,2090,0,-24.7,0,0
2025-08-24T07:01:00.000+00:00,3.274,3.137,0,-12,-37,0,-2090,-2090,-631.2,2090,0,-24.3,0,0
2025-08-24T07:02:00.000+00:00,3.274,3.137,0,-14,-38,0,-2090,-2090,-631.2,2090,0,-25.5,0,0
2025-08-24T07:03:00.000+00:00,3.274,3.137,0,-12,-38,0,-2090,-2090,-631.2,2090,0,-24.8,0,0
2025-08-24T07:04:00.000+00:00,3.274,3.137,0,-12,-38,0,-2090,-2090,-631.2,2090,0,-25.4,0,0
2025-08-24T07:05:00.000+00:00,3.274,3.137,0,-14,-38,0,-2090,-2090,-631.2,2090,0,-25.6,0,0
2025-08-24T07:06:00.000+00:00,3.274,3.137,0,-14,-37,0,-2090,-2090,-631.2,2090,0,-24.7,0,0
2025-08-24T07:07:00.000+00:00,3.274,3.137,0,-10,-37,0,-2090,-2090,-631.2,2090,0,-24.6,0,0
2025-08-24T07:08:00.000+00:00,3.274,3.137,0,-12,-38,0,-2090,-2090,-631.2,2090,0,-25.2,0,0
2025-08-24T07:09:00.000+00:00,3.274,3.137,0,-12,-38,0,-2090,-2090,-631.2,2090,0,-25.7,0,0
2025-08-24T07:10:00.000+00:00,3.274,3.137,0,-10,-37,0,-2090,-2090,-631.2,2090,0,-24.8,0,0
2025-08-24T07:11:00.000+00:00,3.274,3.137,0,-10,-37,0,-2090,-2090,-631.2,2090,0,-24.6,0,0
2025-08-24T07:12:00.000+00:00,3.274,3.137,0,-12,-37,0,-2090,-2090,-631.2,2090,0,-24.7,0,0
2025-08-24T07:13:00.000+00:00,3.274,3.137,0,-14,-37,0,-2090,-2090,-631.2,2090,0,-24.8,0,0
2025-08-24T07:14:00.000+00:00,3.274,3.137,0,-12,-37,0,-2090,-2090,-631.2,2090,0,-25,0,0
2025-08-24T07:15:00.000+00:00,3.274,3.137,0,-12,-37,0,-2090,-2090,-631.2,2090,0,-24.9,0,0
2025-08-24T07:16:00.000+00:00,3.274,3.137,0,-12,-37,0,-2090,-2090,-631.2,2090,0,-24.8,0,0
2025-08-24T07:17:00.000+00:00,3.274,3.137,0,-12,-37,0,-2090,-2090,-631.2,2090,0,-25.1,0,0
2025-08-24T07:18:00.000+00:00,3.274,3.137,0,-12,-38,0,-2090,-2090,-631.2,2090,0,-24.8,0,0
2025-08-24T07:19:00.000+00:00,3.274,3.137,0,-14,-37,0,-2090,-2090,-631.2,2090,0,-24.7,0,0
2025-08-24T07:20:00.000+00:00,3.274,3.137,0,-10,-38,0,-2090,-2090,-631.2,2090,0,-25.1,0,0
2025-08-24T07:21:00.000+00:00,3.274,3.137,0,-12,-38,0,-2090,-2090,-631.2,2090,0,-25.3,0,0
2025-08-24T07:22:00.000+00:00,3.274,3.137,0,-12,-37,0,-2090,-2090,-631.2,2090,0,-23.8,0,0
2025-08-24T07:23:00.000+00:00,3.274,3.137,0,-10,-37,0,-2090,-2090,-631.2,2090,0,-25.7,0,0
2025-08-24T07:24:00.000+00:00,3.274,3.136,0,-10,-38,0,-2090,-2090,-631.2,2090,0,-25.7,0,0
2025-08-24T07:25:00.000+00:00,3.275,3.137,0,-12,-37,0,-2090,-2090,-631.2,2090,0,-24.4,0,0
2025-08-24T07:26:00.000+00:00,3.275,3.137,0,-10,-37,0,-2090,-2090,-631.2,2090,0,-25.4,0,0
2025-08-24T07:27:00.000+00:00,3.274,3.137,0,-12,-38,0,-2090,-2090,-631.2,2090,0,-25.5,0,0
2025-08-24T07:28:00.000+00:00,3.274,3.137,0,-10,-37,0,-2090,-2090,-631.2,2090,0,-25.4,0,0
2025-08-24T07:29:00.000+00:00,3.275,3.137,0,-10,-37,0,-2090,-2090,-631.2,2090,0,-24.5,0,0
2025-08-24T07:30:00.000+00:00,3.275,3.137,0,-8,-37,0,-2090,-2090,-631.2,2090,0,-24.8,0,0
2025-08-24T07:31:00.000+00:00,3.275,3.137,0,-12,-37,0,-2090,-2090,-631.2,2090,0,-25.1,0,0
2025-08-24T07:32:00.000+00:00,3.275,3.137,0,-12,-37,0,-2090,-2090,-631.2,2090,0,-24.7,0,0
2025-08-24T07:33:00.000+00:00,3.275,3.137,0,-10,-37,0,-2090,-2090,-631.2,2090,0,-25.4,0,0
2025-08-24T07:34:00.000+00:00,3.275,3.137,0,-12,-37,0,-2090,-2090,-631.2,2090,0,-25.5,0,0
2025-08-24T07:35:00.000+00:00,3.275,3.137,0,-12,-37,0,-2090,-2090,-631.2,2090,0,-23.9,0,0
2025-08-24T07:36:00.000+00:00,3.275,3.137,0,-12,-37,0,-2090,-2090,-631.2,2090,0,-24.1,0,0
2025-08-24T07:37:00.000+00:00,3.275,3.137,0,-14,-37,0,-2090,-2090,-631.2,2090,0,-24.7,0,0
2025-08-24T07:38:00.000+00:00,3.275,3.138,0,-12,-37,0,-2090,-2090,-631.2,2090,0,-24.9,0,0
2025-08-24T07:39:00.000+00:00,3.275,3.138,0,-14,-37,0,-2090,-2090,-631.2,2090,0,-24.7,0,0
2025-08-24T07:40:00.000+00:00,3.275,3.138,0,-10,-37,0,-2090,-2090,-631.2,2090,0,-24.7,0,0
2025-08-24T07:41:00.000+00:00,3.275,3.138,0,-8,-37,0,-2090,-2090,-631.2,2090,0,-25.1,0,0
2025-08-24T07:42:00.000+00:00,3.275,3.138,0,-12,-37,0,-2090,-2090,-631.2,2090,0,-24.6,0,0
2025-08-24T07:43:00.000+00:00,3.275,3.138,0,-6,-37,0,-2090,-2090,-631.2,2090,0,-24.3,0,0
2025-08-24T07:44:00.000+00:00,3.275,3.138,0,-10,-37,0,-2090,-2090,-631.2,2090,0,-25.1,0,0
2025-08-24T07:45:00.000+00:00,3.275,3.138,0,-8,-37,0,-2090,-2090,-631.2,2090,0,-24.1,0,0
2025-08-24T07:46:00.000+00:00,3.275,3.138,0,-12,-36,0,-2090,-2090,-631.2,2090,0,-25,0,0
2025-08-24T07:47:00.000+00:00,3.275,3.138,0,-8,-37,0,-2090,-2090,-631.2,2090,0,-23.6,0,0
2025-08-24T07:48:00.000+00:00,3.275,3.138,0,-12,-38,0,-2090,-2090,-631.2,2090,0,-24.2,0,0
2025-08-24T07:49:00.000+00:00,3.275,3.138,0,-8,-37,0,-2090,-2090,-631.2,2090,0,-23.7,0,0
2025-08-24T07:50:00.000+00:00,3.275,3.138,0,-12,-37,0,-2090,-2090,-631.2,2090,0,-26,0,0
2025-08-24T07:51:00.000+00:00,3.275,3.138,0,-12,-37,0,-2090,-2090,-631.2,2090,0,-23.8,0,0
2025-08-24T07:52:00.000+00:00,3.276,3.138,0,-10,-37,0,-2090,-2090,-631.2,2090,0,-24.9,0,0
2025-08-24T07:53:00.000+00:00,3.276,3.138,0,-10,-37,0,-2090,-2090,-631.2,2090,0,-25.3,0,0
2025-08-24T07:54:00.000+00:00,3.276,3.138,0,-10,-37,0,-2090,-2090,-631.2,2090,0,-25.8,0,0
2025-08-24T07:55:00.000+00:00,3.276,3.138,0,-12,-37,0,-2090,-2090,-631.2,2090,0,-24.9,0,0
2025-08-24T07:56:00.000+00:00,3.276,3.138,0,-10,-37,0,-2090,-2090,-631.2,2090,0,-25.3,0,0
2025-08-24T07:57:00.000+00:00,3.276,3.138,0,-10,-37,0,-2090,-2090,-631.2,2090,0,-24.8,0,0
2025-08-24T07:58:00.000+00:00,3.276,3.138,0,-10,-37,0,-2090,-2090,-631.2,2090,0,-24.6,0,0
2025-08-24T07:59:00.000+00:00,3.276,3.138,0,-12,-37,0,-2090,-2090,-631.2,2090,0,-23.5,0,0
2025-08-24T08:00:00.000+00:00,3.276,3.138,0,-10,-37,0,-2090,-2090,-631.2,2090,0,-25.4,0,0
2025-08-24T08:01:00.000+00:00,3.276,3.138,0,-10,-37,0,-2090,-2090,-631.2,2090,0,-25.2,0,0
2025-08-24T08:02:00.000+00:00,3.276,3.138,0,-6,-37,0,-2090,-2090,-631.2,2090,0,-25.3,0,0
2025-08-24T08:03:00.000+00:00,3.276,3.138,0,-8,-37,0,-2090,-2090,-631.2,2090,0,-25.3,0,0
2025-08-24T08:04:00.000+00:00,3.276,3.138,0,-8,-37,0,-2090,-2090,-631.2,2090,0,-24.1,0,0
2025-08-24T08:05:00.000+00:00,3.276,3.137,0,-8,-37,0,-2090,-2090,-631.2,2090,0,-23.6,0,0
2025-08-24T08:06:00.000+00:00,3.276,3.138,0,-8,-37,0,-2090,-2090,-631.2,2090,0,-24.3,0,0
2025-08-24T08:07:00.000+00:00,3.276,3.138,0,-10,-37,0,-2090,-2090,-631.2,2090,0,-24,0,0
2025-08-24T08:08:00.000+00:00,3.276,3.138,0,-8,-36,0,-2090,-2090,-631.2,2090,0,-25.6,0,0
2025-08-24T08:09:00.000+00:00,3.276,3.138,0,-8,-37,0,-2090,-2090,-631.2,2090,0,-23.1,0,0
2025-08-24T08:10:00.000+00:00,3.276,3.138,0,-8,-37,0,-2090,-2090,-631.2,2090,0,-24.9,0,0
2025-08-24T08:11:00.000+00:00,3.276,3.138,0,-8,-37,0,-2090,-2090,-631.2,2090,0,-24.2,0,0
2025-08-24T08:12:00.000+00:00,3.276,3.138,0,-4,-37,0,-2090,-2090,-631.2,2090,0,-24.4,0,0
2025-08-24T08:13:00.000+00:00,3.276,3.137,0,-8,-37,0,-2090,-2090,-631.2,2090,0,-23.7,0,0
2025-08-24T08:14:00.000+00:00,3.276,3.138,0,-8,-37,0,-2090,-2090,-631.2,2090,0,-23.1,0,0
2025-08-24T08:15:00.000+00:00,3.276,3.138,0,-4,-36,0,-2090,-2090,-631.2,2090,0,-25.3,0,0
2025-08-24T08:16:00.000+00:00,3.276,3.138,0,-6,-37,0,-2090,-2090,-631.2,2090,0,-24.7,0,0
2025-08-24T08:17:00.000+00:00,3.275,3.138,0,-6,-36,0,-2090,-2090,-631.2,2090,0,-24,0,0
2025-08-24T08:18:00.000+00:00,3.275,3.138,0,-6,-37,0,-2090,-2090,-631.2,2090,0,-22.1,0,0
2025-08-24T08:19:00.000+00:00,3.276,3.138,0,-8,-37,0,-2090,-2090,-631.2,2090,0,-23.5,0,0
2025-08-24T08:20:00.000+00:00,3.276,3.138,0,-6,-37,0,-2090,-2090,-631.2,2090,0,-23.8,0,0
2025-08-24T08:21:00.000+00:00,3.276,3.138,0,-8,-37,0,-2090,-2090,-631.2,2090,0,-24.8,0,0
2025-08-24T08:22:00.000+00:00,3.276,3.138,0,-6,-37,0,-2090,-2090,-631.2,2090,0,-25.1,0,0
2025-08-24T08:23:00.000+00:00,3.276,3.138,0,-8,-37,0,-2090,-2090,-631.2,2090,0,-22.6,0,0
2025-08-24T08:24:00.000+00:00,3.276,3.138,0,-4,-37,0,-2090,-2090,-631.2,2090,0,-24.4,0,0
2025-08-24T08:25:00.000+00:00,3.276,3.138,0,-8,-36,0,-2090,-2090,-631.2,2090,0,-25.2,0,0
2025-08-24T08:26:00.000+00:00,3.276,3.138,0,-8,-37,0,-2090,-2090,-631.2,2090,0,-25.4,0,0
2025-08-24T08:27:00.000+00:00,3.276,3.138,0,-6,-37,0,-2090,-2090,-631.2,2090,0,-25.1,0,0
2025-08-24T08:28:00.000+00:00,3.276,3.138,0,-4,-37,0,-2090,-2090,-631.2,2090,0,-24.3,0,0
2025-08-24T08:29:00.000+00:00,3.276,3.138,0,-6,-38,0,-2090,-2090,-631.2,2090,0,-24.2,0,0
2025-08-24T08:30:00.000+00:00,3.276,3.138,0,-6,-37,0,-2090,-2090,-631.2,2090,0,-23.9,0,0
2025-08-24T08:31:00.000+00:00,3.276,3.138,0,-6,-37,0,-2090,-2090,-631.2,2090,0,-25.5,0,0
2025-08-24T08:32:00.000+00:00,3.276,3.138,0,-8,-37,0,-2090,-2090,-631.2,2090,0,-23.4,0,0
2025-08-24T08:33:00.000+00:00,3.276,3.138,0,-6,-37,0,-2090,-2090,-631.2,2090,0,-25,0,0
2025-08-24T08:34:00.000+00:00,3.276,3.138,0,-6,-37,0,-2090,-2090,-631.2,2090,0,-24.7,0,0
2025-08-24T08:35:00.000+00:00,3.276,3.138,0,-4,-36,0,-2090,-2090,-631.2,2090,0,-25.1,0,0
2025-08-24T08:36:00.000+00:00,3.276,3.138,0,-6,-36,0,-2090,-2090,-631.2,2090,0,-23.2,0,0
2025-08-24T08:37:00.000+00:00,3.276,3.139,0,-6,-37,0,-2090,-2090,-631.2,2090,0,-24.5,0,0
2025-08-24T08:38:00.000+00:00,3.276,3.138,0,-8,-37,0,-2090,-2090,-631.2,2090,0,-24.8,0,0
2025-08-24T08:39:00.000+00:00,3.276,3.138,0,-6,-37,0,-2090,-2090,-631.2,2090,0,-25,0,0
2025-08-24T08:40:00.000+00:00,3.276,3.138,0,-6,-37,0,-2090,-2090,-631.2,2090,0,-24.3,0,0
2025-08-24T08:41:00.000+00:00,3.276,3.138,0,-8,-37,0,-2090,-2090,-631.2,2090,0,-25,0,0
2025-08-24T08:42:00.000+00:00,3.276,3.139,0,-6,-36,0,-2090,-2090,-631.2,2090,0,-24.1,0,0
2025-08-24T08:43:00.000+00:00,3.276,3.139,0,-6,-37,0,-2090,-2090,-631.2,2090,0,-25,0,0
2025-08-24T08:44:00.000+00:00,3.277,3.139,0,-6,-37,0,-2090,-2090,-631.2,2090,0,-24.3,0,0
2025-08-24T08:45:00.000+00:00,3.276,3.138,0,-8,-36,0,-2090,-2090,-631.2,2090,0,-23.8,0,0
2025-08-24T08:46:00.000+00:00,3.276,3.138,0,-4,-37,0,-2090,-2090,-631.2,2090,0,-25.7,0,0
2025-08-24T08:47:00.000+00:00,3.276,3.138,0,-4,-37,0,-2090,-2090,-631.2,2090,0,-24.1,0,0
2025-08-24T08:48:00.000+00:00,3.277,3.139,0,-6,-36,0,-2090,-2090,-631.2,2090,0,-24.9,0,0
2025-08-24T08:49:00.000+00:00,3.276,3.139,0,-6,-37,0,-2090,-2090,-631.2,2090,0,-24.8,0,0
2025-08-24T08:50:00.000+00:00,3.276,3.139,0,-6,-37,0,-2090,-2090,-631.2,2090,0,-24.2,0,0
2025-08-24T08:51:00.000+00:00,3.276,3.139,0,-8,-38,0,-2090,-2090,-631.2,2090,0,-24.9,0,0
2025-08-24T08:52:00.000+00:00,3.276,3.139,0,-8,-37,0,-2090,-2090,-631.2,2090,0,-24.6,0,0
2025-08-24T08:53:00.000+00:00,3.277,3.139,0,-8,-37,0,-2090,-2090,-631.2,2090,0,-24.4,0,0
2025-08-24T08:54:00.000+00:00,3.276,3.139,0,-8,-37,0,-2090,-2090,-631.2,2090,0,-25.1,0,0
2025-08-24T08:55:00.000+00:00,3.276,3.139,0,-6,-37,0,-2090,-2090,-631.2,2090,0,-25.6,0,0
2025-08-24T08:56:00.000+00:00,3.276,3.139,0,-8,-37,0,-2090,-2090,-631.2,2090,0,-25.1,0,0
2025-08-24T08:57:00.000+00:00,3.277,3.139,0,-8,-37,0,-2090,-2090,-631.2,2090,0,-23.6,0,0
2025-08-24T08:58:00.000+00:00,3.276,3.139,0,-8,-37,0,-2090,-2090,-631.2,2090,0,-23.6,0,0
2025-08-24T08:59:00.000+00:00,3.276,3.139,0,-4,-38,0,-2090,-2090,-631.2,2090,0,-24.7,0,0
2025-08-24T09:00:00.000+00:00,3.276,3.139,0,-8,-37,0,-2090,-2090,-631.2,2090,0,-24.3,0,0
2025-08-24T09:01:00.000+00:00,3.276,3.139,0,0,-37,0,-2090,-2090,-631.2,2090,0,-24.5,0,0
2025-08-24T09:02:00.000+00:00,3.276,3.139,0,-8,-37,0,-2090,-2090,-631.2,2090,0,-24.2,0,0
2025-08-24T09:03:00.000+00:00,3.276,3.139,0,-8,-37,0,-2090,-2090,-631.2,2090,0,-23.4,0,0
2025-08-24T09:04:00.000+00:00,3.277,3.139,0,-6,-37,0,-2090,-2090,-631.2,2090,0,-24.2,0,0
2025-08-24T09:05:00.000+00:00,3.277,3.139,0,-6,-36,0,-2090,-2090,-631.2,2090,0,-23.4,0,0
2025-08-24T09:06:00.000+00:00,3.277,3.139,0,-6,-38,0,-2090,-2090,-631.2,2090,0,-25.3,0,0
2025-08-24T09:07:00.000+00:00,3.276,3.139,0,-8,-37,0,-2090,-2090,-631.2,2090,0,-25.5,0,0
2025-08-24T09:08:00.000+00:00,3.277,3.139,0,-6,-36,0,-2090,-2090,-631.2,2090,0,-25.2,0,0
2025-08-24T09:09:00.000+00:00,3.277,3.139,0,-4,-36,0,-2090,-2090,-631.2,2090,0,-23.4,0,0
2025-08-24T09:10:00.000+00:00,3.277,3.139,0,-4,-36,0,-2090,-2090,-631.2,2090,0,-24.3,0,0
2025-08-24T09:11:00.000+00:00,3.277,3.139,0,-2,-36,0,-2090,-2090,-631.2,2090,0,-25.3,0,0
2025-08-24T09:12:00.000+00:00,3.277,3.139,0,-4,-37,0,-2090,-2090,-631.2,2090,0,-23.9,0,0
2025-08-24T09:13:00.000+00:00,3.277,3.139,0,-4,-37,0,-2090,-2090,-631.2,2090,0,-24.6,0,0
2025-08-24T09:14:00.000+00:00,3.277,3.139,0,-4,-37,0,-2090,-2090,-631.2,2090,0,-23.7,0,0
2025-08-24T09:15:00.000+00:00,3.276,3.139,0,-6,-37,0,-2090,-2090,-631.2,2090,0,-24.2,0,0
2025-08-24T09:16:00.000+00:00,3.277,3.139,0,-4,-37,0,-2090,-2090,-631.2,2090,0,-24.5,0,0
2025-08-24T09:17:00.000+00:00,3.276,3.139,0,-4,-37,0,-2090,-2090,-631.2,2090,0,-22.9,0,0
2025-08-24T09:18:00.000+00:00,3.277,3.139,0,-4,-37,0,-2090,-2090,-631.2,2090,0,-24.4,0,0
2025-08-24T09:19:00.000+00:00,3.277,3.139,0,-6,-36,0,-2090,-2090,-631.2,2090,0,-21.9,0,0
2025-08-24T09:20:00.000+00:00,3.277,3.139,0,-6,-36,0,-2090,-2090,-631.2,2090,0,-24.3,0,0
2025-08-24T09:21:00.000+00:00,3.277,3.139,0,-6,-37,0,-2090,-2090,-631.2,2090,0,-23.9,0,0
2025-08-24T09:22:00.000+00:00,3.277,3.139,0,-6,-37,0,-2090,-2090,-631.2,2090,0,-25.4,0,0
2025-08-24T09:23:00.000+00:00,3.277,3.139,0,-6,-36,0,-2090,-2090,-631.2,2090,0,-25.9,0,0
2025-08-24T09:24:00.000+00:00,3.277,3.138,0,-2,-36,0,-2090,-2090,-631.2,2090,0,-24.9,0,0
2025-08-24T09:25:00.000+00:00,3.277,3.138,0,-6,-37,0,-2090,-2090,-631.2,2090,0,-24.5,0,0
2025-08-24T09:26:00.000+00:00,3.277,3.139,0,-4,-37,0,-2090,-2090,-631.2,2090,0,-25.1,0,0
2025-08-24T09:27:00.000+00:00,3.277,3.139,0,-6,-37,0,-2090,-2090,-631.2,2090,0,-24.3,0,0
2025-08-24T09:28:00.000+00:00,3.277,3.139,0,-8,-37,0,-2090,-2090,-631.2,2090,0,-23.5,0,0
2025-08-24T09:29:00.000+00:00,3.277,3.138,0,-8,-37,0,-2090,-2090,-631.2,2090,0,-25.2,0,0
2025-08-24T09:30:00.000+00:00,3.277,3.139,0,-6,-37,0,-2090,-2090,-631.2,2090,0,-24.2,0,0
2025-08-24T09:31:00.000+00:00,3.277,3.139,0,-6,-37,0,-2090,-2090,-631.2,2090,0,-24.9,0,0
2025-08-24T09:32:00.000+00:00,3.277,3.139,0,-6,-36,0,-2090,-2090,-631.2,2090,0,-25,0,0
2025-08-24T09:33:00.000+00:00,3.277,3.139,0,-8,-37,0,-2090,-2090,-631.2,2090,0,-24.2,0,0
2025-08-24T09:34:00.000+00:00,3.277,3.139,0,-8,-37,0,-2090,-2090,-631.2,2090,0,-24.6,0,0
2025-08-24T09:35:00.000+00:00,3.277,3.139,0,-6,-37,0,-2090,-2090,-631.2,2090,0,-25,0,0
2025-08-24T09:36:00.000+00:00,3.277,3.139,0,-8,-37,0,-2090,-2090,-631.2,2090,0,-22.8,0,0
2025-08-24T09:37:00.000+00:00,3.277,3.139,0,-10,-37,0,-2090,-2090,-631.2,2090,0,-25,0,0
2025-08-24T09:38:00.000+00:00,3.277,3.139,0,-8,-37,0,-2090,-2090,-631.2,2090,0,-23.6,0,0
2025-08-24T09:39:00.000+00:00,3.277,3.139,0,-8,-37,0,-2090,-2090,-631.2,2090,0,-24.6,0,0
2025-08-24T09:40:00.000+00:00,3.277,3.139,0,-4,-36,0,-2090,-2090,-631.2,2090,0,-23.4,0,0
2025-08-24T09:41:00.000+00:00,3.277,3.139,0,-6,-37,0,-2090,-2090,-631.2,2090,0,-23.6,0,0
2025-08-24T09:42:00.000+00:00,3.277,3.139,0,-4,-37,0,-2090,-2090,-631.2,2090,0,-24.3,0,0
2025-08-24T09:43:00.000+00:00,3.277,3.139,0,-6,-37,0,-2090,-2090,-631.2,2090,0,-25.3,0,0
2025-08-24T09:44:00.000+00:00,3.277,3.139,0,-6,-37,0,-2090,-2090,-631.2,2090,0,-24.8,0,0
2025-08-24T09:45:00.000+00:00,3.277,3.139,0,-6,-36,0,-2090,-2090,-631.2,2090,0,-25.4,0,0
2025-08-24T09:46:00.000+00:00,3.277,3.139,0,-4,-37,0,-2090,-2090,-631.2,2090,0,-25.1,0,0
2025-08-24T09:47:00.000+00:00,3.278,3.139,0,-6,-37,0,-2090,-2090,-631.2,2090,0,-24.9,0,0
2025-08-24T09:48:00.000+00:00,3.277,3.139,0,-6,-37,0,-2090,-2090,-631.2,2090,0,-24.9,0,0
2025-08-24T09:49:00.000+00:00,3.277,3.139,0,-4,-37,0,-2090,-2090,-631.2,2090,0,-25.5,0,0
2025-08-24T09:50:00.000+00:00,3.277,3.139,0,-6,-37,0,-2090,-2090,-631.2,2090,0,-24.1,0,0
2025-08-24T09:51:00.000+00:00,3.277,3.14,0,-6,-37,0,-2090,-2090,-631.2,2090,0,-25.2,0,0
2025-08-24T09:52:00.000+00:00,3.277,3.139,0,-6,-37,0,-2090,-2090,-631.2,2090,0,-25.4,0,0
2025-08-24T09:53:00.000+00:00,3.278,3.14,0,-6,-37,0,-2090,-2090,-631.2,2090,0,-24.6,0,0
2025-08-24T09:54:00.000+00:00,3.277,3.14,0,-6,-36,0,-2090,-2090,-631.2,2090,0,-24.4,0,0
2025-08-24T09:55:00.000+00:00,3.277,3.14,0,-6,-37,0,-2090,-2090,-631.2,2090,0,-25,0,0
2025-08-24T09:56:00.000+00:00,3.277,3.14,0,-6,-37,0,-2090,-2090,-631.2,2090,0,-23.3,0,0
2025-08-24T09:57:00.000+00:00,3.277,3.14,0,-4,-37,0,-2090,-2090,-631.2,2090,0,-25.3,0,0
2025-08-24T09:58:00.000+00:00,3.277,3.14,0,-6,-35,0,-2090,-2090,-631.2,2090,0,-25,0,0
2025-08-24T09:59:00.000+00:00,3.277,3.139,0,-8,-37,0,-2090,-2090,-631.2,2090,0,-24.1,0,0
2025-08-24T10:00:00.000+00:00,3.277,3.14,0,-8,-36,0,-2090,-2090,-631.2,2090,0,-25.3,0,0
2025-08-24T10:01:00.000+00:00,3.278,3.14,0,-8,-36,0,-2090,-2090,-631.2,2090,0,-24.5,0,0
2025-08-24T10:02:00.000+00:00,3.277,3.14,0,-8,-37,0,-2090,-2090,-631.2,2090,0,-24.8,0,0
2025-08-24T10:03:00.000+00:00,3.278,3.14,0,-6,-37,0,-2090,-2090,-631.2,2090,0,-24.6,0,0
2025-08-24T10:04:00.000+00:00,3.278,3.14,0,-6,-37,0,-2090,-2090,-631.2,2090,0,-24.8,0,0
2025-08-24T10:05:00.000+00:00,3.278,3.14,0,-8,-37,0,-2090,-2090,-631.2,2090,0,-24.3,0,0
2025-08-24T10:06:00.000+00:00,3.278,3.14,0,-6,-36,0,-2090,-2090,-631.2,2090,0,-24.1,0,0
2025-08-24T10:07:00.000+00:00,3.278,3.14,0,-8,-36,0,-2090,-2090,-631.2,2090,0,-24.4,0,0
2025-08-24T10:08:00.000+00:00,3.278,3.14,0,-6,-37,0,-2090,-2090,-631.2,2090,0,-25.6,0,0
2025-08-24T10:09:00.000+00:00,3.278,3.14,0,-6,-37,0,-2090,-2090,-631.2,2090,0,-25.2,0,0
2025-08-24T10:10:00.000+00:00,3.278,3.14,0,-6,-37,0,-2090,-2090,-631.2,2090,0,-24.4,0,0
2025-08-24T10:11:00.000+00:00,3.278,3.14,0,-8,-37,0,-2090,-2090,-631.2,2090,0,-24.7,0,0
2025-08-24T10:12:00.000+00:00,3.278,3.14,0,-6,-37,0,-2090,-2090,-631.2,2090,0,-24.8,0,0
2025-08-24T10:13:00.000+00:00,3.278,3.14,0,-8,-37,0,-2090,-2090,-631.2,2090,0,-25.2,0,0
2025-08-24T10:14:00.000+00:00,3.278,3.14,0,-4,-37,0,-2090,-2090,-631.2,2090,0,-22.9,0,0
2025-08-24T10:15:00.000+00:00,3.278,3.14,0,-4,-37,0,-2090,-2090,-631.2,2090,0,-23.9,0,0
2025-08-24T10:16:00.000+00:00,3.278,3.14,0,-4,-37,0,-2090,-2090,-631.2,2090,0,-22.7,0,0
2025-08-24T10:17:00.000+00:00,3.278,3.14,0,-6,-36,0,-2090,-2090,-631.2,2090,0,-25.4,0,0
2025-08-24T10:18:00.000+00:00,3.278,3.14,0,-8,-37,0,-2090,-2090,-631.2,2090,0,-23.5,0,0
2025-08-24T10:19:00.000+00:00,3.278,3.14,0,-6,-36,0,-2090,-2090,-631.2,2090,0,-23,0,0
2025-08-24T10:20:00.000+00:00,3.278,3.14,0,-2,-36,0,-2090,-2090,-631.2,2090,0,-25.2,0,0
2025-08-24T10:21:00.000+00:00,3.278,3.14,0,-6,-37,0,-2090,-2090,-631.2,2090,0,-24.4,0,0
2025-08-24T10:22:00.000+00:00,3.278,3.14,0,-4,-37,0,-2090,-2090,-631.2,2090,0,-24.2,0,0
2025-08-24T10:23:00.000+00:00,3.278,3.14,0,-6,-36,0,-2090,-2090,-631.2,2090,0,-25.4,0,0
2025-08-24T10:24:00.000+00:00,3.278,3.14,0,-4,-37,0,-2090,-2090,-631.2,2090,0,-24.5,0,0
2025-08-24T10:25:00.000+00:00,3.278,3.14,0,-6,-36,0,-2090,-2090,-631.2,2090,0,-24.4,0,0
2025-08-24T10:26:00.000+00:00,3.278,3.14,0,-6,-37,0,-2090,-2090,-631.2,2090,0,-25,0,0
2025-08-24T10:27:00.000+00:00,3.278,3.14,0,-4,-37,0,-2090,-2090,-631.2,2090,0,-24.8,0,0
2025-08-24T10:28:00.000+00:00,3.278,3.14,0,-6,-37,0,-2090,-2090,-631.2,2090,0,-25.8,0,0
2025-08-24T10:29:00.000+00:00,3.278,3.14,0,-4,-37,0,-2090,-2090,-631.2,2090,0,-24.3,0,0
2025-08-24T10:30:00.000+00:00,3.278,3.14,0,-6,-37,0,-2090,-2090,-631.2,2090,0,-24.7,0,0
2025-08-24T10:31:00.000+00:00,3.278,3.14,0,-6,-37,0,-2090,-2090,-631.2,2090,0,-23.9,0,0
2025-08-24T10:32:00.000+00:00,3.278,3.14,0,-4,-37,0,-2090,-2090,-631.2,2090,0,-25,0,0
2025-08-24T10:33:00.000+00:00,3.278,3.14,0,-4,-37,0,-2090,-2090,-631.2,2090,0,-25,0,0
2025-08-24T10:34:00.000+00:00,3.278,3.14,0,-6,-37,0,-2090,-2090,-631.2,2090,0,-23.3,0,0
2025-08-24T10:35:00.000+00:00,3.278,3.14,0,-4,-37,0,-2090,-2090,-631.2,2090,0,-24.1,0,0
2025-08-24T10:36:00.000+00:00,3.278,3.14,0,-4,-36,0,-2090,-2090,-631.2,2090,0,-23.8,0,0
2025-08-24T10:37:00.000+00:00,3.278,3.14,0,-6,-36,0,-2090,-2090,-631.2,2090,0,-24,0,0
2025-08-24T10:38:00.000+00:00,3.278,3.14,0,-6,-37,0,-2090,-2090,-631.2,2090,0,-25.3,0,0
2025-08-24T10:39:00.000+00:00,3.278,3.14,0,-6,-37,0,-2090,-2090,-631.2,2090,0,-24.7,0,0
2025-08-24T10:40:00.000+00:00,3.278,3.14,0,-6,-36,0,-2090,-2090,-631.2,2090,0,-22,0,0
2025-08-24T10:41:00.000+00:00,3.278,3.14,0,-6,-36,0,-2090,-2090,-631.2,2090,0,-23,0,0
2025-08-24T10:42:00.000+00:00,3.278,3.14,0,-4,-37,0,-2090,-2090,-631.2,2090,0,-25.1,0,0
2025-08-24T10:43:00.000+00:00,3.278,3.14,0,-4,-36,0,-2090,-2090,-631.2,2090,0,-25.6,0,0
2025-08-24T10:44:00.000+00:00,3.278,3.14,0,-6,-36,0,-2090,-2090,-631.2,2090,0,-24.8,0,0
2025-08-24T10:45:00.000+00:00,3.278,3.14,0,-4,-36,0,-2090,-2090,-631.2,2090,0,-25.6,0,0
2025-08-24T10:46:00.000+00:00,3.278,3.14,0,-4,-36,0,-2090,-2090,-631.2,2090,0,-23.4,0,0
2025-08-24T10:47:00.000+00:00,3.278,3.14,0,-6,-37,0,-2090,-2090,-631.2,2090,0,-24.5,0,0
2025-08-24T10:48:00.000+00:00,3.278,3.14,0,-4,-37,0,-2090,-2090,-631.2,2090,0,-23.7,0,0
2025-08-24T10:49:00.000+00:00,3.278,3.14,0,-4,-37,0,-2090,-2090,-631.2,2090,0,-24,0,0
2025-08-24T10:50:00.000+00:00,3.278,3.14,0,-6,-37,0,-2090,-2090,-631.2,2090,0,-24.2,0,0
2025-08-24T10:51:00.000+00:00,3.278,3.14,0,-8,-37,0,-2090,-2090,-631.2,2090,0,-24.2,0,0
2025-08-24T10:52:00.000+00:00,3.278,3.14,0,-4,-37,0,-2090,-2090,-631.2,2090,0,-24.3,0,0
2025-08-24T10:53:00.000+00:00,3.278,3.14,0,-6,-37,0,-2090,-2090,-631.2,2090,0,-24.1,0,0
2025-08-24T10:54:00.000+00:00,3.278,3.14,0,-6,-37,0,-2090,-2090,-631.2,2090,0,-24.3,0,0
2025-08-24T10:55:00.000+00:00,3.279,3.14,0,-6,-37,0,-2090,-2090,-631.2,2090,0,-25.2,0,0
2025-08-24T10:56:00.000+00:00,3.278,3.14,0,-6,-37,0,-2090,-2090,-631.2,2090,0,-24.2,0,0
2025-08-24T10:57:00.000+00:00,3.279,3.14,0,-6,-37,0,-2090,-2090,-631.2,2090,0,-25.2,0,0
2025-08-24T10:58:00.000+00:00,3.278,3.14,0,-8,-37,0,-2090,-2090,-631.2,2090,0,-25.4,0,0
2025-08-24T10:59:00.000+00:00,3.279,3.14,0,-6,-37,0,-2090,-2090,-631.2,2090,0,-23.1,0,0
2025-08-24T11:00:00.000+00:00,3.278,3.14,0,-6,-37,0,-2090,-2090,-631.2,2090,0,-23.1,0,0
2025-08-24T11:01:00.000+00:00,3.278,3.14,0,-4,-37,0,-2090,-2090,-631.2,2090,0,-25.3,0,0
2025-08-24T11:02:00.000+00:00,3.279,3.14,0,-6,-37,0,-2090,-2090,-631.2,2090,0,-23.9,0,0
2025-08-24T11:03:00.000+00:00,3.278,3.14,0,-2,-37,0,-2090,-2090,-631.2,2090,0,-22.6,0,0
2025-08-24T11:04:00.000+00:00,3.279,3.14,0,-8,-36,0,-2090,-2090,-631.2,2090,0,-24.8,0,0
2025-08-24T11:05:00.000+00:00,3.279,3.14,0,-6,-36,0,-2090,-2090,-631.2,2090,0,-25.5,0,0
2025-08-24T11:06:00.000+00:00,3.279,3.14,0,-6,-37,0,-2090,-2090,-631.2,2090,0,-24.6,0,0
2025-08-24T11:07:00.000+00:00,3.279,3.14,0,-6,-37,0,-2090,-2090,-631.2,2090,0,-24.9,0,0
2025-08-24T11:08:00.000+00:00,3.279,3.141,0,-8,-37,0,-2090,-2090,-631.2,2090,0,-24.8,0,0
2025-08-24T11:09:00.000+00:00,3.279,3.141,0,-4,-37,0,-2090,-2090,-631.2,2090,0,-23.2,0,0
2025-08-24T11:10:00.000+00:00,3.279,3.141,0,-10,-37,0,-2090,-2090,-631.2,2090,0,-23.9,0,0
2025-08-24T11:11:00.000+00:00,3.279,3.141,0,-8,-37,0,-2090,-2090,-631.2,2090,0,-24.9,0,0
2025-08-24T11:12:00.000+00:00,3.279,3.141,0,-6,-37,0,-2090,-2090,-631.2,2090,0,-24.7,0,0
2025-08-24T11:13:00.000+00:00,3.279,3.14,0,-6,-36,0,-2090,-2090,-631.2,2090,0,-24.5,0,0
2025-08-24T11:14:00.000+00:00,3.279,3.14,0,-6,-36,0,-2090,-2090,-631.2,2090,0,-24.3,0,0
2025-08-24T11:15:00.000+00:00,3.279,3.14,0,-4,-37,0,-2090,-2090,-631.2,2090,0,-24.5,0,0
2025-08-24T11:16:00.000+00:00,3.279,3.14,0,-6,-37,0,-2090,-2090,-631.2,2090,0,-25,0,0
2025-08-24T11:17:00.000+00:00,3.279,3.14,0,-4,-37,0,-2090,-2090,-631.2,2090,0,-25.4,0,0
2025-08-24T11:18:00.000+00:00,3.279,3.14,0,-8,-37,0,-2090,-2090,-631.2,2090,0,-24.6,0,0
2025-08-24T11:19:00.000+00:00,3.279,3.14,0,-6,-37,0,-2090,-2090,-631.2,2090,0,-22.9,0,0
2025-08-24T11:20:00.000+00:00,3.279,3.14,0,-6,-37,0,-2090,-2090,-631.2,2090,0,-23.9,0,0
2025-08-24T11:21:00.000+00:00,3.279,3.14,0,-6,-37,0,-2090,-2090,-631.2,2090,0,-23.2,0,0
2025-08-24T11:22:00.000+00:00,3.279,3.14,0,-6,-37,0,-2090,-2090,-631.2,2090,0,-24.8,0,0
2025-08-24T11:23:00.000+00:00,3.279,3.14,0,-6,-37,0,-2090,-2090,-631.2,2090,0,-25.4,0,0
2025-08-24T11:24:00.000+00:00,3.279,3.14,0,-6,-38,0,-2090,-2090,-631.2,2090,0,-24.9,0,0
2025-08-24T11:25:00.000+00:00,3.279,3.14,0,-8,-37,0,-2090,-2090,-631.2,2090,0,-24.7,0,0
2025-08-24T11:26:00.000+00:00,3.279,3.14,0,-4,-37,0,-2090,-2090,-631.2,2090,0,-23.7,0,0
2025-08-24T11:27:00.000+00:00,3.279,3.14,0,-8,-37,0,-2090,-2090,-631.2,2090,0,-21.6,0,0
2025-08-24T11:28:00.000+00:00,3.279,3.14,0,-6,-37,0,-2090,-2090,-631.2,2090,0,-24.3,0,0
2025-08-24T11:29:00.000+00:00,3.279,3.14,0,-6,-37,0,-2090,-2090,-631.2,2090,0,-24.3,0,0
2025-08-24T11:30:00.000+00:00,3.279,3.141,0,-8,-37,0,-2090,-2090,-631.2,2090,0,-24.5,0,0
2025-08-24T11:31:00.000+00:00,3.279,3.141,0,-8,-36,0,-2090,-2090,-631.2,2090,0,-23.2,0,0
2025-08-24T11:32:00.000+00:00,3.279,3.141,0,-8,-37,0,-2090,-2090,-631.2,2090,0,-25.4,0,0
2025-08-24T11:33:00.000+00:00,3.279,3.141,0,-6,-37,0,-2090,-2090,-631.2,2090,0,-23.8,0,0
2025-08-24T11:34:00.000+00:00,3.279,3.141,0,-6,-37,0,-2090,-2090,-631.2,2090,0,-25.9,0,0
2025-08-24T11:35:00.000+00:00,3.279,3.14,0,-6,-37,0,-2090,-2090,-631.2,2090,0,-24,0,0
2025-08-24T11:36:00.000+00:00,3.279,3.14,0,-6,-37,0,-2090,-2090,-631.2,2090,0,-24.7,0,0
2025-08-24T11:37:00.000+00:00,3.279,3.14,0,-6,-36,0,-2090,-2090,-631.2,2090,0,-24.7,0,0
2025-08-24T11:38:00.000+00:00,3.279,3.141,0,-6,-37,0,-2090,-2090,-631.2,2090,0,-24.6,0,0
2025-08-24T11:39:00.000+00:00,3.279,3.141,0,-6,-37,0,-2090,-2090,-631.2,2090,0,-24.8,0,0
2025-08-24T11:40:00.000+00:00,3.279,3.141,0,-4,-37,0,-2090,-2090,-631.2,2090,0,-24.8,0,0
2025-08-24T11:41:00.000+00:00,3.279,3.141,0,-6,-37,0,-2090,-2090,-631.2,2090,0,-24.5,0,0
2025-08-24T11:42:00.000+00:00,3.28,3.141,0,-2,-36,0,-2090,-2090,-631.2,2090,0,-23.5,0,0
2025-08-24T11:43:00.000+00:00,3.279,3.141,0,-6,-37,0,-2090,-2090,-631.2,2090,0,-25.2,0,0
2025-08-24T11:44:00.000+00:00,3.279,3.141,0,-4,-37,0,-2090,-2090,-631.2,2090,0,-25,0,0
2025-08-24T11:45:00.000+00:00,3.279,3.141,0,-4,-37,0,-2090,-2090,-631.2,2090,0,-22.7,0,0
2025-08-24T11:46:00.000+00:00,3.28,3.141,0,-4,-36,0,-2090,-2090,-631.2,2090,0,-24.8,0,0
2025-08-24T11:47:00.000+00:00,3.279,3.141,0,-6,-37,0,-2090,-2090,-631.2,2090,0,-24.5,0,0
2025-08-24T11:48:00.000+00:00,3.279,3.141,0,-6,-37,0,-2090,-2090,-631.2,2090,0,-23.6,0,0
2025-08-24T11:49:00.000+00:00,3.279,3.141,0,-6,-37,0,-2090,-2090,-631.2,2090,0,-24.6,0,0
2025-08-24T11:50:00.000+00:00,3.279,3.141,0,-4,-37,0,-2090,-2090,-631.2,2090,0,-25.4,0,0
2025-08-24T11:51:00.000+00:00,3.279,3.141,0,-6,-37,0,-2090,-2090,-631.2,2090,0,-24.9,0,0
2025-08-24T11:52:00.000+00:00,3.28,3.141,0,-6,-37,0,-2090,-2090,-631.2,2090,0,-25.7,0,0
2025-08-24T11:53:00.000+00:00,3.28,3.141,0,-8,-37,0,-2090,-2090,-631.2,2090,0,-25,0,0
2025-08-24T11:54:00.000+00:00,3.28,3.141,0,-6,-37,0,-2090,-2090,-631.2,2090,0,-24.9,0,0
2025-08-24T11:55:00.000+00:00,3.28,3.141,0,-2,-36,0,-2090,-2090,-631.2,2090,0,-24.2,0,0
2025-08-24T11:56:00.000+00:00,3.28,3.141,0,-4,-37,0,-2090,-2090,-631.2,2090,0,-23.8,0,0
2025-08-24T11:57:00.000+00:00,3.28,3.141,0,-4,-36,0,-2090,-2090,-631.2,2090,0,-22.5,0,0
2025-08-24T11:58:00.000+00:00,3.28,3.141,0,-8,-37,0,-2090,-2090,-631.2,2090,0,-24,0,0
2025-08-24T11:59:00.000+00:00,3.28,3.141,0,-4,-37,0,-2090,-2090,-631.2,2090,0,-24.8,0,0
2025-08-24T12:00:00.000+00:00,3.28,3.141,0,-4,-37,0,-2090,-2090,-631.2,2090,0,-24.5,0,0
2025-08-24T12:01:00.000+00:00,3.28,3.141,0,-2,-37,0,-2090,-2090,-631.2,2090,0,-23.7,0,0
2025-08-24T12:02:00.000+00:00,3.28,3.141,0,-6,-37,0,-2090,-2090,-631.2,2090,0,-23.2,0,0
2025-08-24T12:03:00.000+00:00,3.28,3.141,0,-4,-37,0,-2090,-2090,-631.2,2090,0,-23.4,0,0
2025-08-24T12:04:00.000+00:00,3.28,3.141,0,-4,-36,0,-2090,-2090,-631.2,2090,0,-23.4,0,0
2025-08-24T12:05:00.000+00:00,3.28,3.141,0,-2,-37,0,-2090,-2090,-631.2,2090,0,-25.2,0,0
2025-08-24T12:06:00.000+00:00,3.28,3.141,0,-4,-36,0,-2090,-2090,-631.2,2090,0,-25.3,0,0
2025-08-24T12:07:00.000+00:00,3.28,3.141,0,-4,-37,0,-2090,-2090,-631.2,2090,0,-24.3,0,0
2025-08-24T12:08:00.000+00:00,3.28,3.141,0,-8,-37,0,-2090,-2090,-631.2,2090,0,-24.5,0,0
2025-08-24T12:09:00.000+00:00,3.28,3.141,0,-6,-37,0,-2090,-2090,-631.2,2090,0,-24.1,0,0
2025-08-24T12:10:00.000+00:00,3.28,3.141,0,-8,-37,0,-2090,-2090,-631.2,2090,0,-25,0,0
2025-08-24T12:11:00.000+00:00,3.28,3.141,0,-6,-37,0,-2090,-2090,-631.2,2090,0,-25.2,0,0
2025-08-24T12:12:00.000+00:00,3.28,3.141,0,-8,-37,0,-2090,-2090,-631.2,2090,0,-25.4,0,0
2025-08-24T12:13:00.000+00:00,3.28,3.141,0,-6,-37,0,-2090,-2090,-631.2,2090,0,-24.6,0,0
2025-08-24T12:14:00.000+00:00,3.28,3.141,0,-4,-37,0,-2090,-2090,-631.2,2090,0,-23.6,0,0
2025-08-24T12:15:00.000+00:00,3.28,3.141,0,-8,-37,0,-2090,-2090,-631.2,2090,0,-23.6,0,0
2025-08-24T12:16:00.000+00:00,3.28,3.141,0,-6,-37,0,-2090,-2090,-631.2,2090,0,-25.3,0,0
2025-08-24T12:17:00.000+00:00,3.28,3.141,0,-8,-37,0,-2090,-2090,-631.2,2090,0,-25.1,0,0
2025-08-24T12:18:00.000+00:00,3.28,3.141,0,-8,-37,0,-2090,-2090,-631.2,2090,0,-25.2,0,0
2025-08-24T12:19:00.000+00:00,3.28,3.141,0,-10,-37,0,-2090,-2090,-631.2,2090,0,-23.1,0,0
2025-08-24T12:20:00.000+00:00,3.28,3.141,0,-8,-37,0,-2090,-2090,-631.2,2090,0,-25.3,0,0
2025-08-24T12:21:00.000+00:00,3.28,3.141,0,-6,-37,0,-2090,-2090,-631.2,2090,0,-24.9,0,0
2025-08-24T12:22:00.000+00:00,3.281,3.141,0,-10,-37,0,-2090,-2090,-631.2,2090,0,-24.9,0,0
2025-08-24T12:23:00.000+00:00,3.28,3.141,0,-8,-37,0,-2090,-2090,-631.2,2090,0,-24.6,0,0
2025-08-24T12:24:00.000+00:00,3.28,3.141,0,-8,-37,0,-2090,-2090,-631.2,2090,0,-24.1,0,0
2025-08-24T12:25:00.000+00:00,3.28,3.141,0,-10,-37,0,-2090,-2090,-631.2,2090,0,-23.4,0,0
2025-08-24T12:26:00.000+00:00,3.281,3.141,0,-10,-36,0,-2090,-2090,-631.2,2090,0,-24.5,0,0
2025-08-24T12:27:00.000+00:00,3.28,3.141,0,-10,-37,0,-2090,-2090,-631.2,2090,0,-24.9,0,0
2025-08-24T12:28:00.000+00:00,3.28,3.141,0,-8,-36,0,-2090,-2090,-631.2,2090,0,-25.2,0,0
2025-08-24T12:29:00.000+00:00,3.28,3.141,0,-8,-37,0,-2090,-2090,-631.2,2090,0,-24.6,0,0
2025-08-24T12:30:00.000+00:00,3.281,3.141,0,-10,-37,0,-2090,-2090,-631.2,2090,0,-25.2,0,0
2025-08-24T12:31:00.000+00:00,3.281,3.141,0,-10,-38,0,-2090,-2090,-631.2,2090,0,-25.2,0,0
2025-08-24T12:32:00.000+00:00,3.281,3.141,0,-8,-37,0,-2090,-2090,-631.2,2090,0,-23.6,0,0
2025-08-24T12:33:00.000+00:00,3.281,3.141,0,-12,-37,0,-2090,-2090,-631.2,2090,0,-25.2,0,0
2025-08-24T12:34:00.000+00:00,3.281,3.141,0,-10,-37,0,-2090,-2090,-631.2,2090,0,-25,0,0
2025-08-24T12:35:00.000+00:00,3.281,3.141,0,-10,-37,0,-2090,-2090,-631.2,2090,0,-24.8,0,0
2025-08-24T12:36:00.000+00:00,3.281,3.141,0,-12,-36,0,-2090,-2090,-631.2,2090,0,-25,0,0
2025-08-24T12:37:00.000+00:00,3.281,3.141,0,-8,-37,0,-2090,-2090,-631.2,2090,0,-25.5,0,0
2025-08-24T12:38:00.000+00:00,3.281,3.141,0,-16,-37,0,-2090,-2090,-631.2,2090,0,-25.5,0,0
2025-08-24T12:39:00.000+00:00,3.281,3.141,0,-14,-37,0,-2090,-2090,-631.2,2090,0,-24.7,0,0
2025-08-24T12:40:00.000+00:00,3.281,3.141,0,-12,-37,0,-2090,-2090,-631.2,2090,0,-24.6,0,0
2025-08-24T12:41:00.000+00:00,3.281,3.141,0,-12,-37,0,-2090,-2090,-631.2,2090,0,-25.1,0,0
2025-08-24T12:42:00.000+00:00,3.281,3.141,0,-12,-37,0,-2090,-2090,-631.2,2090,0,-24.4,0,0
2025-08-24T12:43:00.000+00:00,3.281,3.141,0,-12,-38,0,-2090,-2090,-631.2,2090,0,-25.2,0,0
2025-08-24T12:44:00.000+00:00,3.281,3.141,0,-12,-37,0,-2090,-2090,-631.2,2090,0,-24.3,0,0
2025-08-24T12:45:00.000+00:00,3.281,3.141,0,-12,-38,0,-2090,-2090,-631.2,2090,0,-25.1,0,0
2025-08-24T12:46:00.000+00:00,3.281,3.141,0,-12,-37,0,-2090,-2090,-631.2,2090,0,-24.8,0,0
2025-08-24T12:47:00.000+00:00,3.281,3.141,0,-12,-38,0,-2090,-2090,-631.2,2090,0,-25,0,0
2025-08-24T12:48:00.000+00:00,3.281,3.141,0,-12,-37,0,-2090,-2090,-631.2,2090,0,-24.8,0,0
2025-08-24T12:49:00.000+00:00,3.281,3.141,0,-12,-37,0,-2090,-2090,-631.2,2090,0,-24.1,0,0
2025-08-24T12:50:00.000+00:00,3.281,3.141,0,-8,-38,0,-2090,-2090,-631.2,2090,0,-24.7,0,0
2025-08-24T12:51:00.000+00:00,3.282,3.141,0,-10,-37,0,-2090,-2090,-631.2,2090,0,-24.7,0,0
2025-08-24T12:52:00.000+00:00,3.282,3.141,0,-10,-37,0,-2090,-2090,-631.2,2090,0,-25.1,0,0
2025-08-24T12:53:00.000+00:00,3.282,3.141,0,-14,-36,0,-2090,-2090,-631.2,2090,0,-25.5,0,0
2025-08-24T12:54:00.000+00:00,3.282,3.141,0,-12,-37,0,-2090,-2090,-631.2,2090,0,-25.2,0,0
2025-08-24T12:55:00.000+00:00,3.282,3.141,0,-12,-37,0,-2090,-2090,-631.2,2090,0,-24.4,0,0
2025-08-24T12:56:00.000+00:00,3.282,3.141,0,-10,-38,0,-2090,-2090,-631.2,2090,0,-25.6,0,0
2025-08-24T12:57:00.000+00:00,3.282,3.14,0,-10,-36,0,-2090,-2090,-631.2,2090,0,-24.9,0,0
2025-08-24T12:58:00.000+00:00,3.282,3.141,0,-12,-37,0,-2090,-2090,-631.2,2090,0,-25.1,0,0
2025-08-24T12:59:00.000+00:00,3.282,3.141,0,-10,-37,0,-2090,-2090,-631.2,2090,0,-25.1,0,0
2025-08-24T13:00:00.000+00:00,3.282,3.141,0,-10,-37,0,-2090,-2090,-631.2,2090,0,-24.7,0,0
2025-08-24T13:01:00.000+00:00,3.282,3.141,0,-12,-37,0,-2090,-2090,-631.2,2090,0,-24.9,0,0
2025-08-24T13:02:00.000+00:00,3.282,3.141,0,-12,-37,0,-2090,-2090,-631.2,2090,0,-24.9,0,0
2025-08-24T13:03:00.000+00:00,3.282,3.141,0,-10,-37,0,-2090,-2090,-631.2,2090,0,-25.5,0,0
2025-08-24T13:04:00.000+00:00,3.282,3.141,0,-12,-37,0,-2090,-2090,-631.2,2090,0,-24.6,0,0
2025-08-24T13:05:00.000+00:00,3.282,3.141,0,-12,-37,0,-2090,-2090,-631.2,2090,0,-25,0,0
2025-08-24T13:06:00.000+00:00,3.282,3.141,0,-12,-37,0,-2090,-2090,-631.2,2090,0,-23.4,0,0
2025-08-24T13:07:00.000+00:00,3.282,3.141,0,-10,-37,0,-2090,-2090,-631.2,2090,0,-24.4,0,0
2025-08-24T13:08:00.000+00:00,3.282,3.141,0,-12,-37,0,-2090,-2090,-631.2,2090,0,-24.5,0,0
2025-08-24T13:09:00.000+00:00,3.282,3.141,0,-10,-37,0,-2090,-2090,-631.2,2090,0,-25.5,0,0
2025-08-24T13:10:00.000+00:00,3.282,3.141,0,-12,-37,0,-2090,-2090,-631.2,2090,0,-24.8,0,0
2025-08-24T13:11:00.000+00:00,3.282,3.141,0,-8,-37,0,-2090,-2090,-631.2,2090,0,-23.4,0,0
2025-08-24T13:12:00.000+00:00,3.282,3.141,0,-10,-37,0,-2090,-2090,-631.2,2090,0,-24.8,0,0
2025-08-24T13:13:00.000+00:00,3.282,3.141,0,-14,-38,0,-2090,-2090,-631.2,2090,0,-25.2,0,0
2025-08-24T13:14:00.000+00:00,3.282,3.141,0,-12,-37,0,-2090,-2090,-631.2,2090,0,-24,0,0
2025-08-24T13:15:00.000+00:00,3.282,3.141,0,-12,-37,0,-2090,-2090,-631.2,2090,0,-25.6,0,0
2025-08-24T13:16:00.000+00:00,3.282,3.141,0,-12,-37,0,-2090,-2090,-631.2,2090,0,-25.2,0,0
2025-08-24T13:17:00.000+00:00,3.283,3.141,0,-14,-37,0,-2090,-2090,-631.2,2090,0,-25.1,0,0
2025-08-24T13:18:00.000+00:00,3.283,3.141,0,-12,-37,0,-2090,-2090,-631.2,2090,0,-24.8,0,0
2025-08-24T13:19:00.000+00:00,3.283,3.141,0,-10,-37,0,-2090,-2090,-631.2,2090,0,-24.6,0,0
2025-08-24T13:20:00.000+00:00,3.283,3.141,0,-10,-37,0,-2090,-2090,-631.2,2090,0,-24.5,0,0
2025-08-24T13:21:00.000+00:00,3.283,3.141,0,-12,-37,0,-2090,-2090,-631.2,2090,0,-23.9,0,0
2025-08-24T13:22:00.000+00:00,3.283,3.141,0,-12,-37,0,-2090,-2090,-631.2,2090,0,-25.4,0,0
2025-08-24T13:23:00.000+00:00,3.283,3.141,0,-12,-37,0,-2090,-2090,-631.2,2090,0,-24.9,0,0
2025-08-24T13:24:00.000+00:00,3.283,3.141,0,-12,-37,0,-2090,-2090,-631.2,2090,0,-24.4,0,0
2025-08-24T13:25:00.000+00:00,3.283,3.141,0,-12,-37,0,-2090,-2090,-631.2,2090,0,-25.4,0,0
2025-08-24T13:26:00.000+00:00,3.283,3.141,0,-10,-37,0,-2090,-2090,-631.2,2090,0,-25.4,0,0
2025-08-24T13:27:00.000+00:00,3.283,3.141,0,-12,-37,0,-2090,-2090,-631.2,2090,0,-25.8,0,0
2025-08-24T13:28:00.000+00:00,3.283,3.141,0,-12,-37,0,-2090,-2090,-631.2,2090,0,-25.2,0,0
2025-08-24T13:29:00.000+00:00,3.283,3.141,0,-12,-37,0,-2090,-2090,-631.2,2090,0,-25.3,0,0
2025-08-24T13:30:00.000+00:00,3.283,3.141,0,-12,-37,0,-2090,-2090,-631.2,2090,0,-24.4,0,0
2025-08-24T13:31:00.000+00:00,3.283,3.141,0,-10,-37,0,-2090,-2090,-631.2,2090,0,-25.3,0,0
2025-08-24T13:32:00.000+00:00,3.283,3.141,0,-10,-37,0,-2090,-2090,-631.2,2090,0,-25.2,0,0
2025-08-24T13:33:00.000+00:00,3.283,3.141,0,-12,-37,0,-2090,-2090,-631.2,2090,0,-25.1,0,0
2025-08-24T13:34:00.000+00:00,3.283,3.141,0,-10,-37,0,-2090,-2090,-631.2,2090,0,-24.8,0,0
2025-08-24T13:35:00.000+00:00,3.283,3.141,0,-10,-37,0,-2090,-2090,-631.2,2090,0,-24.3,0,0
2025-08-24T13:36:00.000+00:00,3.283,3.141,0,-10,-37,0,-2090,-2090,-631.2,2090,0,-24.9,0,0
2025-08-24T13:37:00.000+00:00,3.283,3.141,0,-14,-37,0,-2090,-2090,-631.2,2090,0,-24.5,0,0
2025-08-24T13:38:00.000+00:00,3.283,3.141,0,-14,-37,0,-2090,-2090,-631.2,2090,0,-24,0,0
2025-08-24T13:39:00.000+00:00,3.283,3.141,0,-12,-37,0,-2090,-2090,-631.2,2090,0,-23,0,0
2025-08-24T13:40:00.000+00:00,3.283,3.141,0,-12,-37,0,-2090,-2090,-631.2,2090,0,-24.9,0,0
2025-08-24T13:41:00.000+00:00,3.283,3.141,0,-12,-37,0,-2090,-2090,-631.2,2090,0,-25.3,0,0
2025-08-24T13:42:00.000+00:00,3.283,3.141,0,-14,-37,0,-2090,-2090,-631.2,2090,0,-25.5,0,0
2025-08-24T13:43:00.000+00:00,3.283,3.141,0,-12,-37,0,-2090,-2090,-631.2,2090,0,-25.4,0,0
2025-08-24T13:44:00.000+00:00,3.283,3.141,0,-10,-37,0,-2090,-2090,-631.2,2090,0,-23.7,0,0
2025-08-24T13:45:00.000+00:00,3.283,3.141,0,-10,-37,0,-2090,-2090,-631.2,2090,0,-25.2,0,0
2025-08-24T13:46:00.000+00:00,3.283,3.141,0,-12,-37,0,-2090,-2090,-631.2,2090,0,-24.6,0,0
2025-08-24T13:47:00.000+00:00,3.284,3.141,0,-12,-36,0,-2090,-2090,-631.2,2090,0,-26,0,0
2025-08-24T13:48:00.000+00:00,3.284,3.141,0,-6,-37,0,-2090,-2090,-631.2,2090,0,-24.7,0,0
2025-08-24T13:49:00.000+00:00,3.284,3.141,0,-10,-37,0,-2090,-2090,-631.2,2090,0,-25,0,0
2025-08-24T13:50:00.000+00:00,3.284,3.141,0,-10,-37,0,-2090,-2090,-631.2,2090,0,-24.8,0,0
2025-08-24T13:51:00.000+00:00,3.284,3.141,0,-12,-36,0,-2090,-2090,-631.2,2090,0,-24.1,0,0
2025-08-24T13:52:00.000+00:00,3.284,3.141,0,-10,-37,0,-2090,-2090,-631.2,2090,0,-25.4,0,0
2025-08-24T13:53:00.000+00:00,3.284,3.141,0,-14,-37,0,-2090,-2090,-631.2,2090,0,-25.4,0,0
2025-08-24T13:54:00.000+00:00,3.284,3.141,0,-10,-37,0,-2090,-2090,-631.2,2090,0,-24.7,0,0
2025-08-24T13:55:00.000+00:00,3.284,3.141,0,-10,-37,0,-2090,-2090,-631.2,2090,0,-25.5,0,0
2025-08-24T13:56:00.000+00:00,3.284,3.141,0,-12,-37,0,-2090,-2090,-631.2,2090,0,-25.2,0,0
2025-08-24T13:57:00.000+00:00,3.284,3.141,0,-10,-36,0,-2090,-2090,-631.2,2090,0,-25.6,0,0
2025-08-24T13:58:00.000+00:00,3.284,3.141,0,-12,-37,0,-2090,-2090,-631.2,2090,0,-23.1,0,0
2025-08-24T13:59:00.000+00:00,3.284,3.141,0,-12,-37,0,-2090,-2090,-631.2,2090,0,-25,0,0
2025-08-24T14:00:00.000+00:00,3.284,3.141,0,-12,-37,0,-2090,-2090,-631.2,2090,0,-25.5,0,0
2025-08-24T14:01:00.000+00:00,3.284,3.141,0,-12,-37,0,-2090,-2090,-631.2,2090,0,-24.5,0,0
2025-08-24T14:02:00.000+00:00,3.284,3.141,0,-10,-37,0,-2090,-2090,-631.2,2090,0,-25.1,0,0
2025-08-24T14:03:00.000+00:00,3.284,3.141,0,-12,-37,0,-2090,-2090,-631.2,2090,0,-25.1,0,0
2025-08-24T14:04:00.000+00:00,3.285,3.141,0,-12,-37,0,-2090,-2090,-631.2,2090,0,-25.2,0,0
2025-08-24T14:05:00.000+00:00,3.285,3.141,0,-12,-37,0,-2090,-2090,-631.2,2090,0,-24.8,0,0
2025-08-24T14:06:00.000+00:00,3.284,3.141,0,-12,-37,0,-2090,-2090,-631.2,2090,0,-24.6,0,0
2025-08-24T14:07:00.000+00:00,3.284,3.141,0,-12,-37,0,-2090,-2090,-631.2,2090,0,-23.9,0,0
2025-08-24T14:08:00.000+00:00,3.285,3.141,0,-14,-37,0,-2090,-2090,-631.2,2090,0,-25.3,0,0
2025-08-24T14:09:00.000+00:00,3.285,3.141,0,-12,-37,0,-2090,-2090,-631.2,2090,0,-25.5,0,0
2025-08-24T14:10:00.000+00:00,3.285,3.141,0,-12,-37,0,-2090,-2090,-631.2,2090,0,-24.7,0,0
2025-08-24T14:11:00.000+00:00,3.285,3.141,0,-12,-37,0,-2090,-2090,-631.2,2090,0,-25,0,0
2025-08-24T14:12:00.000+00:00,3.285,3.141,0,-8,-37,0,-2090,-2090,-631.2,2090,0,-24.8,0,0
2025-08-24T14:13:00.000+00:00,3.285,3.141,0,-12,-37,0,-2090,-2090,-631.2,2090,0,-23.7,0,0
2025-08-24T14:14:00.000+00:00,3.285,3.141,0,-14,-37,0,-2090,-2090,-631.2,2090,0,-24.9,0,0
2025-08-24T14:15:00.000+00:00,3.285,3.141,0,-12,-37,0,-2090,-2090,-631.2,2090,0,-25.2,0,0
2025-08-24T14:16:00.000+00:00,3.285,3.141,0,-10,-36,0,-2090,-2090,-631.2,2090,0,-25.4,0,0
2025-08-24T14:17:00.000+00:00,3.285,3.141,0,-12,-37,0,-2090,-2090,-631.2,2090,0,-25.7,0,0
2025-08-24T14:18:00.000+00:00,3.285,3.141,0,-10,-37,0,-2090,-2090,-631.2,2090,0,-25.2,0,0
2025-08-24T14:19:00.000+00:00,3.285,3.141,0,-10,-37,0,-2090,-2090,-631.2,2090,0,-25.3,0,0
2025-08-24T14:20:00.000+00:00,3.285,3.141,0,-12,-37,0,-2090,-2090,-631.2,2090,0,-24.8,0,0
2025-08-24T14:21:00.000+00:00,3.285,3.141,0,-12,-38,0,-2090,-2090,-631.2,2090,0,-25.8,0,0
2025-08-24T14:22:00.000+00:00,3.285,3.141,0,-14,-37,0,-2090,-2090,-631.2,2090,0,-25.4,0,0
2025-08-24T14:23:00.000+00:00,3.285,3.142,0,-12,-37,0,-2090,-2090,-631.2,2090,0,-24.6,0,0
2025-08-24T14:24:00.000+00:00,3.285,3.142,0,-12,-38,0,-2090,-2090,-631.2,2090,0,-25,0,0
2025-08-24T14:25:00.000+00:00,3.285,3.142,0,-12,-37,0,-2090,-2090,-631.2,2090,0,-25.3,0,0
2025-08-24T14:26:00.000+00:00,3.285,3.142,0,-14,-37,0,-2090,-2090,-631.2,2090,0,-24.5,0,0
2025-08-24T14:27:00.000+00:00,3.285,3.142,0,-12,-37,0,-2090,-2090,-631.2,2090,0,-25.9,0,0
2025-08-24T14:28:00.000+00:00,3.285,3.142,0,-14,-37,0,-2090,-2090,-631.2,2090,0,-25.7,0,0
2025-08-24T14:29:00.000+00:00,3.285,3.142,0,-12,-36,0,-2090,-2090,-631.2,2090,0,-25.3,0,0
2025-08-24T14:30:00.000+00:00,3.285,3.142,0,-12,-37,0,-2090,-2090,-631.2,2090,0,-25.5,0,0
2025-08-24T14:31:00.000+00:00,3.285,3.141,0,-10,-37,0,-2090,-2090,-631.2,2090,0,-25.2,0,0
2025-08-24T14:32:00.000+00:00,3.285,3.141,0,-12,-38,0,-2090,-2090,-631.2,2090,0,-24.7,0,0
2025-08-24T14:33:00.000+00:00,3.285,3.141,0,-12,-37,0,-2090,-2090,-631.2,2090,0,-23.5,0,0
2025-08-24T14:34:00.000+00:00,3.286,3.141,0,-12,-37,0,-2090,-2090,-631.2,2090,0,-25.2,0,0
2025-08-24T14:35:00.000+00:00,3.286,3.141,0,-14,-37,0,-2090,-2090,-631.2,2090,0,-25.8,0,0
2025-08-24T14:36:00.000+00:00,3.286,3.141,0,-10,-37,0,-2090,-2090,-631.2,2090,0,-25.1,0,0
2025-08-24T14:37:00.000+00:00,3.286,3.141,0,-10,-37,0,-2090,-2090,-631.2,2090,0,-24.8,0,0
2025-08-24T14:38:00.000+00:00,3.286,3.141,0,-14,-37,0,-2090,-2090,-631.2,2090,0,-24.7,0,0
2025-08-24T14:39:00.000+00:00,3.286,3.141,0,-12,-36,0,-2090,-2090,-631.2,2090,0,-24.9,0,0
2025-08-24T14:40:00.000+00:00,3.286,3.141,0,-12,-37,0,-2090,-2090,-631.2,2090,0,-25,0,0
2025-08-24T14:41:00.000+00:00,3.286,3.141,0,-12,-37,0,-2090,-2090,-631.2,2090,0,-24.7,0,0
2025-08-24T14:42:00.000+00:00,3.286,3.141,0,-12,-37,0,-2090,-2090,-631.2,2090,0,-24.9,0,0
2025-08-24T14:43:00.000+00:00,3.286,3.141,0,-14,-37,0,-2090,-2090,-631.2,2090,0,-25.6,0,0
2025-08-24T14:44:00.000+00:00,3.286,3.141,0,-12,-36,0,-2090,-2090,-631.2,2090,0,-24.9,0,0
2025-08-24T14:45:00.000+00:00,3.286,3.141,0,-12,-37,0,-2090,-2090,-631.2,2090,0,-24.2,0,0
2025-08-24T14:46:00.000+00:00,3.286,3.141,0,-12,-37,0,-2090,-2090,-631.2,2090,0,-24.4,0,0
2025-08-24T14:47:00.000+00:00,3.286,3.141,0,-12,-37,0,-2090,-2090,-631.2,2090,0,-24.4,0,0
2025-08-24T14:48:00.000+00:00,3.286,3.141,0,-12,-37,0,-2090,-2090,-631.2,2090,0,-24.9,0,0
2025-08-24T14:49:00.000+00:00,3.286,3.141,0,-14,-37,0,-2090,-2090,-631.2,2090,0,-25.8,0,0
2025-08-24T14:50:00.000+00:00,3.286,3.142,0,-14,-37,0,-2090,-2090,-631.2,2090,0,-25.7,0,0
2025-08-24T14:51:00.000+00:00,3.286,3.142,0,-12,-37,0,-2090,-2090,-631.2,2090,0,-24.8,0,0
2025-08-24T14:52:00.000+00:00,3.286,3.142,0,-12,-37,0,-2090,-2090,-631.2,2090,0,-24.5,0,0
2025-08-24T14:53:00.000+00:00,3.286,3.142,0,-12,-37,0,-2090,-2090,-631.2,2090,0,-25,0,0
2025-08-24T14:54:00.000+00:00,3.286,3.142,0,-12,-37,0,-2090,-2090,-631.2,2090,0,-24,0,0
2025-08-24T14:55:00.000+00:00,3.286,3.142,0,-14,-37,0,-2090,-2090,-631.2,2090,0,-25.8,0,0
2025-08-24T14:56:00.000+00:00,3.286,3.141,0,-12,-37,0,-2090,-2090,-631.2,2090,0,-23.6,0,0
2025-08-24T14:57:00.000+00:00,3.286,3.141,0,-12,-37,0,-2090,-2090,-631.2,2090,0,-24.6,0,0
2025-08-24T14:58:00.000+00:00,3.285,3.141,0,-14,-37,0,-2090,-2090,-631.2,2090,0,-25.2,0,0
2025-08-24T14:59:00.000+00:00,3.286,3.141,0,-14,-37,0,-2090,-2090,-631.2,2090,0,-25.8,0,0
2025-08-24T15:00:00.000+00:00,3.286,3.141,0,-14,-37,0,-2090,-2090,-631.2,2090,0,-26,0,0
2025-08-24T15:01:00.000+00:00,3.286,3.142,0,-14,-37,0,-2090,-2090,-631.2,2090,0,-24.2,0,0
2025-08-24T15:02:00.000+00:00,3.287,3.142,0,-12,-37,0,-2090,-2090,-631.2,2090,0,-25.5,0,0
2025-08-24T15:03:00.000+00:00,3.287,3.142,0,-12,-37,0,-2090,-2090,-631.2,2090,0,-25.2,0,0
2025-08-24T15:04:00.000+00:00,3.287,3.142,0,-12,-38,0,-2090,-2090,-631.2,2090,0,-23.8,0,0
2025-08-24T15:05:00.000+00:00,3.287,3.142,0,-12,-37,0,-2090,-2090,-631.2,2090,0,-24.4,0,0
2025-08-24T15:06:00.000+00:00,3.287,3.142,0,-14,-37,0,-2090,-2090,-631.2,2090,0,-24.9,0,0
2025-08-24T15:07:00.000+00:00,3.287,3.141,0,-10,-36,0,-2090,-2090,-631.2,2090,0,-25.7,0,0
2025-08-24T15:08:00.000+00:00,3.287,3.142,0,-12,-37,0,-2090,-2090,-631.2,2090,0,-24.9,0,0
2025-08-24T15:09:00.000+00:00,3.287,3.142,0,-12,-37,0,-2090,-2090,-631.2,2090,0,-24.8,0,0
2025-08-24T15:10:00.000+00:00,3.287,3.142,0,-12,-37,0,-2090,-2090,-631.2,2090,0,-25.8,0,0
2025-08-24T15:11:00.000+00:00,3.287,3.142,0,-8,-37,0,-2090,-2090,-631.2,2090,0,-24.9,0,0
2025-08-24T15:12:00.000+00:00,3.287,3.142,0,-12,-36,0,-2090,-2090,-631.2,2090,0,-23.8,0,0
2025-08-24T15:13:00.000+00:00,3.287,3.142,0,-12,-38,0,-2090,-2090,-631.2,2090,0,-24.7,0,0
2025-08-24T15:14:00.000+00:00,3.287,3.142,0,-14,-37,0,-2090,-2090,-631.2,2090,0,-25.4,0,0
2025-08-24T15:15:00.000+00:00,3.287,3.142,0,-10,-37,0,-2090,-2090,-631.2,2090,0,-24.7,0,0
2025-08-24T15:16:00.000+00:00,3.287,3.142,0,78,34,0,-2090,-2090,-631.2,2090,0,75.4,0,0
2025-08-24T15:17:00.000+00:00,3.305,3.142,0,-44,-62,0,-2090,-2090,-631.2,2090,0,-51.5,0,0
2025-08-24T15:18:00.000+00:00,3.32,3.142,0,-446,-448,0,-2090,-2090,-631.2,2090,0,-438.9,0,0
2025-08-24T15:19:00.000+00:00,3.323,3.142,0,-607,-632,0,-2090,-2090,-631.2,2090,0,-618.2,0,0
2025-08-24T15:20:00.000+00:00,3.326,3.142,0,-608,-632,0,-2090,-2090,-631.2,2090,0,-618.4,0,0
2025-08-24T15:21:00.000+00:00,3.329,3.142,0,-610,-633,0,-2090,-2090,-631.2,2090,0,-618.3,0,0
2025-08-24T15:22:00.000+00:00,3.332,3.142,0,-613,-631,0,-2090,-2090,-631.2,2090,0,-618.4,0,0
2025-08-24T15:23:00.000+00:00,3.334,3.142,0,-618,-633,0,-2090,-2090,-631.2,2090,0,-617,0,0
2025-08-24T15:24:00.000+00:00,3.336,3.142,0,-621,-633,0,-2090,-2090,-631.2,2090,0,-617.3,0,0
2025-08-24T15:25:00.000+00:00,3.336,3.142,0,-620,-632,0,-2090,-2090,-631.2,2090,0,-617.3,0,0
2025-08-24T15:26:00.000+00:00,3.338,3.142,0,-622,-632,0,-2090,-2090,-631.2,2090,0,-617.3,0,0
2025-08-24T15:27:00.000+00:00,3.338,3.142,0,-620,-634,0,-2090,-2090,-631.2,2090,0,-618.2,0,0
2025-08-24T15:28:00.000+00:00,3.339,3.142,0,-622,-633,0,-2090,-2090,-631.2,2090,0,-617.3,0,0
2025-08-24T15:29:00.000+00:00,3.34,3.142,0,-623,-633,0,-2090,-2090,-631.2,2090,0,-617.1,0,0
2025-08-24T15:30:00.000+00:00,3.341,3.142,0,-615,-624,0,-2090,-2090,-631.2,2090,0,-617.4,0,0
2025-08-24T15:31:00.000+00:00,3.341,3.142,0,-623,-634,0,-2090,-2090,-631.2,2090,0,-617.8,0,0
2025-08-24T15:32:00.000+00:00,3.342,3.142,0,-622,-633,0,-2090,-2090,-631.2,2090,0,-616.6,0,0
2025-08-24T15:33:00.000+00:00,3.342,3.142,0,-624,-634,0,-2090,-2090,-631.2,2090,0,-617.2,0,0
2025-08-24T15:34:00.000+00:00,3.343,3.142,0,-623,-633,0,-2090,-2090,-631.2,2090,0,-617.8,0,0
2025-08-24T15:35:00.000+00:00,3.343,3.142,0,-622,-633,0,-2090,-2090,-631.2,2090,0,-617.2,0,0
2025-08-24T15:36:00.000+00:00,3.344,3.142,0,-624,-634,0,-2090,-2090,-631.2,2090,0,-617.8,0,0
2025-08-24T15:37:00.000+00:00,3.344,3.142,0,-621,-633,0,-2090,-2090,-631.2,2090,0,-617.4,0,0
2025-08-24T15:38:00.000+00:00,3.344,3.142,0,-623,-633,0,-2090,-2090,-631.2,2090,0,-617.1,0,0
2025-08-24T15:39:00.000+00:00,3.345,3.142,0,-622,-634,0,-2090,-2090,-631.2,2090,0,-617.4,0,0
2025-08-24T15:40:00.000+00:00,3.345,3.142,0,-621,-634,0,-2090,-2090,-631.2,2090,0,-617.5,0,0
2025-08-24T15:41:00.000+00:00,3.345,3.142,0,-624,-633,0,-2090,-2090,-631.2,2090,0,-617.3,0,0
2025-08-24T15:42:00.000+00:00,3.345,3.142,0,-624,-631,0,-2090,-2090,-631.2,2090,0,-618.1,0,0
2025-08-24T15:43:00.000+00:00,3.345,3.142,0,-624,-633,0,-2090,-2090,-631.2,2090,0,-617.1,0,0
2025-08-24T15:44:00.000+00:00,3.346,3.142,0,-623,-633,0,-2090,-2090,-631.2,2090,0,-617.9,0,0
2025-08-24T15:45:00.000+00:00,3.346,3.142,0,-624,-633,0,-2090,-2090,-631.2,2090,0,-618.1,0,0
2025-08-24T15:46:00.000+00:00,3.346,3.142,0,-623,-633,0,-2090,-2090,-631.2,2090,0,-618.1,0,0
2025-08-24T15:47:00.000+00:00,3.346,3.142,0,-622,-634,0,-2090,-2090,-631.2,2090,0,-617.1,0,0
2025-08-24T15:48:00.000+00:00,3.346,3.142,0,-622,-634,0,-2090,-2090,-631.2,2090,0,-617,0,0
2025-08-24T15:49:00.000+00:00,3.346,3.142,0,-622,-633,0,-2090,-2090,-631.2,2090,0,-617.7,0,0
2025-08-24T15:50:00.000+00:00,3.346,3.142,0,-622,-634,0,-2090,-2090,-631.2,2090,0,-617.9,0,0
2025-08-24T15:51:00.000+00:00,3.346,3.142,0,-622,-633,0,-2090,-2090,-631.2,2090,0,-617.4,0,0
2025-08-24T15:52:00.000+00:00,3.347,3.142,0,-622,-633,0,-2090,-2090,-631.2,2090,0,-617.1,0,0
2025-08-24T15:53:00.000+00:00,3.347,3.142,0,-624,-633,0,-2090,-2090,-631.2,2090,0,-616.9,0,0
2025-08-24T15:54:00.000+00:00,3.347,3.142,0,-623,-633,0,-2090,-2090,-631.2,2090,0,-618.2,0,0
2025-08-24T15:55:00.000+00:00,3.347,3.142,0,-615,-617,0,-2090,-2090,-631.2,2090,0,-616.9,0,0
2025-08-24T15:56:00.000+00:00,3.346,3.142,0,-622,-633,0,-2090,-2090,-631.2,2090,0,-617.4,0,0
2025-08-24T15:57:00.000+00:00,3.346,3.142,0,-624,-634,0,-2090,-2090,-631.2,2090,0,-618.2,0,0
2025-08-24T15:58:00.000+00:00,3.347,3.142,0,-623,-633,0,-2090,-2090,-631.2,2090,0,-617.8,0,0
2025-08-24T15:59:00.000+00:00,3.347,3.142,0,-621,-633,0,-2090,-2090,-631.2,2090,0,-617.4,0,0
2025-08-24T16:00:00.000+00:00,3.347,3.142,0,-622,-634,0,-2090,-2090,-631.2,2090,0,-617.7,0,0
2025-08-24T16:01:00.000+00:00,3.347,3.142,0,-622,-633,0,-2090,-2090,-631.2,2090,0,-617.2,0,0
2025-08-24T16:02:00.000+00:00,3.347,3.142,0,-622,-633,0,-2090,-2090,-631.2,2090,0,-617.9,0,0
2025-08-24T16:03:00.000+00:00,3.347,3.142,0,-622,-633,0,-2090,-2090,-631.2,2090,0,-617.5,0,0
2025-08-24T16:04:00.000+00:00,3.347,3.142,0,-622,-626,0,-2090,-2090,-631.2,2090,0,-617.3,0,0
2025-08-24T16:05:00.000+00:00,3.347,3.142,0,-623,-634,0,-2090,-2090,-631.2,2090,0,-617.8,0,0
2025-08-24T16:06:00.000+00:00,3.347,3.142,0,-613,-629,0,-2090,-2090,-631.2,2090,0,-618.1,0,0
2025-08-24T16:07:00.000+00:00,3.347,3.142,0,-623,-633,0,-2090,-2090,-631.2,2090,0,-618.3,0,0
2025-08-24T16:08:00.000+00:00,3.347,3.142,0,-623,-633,0,-2090,-2090,-631.2,2090,0,-617.6,0,0
2025-08-24T16:09:00.000+00:00,3.347,3.142,0,-624,-633,0,-2090,-2090,-631.2,2090,0,-617.7,0,0
2025-08-24T16:10:00.000+00:00,3.347,3.142,0,-615,-633,0,-2090,-2090,-631.2,2090,0,-618,0,0
2025-08-24T16:11:00.000+00:00,3.347,3.142,0,-624,-634,0,-2090,-2090,-631.2,2090,0,-618.5,0,0
2025-08-24T16:12:00.000+00:00,3.347,3.141,0,-624,-633,0,-2090,-2090,-631.2,2090,0,-618.1,0,0
2025-08-24T16:13:00.000+00:00,3.347,3.142,0,-623,-633,0,-2090,-2090,-631.2,2090,0,-617.9,0,0
2025-08-24T16:14:00.000+00:00,3.346,3.142,0,-622,-633,0,-2090,-2090,-631.2,2090,0,-617.8,0,0
2025-08-24T16:15:00.000+00:00,3.347,3.142,0,-624,-633,0,-2090,-2090,-631.2,2090,0,-617.4,0,0
2025-08-24T16:16:00.000+00:00,3.347,3.142,0,-624,-633,0,-2090,-2090,-631.2,2090,0,-617.8,0,0
2025-08-24T16:17:00.000+00:00,3.347,3.142,0,-623,-634,0,-2090,-2090,-631.2,2090,0,-617.7,0,0
2025-08-24T16:18:00.000+00:00,3.347,3.142,0,-622,-633,0,-2090,-2090,-631.2,2090,0,-618.6,0,0
2025-08-24T16:19:00.000+00:00,3.347,3.142,0,-624,-633,0,-2090,-2090,-631.2,2090,0,-618.3,0,0
2025-08-24T16:20:00.000+00:00,3.346,3.142,0,-623,-633,0,-2090,-2090,-631.2,2090,0,-617,0,0
2025-08-24T16:21:00.000+00:00,3.347,3.142,0,-624,-634,0,-2090,-2090,-631.2,2090,0,-618,0,0
2025-08-24T16:22:00.000+00:00,3.347,3.142,0,-622,-634,0,-2090,-2090,-631.2,2090,0,-617.7,0,0
2025-08-24T16:23:00.000+00:00,3.347,3.141,0,-624,-634,0,-2090,-2090,-631.2,2090,0,-618.2,0,0
2025-08-24T16:24:00.000+00:00,3.347,3.142,0,-624,-633,0,-2090,-2090,-631.2,2090,0,-616.6,0,0
2025-08-24T16:25:00.000+00:00,3.347,3.142,0,-626,-633,0,-2090,-2090,-631.2,2090,0,-616.8,0,0
2025-08-24T16:26:00.000+00:00,3.347,3.142,0,-624,-634,0,-2090,-2090,-631.2,2090,0,-617.3,0,0
2025-08-24T16:27:00.000+00:00,3.347,3.142,0,-624,-634,0,-2090,-2090,-631.2,2090,0,-618.2,0,0
2025-08-24T16:28:00.000+00:00,3.347,3.142,0,-624,-633,0,-2090,-2090,-631.2,2090,0,-618.4,0,0
2025-08-24T16:29:00.000+00:00,3.347,3.142,0,-624,-634,0,-2090,-2090,-631.2,2090,0,-617.4,0,0
2025-08-24T16:30:00.000+00:00,3.347,3.142,0,-624,-633,0,-2090,-2090,-631.2,2090,0,-618.7,0,0
2025-08-24T16:31:00.000+00:00,3.347,3.142,0,-623,-634,0,-2090,-2090,-631.2,2090,0,-618.6,0,0
2025-08-24T16:32:00.000+00:00,3.347,3.142,0,-624,-634,0,-2090,-2090,-631.2,2090,0,-618.3,0,0
2025-08-24T16:33:00.000+00:00,3.347,3.142,0,-622,-634,0,-2090,-2090,-631.2,2090,0,-617.5,0,0
2025-08-24T16:34:00.000+00:00,3.347,3.142,0,-624,-634,0,-2090,-2090,-631.2,2090,0,-618,0,0
2025-08-24T16:35:00.000+00:00,3.347,3.142,0,-624,-633,0,-2090,-2090,-631.2,2090,0,-617,0,0
2025-08-24T16:36:00.000+00:00,3.347,3.142,0,-624,-633,0,-2090,-2090,-631.2,2090,0,-617.4,0,0
2025-08-24T16:37:00.000+00:00,3.347,3.142,0,-624,-634,0,-2090,-2090,-631.2,2090,0,-617.3,0,0
2025-08-24T16:38:00.000+00:00,3.348,3.142,0,-624,-633,0,-2090,-2090,-631.2,2090,0,-618,0,0
2025-08-24T16:39:00.000+00:00,3.347,3.142,0,-624,-633,0,-2090,-2090,-631.2,2090,0,-618.3,0,0
2025-08-24T16:40:00.000+00:00,3.347,3.142,0,-622,-633,0,-2090,-2090,-631.2,2090,0,-618.2,0,0
2025-08-24T16:41:00.000+00:00,3.348,3.142,0,-624,-634,0,-2090,-2090,-631.2,2090,0,-617.8,0,0
2025-08-24T16:42:00.000+00:00,3.348,3.142,0,-625,-633,0,-2090,-2090,-631.2,2090,0,-618,0,0
2025-08-24T16:43:00.000+00:00,3.348,3.142,0,-624,-634,0,-2090,-2090,-631.2,2090,0,-616.8,0,0
2025-08-24T16:44:00.000+00:00,3.347,3.142,0,-623,-634,0,-2090,-2090,-631.2,2090,0,-617.8,0,0
2025-08-24T16:45:00.000+00:00,3.348,3.142,0,-624,-633,0,-2090,-2090,-631.2,2090,0,-616.9,0,0
2025-08-24T16:46:00.000+00:00,3.348,3.142,0,-623,-633,0,-2090,-2090,-631.2,2090,0,-617.8,0,0
2025-08-24T16:47:00.000+00:00,3.348,3.142,0,-623,-634,0,-2090,-2090,-631.2,2090,0,-617.2,0,0
2025-08-24T16:48:00.000+00:00,3.348,3.142,0,-625,-634,0,-2090,-2090,-631.2,2090,0,-618.2,0,0
2025-08-24T16:49:00.000+00:00,3.348,3.142,0,-624,-633,0,-2090,-2090,-631.2,2090,0,-617.4,0,0
2025-08-24T16:50:00.000+00:00,3.348,3.142,0,-625,-634,0,-2090,-2090,-631.2,2090,0,-617.5,0,0
2025-08-24T16:51:00.000+00:00,3.349,3.142,0,-625,-634,0,-2090,-2090,-631.2,2090,0,-618.1,0,0
2025-08-24T16:52:00.000+00:00,3.349,3.142,0,-625,-633,0,-2090,-2090,-631.2,2090,0,-617.6,0,0
2025-08-24T16:53:00.000+00:00,3.349,3.142,0,-622,-633,0,-2090,-2090,-631.2,2090,0,-617.8,0,0
2025-08-24T16:54:00.000+00:00,3.35,3.142,0,-625,-634,0,-2090,-2090,-631.2,2090,0,-617.5,0,0
2025-08-24T16:55:00.000+00:00,3.35,3.141,0,-624,-634,0,-2090,-2090,-631.2,2090,0,-617.3,0,0
2025-08-24T16:56:00.000+00:00,3.35,3.142,0,-623,-634,0,-2090,-2090,-631.2,2090,0,-617.3,0,0
2025-08-24T16:57:00.000+00:00,3.35,3.142,0,-625,-633,0,-2090,-2090,-631.2,2090,0,-617.8,0,0
2025-08-24T16:58:00.000+00:00,3.35,3.142,0,-622,-634,0,-2090,-2090,-631.2,2090,0,-616.8,0,0
2025-08-24T16:59:00.000+00:00,3.351,3.142,0,-622,-634,0,-2090,-2090,-631.2,2090,0,-617.2,0,0
2025-08-24T17:00:00.000+00:00,3.351,3.142,0,-625,-634,0,-2090,-2090,-631.2,2090,0,-618.1,0,0
2025-08-24T17:01:00.000+00:00,3.351,3.142,0,-625,-633,0,-2090,-2090,-631.2,2090,0,-617.3,0,0
2025-08-24T17:02:00.000+00:00,3.352,3.142,0,-623,-634,0,-2090,-2090,-631.2,2090,0,-617.9,0,0
2025-08-24T17:03:00.000+00:00,3.352,3.142,0,-625,-633,0,-2090,-2090,-631.2,2090,0,-617.3,0,0
2025-08-24T17:04:00.000+00:00,3.352,3.142,0,12,0,0,-2090,-2090,0,2090,0,6.4,0,0
2025-08-24T17:05:00.000+00:00,3.326,3.141,13.2,16,-5,0,-2090,-2090,-631.2,2090,0,6.4,4,4.2
2025-08-24T17:06:00.000+00:00,3.334,3.189,13.1,14,-3,0,-2090,-2090,-2749.928,2090,0,2.1,4.8,4
2025-08-24T17:07:00.000+00:00,3.367,3.257,-1035,-1822,-2620,0,-2090,-2090,-2692.6992,2090,0,-1015.6,-814.5,-813.6
2025-08-24T17:08:00.000+00:00,3.371,3.282,-1200.2,-2656,-2691,0,-2090,-2090,-2692.2784,2090,0,-1014.2,-814.4,-814.2
2025-08-24T17:09:00.000+00:00,3.372,3.294,-1196.9,-2658,-2691,0,-2090,-2090,-2692.2784,2090,0,-1014.6,-814.3,-813.5
2025-08-24T17:10:00.000+00:00,3.373,3.3,-1195.5,-2670,-2693,0,-2090,-2090,-2692.6992,2090,0,-1015.6,-814.9,-815.4
2025-08-24T17:11:00.000+00:00,3.375,3.302,-1199.7,-2686,-2709,0,-2090,-2090,-2707.0064,2090,0,-1024.2,-817.5,-819.7
2025-08-24T17:12:00.000+00:00,3.376,3.304,-1203.9,-2695,-2722,0,-2090,-2090,-2724.68,2090,0,-1031.9,-824.4,-823.7
2025-08-24T17:13:00.000+00:00,3.378,3.305,-1206.5,-2704,-2730,0,-2090,-2090,-2732.2544,2090,0,-1036.3,-827.6,-827.6
2025-08-24T17:14:00.000+00:00,3.378,3.307,-1205.7,-2704,-2734,0,-2090,-2090,-2733.5168,2090,0,-1037.1,-828.5,-827.6
2025-08-24T17:15:00.000+00:00,3.378,3.307,-969.9,-2044,-2109,0,-2090,-2090,-2732.2544,2090,0,-726.5,-675.1,-674.9
2025-08-24T17:16:00.000+00:00,3.365,3.295,-549.6,-1003,-1025,0,-2090,-2090,-2732.2544,2090,0,-256.1,-370.9,-371.8
2025-08-24T17:17:00.000+00:00,3.343,3.273,9.8,10,-73,0,-2090,-2090,-2728.888,2090,0,-9.6,-17.9,-19.9
2025-08-24T17:18:00.000+00:00,3.326,3.243,11.5,14,-3,0,-2090,-2090,-2729.3088,2090,0,1.5,2,2.3
2025-08-24T17:19:00.000+00:00,3.322,3.24,-8.7,-16,-34,0,-2090,-2090,-2728.0464,2090,0,-4.6,-9.6,-9.8
2025-08-24T17:20:00.000+00:00,3.321,3.237,-8.3,-16,-34,0,-2090,-2090,-2728.0464,2090,0,-3.5,-9.5,-9.5
2025-08-24T17:21:00.000+00:00,3.319,3.236,-8.1,-18,-34,0,-2090,-2090,-2728.0464,2090,0,-4,-9.5,-9.4
2025-08-24T17:22:00.000+00:00,3.318,3.235,-8.1,-20,-34,0,-2090,-2090,-2725.1008,2090,0,-4.7,-9.5,-9.3
2025-08-24T17:23:00.000+00:00,3.317,3.235,-8.2,-18,-34,0,-2090,-2090,-2729.7296,2090,0,-4.4,-9.6,-9.2
2025-08-24T17:24:00.000+00:00,3.316,3.235,-8.1,-18,-34,0,-2090,-2090,-2728.888,2090,0,-4.6,-8.9,-9.6
2025-08-24T17:25:00.000+00:00,3.316,3.234,-8.2,-16,-35,0,-2090,-2090,-2728.0464,2090,0,-4.4,-9.4,-9.4
2025-08-24T17:26:00.000+00:00,3.314,3.233,-8.6,-20,-34,0,-2090,-2090,-2731.8336,2090,0,-4.4,-9.1,-9.9
2025-08-24T17:27:00.000+00:00,3.315,3.234,-8.3,-16,-34,0,-2090,-2090,-2728.0464,2090,0,-4,-9.4,-9.1
2025-08-24T17:28:00.000+00:00,3.314,3.233,-8.6,-18,-34,0,-2090,-2090,-2730.5712,2090,0,-4.5,-9.1,-9
2025-08-24T17:29:00.000+00:00,3.314,3.233,-8.2,-18,-33,0,-2090,-2090,-2727.2048,2090,0,-4.8,-9.1,-9.6
2025-08-24T17:30:00.000+00:00,3.314,3.233,-8.3,-18,-33,0,-2090,-2090,-2720.8928,2090,0,-4.2,-8.6,-8.9
2025-08-24T17:31:00.000+00:00,3.313,3.233,-7.7,-18,-34,0,-2090,-2090,-2730.992,2090,0,-4.1,-9.8,-10
2025-08-24T17:32:00.000+00:00,3.313,3.231,-8.3,-16,-34,0,-2090,-2090,-2730.5712,2090,0,-4.8,-8.9,-9.4
2025-08-24T17:33:00.000+00:00,3.313,3.231,-7.4,-16,-34,0,-2090,-2090,-2708.2688,2090,0,-4.1,-9.2,-9.8
2025-08-24T17:34:00.000+00:00,3.313,3.231,-7.9,-18,-34,0,-2090,-2090,-2727.2048,2090,0,-4.5,-9.2,-8.5
2025-08-24T17:35:00.000+00:00,3.313,3.231,-8.1,-18,-34,0,-2090,-2090,-2725.5216,2090,0,-4.5,-9.6,-9.3
2025-08-24T17:36:00.000+00:00,3.313,3.231,-8.5,-20,-34,0,-2090,-2090,-2730.1504,2090,0,-4,-9.3,-9.5
2025-08-24T17:37:00.000+00:00,3.312,3.231,-8.6,-18,-34,0,-2090,-2090,-2731.8336,2090,0,-4.4,-9.5,-9.5
2025-08-24T17:38:00.000+00:00,3.312,3.231,-8.4,-16,-35,0,-2090,-2090,-2730.992,2090,0,-4.5,-9.5,-9.8
2025-08-24T17:39:00.000+00:00,3.312,3.231,-8.6,-16,-35,0,-2090,-2090,-2731.8336,2090,0,-4.5,-9.8,-9.7
2025-08-24T17:40:00.000+00:00,3.312,3.231,-8.6,-16,-33,0,-2090,-2090,-2731.8336,2090,0,-4.1,-9.8,-9.1
2025-08-24T17:41:00.000+00:00,3.312,3.231,-8.6,-18,-34,0,-2090,-2090,-2730.992,2090,0,-4.1,-9.8,-9.3
2025-08-24T17:42:00.000+00:00,3.312,3.231,-8.1,-20,-34,0,-2090,-2090,-2723.8384,2090,0,-4.2,-7.8,-9.7
2025-08-24T17:43:00.000+00:00,3.31,3.231,-8.2,-18,-34,0,-2090,-2090,-2727.2048,2090,0,-4.7,-9.3,-8.5
2025-08-24T17:44:00.000+00:00,3.311,3.231,-7.9,-20,-34,0,-2090,-2090,-2723.4176,2090,0,-4.2,-9.1,-9.8
2025-08-24T17:45:00.000+00:00,3.311,3.231,-8.6,-18,-33,0,-2090,-2090,-2732.2544,2090,0,-4.1,-9.6,-9.2
2025-08-24T17:46:00.000+00:00,3.311,3.231,-8.5,-16,-34,0,-2090,-2090,-2732.2544,2090,0,-4.4,-9.3,-9.8
2025-08-24T17:47:00.000+00:00,3.311,3.231,-8.6,-18,-34,0,-2090,-2090,-2731.8336,2090,0,-4.5,-9.5,-9.8
2025-08-24T17:48:00.000+00:00,3.311,3.23,-8.7,-18,-34,0,-2090,-2090,-2731.8336,2090,0,-4.5,-8.5,-9.6
2025-08-24T17:49:00.000+00:00,3.311,3.231,-7.3,-16,-34,0,-2090,-2090,-2721.3136,2090,0,-4.4,-9.4,-9.4
2025-08-24T17:50:00.000+00:00,3.311,3.231,-7.6,-18,-35,0,-2090,-2090,-2717.5264,2090,0,-4.4,-9.3,-9.1
2025-08-24T17:51:00.000+00:00,3.311,3.23,-6.4,-18,-34,0,-2090,-2090,-2712.8976,2090,0,-4,-8.7,-9.5
2025-08-24T17:52:00.000+00:00,3.31,3.23,-6.4,-14,-35,0,-2090,-2090,-2713.7392,2090,0,-3.1,-9.6,-9.3
2025-08-24T17:53:00.000+00:00,3.31,3.23,-6.1,-12,-34,0,-2090,-2090,-2710.7936,2090,0,-3.3,-9.9,-9.6
2025-08-24T17:54:00.000+00:00,3.31,3.23,-5.5,-12,-33,0,-2090,-2090,-2699.0112,2090,0,-4.1,-9.2,-9.2
2025-08-24T17:55:00.000+00:00,3.31,3.23,-6.2,-16,-33,0,-2090,-2090,-2710.7936,2090,0,-4.8,-9.2,-9
2025-08-24T17:56:00.000+00:00,3.31,3.23,-6.2,-12,-34,0,-2090,-2090,-2709.1104,2090,0,-4,-8.9,-9.7
2025-08-24T17:57:00.000+00:00,3.31,3.23,-6.5,-14,-34,0,-2090,-2090,-2710.3728,2090,0,-4.1,-9.3,-9.9
2025-08-24T17:58:00.000+00:00,3.31,3.23,-6.1,-14,-34,0,-2090,-2090,-2713.3184,2090,0,-4.3,-9.1,-9.1
2025-08-24T17:59:00.000+00:00,3.31,3.23,-6.5,-14,-34,0,-2090,-2090,-2712.8976,2090,0,-4.3,-9.7,-9.4
2025-08-24T18:00:00.000+00:00,3.31,3.23,-7.4,-16,-34,0,-2090,-2090,-2717.9472,2090,0,-4.4,-9.3,-9.2
2025-08-24T18:01:00.000+00:00,3.31,3.23,-6.1,-14,-34,0,-2090,-2090,-2706.1648,2090,0,-4.7,-9.5,-9.4
2025-08-24T18:02:00.000+00:00,3.309,3.23,-6.8,-14,-33,0,-2090,-2090,-2720.0512,2090,0,-4.1,-8.8,-9.4
2025-08-24T18:03:00.000+00:00,3.31,3.23,-5.8,-14,-34,0,-2090,-2090,-2705.3232,2090,0,-4.9,-9.6,-9.7
2025-08-24T18:04:00.000+00:00,3.31,3.23,-6.7,-14,-35,0,-2090,-2090,-2715.0016,2090,0,-4.2,-9.6,-9.9
2025-08-24T18:05:00.000+00:00,3.31,3.23,-6.6,-12,-33,0,-2090,-2090,-2713.3184,2090,0,-4.4,-9,-9.5
2025-08-24T18:06:00.000+00:00,3.31,3.23,-6.7,-14,-33,0,-2090,-2090,-2714.5808,2090,0,-4.4,-9.3,-9.2
2025-08-24T18:07:00.000+00:00,3.31,3.229,-6.5,-14,-34,0,-2090,-2090,-2714.5808,2090,0,-4.6,-9.6,-9.6
2025-08-24T18:08:00.000+00:00,3.31,3.229,-6.1,-14,-34,0,-2090,-2090,-2709.952,2090,0,-4.3,-9.3,-8.2
2025-08-24T18:09:00.000+00:00,3.31,3.229,-6.4,-14,-34,0,-2090,-2090,-2709.952,2090,0,-4.1,-9.5,-9.8
2025-08-24T18:10:00.000+00:00,3.31,3.229,-5.8,-14,-34,0,-2090,-2090,-2706.1648,2090,0,-3.9,-9.5,-9.7
2025-08-24T18:11:00.000+00:00,3.309,3.229,-6.2,-14,-34,0,-2090,-2090,-2712.4768,2090,0,-4.7,-9.4,-9.3
2025-08-24T18:12:00.000+00:00,3.309,3.23,-6,-10,-34,0,-2090,-2090,-2707.848,2090,0,-4,-9.6,-9
2025-08-24T18:13:00.000+00:00,3.309,3.229,-6,-14,-34,0,-2090,-2090,-2706.1648,2090,0,-4.7,-9.1,-9.5
2025-08-24T18:14:00.000+00:00,3.309,3.229,-6.2,-14,-35,0,-2090,-2090,-2707.848,2090,0,-3.8,-8.8,-9.4
2025-08-24T18:15:00.000+00:00,3.309,3.229,-6.6,-14,-35,0,-2090,-2090,-2715.4224,2090,0,-4.7,-8.3,-9.5
2025-08-24T18:16:00.000+00:00,3.309,3.229,-6.9,-14,-34,0,-2090,-2090,-2716.264,2090,0,-4.1,-9.2,-8.9
2025-08-24T18:17:00.000+00:00,3.309,3.229,-6.9,-14,-35,0,-2090,-2090,-2714.16,2090,0,-4.7,-8.3,-9.4
2025-08-24T18:18:00.000+00:00,3.309,3.229,-6.1,-16,-33,0,-2090,-2090,-2712.4768,2090,0,-3.9,-9.5,-9.3
2025-08-24T18:19:00.000+00:00,3.309,3.229,-5.7,-12,-34,0,-2090,-2090,-2702.3776,2090,0,-4.1,-9.2,-9.8
2025-08-24T18:20:00.000+00:00,3.309,3.229,-6.7,-14,-33,0,-2090,-2090,-2714.16,2090,0,-4.9,-9.6,-9.2
2025-08-24T18:21:00.000+00:00,3.309,3.229,-6.8,-14,-35,0,-2090,-2090,-2716.264,2090,0,-4.4,-9,-9.1
2025-08-24T18:22:00.000+00:00,3.309,3.229,-6.9,-14,-33,0,-2090,-2090,-2715.0016,2090,0,-4.6,-9.3,-9.1
2025-08-24T18:23:00.000+00:00,3.309,3.229,-6.7,-16,-34,0,-2090,-2090,-2715.8432,2090,0,-4.4,-9.2,-9.4
2025-08-24T18:24:00.000+00:00,3.309,3.229,-6.3,-12,-34,0,-2090,-2090,-2709.1104,2090,0,-4.4,-9.2,-8.9
2025-08-24T18:25:00.000+00:00,3.309,3.229,-6.5,-12,-33,0,-2090,-2090,-2712.4768,2090,0,-4.1,-9,-8.8
2025-08-24T18:26:00.000+00:00,3.309,3.229,-6.1,-12,-34,0,-2090,-2090,-2707.848,2090,0,-4.8,-8.8,-8.9
2025-08-24T18:27:00.000+00:00,3.309,3.229,-6.3,-14,-34,0,-2090,-2090,-2710.7936,2090,0,-4.2,-9.7,-9.5
2025-08-24T18:28:00.000+00:00,3.309,3.229,-5.7,-12,-34,0,-2090,-2090,-2700.2736,2090,0,-4.2,-9.3,-9.3
2025-08-24T18:29:00.000+00:00,3.309,3.229,-6.3,-14,-33,0,-2090,-2090,-2713.3184,2090,0,-4.1,-9.2,-9.5
2025-08-24T18:30:00.000+00:00,3.309,3.229,-5.7,-12,-33,0,-2090,-2090,-2705.3232,2090,0,-4.3,-9.4,-9.8
2025-08-24T18:31:00.000+00:00,3.309,3.229,-6.2,-14,-34,0,-2090,-2090,-2707.0064,2090,0,-4.9,-9,-9.9
2025-08-24T18:32:00.000+00:00,3.309,3.229,-6,-14,-34,0,-2090,-2090,-2706.1648,2090,0,-4.7,-9.6,-9.6
2025-08-24T18:33:00.000+00:00,3.309,3.229,-6.2,-14,-35,0,-2090,-2090,-2711.6352,2090,0,-4.6,-9.3,-9.3
2025-08-24T18:34:00.000+00:00,3.308,3.229,-6.2,-16,-34,0,-2090,-2090,-2710.7936,2090,0,-3.4,-9.8,-9.3
2025-08-24T18:35:00.000+00:00,3.309,3.229,-6.7,-14,-34,0,-2090,-2090,-2717.1056,2090,0,-4.4,-9.8,-9
2025-08-24T18:36:00.000+00:00,3.309,3.229,-6,-14,-34,0,-2090,-2090,-2713.3184,2090,0,-4.6,-8.9,-9.5
2025-08-24T18:37:00.000+00:00,3.309,3.229,-6.6,-16,-34,0,-2090,-2090,-2712.8976,2090,0,-4.3,-9.6,-9.8
2025-08-24T18:38:00.000+00:00,3.309,3.229,-6.2,-16,-33,0,-2090,-2090,-2710.3728,2090,0,-4.3,-9.2,-9.5
2025-08-24T18:39:00.000+00:00,3.309,3.229,-6.5,-14,-34,0,-2090,-2090,-2718.7888,2090,0,-4.8,-9.8,-9
2025-08-24T18:40:00.000+00:00,3.309,3.229,-6.5,-14,-33,0,-2090,-2090,-2715.4224,2090,0,-5.1,-10,-9.3
2025-08-24T18:41:00.000+00:00,3.309,3.229,-6.5,-14,-34,0,-2090,-2090,-2712.056,2090,0,-3.7,-9,-8.9
2025-08-24T18:42:00.000+00:00,3.309,3.229,-6.7,-12,-33,0,-2090,-2090,-2720.0512,2090,0,-4,-9,-8.5
2025-08-24T18:43:00.000+00:00,3.309,3.229,-6.6,-16,-34,0,-2090,-2090,-2707.4272,2090,0,-3.7,-9.7,-9.9
2025-08-24T18:44:00.000+00:00,3.308,3.229,-6.4,-14,-33,0,-2090,-2090,-2715.0016,2090,0,-4.5,-9,-9.3
2025-08-24T18:45:00.000+00:00,3.308,3.229,-6.7,-16,-34,0,-2090,-2090,-2714.5808,2090,0,-4.3,-8.3,-9.4
2025-08-24T18:46:00.000+00:00,3.308,3.229,-6.8,-14,-34,0,-2090,-2090,-2715.8432,2090,0,-4.8,-8.7,-9.8
2025-08-24T18:47:00.000+00:00,3.308,3.229,-6.6,-16,-34,0,-2090,-2090,-2715.4224,2090,0,-4.3,-9.6,-9.3
2025-08-24T18:48:00.000+00:00,3.308,3.229,-6.1,-12,-34,0,-2090,-2090,-2709.5312,2090,0,-4.8,-9.6,-9.6
2025-08-24T18:49:00.000+00:00,3.308,3.229,-6.2,-14,-34,0,-2090,-2090,-2703.2192,2090,0,-4.6,-9.4,-9.8
2025-08-24T18:50:00.000+00:00,3.308,3.229,-5.9,-16,-34,0,-2090,-2090,-2707.0064,2090,0,-4.3,-9.8,-9.4
2025-08-24T18:51:00.000+00:00,3.308,3.229,-6.3,-14,-34,0,-2090,-2090,-2713.7392,2090,0,-3.8,-9.1,-9.7
2025-08-24T18:52:00.000+00:00,3.309,3.229,-6.2,-14,-33,0,-2090,-2090,-2713.3184,2090,0,-3.9,-9.5,-9.8
2025-08-24T18:53:00.000+00:00,3.309,3.229,-6.5,-16,-34,0,-2090,-2090,-2717.5264,2090,0,-4.4,-9.4,-9.2
2025-08-24T18:54:00.000+00:00,3.309,3.229,-6.8,-12,-33,0,-2090,-2090,-2713.3184,2090,0,-4.6,-9.5,-8.2
2025-08-24T18:55:00.000+00:00,3.309,3.229,-6,-14,-34,0,-2090,-2090,-2709.1104,2090,0,-4.3,-8.7,-9
2025-08-24T18:56:00.000+00:00,3.308,3.229,-5.7,-14,-34,0,-2090,-2090,-2707.848,2090,0,-4.2,-8.7,-9.6
2025-08-24T18:57:00.000+00:00,3.308,3.229,-6.4,-12,-33,0,-2090,-2090,-2707.4272,2090,0,-4.5,-8.6,-9
2025-08-24T18:58:00.000+00:00,3.308,3.229,-6.3,-14,-33,0,-2090,-2090,-2708.6896,2090,0,-4.1,-9.5,-8.9
2025-08-24T18:59:00.000+00:00,3.308,3.229,-6.1,-14,-33,0,-2090,-2090,-2712.4768,2090,0,-4.1,-9.4,-9.3
2025-08-24T19:00:00.000+00:00,3.308,3.229,-6,-14,-35,0,-2090,-2090,-2705.744,2090,0,-4.3,-8.6,-9.3
2025-08-24T19:01:00.000+00:00,3.308,3.229,-5.8,-12,-35,0,-2090,-2090,-2703.64,2090,0,-4.4,-9.7,-10
2025-08-24T19:02:00.000+00:00,3.308,3.229,-6.5,-12,-35,0,-2090,-2090,-2709.5312,2090,0,-4.7,-9.6,-9.3
2025-08-24T19:03:00.000+00:00,3.308,3.229,-6.3,-12,-34,0,-2090,-2090,-2712.4768,2090,0,-4.6,-9.1,-9.7
2025-08-24T19:04:00.000+00:00,3.308,3.229,-6.4,-16,-34,0,-2090,-2090,-2713.3184,2090,0,-3.5,-9.1,-9.1
2025-08-24T19:05:00.000+00:00,3.308,3.229,-6.6,-14,-34,0,-2090,-2090,-2711.6352,2090,0,-4.5,-9.3,-9.5
2025-08-24T19:06:00.000+00:00,3.308,3.229,-5.7,-14,-33,0,-2090,-2090,-2707.0064,2090,0,-4.6,-8.9,-8.7
2025-08-24T19:07:00.000+00:00,3.308,3.229,-6.8,-12,-33,0,-2090,-2090,-2716.6848,2090,0,-3.5,-9.3,-8.7
2025-08-24T19:08:00.000+00:00,3.308,3.229,-6.1,-16,-33,0,-2090,-2090,-2704.9024,2090,0,-4.1,-9.4,-8.7
2025-08-24T19:09:00.000+00:00,3.308,3.229,-6.4,-12,-33,0,-2090,-2090,-2714.16,2090,0,-4.1,-9.6,-8.9
2025-08-24T19:10:00.000+00:00,3.308,3.229,-6.8,-16,-34,0,-2090,-2090,-2721.3136,2090,0,-3.6,-9.5,-8.9
2025-08-24T19:11:00.000+00:00,3.308,3.229,-6.5,-14,-34,0,-2090,-2090,-2716.6848,2090,0,-4.2,-9.1,-8.9
2025-08-24T19:12:00.000+00:00,3.308,3.229,-5.6,-12,-34,0,-2090,-2090,-2717.1056,2090,0,-4.3,-10,-8.3
2025-08-24T19:13:00.000+00:00,3.308,3.229,-5.9,-12,-33,0,-2090,-2090,-2714.5808,2090,0,-3.9,-9.4,-9.2
2025-08-24T19:14:00.000+00:00,3.308,3.229,-6.2,-16,-34,0,-2090,-2090,-2710.3728,2090,0,-4.5,-8.6,-9.1
2025-08-24T19:15:00.000+00:00,3.308,3.229,-6.1,-16,-33,0,-2090,-2090,-2710.3728,2090,0,-3.7,-9,-9.3
2025-08-24T19:16:00.000+00:00,3.308,3.229,-6.9,-14,-34,0,-2090,-2090,-2712.056,2090,0,-4.5,-8.8,-9
2025-08-24T19:17:00.000+00:00,3.308,3.229,-6.3,-16,-34,0,-2090,-2090,-2717.5264,2090,0,-4.3,-9.9,-9.3
2025-08-24T19:18:00.000+00:00,3.308,3.229,-6.8,-16,-33,0,-2090,-2090,-2715.4224,2090,0,-4.1,-8.8,-9.9
2025-08-24T19:19:00.000+00:00,3.308,3.229,-5.5,-12,-33,0,-2090,-2090,-2704.4816,2090,0,-3.9,-8.5,-8.2
2025-08-24T19:20:00.000+00:00,3.308,3.229,-5.9,-12,-33,0,-2090,-2090,-2706.5856,2090,0,-4.6,-9.6,-9.2
2025-08-24T19:21:00.000+00:00,3.308,3.229,-6.1,-14,-34,0,-2090,-2090,-2711.6352,2090,0,-3.7,-9.5,-9.7
2025-08-24T19:22:00.000+00:00,3.308,3.229,-6.2,-10,-34,0,-2090,-2090,-2710.7936,2090,0,-4.2,-9.4,-9
2025-08-24T19:23:00.000+00:00,3.308,3.229,-6,-14,-34,0,-2090,-2090,-2706.1648,2090,0,-4.2,-9.4,-9.7
2025-08-24T19:24:00.000+00:00,3.308,3.229,-6.3,-14,-33,0,-2090,-2090,-2701.1152,2090,0,-4.3,-9.3,-9.4
2025-08-24T19:25:00.000+00:00,3.308,3.229,-5.7,-12,-34,0,-2090,-2090,-2703.2192,2090,0,-4.1,-9.6,-9.1
2025-08-24T19:26:00.000+00:00,3.308,3.229,-6.5,-14,-34,0,-2090,-2090,-2711.6352,2090,0,-4.4,-8.7,-9.6
2025-08-24T19:27:00.000+00:00,3.308,3.229,-5.8,-12,-33,0,-2090,-2090,-2708.2688,2090,0,-4.4,-9,-9.1
2025-08-24T19:28:00.000+00:00,3.308,3.229,-6.7,-16,-34,0,-2090,-2090,-2717.1056,2090,0,-4.2,-9.8,-9.6
2025-08-24T19:29:00.000+00:00,3.308,3.229,-6.9,-16,-33,0,-2090,-2090,-2718.7888,2090,0,-4.4,-9.5,-10.2
2025-08-24T19:30:00.000+00:00,3.308,3.229,-7.1,-12,-34,0,-2090,-2090,-2720.472,2090,0,-3.6,-8.4,-9.4
2025-08-24T19:31:00.000+00:00,3.308,3.229,-6.9,-16,-34,0,-2090,-2090,-2718.368,2090,0,-4.2,-8.1,-9.8
2025-08-24T19:32:00.000+00:00,3.308,3.229,-6.7,-14,-34,0,-2090,-2090,-2718.368,2090,0,-4.7,-8.9,-9.2
2025-08-24T19:33:00.000+00:00,3.308,3.229,-7,-16,-34,0,-2090,-2090,-2716.264,2090,0,-4.6,-8.7,-9
2025-08-24T19:34:00.000+00:00,3.308,3.229,-7.2,-16,-34,0,-2090,-2090,-2720.8928,2090,0,-3.8,-8.9,-9.4
2025-08-24T19:35:00.000+00:00,3.308,3.229,-6.6,-14,-34,0,-2090,-2090,-2718.7888,2090,0,-4.4,-9.5,-9.5
2025-08-24T19:36:00.000+00:00,3.308,3.229,-6.8,-16,-33,0,-2090,-2090,-2721.3136,2090,0,-2.5,-9.8,-9.7
2025-08-24T19:37:00.000+00:00,3.308,3.229,-7,-14,-34,0,-2090,-2090,-2720.8928,2090,0,-4.7,-9.9,-9.5
2025-08-24T19:38:00.000+00:00,3.308,3.229,-6.4,-16,-34,0,-2090,-2090,-2719.2096,2090,0,-4.5,-9.4,-9.2
2025-08-24T19:39:00.000+00:00,3.308,3.229,-7.4,-16,-34,0,-2090,-2090,-2722.9968,2090,0,-4.1,-8.1,-8.9
2025-08-24T19:40:00.000+00:00,3.308,3.229,-7.3,-16,-34,0,-2090,-2090,-2720.472,2090,0,-3.5,-9.5,-9.5
2025-08-24T19:41:00.000+00:00,3.308,3.229,-6.8,-16,-34,0,-2090,-2090,-2714.16,2090,0,-4.5,-8,-9.1
2025-08-24T19:42:00.000+00:00,3.308,3.229,-7.1,-14,-34,0,-2090,-2090,-2717.9472,2090,0,-4.5,-9.8,-9.5
2025-08-24T19:43:00.000+00:00,3.308,3.229,-6.7,-16,-34,0,-2090,-2090,-2717.1056,2090,0,-4.4,-9.2,-9.2
2025-08-24T19:44:00.000+00:00,3.308,3.229,-7,-16,-33,0,-2090,-2090,-2716.6848,2090,0,-4.1,-9.5,-9.8
2025-08-24T19:45:00.000+00:00,3.308,3.229,-6.2,-16,-33,0,-2090,-2090,-2713.7392,2090,0,-4.1,-9.5,-9.8
2025-08-24T19:46:00.000+00:00,3.308,3.229,-6.9,-16,-33,0,-2090,-2090,-2718.368,2090,0,-4.2,-9.6,-9.4
2025-08-24T19:47:00.000+00:00,3.308,3.229,-6.7,-16,-34,0,-2090,-2090,-2715.8432,2090,0,-4.4,-9.2,-9.2
2025-08-24T19:48:00.000+00:00,3.308,3.229,-6.6,-14,-35,0,-2090,-2090,-2716.264,2090,0,-3.3,-9,-8.4
2025-08-24T19:49:00.000+00:00,3.308,3.229,-7,-16,-33,0,-2090,-2090,-2720.472,2090,0,-4.3,-9.1,-9.6
2025-08-24T19:50:00.000+00:00,3.308,3.229,-6.5,-12,-34,0,-2090,-2090,-2715.0016,2090,0,-4.6,-8.9,-8.8
2025-08-24T19:51:00.000+00:00,3.308,3.229,-6.8,-14,-34,0,-2090,-2090,-2720.0512,2090,0,-3.5,-9.4,-9.2
2025-08-24T19:52:00.000+00:00,3.308,3.229,-6.6,-14,-33,0,-2090,-2090,-2718.7888,2090,0,-4.5,-9,-9.4
2025-08-24T19:53:00.000+00:00,3.308,3.229,-6.8,-16,-34,0,-2090,-2090,-2720.0512,2090,0,-4.4,-7.9,-9.1
2025-08-24T19:54:00.000+00:00,3.308,3.229,-6.9,-12,-34,0,-2090,-2090,-2715.0016,2090,0,-3.5,-9.3,-9.1
2025-08-24T19:55:00.000+00:00,3.308,3.229,-7.1,-16,-33,0,-2090,-2090,-2720.8928,2090,0,-4.7,-9.6,-9.6
2025-08-24T19:56:00.000+00:00,3.308,3.229,-7.3,-10,-34,0,-2090,-2090,-2716.6848,2090,0,-4,-9.7,-9.5
2025-08-24T19:57:00.000+00:00,3.308,3.229,-6.9,-14,-35,0,-2090,-2090,-2718.368,2090,0,-4.4,-9.9,-8.8
2025-08-24T19:58:00.000+00:00,3.308,3.229,-6.7,-16,-33,0,-2090,-2090,-2714.5808,2090,0,-4,-9.1,-9
2025-08-24T19:59:00.000+00:00,3.308,3.229,-6.5,-16,-34,0,-2090,-2090,-2714.16,2090,0,-4.1,-9,-9.6
2025-08-24T20:00:00.000+00:00,3.308,3.229,-6.8,-16,-33,0,-2090,-2090,-2717.9472,2090,0,-3.9,-9.1,-9.5
2025-08-24T20:01:00.000+00:00,3.308,3.229,-6.2,-14,-34,0,-2090,-2090,-2696.4864,2090,0,-4.3,-9.8,-9.1
2025-08-24T20:02:00.000+00:00,3.308,3.229,-6.8,-16,-33,0,-2090,-2090,-2716.6848,2090,0,-4.1,-9.3,-9
2025-08-24T20:03:00.000+00:00,3.308,3.229,-7,-12,-34,0,-2090,-2090,-2718.7888,2090,0,-4.5,-8.8,-8.7
2025-08-24T20:04:00.000+00:00,3.308,3.229,-6.8,-16,-33,0,-2090,-2090,-2713.3184,2090,0,-4.6,-9.4,-9.3
2025-08-24T20:05:00.000+00:00,3.308,3.229,-6.7,-14,-34,0,-2090,-2090,-2714.16,2090,0,-4.2,-9.8,-9.1
2025-08-24T20:06:00.000+00:00,3.308,3.23,-6.2,-14,-33,0,-2090,-2090,-2712.8976,2090,0,-4.6,-9.7,-9.6
2025-08-24T20:07:00.000+00:00,3.308,3.23,-7.1,-10,-35,0,-2090,-2090,-2717.5264,2090,0,-4.2,-9.2,-8.9
2025-08-24T20:08:00.000+00:00,3.308,3.23,-7.1,-16,-33,0,-2090,-2090,-2726.784,2090,0,-4.5,-9.5,-9.4
2025-08-24T20:09:00.000+00:00,3.308,3.23,-7.1,-16,-34,0,-2090,-2090,-2720.8928,2090,0,-4.8,-9.7,-9.4
2025-08-24T20:10:00.000+00:00,3.307,3.229,-6.2,-16,-33,0,-2090,-2090,-2711.2144,2090,0,-3.6,-9.3,-9.1
2025-08-24T20:11:00.000+00:00,3.308,3.229,-6.9,-16,-33,0,-2090,-2090,-2718.7888,2090,0,-4.5,-9.7,-9
2025-08-24T20:12:00.000+00:00,3.308,3.229,-7.2,-14,-35,0,-2090,-2090,-2720.472,2090,0,-4.1,-9.6,-9.5
2025-08-24T20:13:00.000+00:00,3.308,3.229,-7.1,-18,-33,0,-2090,-2090,-2719.2096,2090,0,-4.1,-9.5,-9.8
2025-08-24T20:14:00.000+00:00,3.308,3.229,-7,-16,-34,0,-2090,-2090,-2722.9968,2090,0,-4.1,-9.7,-9.8
2025-08-24T20:15:00.000+00:00,3.308,3.229,-7.1,-16,-33,0,-2090,-2090,-2720.0512,2090,0,-4.1,-9.1,-8.9
2025-08-24T20:16:00.000+00:00,3.308,3.229,-7,-14,-34,0,-2090,-2090,-2722.576,2090,0,-4.4,-9.8,-9.4
2025-08-24T20:17:00.000+00:00,3.308,3.229,-7.4,-16,-34,0,-2090,-2090,-2718.368,2090,0,-3.7,-9.5,-9
2025-08-24T20:18:00.000+00:00,3.308,3.229,-7.3,-16,-34,0,-2090,-2090,-2720.0512,2090,0,-4.2,-9.4,-9.6
2025-08-24T20:19:00.000+00:00,3.308,3.229,-6.7,-16,-34,0,-2090,-2090,-2718.7888,2090,0,-4.4,-9.8,-9.6
2025-08-24T20:20:00.000+00:00,3.308,3.229,-6.8,-14,-33,0,-2090,-2090,-2700.6944,2090,0,-4.5,-9.4,-9
2025-08-24T20:21:00.000+00:00,3.308,3.229,-7.6,-16,-33,0,-2090,-2090,-2707.848,2090,0,-4.4,-9.7,-9.5
2025-08-24T20:22:00.000+00:00,3.308,3.229,-7.2,-16,-34,0,-2090,-2090,-2722.576,2090,0,-4.5,-9.6,-9.1
2025-08-24T20:23:00.000+00:00,3.307,3.229,-7.1,-16,-34,0,-2090,-2090,-2720.472,2090,0,-4.7,-8.5,-8.8
2025-08-24T20:24:00.000+00:00,3.308,3.229,-7.2,-16,-33,0,-2090,-2090,-2712.4768,2090,0,-4.8,-9.1,-8.9
2025-08-24T20:25:00.000+00:00,3.308,3.229,-7.2,-16,-33,0,-2090,-2090,-2712.056,2090,0,-5,-9.1,-9.2
2025-08-24T20:26:00.000+00:00,3.308,3.229,-7,-14,-34,0,-2090,-2090,-2720.8928,2090,0,-4.5,-9.6,-9.3
2025-08-24T20:27:00.000+00:00,3.308,3.229,-7.2,-16,-34,0,-2090,-2090,-2718.368,2090,0,-4.5,-9.2,-9.5
2025-08-24T20:28:00.000+00:00,3.308,3.229,-6.9,-8,-34,0,-2090,-2090,-2721.3136,2090,0,-4.6,-9.3,-9.1
2025-08-24T20:29:00.000+00:00,3.308,3.229,-6.4,-18,-33,0,-2090,-2090,-2714.16,2090,0,-4.4,-8.7,-9
2025-08-24T20:30:00.000+00:00,3.308,3.229,-7.4,-14,-34,0,-2090,-2090,-2722.9968,2090,0,-3.4,-9.3,-9.7
2025-08-24T20:31:00.000+00:00,3.308,3.23,-7.3,-16,-34,0,-2090,-2090,-2727.2048,2090,0,-3.9,-8.7,-9.8
2025-08-24T20:32:00.000+00:00,3.308,3.23,-7.2,-18,-34,0,-2090,-2090,-2719.6304,2090,0,-4.4,-9.2,-8.8
2025-08-24T20:33:00.000+00:00,3.308,3.23,-7.1,-18,-33,0,-2090,-2090,-2720.0512,2090,0,-4.6,-9.4,-9
2025-08-24T20:34:00.000+00:00,3.308,3.23,-7.5,-18,-33,0,-2090,-2090,-2722.1552,2090,0,-4.8,-9.5,-9.1
2025-08-24T20:35:00.000+00:00,3.308,3.23,-6.9,-14,-34,0,-2090,-2090,-2718.368,2090,0,-4.2,-9.6,-9.1
2025-08-24T20:36:00.000+00:00,3.308,3.23,-7.1,-8,-34,0,-2090,-2090,-2719.6304,2090,0,-4.4,-8.9,-8.8
2025-08-24T20:37:00.000+00:00,3.308,3.23,-6.9,-14,-34,0,-2090,-2090,-2716.264,2090,0,-4.3,-9.7,-9.6
2025-08-24T20:38:00.000+00:00,3.308,3.23,-6.1,-12,-33,0,-2090,-2090,-2710.3728,2090,0,-3.5,-9.3,-9.8
2025-08-24T20:39:00.000+00:00,3.307,3.23,-7.2,-18,-33,0,-2090,-2090,-2716.6848,2090,0,-4.6,-8.1,-9.4
2025-08-24T20:40:00.000+00:00,3.307,3.23,-6.2,-16,-34,0,-2090,-2090,-2710.7936,2090,0,-4.2,-8.3,-9
2025-08-24T20:41:00.000+00:00,3.308,3.23,-6.3,-14,-34,0,-2090,-2090,-2717.1056,2090,0,-5.1,-9.3,-9.3
2025-08-24T20:42:00.000+00:00,3.308,3.23,-6.6,-16,-34,0,-2090,-2090,-2712.4768,2090,0,-4.2,-9.5,-8.8
2025-08-24T20:43:00.000+00:00,3.308,3.23,-5.7,-14,-34,0,-2090,-2090,-2706.5856,2090,0,-4.4,-9,-8.6
2025-08-24T20:44:00.000+00:00,3.307,3.23,-6.8,-14,-35,0,-2090,-2090,-2718.368,2090,0,-4.2,-9.5,-9
2025-08-24T20:45:00.000+00:00,3.307,3.23,-6.9,-14,-34,0,-2090,-2090,-2717.1056,2090,0,-4.2,-9.7,-9.3
2025-08-24T20:46:00.000+00:00,3.307,3.23,-6.7,-14,-33,0,-2090,-2090,-2717.9472,2090,0,-4.6,-9,-9.2
2025-08-24T20:47:00.000+00:00,3.307,3.23,-7.4,-14,-34,0,-2090,-2090,-2721.7344,2090,0,-4.5,-9.5,-9
2025-08-24T20:48:00.000+00:00,3.307,3.23,-7,-18,-34,0,-2090,-2090,-2719.2096,2090,0,-4.1,-9,-9.6
2025-08-24T20:49:00.000+00:00,3.308,3.23,-6.7,-14,-34,0,-2090,-2090,-2717.1056,2090,0,-4.4,-9.4,-9.2
2025-08-24T20:50:00.000+00:00,3.308,3.23,-6.7,-18,-33,0,-2090,-2090,-2715.8432,2090,0,-4,-9.4,-9.4
2025-08-24T20:51:00.000+00:00,3.308,3.23,-6.7,-14,-34,0,-2090,-2090,-2721.3136,2090,0,-4,-9.2,-9.3
2025-08-24T20:52:00.000+00:00,3.308,3.23,-6.6,-16,-35,0,-2090,-2090,-2713.7392,2090,0,-4.4,-8.8,-9
2025-08-24T20:53:00.000+00:00,3.308,3.23,-6.9,-16,-34,0,-2090,-2090,-2719.2096,2090,0,-4.3,-9.3,-9.8
2025-08-24T20:54:00.000+00:00,3.308,3.229,-6.7,-12,-34,0,-2090,-2090,-2715.0016,2090,0,-3.6,-9.7,-9.4
2025-08-24T20:55:00.000+00:00,3.308,3.23,-6.2,-16,-34,0,-2090,-2090,-2713.3184,2090,0,-4,-9.5,-8.9
2025-08-24T20:56:00.000+00:00,3.307,3.23,-7.2,-16,-34,0,-2090,-2090,-2716.264,2090,0,-4.3,-8.9,-9.4
2025-08-24T20:57:00.000+00:00,3.307,3.23,-7.3,-16,-34,0,-2090,-2090,-2720.8928,2090,0,-4.4,-9.2,-8.7
2025-08-24T20:58:00.000+00:00,3.308,3.23,-6.7,-14,-34,0,-2090,-2090,-2714.5808,2090,0,-4.6,-9,-9.5
2025-08-24T20:59:00.000+00:00,3.308,3.23,-7,-18,-34,0,-2090,-2090,-2706.5856,2090,0,-3.7,-8.8,-9.5
2025-08-24T21:00:00.000+00:00,3.308,3.23,-7.1,-14,-33,0,-2090,-2090,-2719.2096,2090,0,-4.7,-9.2,-9.4
2025-08-24T21:01:00.000+00:00,3.308,3.23,-7,-16,-35,0,-2090,-2090,-2718.368,2090,0,-3.8,-9.1,-9.2
2025-08-24T21:02:00.000+00:00,3.308,3.23,-7.1,-16,-34,0,-2090,-2090,-2717.5264,2090,0,-4.2,-9.5,-8.6
2025-08-24T21:03:00.000+00:00,3.307,3.23,-6.5,-16,-35,0,-2090,-2090,-2719.2096,2090,0,-4.7,-9,-9.7
2025-08-24T21:04:00.000+00:00,3.307,3.23,-6.7,-14,-33,0,-2090,-2090,-2715.0016,2090,0,-4,-9.3,-8.6
2025-08-24T21:05:00.000+00:00,3.307,3.23,-7,-14,-33,0,-2090,-2090,-2719.6304,2090,0,-4.8,-9.2,-9.2
2025-08-24T21:06:00.000+00:00,3.307,3.23,-7,-16,-34,0,-2090,-2090,-2713.7392,2090,0,-4,-9.3,-9.3
2025-08-24T21:07:00.000+00:00,3.307,3.23,-7.5,-16,-34,0,-2090,-2090,-2721.7344,2090,0,-4.8,-9.4,-9.3
2025-08-24T21:08:00.000+00:00,3.307,3.23,-6.9,-16,-34,0,-2090,-2090,-2697.328,2090,0,-4.8,-9.9,-8.8
2025-08-24T21:09:00.000+00:00,3.307,3.23,-7.2,-16,-34,0,-2090,-2090,-2721.7344,2090,0,-4.3,-9.6,-9.4
2025-08-24T21:10:00.000+00:00,3.307,3.23,-6.3,-14,-34,0,-2090,-2090,-2712.056,2090,0,-4.1,-9.2,-9.5
2025-08-24T21:11:00.000+00:00,3.307,3.23,-7.1,-16,-33,0,-2090,-2090,-2718.368,2090,0,-4.5,-9.4,-8.8
2025-08-24T21:12:00.000+00:00,3.307,3.23,-7.1,-16,-34,0,-2090,-2090,-2717.9472,2090,0,-4.3,-8.6,-9.4
2025-08-24T21:13:00.000+00:00,3.307,3.23,-7.1,-16,-34,0,-2090,-2090,-2720.0512,2090,0,-4.8,-9,-9
2025-08-24T21:14:00.000+00:00,3.307,3.23,-6.9,-14,-34,0,-2090,-2090,-2720.0512,2090,0,-4.7,-9.8,-9
2025-08-24T21:15:00.000+00:00,3.307,3.23,-7,-16,-33,0,-2090,-2090,-2720.0512,2090,0,-4.5,-9,-9.8
2025-08-24T21:16:00.000+00:00,3.307,3.23,-7.1,-16,-34,0,-2090,-2090,-2715.4224,2090,0,-4.7,-9.6,-9.6
2025-08-24T21:17:00.000+00:00,3.307,3.23,-6.5,-14,-33,0,-2090,-2090,-2716.264,2090,0,-4.6,-9.8,-9.4
2025-08-24T21:18:00.000+00:00,3.307,3.23,-6.3,-14,-33,0,-2090,-2090,-2707.848,2090,0,-4.1,-9.2,-9.2
2025-08-24T21:19:00.000+00:00,3.307,3.23,-6.4,-18,-33,0,-2090,-2090,-2707.4272,2090,0,-4.8,-9.1,-9.5
2025-08-24T21:20:00.000+00:00,3.307,3.23,-7.2,-14,-33,0,-2090,-2090,-2720.0512,2090,0,-4,-8.7,-9.4
2025-08-24T21:21:00.000+00:00,3.308,3.23,-7,-16,-33,0,-2090,-2090,-2720.472,2090,0,-4.1,-9.3,-9.3
2025-08-24T21:22:00.000+00:00,3.308,3.23,-6.7,-14,-35,0,-2090,-2090,-2716.264,2090,0,-4.1,-8.9,-9.2
2025-08-24T21:23:00.000+00:00,3.308,3.23,-6.8,-14,-33,0,-2090,-2090,-2715.8432,2090,0,-4.4,-8.2,-8.9
2025-08-24T21:24:00.000+00:00,3.308,3.23,-6.2,-16,-35,0,-2090,-2090,-2710.7936,2090,0,-4.7,-9.3,-9.3
2025-08-24T21:25:00.000+00:00,3.308,3.23,-6.5,-16,-33,0,-2090,-2090,-2714.5808,2090,0,-4.3,-8.8,-8.8
2025-08-24T21:26:00.000+00:00,3.308,3.23,-6.6,-14,-34,0,-2090,-2090,-2716.264,2090,0,-4.3,-9.3,-10
2025-08-24T21:27:00.000+00:00,3.308,3.23,-6.6,-14,-34,0,-2090,-2090,-2716.264,2090,0,-4.4,-9.1,-9.5
2025-08-24T21:28:00.000+00:00,3.307,3.23,-6.5,-14,-35,0,-2090,-2090,-2717.1056,2090,0,-4.6,-8.8,-9.4
2025-08-24T21:29:00.000+00:00,3.306,3.23,-6.8,-14,-34,0,-2090,-2090,-2715.8432,2090,0,-4,-9.4,-9.5
2025-08-24T21:30:00.000+00:00,3.307,3.23,-6.9,-16,-33,0,-2090,-2090,-2721.3136,2090,0,-4.7,-8.9,-9.5
2025-08-24T21:31:00.000+00:00,3.307,3.23,-6.7,-16,-33,0,-2090,-2090,-2715.0016,2090,0,-4.4,-9.7,-9.8
2025-08-24T21:32:00.000+00:00,3.307,3.23,-6.8,-16,-34,0,-2090,-2090,-2720.472,2090,0,-4.2,-9.9,-9.5
2025-08-24T21:33:00.000+00:00,3.306,3.23,-6.8,-14,-33,0,-2090,-2090,-2712.056,2090,0,-4.5,-8.8,-9.1
2025-08-24T21:34:00.000+00:00,3.307,3.23,-6.8,-16,-34,0,-2090,-2090,-2716.6848,2090,0,-5.4,-9,-8.9
2025-08-24T21:35:00.000+00:00,3.307,3.23,-7,-16,-33,0,-2090,-2090,-2715.8432,2090,0,-4.4,-9.5,-9.3
2025-08-24T21:36:00.000+00:00,3.307,3.23,-6.2,-16,-35,0,-2090,-2090,-2719.2096,2090,0,-4.6,-9.8,-9.6
2025-08-24T21:37:00.000+00:00,3.307,3.23,-7.1,-14,-34,0,-2090,-2090,-2720.0512,2090,0,-4.4,-8.8,-8.9
2025-08-24T21:38:00.000+00:00,3.307,3.23,-7.4,-16,-34,0,-2090,-2090,-2722.1552,2090,0,-4.3,-9.2,-9.7
2025-08-24T21:39:00.000+00:00,3.307,3.23,-7,-18,-33,0,-2090,-2090,-2720.472,2090,0,-4.6,-8.9,-9.3
2025-08-24T21:40:00.000+00:00,3.307,3.23,-7.4,-16,-33,0,-2090,-2090,-2725.5216,2090,0,-4.9,-9.5,-9.6
2025-08-24T21:41:00.000+00:00,3.307,3.23,-6.7,-16,-33,0,-2090,-2090,-2717.9472,2090,0,-4.6,-9.6,-8.5
2025-08-24T21:42:00.000+00:00,3.307,3.23,-6.8,-14,-34,0,-2090,-2090,-2715.8432,2090,0,-4.3,-9.4,-9.1
2025-08-24T21:43:00.000+00:00,3.307,3.23,-6.1,-14,-33,0,-2090,-2090,-2711.2144,2090,0,-4,-9.4,-9.6
2025-08-24T21:44:00.000+00:00,3.307,3.23,-6.3,-16,-34,0,-2090,-2090,-2711.2144,2090,0,-4.2,-9.4,-9.6
2025-08-24T21:45:00.000+00:00,3.307,3.23,-6.6,-14,-34,0,-2090,-2090,-2715.4224,2090,0,-4.2,-9.2,-9.4
2025-08-24T21:46:00.000+00:00,3.307,3.23,-6.7,-14,-34,0,-2090,-2090,-2713.7392,2090,0,-4.8,-9.6,-9.1
2025-08-24T21:47:00.000+00:00,3.307,3.23,-6,-14,-34,0,-2090,-2090,-2711.6352,2090,0,-3.9,-9.3,-8.9
2025-08-24T21:48:00.000+00:00,3.307,3.23,-6.4,-16,-34,0,-2090,-2090,-2707.4272,2090,0,-4.4,-9.2,-9.2
2025-08-24T21:49:00.000+00:00,3.308,3.23,-6.4,-14,-34,0,-2090,-2090,-2717.9472,2090,0,-4.4,-9.7,-9.8
2025-08-24T21:50:00.000+00:00,3.307,3.23,-6.6,-14,-33,0,-2090,-2090,-2715.4224,2090,0,-4.4,-8.7,-9.2
2025-08-24T21:51:00.000+00:00,3.307,3.23,-7,-18,-34,0,-2090,-2090,-2717.5264,2090,0,-4.4,-9.4,-9.5
2025-08-24T21:52:00.000+00:00,3.307,3.23,-6.9,-16,-35,0,-2090,-2090,-2720.0512,2090,0,-4.1,-9.4,-9.4
2025-08-24T21:53:00.000+00:00,3.307,3.23,-7.1,-16,-34,0,-2090,-2090,-2722.576,2090,0,-4.2,-8.7,-8.8
2025-08-24T21:54:00.000+00:00,3.307,3.23,-7.8,-16,-34,0,-2090,-2090,-2726.784,2090,0,-4.4,-9.1,-9.6
2025-08-24T21:55:00.000+00:00,3.306,3.23,-6.7,-16,-33,0,-2090,-2090,-2716.6848,2090,0,-4.1,-9,-9.3
2025-08-24T21:56:00.000+00:00,3.307,3.23,-6.7,-16,-33,0,-2090,-2090,-2724.2592,2090,0,-4.9,-9.4,-8.6
2025-08-24T21:57:00.000+00:00,3.308,3.23,-7,-16,-35,0,-2090,-2090,-2716.6848,2090,0,-4.3,-9.1,-9.6
2025-08-24T21:58:00.000+00:00,3.308,3.23,-6.4,-14,-34,0,-2090,-2090,-2706.5856,2090,0,-4.3,-9.4,-9.2
2025-08-24T21:59:00.000+00:00,3.306,3.23,-6.6,-16,-33,0,-2090,-2090,-2715.0016,2090,0,-4.3,-9.2,-9.5
2025-08-24T22:00:00.000+00:00,3.307,3.23,-6.9,-16,-33,0,-2090,-2090,-2716.6848,2090,0,-4.6,-9,-9.3
2025-08-24T22:01:00.000+00:00,3.308,3.23,-6.8,-18,-33,0,-2090,-2090,-2713.3184,2090,0,-4.6,-9.1,-8.9
2025-08-24T22:02:00.000+00:00,3.307,3.23,-6,-16,-34,0,-2090,-2090,-2714.16,2090,0,-5.1,-9.4,-9.3
2025-08-24T22:03:00.000+00:00,3.307,3.231,-5.7,-16,-34,0,-2090,-2090,-2706.1648,2090,0,-4.1,-9.4,-9.2
2025-08-24T22:04:00.000+00:00,3.307,3.231,-6.3,-16,-34,0,-2090,-2090,-2718.7888,2090,0,-4.2,-9.8,-9.4
2025-08-24T22:05:00.000+00:00,3.307,3.231,-7.3,-18,-34,0,-2090,-2090,-2723.8384,2090,0,-4.3,-9.8,-9.7
2025-08-24T22:06:00.000+00:00,3.307,3.229,-6.9,-14,-34,0,-2090,-2090,-2720.472,2090,0,-4.5,-9.3,-9.2
2025-08-24T22:07:00.000+00:00,3.307,3.23,-6.6,-14,-34,0,-2090,-2090,-2713.3184,2090,0,-4,-9.7,-9.2
2025-08-24T22:08:00.000+00:00,3.307,3.23,-7.2,-16,-33,0,-2090,-2090,-2716.6848,2090,0,-4.5,-9.6,-9.4
2025-08-24T22:09:00.000+00:00,3.307,3.231,-7.4,-16,-34,0,-2090,-2090,-2727.2048,2090,0,-3.4,-9.7,-9.6
2025-08-24T22:10:00.000+00:00,3.307,3.231,-7.3,-16,-34,0,-2090,-2090,-2720.0512,2090,0,-4.2,-8.9,-9.2
2025-08-24T22:11:00.000+00:00,3.307,3.231,-7.2,-18,-34,0,-2090,-2090,-2722.1552,2090,0,-4.3,-9.4,-9.3
2025-08-24T22:12:00.000+00:00,3.307,3.231,-7.1,-16,-34,0,-2090,-2090,-2721.3136,2090,0,-4.6,-9.9,-9.2
2025-08-24T22:13:00.000+00:00,3.307,3.231,-7.3,-16,-34,0,-2090,-2090,-2728.4672,2090,0,-4.4,-9.5,-9.1
2025-08-24T22:14:00.000+00:00,3.307,3.231,-7.4,-16,-35,0,-2090,-2090,-2721.7344,2090,0,-4.5,-10,-9.9
2025-08-24T22:15:00.000+00:00,3.307,3.231,-7.6,-12,-33,0,-2090,-2090,-2724.68,2090,0,-4.2,-9.6,-9.6
2025-08-24T22:16:00.000+00:00,3.307,3.231,-7.1,-16,-34,0,-2090,-2090,-2717.1056,2090,0,-4.5,-8.9,-9.8
2025-08-24T22:17:00.000+00:00,3.307,3.231,-7.2,-16,-33,0,-2090,-2090,-2720.8928,2090,0,-4.2,-9.7,-9.4
2025-08-24T22:18:00.000+00:00,3.307,3.23,-7.3,-16,-34,0,-2090,-2090,-2723.4176,2090,0,-3.2,-8.9,-9.2
2025-08-24T22:19:00.000+00:00,3.307,3.23,-7.2,-16,-34,0,-2090,-2090,-2721.7344,2090,0,-4.1,-9.7,-9.6
2025-08-24T22:20:00.000+00:00,3.307,3.231,-6.6,-14,-34,0,-2090,-2090,-2714.16,2090,0,-4,-8.6,-9.2
2025-08-24T22:21:00.000+00:00,3.307,3.231,-7,-14,-34,0,-2090,-2090,-2718.7888,2090,0,-4.7,-9.4,-9.1
2025-08-24T22:22:00.000+00:00,3.307,3.231,-7.2,-16,-33,0,-2090,-2090,-2722.1552,2090,0,-4.3,-9.8,-10
2025-08-24T22:23:00.000+00:00,3.307,3.231,-6.8,-18,-33,0,-2090,-2090,-2714.5808,2090,0,-4.6,-9.7,-9.6
2025-08-24T22:24:00.000+00:00,3.307,3.23,-6.9,-18,-34,0,-2090,-2090,-2719.6304,2090,0,-3.8,-9.5,-9.6
2025-08-24T22:25:00.000+00:00,3.307,3.231,-7.1,-16,-33,0,-2090,-2090,-2718.368,2090,0,-4.7,-8.9,-8.8
2025-08-24T22:26:00.000+00:00,3.307,3.231,-6.8,-16,-34,0,-2090,-2090,-2715.0016,2090,0,-4.7,-9.8,-9.8
2025-08-24T22:27:00.000+00:00,3.307,3.231,-6.9,-16,-34,0,-2090,-2090,-2721.7344,2090,0,-4.8,-9.5,-8.9
2025-08-24T22:28:00.000+00:00,3.307,3.231,-6.7,-12,-33,0,-2090,-2090,-2715.0016,2090,0,-4.7,-9.2,-9.8
2025-08-24T22:29:00.000+00:00,3.307,3.231,-7.2,-14,-33,0,-2090,-2090,-2722.576,2090,0,-3.9,-9.6,-9.1
2025-08-24T22:30:00.000+00:00,3.307,3.231,-6.5,-14,-34,0,-2090,-2090,-2712.4768,2090,0,-4.6,-9.3,-8.9
2025-08-24T22:31:00.000+00:00,3.307,3.231,-6.6,-16,-34,0,-2090,-2090,-2717.9472,2090,0,-4.7,-9.2,-9.4
2025-08-24T22:32:00.000+00:00,3.307,3.23,-7,-16,-34,0,-2090,-2090,-2716.264,2090,0,-3.8,-9.6,-9.6
2025-08-24T22:33:00.000+00:00,3.307,3.231,-6.9,-16,-34,0,-2090,-2090,-2717.5264,2090,0,-4.5,-8.6,-9.3
2025-08-24T22:34:00.000+00:00,3.307,3.231,-7,-16,-34,0,-2090,-2090,-2720.0512,2090,0,-4.7,-9,-9.1
2025-08-24T22:35:00.000+00:00,3.307,3.231,-6.8,-12,-34,0,-2090,-2090,-2719.2096,2090,0,-4.9,-9.4,-9.6
2025-08-24T22:36:00.000+00:00,3.307,3.231,-6.6,-14,-34,0,-2090,-2090,-2716.6848,2090,0,-4,-9.1,-9.5
2025-08-24T22:37:00.000+00:00,3.307,3.231,-7,-14,-34,0,-2090,-2090,-2721.3136,2090,0,-4.9,-9.6,-8.6
2025-08-24T22:38:00.000+00:00,3.307,3.231,-7.2,-16,-34,0,-2090,-2090,-2723.8384,2090,0,-4.3,-9,-9.4
2025-08-24T22:39:00.000+00:00,3.307,3.231,-7.4,-14,-34,0,-2090,-2090,-2721.7344,2090,0,-4.7,-8.9,-9.8
2025-08-24T22:40:00.000+00:00,3.307,3.231,-7.2,-18,-33,0,-2090,-2090,-2724.68,2090,0,-4.6,-9.2,-9
2025-08-24T22:41:00.000+00:00,3.307,3.231,-6.5,-16,-34,0,-2090,-2090,-2717.1056,2090,0,-4.1,-9.6,-9.6
2025-08-24T22:42:00.000+00:00,3.307,3.231,-7.3,-18,-34,0,-2090,-2090,-2722.576,2090,0,-4.5,-9.6,-9.4
2025-08-24T22:43:00.000+00:00,3.306,3.231,-7.3,-16,-34,0,-2090,-2090,-2720.8928,2090,0,-4.3,-9.8,-9.6
2025-08-24T22:44:00.000+00:00,3.307,3.231,-7,-16,-34,0,-2090,-2090,-2714.16,2090,0,-4.2,-9.6,-9.5
2025-08-24T22:45:00.000+00:00,3.307,3.231,-7.8,-16,-34,0,-2090,-2090,-2724.2592,2090,0,-4.7,-9.3,-9.7
2025-08-24T22:46:00.000+00:00,3.307,3.231,-6.7,-18,-35,0,-2090,-2090,-2715.8432,2090,0,-4.9,-9,-9.8
2025-08-24T22:47:00.000+00:00,3.307,3.231,-7.1,-18,-34,0,-2090,-2090,-2726.784,2090,0,-4.5,-9.3,-8.5
2025-08-24T22:48:00.000+00:00,3.307,3.231,-6.9,-18,-33,0,-2090,-2090,-2719.6304,2090,0,-3.7,-8.8,-9.3
2025-08-24T22:49:00.000+00:00,3.307,3.231,-6.9,-16,-34,0,-2090,-2090,-2718.7888,2090,0,-4.1,-8.9,-10
2025-08-24T22:50:00.000+00:00,3.307,3.231,-7.1,-18,-34,0,-2090,-2090,-2721.3136,2090,0,-3.7,-9.1,-8.7
2025-08-24T22:51:00.000+00:00,3.307,3.231,-6.8,-16,-34,0,-2090,-2090,-2717.5264,2090,0,-4.7,-10.1,-9.6
2025-08-24T22:52:00.000+00:00,3.307,3.231,-7,-16,-35,0,-2090,-2090,-2722.576,2090,0,-4.6,-9.2,-9.4
2025-08-24T22:53:00.000+00:00,3.307,3.231,-7.5,-16,-34,0,-2090,-2090,-2724.68,2090,0,-4.2,-9,-9.6
2025-08-24T22:54:00.000+00:00,3.307,3.231,-5.9,-14,-33,0,-2090,-2090,-2723.8384,2090,0,-4.3,-9.6,-8.8
2025-08-24T22:55:00.000+00:00,3.307,3.231,-7.2,-14,-34,0,-2090,-2090,-2722.9968,2090,0,-4.7,-9.4,-9.4
2025-08-24T22:56:00.000+00:00,3.307,3.231,-6.8,-16,-34,0,-2090,-2090,-2709.1104,2090,0,-4.6,-9.5,-9.8
2025-08-24T22:57:00.000+00:00,3.307,3.231,-6.6,-14,-34,0,-2090,-2090,-2721.7344,2090,0,-4.6,-9.2,-9.9
2025-08-24T22:58:00.000+00:00,3.307,3.231,-7,-14,-34,0,-2090,-2090,-2719.2096,2090,0,-4.6,-8.9,-9.5
2025-08-24T22:59:00.000+00:00,3.307,3.231,-6.4,-18,-33,0,-2090,-2090,-2719.6304,2090,0,-4.7,-9.6,-9.4
2025-08-24T23:00:00.000+00:00,3.307,3.232,-6.5,-14,-33,0,-2090,-2090,-2721.3136,2090,0,-4.6,-9.6,-9.5
2025-08-24T23:01:00.000+00:00,3.307,3.232,-6.2,-14,-33,0,-2090,-2090,-2713.3184,2090,0,-4.8,-8.8,-9.1
2025-08-24T23:02:00.000+00:00,3.307,3.232,-6.7,-18,-33,0,-2090,-2090,-2720.8928,2090,0,-4.4,-9.7,-10.1
2025-08-24T23:03:00.000+00:00,3.307,3.232,-7.1,-14,-34,0,-2090,-2090,-2717.5264,2090,0,-4.2,-9.4,-9.4
2025-08-24T23:04:00.000+00:00,3.307,3.232,-7.1,-14,-33,0,-2090,-2090,-2720.8928,2090,0,-4.2,-9.5,-9.4
2025-08-24T23:05:00.000+00:00,3.307,3.232,-6.3,-16,-34,0,-2090,-2090,-2715.8432,2090,0,-4.4,-9.8,-10.2
2025-08-24T23:06:00.000+00:00,3.307,3.232,-6.3,-14,-34,0,-2090,-2090,-2714.5808,2090,0,-4.8,-9.2,-9.5
2025-08-24T23:07:00.000+00:00,3.307,3.232,-6.3,-18,-35,0,-2090,-2090,-2720.8928,2090,0,-4.3,-9.8,-9.3
2025-08-24T23:08:00.000+00:00,3.307,3.232,-7.5,-18,-35,0,-2090,-2090,-2725.9424,2090,0,-4.3,-9.6,-9.6
2025-08-24T23:09:00.000+00:00,3.307,3.232,-7.1,-16,-33,0,-2090,-2090,-2720.0512,2090,0,-4.1,-9.6,-9.5
2025-08-24T23:10:00.000+00:00,3.307,3.232,-6.8,-16,-35,0,-2090,-2090,-2728.0464,2090,0,-3.4,-9,-9.3
2025-08-24T23:11:00.000+00:00,3.307,3.232,-7.8,-18,-34,0,-2090,-2090,-2725.9424,2090,0,-4.3,-9.3,-9.6
2025-08-24T23:12:00.000+00:00,3.307,3.232,-7.6,-18,-34,0,-2090,-2090,-2723.4176,2090,0,-4.3,-8.9,-9.1
2025-08-24T23:13:00.000+00:00,3.307,3.232,-7.6,-14,-34,0,-2090,-2090,-2708.2688,2090,0,-4.4,-9.3,-9.3
2025-08-24T23:14:00.000+00:00,3.307,3.232,-7.4,-16,-34,0,-2090,-2090,-2728.0464,2090,0,-4.8,-9.6,-9.3
2025-08-24T23:15:00.000+00:00,3.307,3.232,-6.3,-14,-34,0,-2090,-2090,-2713.7392,2090,0,-4.4,-9.3,-9.1
2025-08-24T23:16:00.000+00:00,3.307,3.232,-7.3,-16,-33,0,-2090,-2090,-2727.6256,2090,0,-4.2,-9.5,-9.6
2025-08-24T23:17:00.000+00:00,3.307,3.232,-7.2,-16,-34,0,-2090,-2090,-2724.2592,2090,0,-4.2,-10.1,-9.4
2025-08-24T23:18:00.000+00:00,3.307,3.232,-7.2,-16,-34,0,-2090,-2090,-2719.2096,2090,0,-4.7,-8.6,-8.8
2025-08-24T23:19:00.000+00:00,3.307,3.232,-7.4,-18,-33,0,-2090,-2090,-2731.8336,2090,0,-4.3,-9.6,-9.2
2025-08-24T23:20:00.000+00:00,3.307,3.232,-7.4,-16,-34,0,-2090,-2090,-2728.4672,2090,0,-4.7,-8.7,-9.5
2025-08-24T23:21:00.000+00:00,3.307,3.232,-6.8,-16,-34,0,-2090,-2090,-2721.7344,2090,0,-5.1,-9.1,-9.6
2025-08-24T23:22:00.000+00:00,3.307,3.232,-7.2,-16,-34,0,-2090,-2090,-2722.1552,2090,0,-4.8,-9,-9.1
2025-08-24T23:23:00.000+00:00,3.307,3.232,-7,-16,-34,0,-2090,-2090,-2725.1008,2090,0,-4.6,-9.5,-9.6
2025-08-24T23:24:00.000+00:00,3.307,3.232,-7,-14,-34,0,-2090,-2090,-2723.4176,2090,0,-5,-9.2,-9.1
2025-08-24T23:25:00.000+00:00,3.307,3.232,-7.4,-14,-34,0,-2090,-2090,-2724.68,2090,0,-4.4,-9.3,-9.3
2025-08-24T23:26:00.000+00:00,3.307,3.232,-6.6,-16,-34,0,-2090,-2090,-2717.1056,2090,0,-4.2,-9,-9.9
2025-08-24T23:27:00.000+00:00,3.307,3.232,-6.2,-14,-34,0,-2090,-2090,-2717.1056,2090,0,-4.2,-9.1,-9.6
2025-08-24T23:28:00.000+00:00,3.307,3.232,-7.1,-18,-33,0,-2090,-2090,-2723.4176,2090,0,-5,-9.3,-9
2025-08-24T23:29:00.000+00:00,3.307,3.232,-7,-16,-34,0,-2090,-2090,-2722.1552,2090,0,-4,-9.5,-9.7
2025-08-24T23:30:00.000+00:00,3.307,3.232,-6.1,-16,-33,0,-2090,-2090,-2720.8928,2090,0,-4.3,-9.2,-9.2
2025-08-24T23:31:00.000+00:00,3.307,3.232,-6.8,-16,-35,0,-2090,-2090,-2719.6304,2090,0,-4.3,-9.3,-9.4
2025-08-24T23:32:00.000+00:00,3.307,3.232,-6.3,-16,-34,0,-2090,-2090,-2723.8384,2090,0,-4.1,-9.5,-9.3
2025-08-24T23:33:00.000+00:00,3.307,3.232,-7.2,-16,-34,0,-2090,-2090,-2721.7344,2090,0,-4.7,-9.4,-9.7
2025-08-24T23:34:00.000+00:00,3.307,3.232,-6.9,-16,-34,0,-2090,-2090,-2718.368,2090,0,-4.5,-8.7,-9.4
2025-08-24T23:35:00.000+00:00,3.307,3.232,-6.6,-14,-34,0,-2090,-2090,-2719.2096,2090,0,-4.3,-9.2,-9.2
2025-08-24T23:36:00.000+00:00,3.307,3.232,-6.6,-14,-34,0,-2090,-2090,-2718.7888,2090,0,-4.2,-10,-9.5
2025-08-24T23:37:00.000+00:00,3.307,3.232,-7,-12,-35,0,-2090,-2090,-2721.3136,2090,0,-4.6,-9.4,-9.7
2025-08-24T23:38:00.000+00:00,3.307,3.232,-6.7,-16,-34,0,-2090,-2090,-2720.472,2090,0,-4.4,-9.4,-9.5
2025-08-24T23:39:00.000+00:00,3.307,3.232,-7,-18,-34,0,-2090,-2090,-2720.8928,2090,0,-5.1,-9.1,-9.2
2025-08-24T23:40:00.000+00:00,3.307,3.232,-7.3,-14,-34,0,-2090,-2090,-2726.784,2090,0,-4.9,-9.6,-8.8
2025-08-24T23:41:00.000+00:00,3.307,3.232,-6.1,-16,-35,0,-2090,-2090,-2712.8976,2090,0,-4.7,-9.6,-9
2025-08-24T23:42:00.000+00:00,3.307,3.232,-6.9,-18,-33,0,-2090,-2090,-2725.9424,2090,0,-4,-9.4,-9.5
2025-08-24T23:43:00.000+00:00,3.307,3.232,-7,-16,-35,0,-2090,-2090,-2720.472,2090,0,-4.5,-8.8,-9.8
2025-08-24T23:44:00.000+00:00,3.307,3.232,-6.9,-16,-34,0,-2090,-2090,-2719.2096,2090,0,-4.6,-9.9,-8.6
2025-08-24T23:45:00.000+00:00,3.307,3.232,-7,-16,-34,0,-2090,-2090,-2717.9472,2090,0,-5,-8.4,-9.6
2025-08-24T23:46:00.000+00:00,3.307,3.233,-6.9,-16,-34,0,-2090,-2090,-2721.3136,2090,0,-5,-9.6,-9.5
2025-08-24T23:47:00.000+00:00,3.307,3.233,-7,-18,-34,0,-2090,-2090,-2726.3632,2090,0,-4.8,-9.4,-9.2
2025-08-24T23:48:00.000+00:00,3.307,3.233,-6.8,-16,-33,0,-2090,-2090,-2720.0512,2090,0,-4.3,-9.6,-9.1
2025-08-24T23:49:00.000+00:00,3.307,3.233,-7.2,-16,-34,0,-2090,-2090,-2725.1008,2090,0,-4.4,-9.2,-9.8
2025-08-24T23:50:00.000+00:00,3.307,3.233,-7.5,-16,-34,0,-2090,-2090,-2724.68,2090,0,-4.5,-9.3,-9.2
2025-08-24T23:51:00.000+00:00,3.307,3.233,-6.5,-16,-34,0,-2090,-2090,-2720.0512,2090,0,-4.2,-9.5,-9.4
2025-08-24T23:52:00.000+00:00,3.307,3.233,-6.7,-16,-34,0,-2090,-2090,-2720.0512,2090,0,-4.4,-9.2,-9.9
2025-08-24T23:53:00.000+00:00,3.307,3.233,-6.2,-14,-35,0,-2090,-2090,-2711.6352,2090,0,-5,-9.4,-9.6
2025-08-24T23:54:00.000+00:00,3.307,3.233,-7,-16,-34,0,-2090,-2090,-2722.576,2090,0,-5.1,-9.3,-9.1
2025-08-24T23:55:00.000+00:00,3.307,3.232,-6.7,-16,-34,0,-2090,-2090,-2721.3136,2090,0,-4.5,-9.5,-9.3
2025-08-24T23:56:00.000+00:00,3.307,3.232,-6.6,-16,-34,0,-2090,-2090,-2715.8432,2090,0,-4,-9.3,-9.4
2025-08-24T23:57:00.000+00:00,3.307,3.233,-6.7,-16,-34,0,-2090,-2090,-2717.5264,2090,0,-4.7,-9.7,-9.1
2025-08-24T23:58:00.000+00:00,3.307,3.233,-6.8,-16,-34,0,-2090,-2090,-2721.7344,2090,0,-4.4,-9.7,-9.2
2025-08-24T23:59:00.000+00:00,3.307,3.233,-7.4,-16,-34,0,-2090,-2090,-2723.8384,2090,0,-4.9,-9.1,-9.4
2025-08-25T00:00:00.000+00:00,3.307,3.233,-6.3,-16,-34,0,-2090,-2090,-2714.5808,2090,0,-4.7,-9.4,-9.3
2025-08-25T00:01:00.000+00:00,3.307,3.233,-6.9,-16,-34,0,-2090,-2090,-2722.9968,2090,0,-4.5,-9.5,-9.2
2025-08-25T00:02:00.000+00:00,3.307,3.233,-6.5,-16,-34,0,-2090,-2090,-2715.8432,2090,0,-4.9,-9.4,-9.4
2025-08-25T00:03:00.000+00:00,3.307,3.233,-6.4,-16,-34,0,-2090,-2090,-2722.1552,2090,0,-5,-9.9,-9.4
2025-08-25T00:04:00.000+00:00,3.307,3.233,-6.9,-16,-34,0,-2090,-2090,-2719.6304,2090,0,-4.5,-9.1,-9
2025-08-25T00:05:00.000+00:00,3.307,3.233,-7,-14,-34,0,-2090,-2090,-2720.8928,2090,0,-4.7,-9.6,-9.1
2025-08-25T00:06:00.000+00:00,3.307,3.232,-6.8,-18,-33,0,-2090,-2090,-2717.1056,2090,0,-4.5,-9.6,-8.6
2025-08-25T00:07:00.000+00:00,3.307,3.233,-7.4,-16,-34,0,-2090,-2090,-2723.8384,2090,0,-4.3,-9.6,-9.6
2025-08-25T00:08:00.000+00:00,3.307,3.233,-7.4,-16,-34,0,-2090,-2090,-2724.68,2090,0,-4.5,-9,-9.3
2025-08-25T00:09:00.000+00:00,3.307,3.233,-7.9,-18,-34,0,-2090,-2090,-2728.888,2090,0,-3.8,-8.8,-9.5
2025-08-25T00:10:00.000+00:00,3.307,3.233,-7.3,-16,-35,0,-2090,-2090,-2726.784,2090,0,-4.8,-9.1,-9.6
2025-08-25T00:11:00.000+00:00,3.307,3.233,-6.9,-18,-34,0,-2090,-2090,-2721.7344,2090,0,-4.7,-9.4,-9.2
2025-08-25T00:12:00.000+00:00,3.307,3.233,-7.8,-16,-34,0,-2090,-2090,-2727.6256,2090,0,-4.5,-9.1,-9.7
2025-08-25T00:13:00.000+00:00,3.307,3.233,-7.5,-18,-34,0,-2090,-2090,-2726.784,2090,0,-4.8,-9.1,-9.9
2025-08-25T00:14:00.000+00:00,3.307,3.233,-7,-16,-34,0,-2090,-2090,-2720.8928,2090,0,-4.6,-9.4,-9.5
2025-08-25T00:15:00.000+00:00,3.307,3.233,-7.7,-16,-34,0,-2090,-2090,-2725.9424,2090,0,-4.5,-9.6,-9.5
2025-08-25T00:16:00.000+00:00,3.307,3.233,-6.9,-14,-34,0,-2090,-2090,-2720.8928,2090,0,-4.2,-9.7,-9.6
2025-08-25T00:17:00.000+00:00,3.307,3.233,-7.5,-18,-34,0,-2090,-2090,-2723.8384,2090,0,-4.5,-8.9,-9.2
2025-08-25T00:18:00.000+00:00,3.307,3.233,-6.8,-16,-34,0,-2090,-2090,-2717.9472,2090,0,-5.1,-8.3,-9.9
2025-08-25T00:19:00.000+00:00,3.307,3.233,-7.6,-16,-34,0,-2090,-2090,-2725.1008,2090,0,-4.8,-9.3,-9.4
2025-08-25T00:20:00.000+00:00,3.307,3.233,-7.4,-16,-34,0,-2090,-2090,-2725.9424,2090,0,-4.8,-8.5,-9.4
2025-08-25T00:21:00.000+00:00,3.307,3.233,-7.2,-16,-34,0,-2090,-2090,-2723.8384,2090,0,-4.6,-9,-9.3
2025-08-25T00:22:00.000+00:00,3.307,3.233,-7,-16,-34,0,-2090,-2090,-2720.472,2090,0,-4.1,-9.3,-9.6
2025-08-25T00:23:00.000+00:00,3.307,3.233,-7.2,-18,-34,0,-2090,-2090,-2724.2592,2090,0,-4.1,-9.4,-9.2
2025-08-25T00:24:00.000+00:00,3.307,3.233,-6.9,-16,-34,0,-2090,-2090,-2721.3136,2090,0,-4.5,-9.8,-9.6
2025-08-25T00:25:00.000+00:00,3.307,3.233,-6.2,-16,-35,0,-2090,-2090,-2713.7392,2090,0,-4.2,-9.8,-9.4
2025-08-25T00:26:00.000+00:00,3.307,3.233,-7.4,-16,-34,0,-2090,-2090,-2725.1008,2090,0,-4.9,-9,-8.9
2025-08-25T00:27:00.000+00:00,3.307,3.233,-7.1,-16,-34,0,-2090,-2090,-2726.784,2090,0,-4.4,-9.2,-9.6
2025-08-25T00:28:00.000+00:00,3.307,3.233,-6.5,-14,-34,0,-2090,-2090,-2719.6304,2090,0,-5.1,-8.9,-9.3
2025-08-25T00:29:00.000+00:00,3.307,3.233,-6.3,-18,-34,0,-2090,-2090,-2712.8976,2090,0,-4.1,-8.6,-9.3
2025-08-25T00:30:00.000+00:00,3.307,3.233,-6.5,-16,-34,0,-2090,-2090,-2716.6848,2090,0,-5.2,-9.3,-8.6
2025-08-25T00:31:00.000+00:00,3.307,3.233,-6.4,-16,-34,0,-2090,-2090,-2717.5264,2090,0,-4.2,-9.5,-9.5
2025-08-25T00:32:00.000+00:00,3.307,3.233,-6.3,-14,-34,0,-2090,-2090,-2714.5808,2090,0,-5.1,-9.4,-9.6
2025-08-25T00:33:00.000+00:00,3.307,3.233,-6.5,-16,-35,0,-2090,-2090,-2714.16,2090,0,-4.6,-9,-8.8
2025-08-25T00:34:00.000+00:00,3.307,3.233,-6.2,-16,-35,0,-2090,-2090,-2716.264,2090,0,-4.9,-9.3,-9.2
2025-08-25T00:35:00.000+00:00,3.307,3.233,-6.5,-16,-34,0,-2090,-2090,-2714.5808,2090,0,-4.9,-9.3,-9.1
2025-08-25T00:36:00.000+00:00,3.307,3.234,-6,-14,-34,0,-2090,-2090,-2711.2144,2090,0,-4.8,-9.4,-8.9
2025-08-25T00:37:00.000+00:00,3.307,3.233,-6.3,-14,-34,0,-2090,-2090,-2716.264,2090,0,-5.2,-9.9,-9.9
2025-08-25T00:38:00.000+00:00,3.307,3.233,-6.8,-16,-34,0,-2090,-2090,-2720.472,2090,0,-4.1,-9.4,-9.3
2025-08-25T00:39:00.000+00:00,3.307,3.234,-6.6,-16,-34,0,-2090,-2090,-2719.6304,2090,0,-4.6,-9.3,-8.9
2025-08-25T00:40:00.000+00:00,3.307,3.233,-6.2,-12,-34,0,-2090,-2090,-2709.1104,2090,0,-4.8,-8.9,-8.8
2025-08-25T00:41:00.000+00:00,3.307,3.233,-5.8,-12,-34,0,-2090,-2090,-2707.848,2090,0,-4.7,-9.4,-9.1
2025-08-25T00:42:00.000+00:00,3.307,3.233,-6,-14,-34,0,-2090,-2090,-2715.8432,2090,0,-4.8,-9.5,-8.7
2025-08-25T00:43:00.000+00:00,3.307,3.233,-5.7,-14,-34,0,-2090,-2090,-2709.952,2090,0,-4.3,-9.5,-9.6
2025-08-25T00:44:00.000+00:00,3.307,3.233,-5.7,-14,-35,0,-2090,-2090,-2705.744,2090,0,-4.9,-9.3,-9.6
2025-08-25T00:45:00.000+00:00,3.307,3.233,-5.9,-12,-35,0,-2090,-2090,-2707.0064,2090,0,-4.3,-8.9,-9.3
2025-08-25T00:46:00.000+00:00,3.307,3.233,-5.8,-10,-34,0,-2090,-2090,-2707.848,2090,0,-4.7,-9.1,-9.1
2025-08-25T00:47:00.000+00:00,3.307,3.233,-5.4,-14,-34,0,-2090,-2090,-2706.1648,2090,0,-4.7,-9.7,-8.1
2025-08-25T00:48:00.000+00:00,3.307,3.233,-6,-14,-34,0,-2090,-2090,-2712.8976,2090,0,-4.9,-9.3,-9.1
2025-08-25T00:49:00.000+00:00,3.307,3.233,-6.8,-14,-34,0,-2090,-2090,-2717.1056,2090,0,-4.7,-9.3,-9.2
2025-08-25T00:50:00.000+00:00,3.307,3.234,-6.3,-16,-34,0,-2090,-2090,-2711.2144,2090,0,-3.9,-9.6,-9.5
2025-08-25T00:51:00.000+00:00,3.307,3.234,-6.6,-18,-35,0,-2090,-2090,-2718.368,2090,0,-4.1,-9.2,-8.9
2025-08-25T00:52:00.000+00:00,3.307,3.234,-7,-16,-35,0,-2090,-2090,-2721.7344,2090,0,-4.6,-9.5,-9.1
2025-08-25T00:53:00.000+00:00,3.307,3.234,-6.8,-16,-34,0,-2090,-2090,-2722.1552,2090,0,-4.9,-9.6,-9.5
2025-08-25T00:54:00.000+00:00,3.307,3.234,-6.6,-16,-34,0,-2090,-2090,-2719.6304,2090,0,-4.7,-9.6,-9.1
2025-08-25T00:55:00.000+00:00,3.307,3.234,-6.5,-14,-34,0,-2090,-2090,-2718.7888,2090,0,-5,-9.5,-9.6
2025-08-25T00:56:00.000+00:00,3.307,3.234,-6.5,-14,-35,0,-2090,-2090,-2719.2096,2090,0,-5,-9.2,-9.5
2025-08-25T00:57:00.000+00:00,3.307,3.234,-7.1,-16,-35,0,-2090,-2090,-2722.1552,2090,0,-4.8,-8.7,-9.2
2025-08-25T00:58:00.000+00:00,3.307,3.234,-6.9,-16,-34,0,-2090,-2090,-2720.8928,2090,0,-5.3,-9.7,-9.5
2025-08-25T00:59:00.000+00:00,3.307,3.232,18.7,28,11,0,-2090,-2090,-2718.368,2090,0,9,6.1,5.7
2025-08-25T01:00:00.000+00:00,3.306,3.231,43,96,77,0,-2090,-2090,-2716.6848,2090,0,41.4,23,25
2025-08-25T01:01:00.000+00:00,3.304,3.229,67.9,161,140,0,-2090,-2090,-2717.5264,2090,0,72,41,40.8
2025-08-25T01:02:00.000+00:00,3.301,3.227,93.8,224,204,0,-2090,-2090,-2712.4768,2090,0,103.1,55.5,56.2
2025-08-25T01:03:00.000+00:00,3.3,3.224,117.7,289,270,0,-2090,-2090,-2714.5808,2090,0,132.6,73.5,73.4
2025-08-25T01:04:00.000+00:00,3.298,3.22,141.4,351,333,0,-2090,-2090,-2724.2592,2090,0,163.3,88.8,90.2
2025-08-25T01:05:00.000+00:00,3.295,3.217,176.8,442,428,0,-2090,-2090,-2735.6208,2090,0,208.6,114.6,112.5
2025-08-25T01:06:00.000+00:00,3.292,3.213,229.6,577,567,0,-2090,-2090,-2736.0416,2090,0,277.5,148.8,147.8
2025-08-25T01:07:00.000+00:00,3.285,3.204,267.3,679,668,0,-2090,-2090,-2743.616,2090,0,326.8,175.2,175.6
2025-08-25T01:08:00.000+00:00,3.283,3.2,271.4,690,680,0,-2090,-2090,-2744.0368,2090,0,334.8,177.1,177.1
2025-08-25T01:09:00.000+00:00,3.282,3.197,273.7,699,688,0,-2090,-2090,-2744.4576,2090,0,338.1,179.5,178.7
2025-08-25T01:10:00.000+00:00,3.28,3.194,275.3,705,690,0,-2090,-2090,-2744.8784,2090,0,340.7,179.5,179.2
2025-08-25T01:11:00.000+00:00,3.278,3.192,275.8,707,695,0,-2090,-2090,-2745.2992,2090,0,342.5,179.2,179.6
2025-08-25T01:12:00.000+00:00,3.276,3.189,293.5,756,741,0,-2090,-2090,-2744.8784,2090,0,367.5,191.5,191
2025-08-25T01:13:00.000+00:00,3.275,3.187,294.1,760,744,0,-2090,-2090,-2745.72,2090,0,369.5,191.6,191
2025-08-25T01:14:00.000+00:00,3.275,3.186,281.7,726,711,0,-2090,-2090,-2744.4576,2090,0,354.1,182,182.9
2025-08-25T01:15:00.000+00:00,3.275,3.185,283.6,730,719,0,-2090,-2090,-2744.4576,2090,0,358.7,184.1,184.5
2025-08-25T01:16:00.000+00:00,3.274,3.184,300.7,779,767,0,-2090,-2090,-2746.5616,2090,0,382.7,196.1,196
2025-08-25T01:17:00.000+00:00,3.272,3.181,304.3,785,779,0,-2090,-2090,-2745.2992,2090,0,386.7,198,198.6
2025-08-25T01:18:00.000+00:00,3.271,3.18,306.1,791,783,0,-2090,-2090,-2745.72,2090,0,390.6,199.6,198.5
2025-08-25T01:19:00.000+00:00,3.27,3.179,309.3,802,788,0,-2090,-2090,-2745.2992,2090,0,395,200.1,200.9
2025-08-25T01:20:00.000+00:00,3.27,3.178,311.9,809,798,0,-2090,-2090,-2746.5616,2090,0,398.3,201.7,202.5
2025-08-25T01:21:00.000+00:00,3.27,3.177,314.6,816,804,0,-2090,-2090,-2744.0368,2090,0,401.6,204.3,204.3
2025-08-25T01:22:00.000+00:00,3.269,3.176,319.1,830,813,0,-2090,-2090,-2743.1952,2090,0,407.6,206.5,206.4
2025-08-25T01:23:00.000+00:00,3.269,3.175,321.6,834,821,0,-2090,-2090,-2744.8784,2090,0,411.2,208,207.3
2025-08-25T01:24:00.000+00:00,3.268,3.174,323.8,842,829,0,-2090,-2090,-2742.3536,2090,0,416.9,209.1,209.3
2025-08-25T01:25:00.000+00:00,3.268,3.174,327,848,837,0,-2090,-2090,-2741.512,2090,0,420.1,211.4,211.1
2025-08-25T01:26:00.000+00:00,3.268,3.173,329.6,859,847,0,-2090,-2090,-2746.9824,2090,0,426.2,214,213.9
2025-08-25T01:27:00.000+00:00,3.267,3.172,332.3,869,856,0,-2090,-2090,-2745.2992,2090,0,430.3,215.7,215.6
2025-08-25T01:28:00.000+00:00,3.267,3.171,334.3,870,859,0,-2090,-2090,-2746.9824,2090,0,432.3,216.9,216.6
2025-08-25T01:29:00.000+00:00,3.266,3.171,334.5,874,860,0,-2090,-2090,-2744.8784,2090,0,435.5,216.6,216.4
2025-08-25T01:30:00.000+00:00,3.266,3.17,337.4,882,868,0,-2090,-2090,-2746.1408,2090,0,439,218.4,219.2
2025-08-25T01:31:00.000+00:00,3.266,3.169,341.5,896,881,0,-2090,-2090,-2744.8784,2090,0,445.3,220.7,221.3
2025-08-25T01:32:00.000+00:00,3.266,3.168,345.8,906,892,0,-2090,-2090,-2746.1408,2090,0,452,223.3,223.1
2025-08-25T01:33:00.000+00:00,3.265,3.167,349.8,917,905,0,-2090,-2090,-2746.5616,2090,0,458.3,226.1,226.6
2025-08-25T01:34:00.000+00:00,3.265,3.166,347.7,913,896,0,-2090,-2090,-2746.5616,2090,0,456.3,224,224.4
2025-08-25T01:35:00.000+00:00,3.265,3.165,349.5,923,907,0,-2090,-2090,-2746.5616,2090,0,462.2,226.4,226.9
2025-08-25T01:36:00.000+00:00,3.265,3.165,342,901,885,0,-2090,-2090,-2745.72,2090,0,452.1,220.2,220.4
2025-08-25T01:37:00.000+00:00,3.265,3.164,338.8,896,881,0,-2090,-2090,-2746.9824,2090,0,451.7,219.4,219.3
2025-08-25T01:38:00.000+00:00,3.265,3.163,342.8,911,896,0,-2090,-2090,-2746.9824,2090,0,460.2,221.6,220.9
2025-08-25T01:39:00.000+00:00,3.265,3.161,344.6,912,899,0,-2090,-2090,-2745.72,2090,0,461.2,222.2,222.2
2025-08-25T01:40:00.000+00:00,3.264,3.16,343.4,914,902,0,-2090,-2090,-2747.4032,2090,0,464.7,221.9,221.3
2025-08-25T01:41:00.000+00:00,3.264,3.158,343.3,918,903,0,-2090,-2090,-2744.8784,2090,0,467.2,223.2,222.6
2025-08-25T01:42:00.000+00:00,3.264,3.157,331.9,892,876,0,-2090,-2090,-2746.1408,2090,0,456.8,213.9,214.1
2025-08-25T01:43:00.000+00:00,3.264,3.156,331.7,895,886,0,-2090,-2090,-2744.8784,2090,0,464,213.4,214.1
2025-08-25T01:44:00.000+00:00,3.264,3.153,334.3,911,893,0,-2090,-2090,-2746.5616,2090,0,470,215.4,215.6
2025-08-25T01:45:00.000+00:00,3.263,3.15,332.9,910,896,0,-2090,-2090,-2742.7744,2090,0,476.2,214.4,214
2025-08-25T01:46:00.000+00:00,3.263,3.147,332.8,920,904,0,-2090,-2090,-2747.4032,2090,0,486.3,212.9,213.4
2025-08-25T01:47:00.000+00:00,3.263,3.144,327.3,898,893,0,-2090,-2090,-2746.1408,2090,0,481.1,208.9,209.1
2025-08-25T01:48:00.000+00:00,3.263,3.14,316.3,890,877,0,-2090,-2090,-2746.1408,2090,0,479.5,202.5,202.8
2025-08-25T01:49:00.000+00:00,3.262,3.135,314.6,900,885,0,-2090,-2090,-2746.5616,2090,0,492.5,200.6,201.1
2025-08-25T01:50:00.000+00:00,3.262,3.13,305.3,880,866,0,-2090,-2090,-2744.8784,2090,0,483.7,194.8,194.9
2025-08-25T01:51:00.000+00:00,3.263,3.127,284.2,820,811,0,-2090,-2090,-2746.9824,2090,0,459.7,178,178.7
2025-08-25T01:52:00.000+00:00,3.264,3.123,270.8,786,775,0,-2090,-2090,-2744.4576,2090,0,442.3,169.1,168.4
2025-08-25T01:53:00.000+00:00,3.264,3.119,253.8,762,748,0,-2090,-2090,-2746.5616,2090,0,432.3,160.9,160.5
2025-08-25T01:54:00.000+00:00,3.264,3.114,248.5,760,745,0,-2090,-2090,-2746.5616,2090,0,440.1,157.1,157.2
2025-08-25T01:55:00.000+00:00,3.264,3.108,248.3,774,759,0,-2090,-2090,-2745.2992,2090,0,453.4,157.2,156.7
2025-08-25T01:56:00.000+00:00,3.264,3.103,238.2,754,741,0,-2090,-2090,-2745.72,2090,0,448.9,149.6,150.2
2025-08-25T01:57:00.000+00:00,3.263,3.098,238.1,764,750,0,-2090,-2090,-2743.616,2090,0,458.8,149.9,149.4
2025-08-25T01:58:00.000+00:00,3.263,3.092,237.8,775,758,0,-2090,-2090,-2742.7744,2090,0,468.6,149.2,148.8
2025-08-25T01:59:00.000+00:00,3.263,3.087,222.4,742,725,0,-2090,-2090,-2743.616,2090,0,455.5,138.9,138.6
2025-08-25T02:00:00.000+00:00,3.266,3.082,220.2,739,723,0,-2090,-2090,-2737.7248,2090,0,455.3,136.7,135.8
2025-08-25T02:01:00.000+00:00,3.267,3.08,172.5,596,582,0,-2090,-2090,-2739.8288,2090,0,373.6,108.1,108.4
2025-08-25T02:02:00.000+00:00,3.266,3.076,172.7,605,592,0,-2090,-2090,-2744.4576,2090,0,385,107.6,107.6
2025-08-25T02:03:00.000+00:00,3.267,3.079,172.7,610,597,0,-2090,-2090,-631.2,2090,0,391.5,107.3,107.6
2025-08-25T02:04:00.000+00:00,3.266,3.083,0,414,399,0,-2090,-2090,-631.2,2090,0,408.8,107.3,107.6
2025-08-25T02:05:00.000+00:00,3.265,3.085,0,423,406,0,-2090,-2090,-631.2,2090,0,417.4,107.3,107.6
2025-08-25T02:06:00.000+00:00,3.265,3.086,0,434,416,0,-2090,-2090,-631.2,2090,0,426.9,107.3,107.6
2025-08-25T02:07:00.000+00:00,3.264,3.087,0,440,424,0,-2090,-2090,-631.2,2090,0,434.3,107.3,107.6
2025-08-25T02:08:00.000+00:00,3.263,3.087,0,452,435,0,-2090,-2090,-631.2,2090,0,444.2,0,0
2025-08-25T02:09:00.000+00:00,3.263,3.088,0,461,443,0,-2090,-2090,-631.2,2090,0,453.9,0,0
2025-08-25T02:10:00.000+00:00,3.262,3.089,0,478,456,0,-2090,-2090,-631.2,2090,0,467.6,0,0
2025-08-25T02:11:00.000+00:00,3.261,3.089,0,486,467,0,-2090,-2090,-631.2,2090,0,476.6,0,0
2025-08-25T02:12:00.000+00:00,3.26,3.089,0,496,478,0,-2090,-2090,-631.2,2090,0,487.2,0,0
2025-08-25T02:13:00.000+00:00,3.26,3.09,0,509,489,0,-2090,-2090,-631.2,2090,0,498.9,0,0
2025-08-25T02:14:00.000+00:00,3.259,3.09,0,520,502,0,-2090,-2090,-631.2,2090,0,511.2,0,0
2025-08-25T02:15:00.000+00:00,3.258,3.091,0,542,521,0,-2090,-2090,-631.2,2090,0,530.9,0,0
2025-08-25T02:16:00.000+00:00,3.257,3.091,0,556,534,0,-2090,-2090,-631.2,2090,0,543.9,0,0
2025-08-25T02:17:00.000+00:00,3.256,3.091,0,569,550,0,-2090,-2090,-631.2,2090,0,559.3,0,0
2025-08-25T02:18:00.000+00:00,3.255,3.091,0,585,566,0,-2090,-2090,-631.2,2090,0,576.6,0,0
2025-08-25T02:19:00.000+00:00,3.254,3.092,0,602,583,0,-2090,-2090,-631.2,2090,0,592.8,0,0
2025-08-25T02:20:00.000+00:00,3.253,3.092,0,625,604,0,-2090,-2090,-631.2,2090,0,611.5,0,0
2025-08-25T02:21:00.000+00:00,3.253,3.092,0,643,623,0,-2090,-2090,-631.2,2090,0,633.6,0,0
2025-08-25T02:22:00.000+00:00,3.251,3.092,0,651,628,0,-2090,-2090,-631.2,2090,0,636.2,0,0
2025-08-25T02:23:00.000+00:00,3.251,3.092,0,650,627,0,-2090,-2090,-631.2,2090,0,636.1,0,0
2025-08-25T02:24:00.000+00:00,3.251,3.093,0,650,627,0,-2090,-2090,-631.2,2090,0,636,0,0
2025-08-25T02:25:00.000+00:00,3.251,3.093,0,650,628,0,-2090,-2090,-631.2,2090,0,636.4,0,0
2025-08-25T02:26:00.000+00:00,3.251,3.093,0,648,628,0,-2090,-2090,-631.2,2090,0,636.5,0,0
2025-08-25T02:27:00.000+00:00,3.251,3.093,0,646,627,0,-2090,-2090,-631.2,2090,0,637.3,0,0
2025-08-25T02:28:00.000+00:00,3.25,3.093,0,645,628,0,-2090,-2090,-631.2,2090,0,636.3,0,0
2025-08-25T02:29:00.000+00:00,3.25,3.094,0,646,628,0,-2090,-2090,-631.2,2090,0,636.4,0,0
2025-08-25T02:30:00.000+00:00,3.25,3.094,0,647,627,0,-2090,-2090,-631.2,2090,0,636.3,0,0
2025-08-25T02:31:00.000+00:00,3.25,3.094,0,648,627,0,-2090,-2090,-631.2,2090,0,636.4,0,0
2025-08-25T02:32:00.000+00:00,3.25,3.094,0,647,629,0,-2090,-2090,-631.2,2090,0,636.2,0,0
2025-08-25T02:33:00.000+00:00,3.249,3.094,0,647,628,0,-2090,-2090,-631.2,2090,0,636.9,0,0
2025-08-25T02:34:00.000+00:00,3.249,3.094,0,648,629,0,-2090,-2090,-631.2,2090,0,636.4,0,0
2025-08-25T02:35:00.000+00:00,3.249,3.095,0,647,626,0,-2090,-2090,-631.2,2090,0,636.6,0,0
2025-08-25T02:36:00.000+00:00,3.249,3.095,0,646,627,0,-2090,-2090,-631.2,2090,0,636.4,0,0
2025-08-25T02:37:00.000+00:00,3.249,3.095,0,647,627,0,-2090,-2090,-631.2,2090,0,636.5,0,0
2025-08-25T02:38:00.000+00:00,3.248,3.095,0,647,627,0,-2090,-2090,-631.2,2090,0,636,0,0
2025-08-25T02:39:00.000+00:00,3.248,3.095,0,648,627,0,-2090,-2090,-631.2,2090,0,636.3,0,0
2025-08-25T02:40:00.000+00:00,3.247,3.095,0,648,626,0,-2090,-2090,-631.2,2090,0,636.6,0,0
2025-08-25T02:41:00.000+00:00,3.247,3.095,0,650,627,0,-2090,-2090,-631.2,2090,0,636.4,0,0
2025-08-25T02:42:00.000+00:00,3.247,3.096,0,654,627,0,-2090,-2090,-631.2,2090,0,636.2,0,0
2025-08-25T02:43:00.000+00:00,3.246,3.096,0,655,628,0,-2090,-2090,-631.2,2090,0,636.5,0,0
2025-08-25T02:44:00.000+00:00,3.246,3.096,0,657,627,0,-2090,-2090,-631.2,2090,0,636.2,0,0
2025-08-25T02:45:00.000+00:00,3.246,3.096,0,658,628,0,-2090,-2090,-631.2,2090,0,635.2,0,0
2025-08-25T02:46:00.000+00:00,3.245,3.096,0,657,629,0,-2090,-2090,-631.2,2090,0,635.9,0,0
2025-08-25T02:47:00.000+00:00,3.245,3.096,0,659,630,0,-2090,-2090,-631.2,2090,0,635.4,0,0
2025-08-25T02:48:00.000+00:00,3.244,3.096,0,659,629,0,-2090,-2090,-631.2,2090,0,636.6,0,0
2025-08-25T02:49:00.000+00:00,3.244,3.096,0,661,628,0,-2090,-2090,-631.2,2090,0,636.6,0,0
2025-08-25T02:50:00.000+00:00,3.243,3.096,0,659,628,0,-2090,-2090,-631.2,2090,0,635.8,0,0
2025-08-25T02:51:00.000+00:00,3.241,3.096,0,658,628,0,-2090,-2090,-631.2,2090,0,635.9,0,0
2025-08-25T02:52:00.000+00:00,3.242,3.097,0,658,627,0,-2090,-2090,-631.2,2090,0,636,0,0
2025-08-25T02:53:00.000+00:00,3.241,3.097,0,657,627,0,-2090,-2090,-631.2,2090,0,635.3,0,0
2025-08-25T02:54:00.000+00:00,3.241,3.097,0,657,630,0,-2090,-2090,-631.2,2090,0,636.8,0,0
2025-08-25T02:55:00.000+00:00,3.24,3.097,0,656,632,0,-2090,-2090,-631.2,2090,0,635.3,0,0
2025-08-25T02:56:00.000+00:00,3.239,3.097,0,656,628,0,-2090,-2090,-631.2,2090,0,635.6,0,0
2025-08-25T02:57:00.000+00:00,3.239,3.096,0,656,630,0,-2090,-2090,-631.2,2090,0,635.4,0,0
2025-08-25T02:58:00.000+00:00,3.238,3.097,0,656,627,0,-2090,-2090,-631.2,2090,0,637.8,0,0
2025-08-25T02:59:00.000+00:00,3.237,3.097,0,657,626,0,-2090,-2090,-631.2,2090,0,635.5,0,0
2025-08-25T03:00:00.000+00:00,3.237,3.097,0,655,628,0,-2090,-2090,-631.2,2090,0,635.7,0,0
2025-08-25T03:01:00.000+00:00,3.262,3.097,0,655,626,0,-2090,-2090,-631.2,2090,0,636.6,0,0
2025-08-25T03:02:00.000+00:00,3.269,3.097,0,-16,-37,0,-2090,-2090,-631.2,2090,0,-25.5,0,0
2025-08-25T03:03:00.000+00:00,3.272,3.097,0,-16,-37,0,-2090,-2090,-631.2,2090,0,-25.3,0,0
2025-08-25T03:04:00.000+00:00,3.274,3.098,0,-19,-38,0,-2090,-2090,-631.2,2090,0,-25.2,0,0
2025-08-25T03:05:00.000+00:00,3.275,3.098,0,-16,-37,0,-2090,-2090,-631.2,2090,0,-25.8,0,0
2025-08-25T03:06:00.000+00:00,3.276,3.098,0,-16,-37,0,-2090,-2090,-631.2,2090,0,-25.3,0,0
2025-08-25T03:07:00.000+00:00,3.277,3.098,0,-19,-38,0,-2090,-2090,-631.2,2090,0,-25.2,0,0
2025-08-25T03:08:00.000+00:00,3.278,3.098,0,-16,-38,0,-2090,-2090,-631.2,2090,0,-24.7,0,0
2025-08-25T03:09:00.000+00:00,3.279,3.098,0,-16,-37,0,-2090,-2090,-631.2,2090,0,-25.1,0,0
2025-08-25T03:10:00.000+00:00,3.279,3.098,0,-16,-37,0,-2090,-2090,-631.2,2090,0,-25.9,0,0
2025-08-25T03:11:00.000+00:00,3.279,3.098,0,-14,-37,0,-2090,-2090,-631.2,2090,0,-25.5,0,0
2025-08-25T03:12:00.000+00:00,3.281,3.098,0,-16,-37,0,-2090,-2090,-631.2,2090,0,-25.8,0,0
2025-08-25T03:13:00.000+00:00,3.281,3.098,0,-14,-37,0,-2090,-2090,-631.2,2090,0,-25.6,0,0
2025-08-25T03:14:00.000+00:00,3.281,3.098,0,-16,-37,0,-2090,-2090,-631.2,2090,0,-25.7,0,0
2025-08-25T03:15:00.000+00:00,3.282,3.098,0,-16,-38,0,-2090,-2090,-631.2,2090,0,-25.7,0,0
2025-08-25T03:16:00.000+00:00,3.282,3.098,0,-16,-38,0,-2090,-2090,-631.2,2090,0,-25.4,0,0
2025-08-25T03:17:00.000+00:00,3.282,3.098,0,-16,-37,0,-2090,-2090,-631.2,2090,0,-25.2,0,0
2025-08-25T03:18:00.000+00:00,3.283,3.098,0,-16,-37,0,-2090,-2090,-631.2,2090,0,-25.2,0,0
2025-08-25T03:19:00.000+00:00,3.283,3.098,0,-16,-37,0,-2090,-2090,-631.2,2090,0,-25.1,0,0
2025-08-25T03:20:00.000+00:00,3.283,3.098,0,-16,-37,0,-2090,-2090,-631.2,2090,0,-25.8,0,0
2025-08-25T03:21:00.000+00:00,3.284,3.098,0,-14,-38,0,-2090,-2090,-631.2,2090,0,-25.5,0,0
2025-08-25T03:22:00.000+00:00,3.284,3.098,0,-14,-37,0,-2090,-2090,-631.2,2090,0,-26.1,0,0
2025-08-25T03:23:00.000+00:00,3.284,3.098,0,-14,-38,0,-2090,-2090,-631.2,2090,0,-24.8,0,0
2025-08-25T03:24:00.000+00:00,3.284,3.098,0,-14,-38,0,-2090,-2090,-631.2,2090,0,-25.4,0,0
2025-08-25T03:25:00.000+00:00,3.285,3.099,0,-14,-37,0,-2090,-2090,-631.2,2090,0,-25.1,0,0
2025-08-25T03:26:00.000+00:00,3.285,3.099,0,-16,-38,0,-2090,-2090,-631.2,2090,0,-25.5,0,0
2025-08-25T03:27:00.000+00:00,3.285,3.099,0,-14,-37,0,-2090,-2090,-631.2,2090,0,-23.9,0,0
2025-08-25T03:28:00.000+00:00,3.285,3.099,0,-14,-37,0,-2090,-2090,-631.2,2090,0,-24.6,0,0
2025-08-25T03:29:00.000+00:00,3.285,3.099,0,-16,-37,0,-2090,-2090,-631.2,2090,0,-25.4,0,0
2025-08-25T03:30:00.000+00:00,3.285,3.099,0,-14,-37,0,-2090,-2090,-631.2,2090,0,-25.7,0,0
2025-08-25T03:31:00.000+00:00,3.286,3.099,0,-14,-37,0,-2090,-2090,-631.2,2090,0,-25.8,0,0
2025-08-25T03:32:00.000+00:00,3.286,3.099,0,-14,-37,0,-2090,-2090,-631.2,2090,0,-25,0,0
2025-08-25T03:33:00.000+00:00,3.286,3.099,0,-10,-37,0,-2090,-2090,-631.2,2090,0,-24.9,0,0
2025-08-25T03:34:00.000+00:00,3.286,3.099,0,-12,-37,0,-2090,-2090,-631.2,2090,0,-24.5,0,0
2025-08-25T03:35:00.000+00:00,3.286,3.098,0,-14,-37,0,-2090,-2090,-631.2,2090,0,-24.4,0,0
2025-08-25T03:36:00.000+00:00,3.286,3.099,0,-12,-37,0,-2090,-2090,-631.2,2090,0,-25.5,0,0
2025-08-25T03:37:00.000+00:00,3.286,3.099,0,-14,-37,0,-2090,-2090,-631.2,2090,0,-24.9,0,0
2025-08-25T03:38:00.000+00:00,3.287,3.099,0,-14,-37,0,-2090,-2090,-631.2,2090,0,-24.7,0,0
2025-08-25T03:39:00.000+00:00,3.287,3.099,0,-12,-36,0,-2090,-2090,-631.2,2090,0,-24.4,0,0
2025-08-25T03:40:00.000+00:00,3.287,3.099,0,-12,-37,0,-2090,-2090,-631.2,2090,0,-25.1,0,0
2025-08-25T03:41:00.000+00:00,3.287,3.099,0,-12,-37,0,-2090,-2090,-631.2,2090,0,-25.5,0,0
2025-08-25T03:42:00.000+00:00,3.287,3.099,0,-12,-37,0,-2090,-2090,-631.2,2090,0,-25.7,0,0
2025-08-25T03:43:00.000+00:00,3.287,3.099,0,-12,-37,0,-2090,-2090,-631.2,2090,0,-25,0,0
2025-08-25T03:44:00.000+00:00,3.287,3.099,0,-10,-37,0,-2090,-2090,-631.2,2090,0,-25.5,0,0
2025-08-25T03:45:00.000+00:00,3.287,3.099,0,-10,-37,0,-2090,-2090,-631.2,2090,0,-25.5,0,0
2025-08-25T03:46:00.000+00:00,3.287,3.1,0,-10,-37,0,-2090,-2090,-631.2,2090,0,-24.4,0,0
2025-08-25T03:47:00.000+00:00,3.288,3.1,0,-10,-37,0,-2090,-2090,-631.2,2090,0,-24,0,0
2025-08-25T03:48:00.000+00:00,3.288,3.1,0,-10,-37,0,-2090,-2090,-631.2,2090,0,-25.2,0,0
2025-08-25T03:49:00.000+00:00,3.288,3.1,0,-10,-37,0,-2090,-2090,-631.2,2090,0,-25.1,0,0
2025-08-25T03:50:00.000+00:00,3.288,3.1,0,-10,-37,0,-2090,-2090,-631.2,2090,0,-25.9,0,0
2025-08-25T03:51:00.000+00:00,3.288,3.1,0,-10,-37,0,-2090,-2090,-631.2,2090,0,-25.4,0,0
2025-08-25T03:52:00.000+00:00,3.288,3.1,0,-8,-36,0,-2090,-2090,-631.2,2090,0,-24.8,0,0
2025-08-25T03:53:00.000+00:00,3.288,3.1,0,-10,-37,0,-2090,-2090,-631.2,2090,0,-23.9,0,0
2025-08-25T03:54:00.000+00:00,3.288,3.1,0,-10,-37,0,-2090,-2090,-631.2,2090,0,-22,0,0
2025-08-25T03:55:00.000+00:00,3.288,3.1,0,-10,-36,0,-2090,-2090,-631.2,2090,0,-25.4,0,0
2025-08-25T03:56:00.000+00:00,3.288,3.1,0,-10,-37,0,-2090,-2090,-631.2,2090,0,-23.8,0,0
2025-08-25T03:57:00.000+00:00,3.288,3.1,0,-10,-36,0,-2090,-2090,-631.2,2090,0,-25.5,0,0
2025-08-25T03:58:00.000+00:00,3.288,3.1,0,-8,-37,0,-2090,-2090,-631.2,2090,0,-25.4,0,0
2025-08-25T03:59:00.000+00:00,3.288,3.1,0,-10,-38,0,-2090,-2090,-631.2,2090,0,-24.9,0,0
2025-08-25T04:00:00.000+00:00,3.288,3.1,0,-8,-36,0,-2090,-2090,-631.2,2090,0,-25,0,0
2025-08-25T04:01:00.000+00:00,3.288,3.1,0,-8,-37,0,-2090,-2090,-631.2,2090,0,-24.3,0,0
2025-08-25T04:02:00.000+00:00,3.289,3.1,0,-10,-37,0,-2090,-2090,-631.2,2090,0,-25.9,0,0
2025-08-25T04:03:00.000+00:00,3.289,3.1,0,-8,-37,0,-2090,-2090,-631.2,2090,0,-24.6,0,0
2025-08-25T04:04:00.000+00:00,3.289,3.1,0,-10,-37,0,-2090,-2090,-631.2,2090,0,-24.7,0,0
2025-08-25T04:05:00.000+00:00,3.289,3.1,0,-12,-37,0,-2090,-2090,-631.2,2090,0,-25.4,0,0
2025-08-25T04:06:00.000+00:00,3.289,3.1,0,-10,-37,0,-2090,-2090,-631.2,2090,0,-25,0,0
2025-08-25T04:07:00.000+00:00,3.289,3.1,0,-12,-37,0,-2090,-2090,-631.2,2090,0,-24.1,0,0
2025-08-25T04:08:00.000+00:00,3.289,3.1,0,-10,-37,0,-2090,-2090,-631.2,2090,0,-23.9,0,0
2025-08-25T04:09:00.000+00:00,3.289,3.1,0,-10,-36,0,-2090,-2090,-631.2,2090,0,-24.7,0,0
2025-08-25T04:10:00.000+00:00,3.289,3.1,0,-10,-36,0,-2090,-2090,-631.2,2090,0,-25.7,0,0
2025-08-25T04:11:00.000+00:00,3.289,3.1,0,-10,-37,0,-2090,-2090,-631.2,2090,0,-24.8,0,0
2025-08-25T04:12:00.000+00:00,3.289,3.101,0,-12,-37,0,-2090,-2090,-631.2,2090,0,-24.7,0,0
2025-08-25T04:13:00.000+00:00,3.289,3.101,0,-12,-37,0,-2090,-2090,-631.2,2090,0,-26.2,0,0
2025-08-25T04:14:00.000+00:00,3.289,3.101,0,-14,-37,0,-2090,-2090,-631.2,2090,0,-25.6,0,0
2025-08-25T04:15:00.000+00:00,3.29,3.101,0,-12,-37,0,-2090,-2090,-631.2,2090,0,-24.4,0,0
2025-08-25T04:16:00.000+00:00,3.29,3.101,0,-10,-37,0,-2090,-2090,-631.2,2090,0,-23.9,0,0
2025-08-25T04:17:00.000+00:00,3.29,3.101,0,-14,-37,0,-2090,-2090,-631.2,2090,0,-24.4,0,0
2025-08-25T04:18:00.000+00:00,3.29,3.101,0,-12,-37,0,-2090,-2090,-631.2,2090,0,-25,0,0
2025-08-25T04:19:00.000+00:00,3.29,3.101,0,-12,-38,0,-2090,-2090,-631.2,2090,0,-24.8,0,0
2025-08-25T04:20:00.000+00:00,3.29,3.101,0,-14,-38,0,-2090,-2090,-631.2,2090,0,-25.3,0,0
2025-08-25T04:21:00.000+00:00,3.29,3.101,0,-14,-37,0,-2090,-2090,-631.2,2090,0,-24.8,0,0
2025-08-25T04:22:00.000+00:00,3.29,3.101,0,-14,-37,0,-2090,-2090,-631.2,2090,0,-24.5,0,0
2025-08-25T04:23:00.000+00:00,3.29,3.101,0,-12,-37,0,-2090,-2090,-631.2,2090,0,-25.2,0,0
2025-08-25T04:24:00.000+00:00,3.29,3.101,0,-14,-37,0,-2090,-2090,-631.2,2090,0,-25.1,0,0
2025-08-25T04:25:00.000+00:00,3.29,3.101,0,-14,-37,0,-2090,-2090,-631.2,2090,0,-24.1,0,0
2025-08-25T04:26:00.000+00:00,3.29,3.101,0,-14,-37,0,-2090,-2090,-631.2,2090,0,-24.6,0,0
2025-08-25T04:27:00.000+00:00,3.29,3.101,0,-14,-38,0,-2090,-2090,-631.2,2090,0,-25.7,0,0
2025-08-25T04:28:00.000+00:00,3.29,3.101,0,-14,-37,0,-2090,-2090,-631.2,2090,0,-25.8,0,0
2025-08-25T04:29:00.000+00:00,3.29,3.101,0,-12,-36,0,-2090,-2090,-631.2,2090,0,-22.1,0,0
2025-08-25T04:30:00.000+00:00,3.291,3.101,0,-14,-38,0,-2090,-2090,-631.2,2090,0,-24.6,0,0
2025-08-25T04:31:00.000+00:00,3.291,3.101,0,-10,-37,0,-2090,-2090,-631.2,2090,0,-24.3,0,0
2025-08-25T04:32:00.000+00:00,3.291,3.101,0,-10,-37,0,-2090,-2090,-631.2,2090,0,-24.5,0,0
2025-08-25T04:33:00.000+00:00,3.291,3.101,0,-12,-37,0,-2090,-2090,-631.2,2090,0,-25.3,0,0
2025-08-25T04:34:00.000+00:00,3.291,3.101,0,-14,-38,0,-2090,-2090,-631.2,2090,0,-24.5,0,0
2025-08-25T04:35:00.000+00:00,3.291,3.101,0,-14,-37,0,-2090,-2090,-631.2,2090,0,-25.6,0,0
2025-08-25T04:36:00.000+00:00,3.291,3.101,0,-12,-37,0,-2090,-2090,-631.2,2090,0,-24.2,0,0
2025-08-25T04:37:00.000+00:00,3.291,3.101,0,-14,-37,0,-2090,-2090,-631.2,2090,0,-24.6,0,0
2025-08-25T04:38:00.000+00:00,3.291,3.101,0,-14,-37,0,-2090,-2090,-631.2,2090,0,-25.3,0,0
2025-08-25T04:39:00.000+00:00,3.291,3.101,0,-14,-38,0,-2090,-2090,-631.2,2090,0,-24.6,0,0
2025-08-25T04:40:00.000+00:00,3.291,3.101,0,-16,-37,0,-2090,-2090,-631.2,2090,0,-25.3,0,0
2025-08-25T04:41:00.000+00:00,3.291,3.101,0,-17,-37,0,-2090,-2090,-631.2,2090,0,-24.9,0,0
2025-08-25T04:42:00.000+00:00,3.291,3.1,0,-16,-38,0,-2090,-2090,-631.2,2090,0,-25.5,0,0
2025-08-25T04:43:00.000+00:00,3.291,3.101,0,-14,-38,0,-2090,-2090,-631.2,2090,0,-24.6,0,0
2025-08-25T04:44:00.000+00:00,3.292,3.101,0,-17,-38,0,-2090,-2090,-631.2,2090,0,-25,0,0
2025-08-25T04:45:00.000+00:00,3.292,3.101,0,-16,-37,0,-2090,-2090,-631.2,2090,0,-25.3,0,0
2025-08-25T04:46:00.000+00:00,3.292,3.101,0,-14,-37,0,-2090,-2090,-631.2,2090,0,-24.3,0,0
2025-08-25T04:47:00.000+00:00,3.292,3.101,0,-14,-37,0,-2090,-2090,-631.2,2090,0,-24.9,0,0
2025-08-25T04:48:00.000+00:00,3.292,3.101,0,-14,-38,0,-2090,-2090,-631.2,2090,0,-25.3,0,0
2025-08-25T04:49:00.000+00:00,3.292,3.101,0,-6,-36,0,-2090,-2090,-631.2,2090,0,-25.1,0,0
2025-08-25T04:50:00.000+00:00,3.292,3.101,0,-10,-36,0,-2090,-2090,-631.2,2090,0,-24.8,0,0
2025-08-25T04:51:00.000+00:00,3.292,3.101,0,-17,-37,0,-2090,-2090,-631.2,2090,0,-24.6,0,0
2025-08-25T04:52:00.000+00:00,3.292,3.101,0,-16,-37,0,-2090,-2090,-631.2,2090,0,-25.3,0,0
2025-08-25T04:53:00.000+00:00,3.292,3.101,0,-14,-37,0,-2090,-2090,-631.2,2090,0,-25.6,0,0
2025-08-25T04:54:00.000+00:00,3.292,3.101,0,-17,-38,0,-2090,-2090,-631.2,2090,0,-25.3,0,0
2025-08-25T04:55:00.000+00:00,3.292,3.101,0,-14,-37,0,-2090,-2090,-631.2,2090,0,-25.3,0,0
2025-08-25T04:56:00.000+00:00,3.292,3.101,0,-12,-37,0,-2090,-2090,-631.2,2090,0,-25.3,0,0
2025-08-25T04:57:00.000+00:00,3.292,3.101,0,-14,-38,0,-2090,-2090,-631.2,2090,0,-24.5,0,0
2025-08-25T04:58:00.000+00:00,3.292,3.101,0,-14,-37,0,-2090,-2090,-631.2,2090,0,-25.4,0,0
2025-08-25T04:59:00.000+00:00,3.292,3.101,0,-14,-37,0,-2090,-2090,-631.2,2090,0,-23.8,0,0
2025-08-25T05:00:00.000+00:00,3.292,3.101,0,-12,-37,0,-2090,-2090,-631.2,2090,0,-25,0,0
2025-08-25T05:01:00.000+00:00,3.292,3.101,0,-14,-37,0,-2090,-2090,-631.2,2090,0,-25.4,0,0
2025-08-25T05:02:00.000+00:00,3.292,3.101,0,-12,-37,0,-2090,-2090,-631.2,2090,0,-25.3,0,0
2025-08-25T05:03:00.000+00:00,3.292,3.101,0,-12,-37,0,-2090,-2090,-631.2,2090,0,-24.2,0,0
2025-08-25T05:04:00.000+00:00,3.292,3.102,0,-14,-36,0,-2090,-2090,-631.2,2090,0,-25,0,0
2025-08-25T05:05:00.000+00:00,3.293,3.102,0,-14,-37,0,-2090,-2090,-631.2,2090,0,-25.1,0,0
2025-08-25T05:06:00.000+00:00,3.293,3.101,0,-14,-37,0,-2090,-2090,-631.2,2090,0,-25.4,0,0
2025-08-25T05:07:00.000+00:00,3.293,3.101,0,-14,-37,0,-2090,-2090,-631.2,2090,0,-25.6,0,0
2025-08-25T05:08:00.000+00:00,3.293,3.101,0,-17,-37,0,-2090,-2090,-631.2,2090,0,-25.6,0,0
2025-08-25T05:09:00.000+00:00,3.293,3.101,0,-14,-37,0,-2090,-2090,-631.2,2090,0,-25.1,0,0
2025-08-25T05:10:00.000+00:00,3.293,3.101,0,-14,-38,0,-2090,-2090,-631.2,2090,0,-25.3,0,0
2025-08-25T05:11:00.000+00:00,3.293,3.101,0,-17,-37,0,-2090,-2090,-631.2,2090,0,-24.9,0,0
2025-08-25T05:12:00.000+00:00,3.293,3.101,0,-14,-38,0,-2090,-2090,-631.2,2090,0,-25.1,0,0
2025-08-25T05:13:00.000+00:00,3.293,3.102,0,-14,-37,0,-2090,-2090,-631.2,2090,0,-25.2,0,0
2025-08-25T05:14:00.000+00:00,3.293,3.102,0,-14,-37,0,-2090,-2090,-631.2,2090,0,-24,0,0
2025-08-25T05:15:00.000+00:00,3.293,3.102,0,-14,-38,0,-2090,-2090,-631.2,2090,0,-23.9,0,0
2025-08-25T05:16:00.000+00:00,3.293,3.102,0,-14,-37,0,-2090,-2090,-631.2,2090,0,-25.1,0,0
2025-08-25T05:17:00.000+00:00,3.293,3.102,0,-12,-37,0,-2090,-2090,-631.2,2090,0,-24.8,0,0
2025-08-25T05:18:00.000+00:00,3.293,3.102,0,-14,-38,0,-2090,-2090,-631.2,2090,0,-24.9,0,0
2025-08-25T05:19:00.000+00:00,3.293,3.102,0,-17,-37,0,-2090,-2090,-631.2,2090,0,-25.3,0,0
2025-08-25T05:20:00.000+00:00,3.293,3.102,0,-12,-37,0,-2090,-2090,-631.2,2090,0,-24.6,0,0
2025-08-25T05:21:00.000+00:00,3.293,3.102,0,-14,-37,0,-2090,-2090,-631.2,2090,0,-24.6,0,0
2025-08-25T05:22:00.000+00:00,3.293,3.102,0,-12,-37,0,-2090,-2090,-631.2,2090,0,-25.6,0,0
2025-08-25T05:23:00.000+00:00,3.293,3.102,0,-12,-37,0,-2090,-2090,-631.2,2090,0,-23.8,0,0
2025-08-25T05:24:00.000+00:00,3.293,3.102,0,-12,-38,0,-2090,-2090,-631.2,2090,0,-25.3,0,0
2025-08-25T05:25:00.000+00:00,3.294,3.102,0,-12,-37,0,-2090,-2090,-631.2,2090,0,-22.9,0,0
2025-08-25T05:26:00.000+00:00,3.293,3.102,0,-14,-37,0,-2090,-2090,-631.2,2090,0,-24.6,0,0
2025-08-25T05:27:00.000+00:00,3.293,3.102,0,-14,-37,0,-2090,-2090,-631.2,2090,0,-24.4,0,0
2025-08-25T05:28:00.000+00:00,3.293,3.102,0,-12,-38,0,-2090,-2090,-631.2,2090,0,-25.4,0,0
2025-08-25T05:29:00.000+00:00,3.293,3.102,0,-12,-37,0,-2090,-2090,-631.2,2090,0,-25.6,0,0
2025-08-25T05:30:00.000+00:00,3.293,3.102,0,-17,-37,0,-2090,-2090,-631.2,2090,0,-25.1,0,0
2025-08-25T05:31:00.000+00:00,3.294,3.102,0,-14,-37,0,-2090,-2090,-631.2,2090,0,-24.7,0,0
2025-08-25T05:32:00.000+00:00,3.294,3.102,0,-14,-37,0,-2090,-2090,-631.2,2090,0,-25.6,0,0
2025-08-25T05:33:00.000+00:00,3.294,3.102,0,-14,-37,0,-2090,-2090,-631.2,2090,0,-24.9,0,0
2025-08-25T05:34:00.000+00:00,3.294,3.102,0,-17,-36,0,-2090,-2090,-631.2,2090,0,-24.5,0,0
2025-08-25T05:35:00.000+00:00,3.294,3.102,0,-14,-37,0,-2090,-2090,-631.2,2090,0,-24.7,0,0
2025-08-25T05:36:00.000+00:00,3.294,3.102,0,-14,-37,0,-2090,-2090,-631.2,2090,0,-24.9,0,0
2025-08-25T05:37:00.000+00:00,3.294,3.102,0,-14,-37,0,-2090,-2090,-631.2,2090,0,-25.9,0,0
2025-08-25T05:38:00.000+00:00,3.294,3.102,0,-14,-37,0,-2090,-2090,-631.2,2090,0,-25.3,0,0
2025-08-25T05:39:00.000+00:00,3.294,3.102,0,-12,-37,0,-2090,-2090,-631.2,2090,0,-24.9,0,0
2025-08-25T05:40:00.000+00:00,3.294,3.102,0,-12,-37,0,-2090,-2090,-631.2,2090,0,-25.1,0,0
2025-08-25T05:41:00.000+00:00,3.294,3.102,0,-12,-37,0,-2090,-2090,-631.2,2090,0,-23.6,0,0
2025-08-25T05:42:00.000+00:00,3.294,3.102,0,-12,-37,0,-2090,-2090,-631.2,2090,0,-25.6,0,0
2025-08-25T05:43:00.000+00:00,3.294,3.102,0,-14,-37,0,-2090,-2090,-631.2,2090,0,-25.6,0,0
2025-08-25T05:44:00.000+00:00,3.294,3.102,0,-14,-37,0,-2090,-2090,-631.2,2090,0,-24.9,0,0
2025-08-25T05:45:00.000+00:00,3.294,3.102,0,-12,-38,0,-2090,-2090,-631.2,2090,0,-24.3,0,0
2025-08-25T05:46:00.000+00:00,3.295,3.102,0,-12,-37,0,-2090,-2090,-631.2,2090,0,-25.3,0,0
2025-08-25T05:47:00.000+00:00,3.294,3.102,0,-14,-37,0,-2090,-2090,-631.2,2090,0,-25.1,0,0
2025-08-25T05:48:00.000+00:00,3.294,3.102,0,-14,-37,0,-2090,-2090,-631.2,2090,0,-25.2,0,0
2025-08-25T05:49:00.000+00:00,3.295,3.102,0,-14,-37,0,-2090,-2090,-631.2,2090,0,-23.7,0,0
2025-08-25T05:50:00.000+00:00,3.295,3.102,0,-14,-37,0,-2090,-2090,-631.2,2090,0,-24.3,0,0
2025-08-25T05:51:00.000+00:00,3.295,3.102,0,-14,-37,0,-2090,-2090,-631.2,2090,0,-24.8,0,0
2025-08-25T05:52:00.000+00:00,3.294,3.102,0,-14,-37,0,-2090,-2090,-631.2,2090,0,-23.7,0,0
2025-08-25T05:53:00.000+00:00,3.295,3.102,0,-14,-37,0,-2090,-2090,-631.2,2090,0,-23.4,0,0
2025-08-25T05:54:00.000+00:00,3.294,3.102,0,-12,-37,0,-2090,-2090,-631.2,2090,0,-25.1,0,0
2025-08-25T05:55:00.000+00:00,3.294,3.102,0,-12,-37,0,-2090,-2090,-631.2,2090,0,-24.2,0,0
2025-08-25T05:56:00.000+00:00,3.295,3.102,0,-14,-37,0,-2090,-2090,-631.2,2090,0,-25.5,0,0
2025-08-25T05:57:00.000+00:00,3.295,3.102,0,-12,-37,0,-2090,-2090,-631.2,2090,0,-25.2,0,0
2025-08-25T05:58:00.000+00:00,3.295,3.102,0,-14,-37,0,-2090,-2090,-631.2,2090,0,-25.2,0,0
2025-08-25T05:59:00.000+00:00,3.295,3.102,0,-12,-37,0,-2090,-2090,-631.2,2090,0,-25.1,0,0
2025-08-25T06:00:00.000+00:00,3.295,3.102,0,-14,-37,0,-2090,-2090,-631.2,2090,0,-25.4,0,0
2025-08-25T06:01:00.000+00:00,3.295,3.102,0,-14,-37,0,-2090,-2090,-631.2,2090,0,-24.2,0,0
2025-08-25T06:02:00.000+00:00,3.295,3.102,0,-12,-37,0,-2090,-2090,-631.2,2090,0,-24.9,0,0
2025-08-25T06:03:00.000+00:00,3.295,3.102,0,-12,-37,0,-2090,-2090,-631.2,2090,0,-25.2,0,0
2025-08-25T06:04:00.000+00:00,3.295,3.102,0,-12,-38,0,-2090,-2090,-631.2,2090,0,-24.6,0,0
2025-08-25T06:05:00.000+00:00,3.295,3.102,0,-14,-37,0,-2090,-2090,-631.2,2090,0,-22.7,0,0
2025-08-25T06:06:00.000+00:00,3.295,3.102,0,-14,-38,0,-2090,-2090,-631.2,2090,0,-24.8,0,0
2025-08-25T06:07:00.000+00:00,3.295,3.102,0,-12,-37,0,-2090,-2090,-631.2,2090,0,-25,0,0
2025-08-25T06:08:00.000+00:00,3.295,3.102,0,-12,-37,0,-2090,-2090,-631.2,2090,0,-23.5,0,0
2025-08-25T06:09:00.000+00:00,3.295,3.102,0,-12,-36,0,-2090,-2090,-631.2,2090,0,-25.1,0,0
2025-08-25T06:10:00.000+00:00,3.296,3.102,0,-14,-38,0,-2090,-2090,-631.2,2090,0,-24.6,0,0
2025-08-25T06:11:00.000+00:00,3.296,3.102,0,-12,-37,0,-2090,-2090,-631.2,2090,0,-24.2,0,0
2025-08-25T06:12:00.000+00:00,3.295,3.102,0,-12,-37,0,-2090,-2090,-631.2,2090,0,-23.8,0,0
2025-08-25T06:13:00.000+00:00,3.295,3.102,0,-6,-37,0,-2090,-2090,-631.2,2090,0,-25.4,0,0
2025-08-25T06:14:00.000+00:00,3.295,3.102,0,-10,-36,0,-2090,-2090,-631.2,2090,0,-25.1,0,0
2025-08-25T06:15:00.000+00:00,3.295,3.102,0,-12,-37,0,-2090,-2090,-631.2,2090,0,-24.7,0,0
2025-08-25T06:16:00.000+00:00,3.295,3.102,0,-12,-37,0,-2090,-2090,-631.2,2090,0,-24.8,0,0
2025-08-25T06:17:00.000+00:00,3.294,3.102,0,-12,-37,0,-2090,-2090,-631.2,2090,0,-24.9,0,0
2025-08-25T06:18:00.000+00:00,3.296,3.102,0,-10,-37,0,-2090,-2090,-631.2,2090,0,-23.7,0,0
2025-08-25T06:19:00.000+00:00,3.296,3.102,0,-12,-37,0,-2090,-2090,-631.2,2090,0,-25.2,0,0
2025-08-25T06:20:00.000+00:00,3.296,3.102,0,-10,-37,0,-2090,-2090,-631.2,2090,0,-24.7,0,0
2025-08-25T06:21:00.000+00:00,3.296,3.102,0,-12,-36,0,-2090,-2090,-631.2,2090,0,-25.2,0,0
2025-08-25T06:22:00.000+00:00,3.296,3.102,0,-12,-37,0,-2090,-2090,-631.2,2090,0,-25.2,0,0
2025-08-25T06:23:00.000+00:00,3.295,3.102,0,-14,-37,0,-2090,-2090,-631.2,2090,0,-25.8,0,0
2025-08-25T06:24:00.000+00:00,3.296,3.102,0,-12,-37,0,-2090,-2090,-631.2,2090,0,-24.7,0,0
2025-08-25T06:25:00.000+00:00,3.296,3.102,0,-12,-37,0,-2090,-2090,-631.2,2090,0,-24.1,0,0
2025-08-25T06:26:00.000+00:00,3.296,3.102,0,-10,-37,0,-2090,-2090,-631.2,2090,0,-24,0,0
2025-08-25T06:27:00.000+00:00,3.296,3.102,0,-10,-37,0,-2090,-2090,-631.2,2090,0,-23.6,0,0
2025-08-25T06:28:00.000+00:00,3.296,3.102,0,-8,-37,0,-2090,-2090,-631.2,2090,0,-24.9,0,0
2025-08-25T06:29:00.000+00:00,3.296,3.102,0,-8,-37,0,-2090,-2090,-631.2,2090,0,-24.7,0,0
2025-08-25T06:30:00.000+00:00,3.296,3.102,0,-12,-37,0,-2090,-2090,-631.2,2090,0,-25,0,0
2025-08-25T06:31:00.000+00:00,3.296,3.102,0,-10,-37,0,-2090,-2090,-631.2,2090,0,-24.9,0,0
2025-08-25T06:32:00.000+00:00,3.296,3.102,0,-10,-37,0,-2090,-2090,-631.2,2090,0,-25,0,0
2025-08-25T06:33:00.000+00:00,3.296,3.102,0,-10,-36,0,-2090,-2090,-631.2,2090,0,-23.3,0,0
2025-08-25T06:34:00.000+00:00,3.296,3.103,0,-8,-37,0,-2090,-2090,-631.2,2090,0,-22.7,0,0
2025-08-25T06:35:00.000+00:00,3.296,3.103,0,-12,-37,0,-2090,-2090,-631.2,2090,0,-24.2,0,0
2025-08-25T06:36:00.000+00:00,3.296,3.103,0,-10,-36,0,-2090,-2090,-631.2,2090,0,-24.6,0,0
2025-08-25T06:37:00.000+00:00,3.296,3.103,0,-8,-37,0,-2090,-2090,-631.2,2090,0,-23.7,0,0
2025-08-25T06:38:00.000+00:00,3.296,3.103,0,-10,-37,0,-2090,-2090,-631.2,2090,0,-25.2,0,0
2025-08-25T06:39:00.000+00:00,3.296,3.103,0,-10,-36,0,-2090,-2090,-631.2,2090,0,-24.2,0,0
2025-08-25T06:40:00.000+00:00,3.296,3.103,0,-10,-37,0,-2090,-2090,-631.2,2090,0,-24.5,0,0
2025-08-25T06:41:00.000+00:00,3.296,3.103,0,-12,-37,0,-2090,-2090,-631.2,2090,0,-24.6,0,0
2025-08-25T06:42:00.000+00:00,3.296,3.102,0,-10,-37,0,-2090,-2090,-631.2,2090,0,-24.4,0,0
2025-08-25T06:43:00.000+00:00,3.296,3.102,0,-10,-37,0,-2090,-2090,-631.2,2090,0,-25.2,0,0
2025-08-25T06:44:00.000+00:00,3.296,3.103,0,-12,-36,0,-2090,-2090,-631.2,2090,0,-25.2,0,0
2025-08-25T06:45:00.000+00:00,3.297,3.102,0,-12,-37,0,-2090,-2090,-631.2,2090,0,-25.2,0,0
2025-08-25T06:46:00.000+00:00,3.296,3.103,0,-10,-37,0,-2090,-2090,-631.2,2090,0,-24.9,0,0
2025-08-25T06:47:00.000+00:00,3.296,3.103,0,-10,-37,0,-2090,-2090,-631.2,2090,0,-24.9,0,0
2025-08-25T06:48:00.000+00:00,3.296,3.103,0,-10,-36,0,-2090,-2090,-631.2,2090,0,-23.4,0,0
2025-08-25T06:49:00.000+00:00,3.296,3.103,0,-12,-37,0,-2090,-2090,-631.2,2090,0,-24.7,0,0
2025-08-25T06:50:00.000+00:00,3.297,3.102,0,-10,-37,0,-2090,-2090,-631.2,2090,0,-24.9,0,0
2025-08-25T06:51:00.000+00:00,3.296,3.102,0,-8,-37,0,-2090,-2090,-631.2,2090,0,-25.4,0,0
2025-08-25T06:52:00.000+00:00,3.297,3.103,0,-12,-37,0,-2090,-2090,-631.2,2090,0,-25.1,0,0
2025-08-25T06:53:00.000+00:00,3.297,3.103,0,-12,-37,0,-2090,-2090,-631.2,2090,0,-23.2,0,0
2025-08-25T06:54:00.000+00:00,3.296,3.103,0,-12,-37,0,-2090,-2090,-631.2,2090,0,-25.2,0,0
2025-08-25T06:55:00.000+00:00,3.297,3.103,0,-10,-36,0,-2090,-2090,-631.2,2090,0,-24.8,0,0
2025-08-25T06:56:00.000+00:00,3.297,3.103,0,-10,-36,0,-2090,-2090,-631.2,2090,0,-23,0,0
2025-08-25T06:57:00.000+00:00,3.297,3.103,0,-12,-37,0,-2090,-2090,-631.2,2090,0,-24.4,0,0
2025-08-25T06:58:00.000+00:00,3.297,3.103,0,-8,-37,0,-2090,-2090,-631.2,2090,0,-25.1,0,0
2025-08-25T06:59:00.000+00:00,3.297,3.103,0,-12,-37,0,-2090,-2090,-631.2,2090,0,-24.9,0,0
2025-08-25T07:00:00.000+00:00,3.297,3.103,0,-6,-37,0,-2090,-2090,-631.2,2090,0,-25.2,0,0
2025-08-25T07:01:00.000+00:00,3.297,3.103,0,-10,-36,0,-2090,-2090,-631.2,2090,0,-24.8,0,0
2025-08-25T07:02:00.000+00:00,3.297,3.103,0,-8,-37,0,-2090,-2090,-631.2,2090,0,-24.9,0,0
2025-08-25T07:03:00.000+00:00,3.297,3.103,0,-10,-37,0,-2090,-2090,-631.2,2090,0,-25.2,0,0
2025-08-25T07:04:00.000+00:00,3.297,3.103,0,-8,-37,0,-2090,-2090,-631.2,2090,0,-25.1,0,0
2025-08-25T07:05:00.000+00:00,3.297,3.103,0,-10,-36,0,-2090,-2090,-631.2,2090,0,-24.7,0,0
2025-08-25T07:06:00.000+00:00,3.297,3.103,0,-8,-37,0,-2090,-2090,-631.2,2090,0,-24.4,0,0
2025-08-25T07:07:00.000+00:00,3.297,3.103,0,-10,-37,0,-2090,-2090,-631.2,2090,0,-25.1,0,0
2025-08-25T07:08:00.000+00:00,3.297,3.103,0,-8,-37,0,-2090,-2090,-631.2,2090,0,-24.4,0,0
2025-08-25T07:09:00.000+00:00,3.297,3.103,0,-10,-36,0,-2090,-2090,-631.2,2090,0,-23.9,0,0
2025-08-25T07:10:00.000+00:00,3.297,3.103,0,-10,-37,0,-2090,-2090,-631.2,2090,0,-23.5,0,0
2025-08-25T07:11:00.000+00:00,3.297,3.103,0,-8,-37,0,-2090,-2090,-631.2,2090,0,-24.8,0,0
2025-08-25T07:12:00.000+00:00,3.297,3.103,0,-8,-37,0,-2090,-2090,-631.2,2090,0,-24.4,0,0
2025-08-25T07:13:00.000+00:00,3.297,3.103,0,-10,-36,0,-2090,-2090,-631.2,2090,0,-23.8,0,0
2025-08-25T07:14:00.000+00:00,3.297,3.103,0,-8,-37,0,-2090,-2090,-631.2,2090,0,-25.8,0,0
2025-08-25T07:15:00.000+00:00,3.297,3.102,0,-8,-37,0,-2090,-2090,-631.2,2090,0,-24.6,0,0
2025-08-25T07:16:00.000+00:00,3.297,3.103,0,-8,-36,0,-2090,-2090,-631.2,2090,0,-23.4,0,0
2025-08-25T07:17:00.000+00:00,3.297,3.103,0,-6,-37,0,-2090,-2090,-631.2,2090,0,-25.1,0,0
2025-08-25T07:18:00.000+00:00,3.297,3.103,0,-4,-36,0,-2090,-2090,-631.2,2090,0,-24.8,0,0
2025-08-25T07:19:00.000+00:00,3.297,3.103,0,-4,-37,0,-2090,-2090,-631.2,2090,0,-24.3,0,0
2025-08-25T07:20:00.000+00:00,3.297,3.103,0,-4,-36,0,-2090,-2090,-631.2,2090,0,-23.8,0,0
2025-08-25T07:21:00.000+00:00,3.297,3.103,0,-4,-37,0,-2090,-2090,-631.2,2090,0,-24.2,0,0
2025-08-25T07:22:00.000+00:00,3.297,3.103,0,-4,-37,0,-2090,-2090,-631.2,2090,0,-24.8,0,0
2025-08-25T07:23:00.000+00:00,3.297,3.103,0,-6,-36,0,-2090,-2090,-631.2,2090,0,-24.1,0,0
2025-08-25T07:24:00.000+00:00,3.297,3.103,0,-6,-37,0,-2090,-2090,-631.2,2090,0,-23.7,0,0
2025-08-25T07:25:00.000+00:00,3.297,3.103,0,-6,-36,0,-2090,-2090,-631.2,2090,0,-24,0,0
2025-08-25T07:26:00.000+00:00,3.297,3.103,0,-4,-36,0,-2090,-2090,-631.2,2090,0,-24.7,0,0
2025-08-25T07:27:00.000+00:00,3.297,3.103,0,-6,-36,0,-2090,-2090,-631.2,2090,0,-24.5,0,0
2025-08-25T07:28:00.000+00:00,3.297,3.103,0,-6,-36,0,-2090,-2090,-631.2,2090,0,-24.4,0,0
2025-08-25T07:29:00.000+00:00,3.297,3.103,0,-6,-37,0,-2090,-2090,-631.2,2090,0,-23.5,0,0
2025-08-25T07:30:00.000+00:00,3.297,3.103,0,-4,-36,0,-2090,-2090,-631.2,2090,0,-24.5,0,0
2025-08-25T07:31:00.000+00:00,3.297,3.103,0,-6,-36,0,-2090,-2090,-631.2,2090,0,-23.3,0,0
2025-08-25T07:32:00.000+00:00,3.297,3.103,0,-6,-37,0,-2090,-2090,-631.2,2090,0,-23.2,0,0
2025-08-25T07:33:00.000+00:00,3.297,3.103,0,-8,-37,0,-2090,-2090,-631.2,2090,0,-23.7,0,0
2025-08-25T07:34:00.000+00:00,3.297,3.103,0,-6,-37,0,-2090,-2090,-631.2,2090,0,-24.9,0,0
2025-08-25T07:35:00.000+00:00,3.297,3.103,0,-6,-37,0,-2090,-2090,-631.2,2090,0,-25,0,0
2025-08-25T07:36:00.000+00:00,3.297,3.103,0,-2,-36,0,-2090,-2090,-631.2,2090,0,-24.5,0,0
2025-08-25T07:37:00.000+00:00,3.297,3.103,0,-6,-36,0,-2090,-2090,-631.2,2090,0,-24.2,0,0
2025-08-25T07:38:00.000+00:00,3.298,3.103,0,-8,-36,0,-2090,-2090,-631.2,2090,0,-23.9,0,0
2025-08-25T07:39:00.000+00:00,3.297,3.103,0,-6,-36,0,-2090,-2090,-631.2,2090,0,-23.7,0,0
2025-08-25T07:40:00.000+00:00,3.297,3.103,0,-6,-36,0,-2090,-2090,-631.2,2090,0,-22.7,0,0
2025-08-25T07:41:00.000+00:00,3.297,3.103,0,-2,-37,0,-2090,-2090,-631.2,2090,0,-24,0,0
2025-08-25T07:42:00.000+00:00,3.297,3.103,0,-2,-37,0,-2090,-2090,-631.2,2090,0,-22.8,0,0
2025-08-25T07:43:00.000+00:00,3.297,3.103,0,-8,-37,0,-2090,-2090,-631.2,2090,0,-24.4,0,0
2025-08-25T07:44:00.000+00:00,3.297,3.103,0,-4,-37,0,-2090,-2090,-631.2,2090,0,-23.7,0,0
2025-08-25T07:45:00.000+00:00,3.297,3.103,0,-4,-36,0,-2090,-2090,-631.2,2090,0,-23.7,0,0
2025-08-25T07:46:00.000+00:00,3.297,3.103,0,-6,-37,0,-2090,-2090,-631.2,2090,0,-23.3,0,0
2025-08-25T07:47:00.000+00:00,3.297,3.103,0,-6,-37,0,-2090,-2090,-631.2,2090,0,-24.2,0,0
2025-08-25T07:48:00.000+00:00,3.297,3.103,0,-6,-36,0,-2090,-2090,-631.2,2090,0,-24.2,0,0
2025-08-25T07:49:00.000+00:00,3.297,3.103,0,-4,-37,0,-2090,-2090,-631.2,2090,0,-25.1,0,0
2025-08-25T07:50:00.000+00:00,3.297,3.103,0,-8,-37,0,-2090,-2090,-631.2,2090,0,-23.5,0,0
2025-08-25T07:51:00.000+00:00,3.298,3.103,0,-6,-37,0,-2090,-2090,-631.2,2090,0,-23.7,0,0
2025-08-25T07:52:00.000+00:00,3.298,3.103,0,-10,-36,0,-2090,-2090,-631.2,2090,0,-24.8,0,0
2025-08-25T07:53:00.000+00:00,3.298,3.103,0,-12,-37,0,-2090,-2090,-631.2,2090,0,-24.3,0,0
2025-08-25T07:54:00.000+00:00,3.298,3.103,0,-12,-37,0,-2090,-2090,-631.2,2090,0,-23.5,0,0
2025-08-25T07:55:00.000+00:00,3.298,3.103,0,-12,-37,0,-2090,-2090,-631.2,2090,0,-24.3,0,0
2025-08-25T07:56:00.000+00:00,3.298,3.103,0,-10,-37,0,-2090,-2090,-631.2,2090,0,-24.1,0,0
2025-08-25T07:57:00.000+00:00,3.298,3.103,0,-8,-37,0,-2090,-2090,-631.2,2090,0,-23.4,0,0
2025-08-25T07:58:00.000+00:00,3.298,3.103,0,-10,-37,0,-2090,-2090,-631.2,2090,0,-24.6,0,0
2025-08-25T07:59:00.000+00:00,3.298,3.103,0,-10,-37,0,-2090,-2090,-631.2,2090,0,-24.6,0,0
2025-08-25T08:00:00.000+00:00,3.298,3.103,0,-8,-36,0,-2090,-2090,-631.2,2090,0,-24.3,0,0
2025-08-25T08:01:00.000+00:00,3.298,3.103,0,-10,-38,0,-2090,-2090,-631.2,2090,0,-24.8,0,0
2025-08-25T08:02:00.000+00:00,3.298,3.103,0,-6,-37,0,-2090,-2090,-631.2,2090,0,-25.5,0,0
2025-08-25T08:03:00.000+00:00,3.298,3.103,0,-10,-36,0,-2090,-2090,-631.2,2090,0,-24,0,0
2025-08-25T08:04:00.000+00:00,3.298,3.103,0,-8,-37,0,-2090,-2090,-631.2,2090,0,-24.6,0,0
2025-08-25T08:05:00.000+00:00,3.298,3.103,0,-12,-36,0,-2090,-2090,-631.2,2090,0,-25.2,0,0
2025-08-25T08:06:00.000+00:00,3.299,3.103,0,-12,-36,0,-2090,-2090,-631.2,2090,0,-24.9,0,0
2025-08-25T08:07:00.000+00:00,3.299,3.103,0,-12,-37,0,-2090,-2090,-631.2,2090,0,-24.8,0,0
2025-08-25T08:08:00.000+00:00,3.298,3.103,0,-12,-37,0,-2090,-2090,-631.2,2090,0,-24.2,0,0
2025-08-25T08:09:00.000+00:00,3.299,3.103,0,-12,-36,0,-2090,-2090,-631.2,2090,0,-22.9,0,0
2025-08-25T08:10:00.000+00:00,3.299,3.103,0,-10,-37,0,-2090,-2090,-631.2,2090,0,-23.6,0,0
2025-08-25T08:11:00.000+00:00,3.299,3.103,0,-12,-37,0,-2090,-2090,-631.2,2090,0,-25,0,0
2025-08-25T08:12:00.000+00:00,3.299,3.103,0,-12,-37,0,-2090,-2090,-631.2,2090,0,-24.4,0,0
2025-08-25T08:13:00.000+00:00,3.299,3.103,0,-8,-37,0,-2090,-2090,-631.2,2090,0,-25,0,0
2025-08-25T08:14:00.000+00:00,3.299,3.103,0,-10,-37,0,-2090,-2090,-631.2,2090,0,-24.3,0,0
2025-08-25T08:15:00.000+00:00,3.299,3.103,0,-12,-36,0,-2090,-2090,-631.2,2090,0,-25.2,0,0
2025-08-25T08:16:00.000+00:00,3.299,3.103,0,-10,-36,0,-2090,-2090,-631.2,2090,0,-24.7,0,0
2025-08-25T08:17:00.000+00:00,3.299,3.103,0,-10,-37,0,-2090,-2090,-631.2,2090,0,-25.1,0,0
2025-08-25T08:18:00.000+00:00,3.299,3.103,0,-12,-37,0,-2090,-2090,-631.2,2090,0,-23.9,0,0
2025-08-25T08:19:00.000+00:00,3.299,3.102,0,-10,-37,0,-2090,-2090,-631.2,2090,0,-23.7,0,0
2025-08-25T08:20:00.000+00:00,3.299,3.103,0,-8,-37,0,-2090,-2090,-631.2,2090,0,-24.1,0,0
2025-08-25T08:21:00.000+00:00,3.298,3.103,0,-10,-37,0,-2090,-2090,-631.2,2090,0,-24.1,0,0
2025-08-25T08:22:00.000+00:00,3.299,3.102,0,-10,-36,0,-2090,-2090,-631.2,2090,0,-23.2,0,0
2025-08-25T08:23:00.000+00:00,3.299,3.103,0,-6,-37,0,-2090,-2090,-631.2,2090,0,-24.8,0,0
2025-08-25T08:24:00.000+00:00,3.299,3.102,0,-8,-37,0,-2090,-2090,-631.2,2090,0,-24,0,0
2025-08-25T08:25:00.000+00:00,3.299,3.103,0,-8,-36,0,-2090,-2090,-631.2,2090,0,-24.8,0,0
2025-08-25T08:26:00.000+00:00,3.299,3.103,0,-8,-37,0,-2090,-2090,-631.2,2090,0,-24.3,0,0
2025-08-25T08:27:00.000+00:00,3.299,3.103,0,-10,-36,0,-2090,-2090,-631.2,2090,0,-25.4,0,0
2025-08-25T08:28:00.000+00:00,3.299,3.103,0,-8,-37,0,-2090,-2090,-631.2,2090,0,-24.5,0,0
2025-08-25T08:29:00.000+00:00,3.299,3.103,0,-10,-36,0,-2090,-2090,-631.2,2090,0,-23.9,0,0
2025-08-25T08:30:00.000+00:00,3.299,3.103,0,-8,-37,0,-2090,-2090,-631.2,2090,0,-24.5,0,0
2025-08-25T08:31:00.000+00:00,3.299,3.103,0,-8,-37,0,-2090,-2090,-631.2,2090,0,-22.9,0,0
2025-08-25T08:32:00.000+00:00,3.299,3.103,0,-10,-37,0,-2090,-2090,-631.2,2090,0,-25,0,0
2025-08-25T08:33:00.000+00:00,3.299,3.103,0,-12,-37,0,-2090,-2090,-631.2,2090,0,-25.3,0,0
2025-08-25T08:34:00.000+00:00,3.299,3.103,0,-12,-37,0,-2090,-2090,-631.2,2090,0,-25,0,0
2025-08-25T08:35:00.000+00:00,3.299,3.103,0,-12,-36,0,-2090,-2090,-631.2,2090,0,-25.3,0,0
2025-08-25T08:36:00.000+00:00,3.299,3.103,0,-10,-37,0,-2090,-2090,-631.2,2090,0,-24.6,0,0
2025-08-25T08:37:00.000+00:00,3.3,3.103,0,-10,-37,0,-2090,-2090,-631.2,2090,0,-23.7,0,0
2025-08-25T08:38:00.000+00:00,3.3,3.103,0,-10,-37,0,-2090,-2090,-631.2,2090,0,-25.1,0,0
2025-08-25T08:39:00.000+00:00,3.299,3.103,0,-12,-37,0,-2090,-2090,-631.2,2090,0,-24.7,0,0
2025-08-25T08:40:00.000+00:00,3.3,3.103,0,-12,-37,0,-2090,-2090,-631.2,2090,0,-25.2,0,0
2025-08-25T08:41:00.000+00:00,3.3,3.103,0,-10,-36,0,-2090,-2090,-631.2,2090,0,-24.7,0,0
2025-08-25T08:42:00.000+00:00,3.3,3.103,0,-10,-37,0,-2090,-2090,-631.2,2090,0,-24.3,0,0
2025-08-25T08:43:00.000+00:00,3.3,3.103,0,-10,-36,0,-2090,-2090,-631.2,2090,0,-21.8,0,0
2025-08-25T08:44:00.000+00:00,3.3,3.103,0,-8,-36,0,-2090,-2090,-631.2,2090,0,-25.1,0,0
2025-08-25T08:45:00.000+00:00,3.3,3.103,0,-10,-36,0,-2090,-2090,-631.2,2090,0,-24.5,0,0
2025-08-25T08:46:00.000+00:00,3.3,3.103,0,-12,-37,0,-2090,-2090,-631.2,2090,0,-24.8,0,0
2025-08-25T08:47:00.000+00:00,3.3,3.103,0,-12,-36,0,-2090,-2090,-631.2,2090,0,-23.7,0,0
2025-08-25T08:48:00.000+00:00,3.3,3.103,0,-12,-37,0,-2090,-2090,-631.2,2090,0,-25.1,0,0
2025-08-25T08:49:00.000+00:00,3.3,3.103,0,-12,-37,0,-2090,-2090,-631.2,2090,0,-24.4,0,0
2025-08-25T08:50:00.000+00:00,3.3,3.103,0,-14,-37,0,-2090,-2090,-631.2,2090,0,-25,0,0
2025-08-25T08:51:00.000+00:00,3.3,3.103,0,-14,-37,0,-2090,-2090,-631.2,2090,0,-25,0,0
2025-08-25T08:52:00.000+00:00,3.3,3.103,0,-14,-37,0,-2090,-2090,-631.2,2090,0,-25.5,0,0
2025-08-25T08:53:00.000+00:00,3.3,3.103,0,-12,-37,0,-2090,-2090,-631.2,2090,0,-23.8,0,0
2025-08-25T08:54:00.000+00:00,3.3,3.103,0,-12,-36,0,-2090,-2090,-631.2,2090,0,-24.4,0,0
2025-08-25T08:55:00.000+00:00,3.3,3.103,0,-12,-36,0,-2090,-2090,-631.2,2090,0,-23.9,0,0
2025-08-25T08:56:00.000+00:00,3.3,3.103,0,-14,-37,0,-2090,-2090,-631.2,2090,0,-24.9,0,0
2025-08-25T08:57:00.000+00:00,3.3,3.103,0,-10,-37,0,-2090,-2090,-631.2,2090,0,-23.7,0,0
2025-08-25T08:58:00.000+00:00,3.3,3.103,0,-8,-37,0,-2090,-2090,-631.2,2090,0,-24.8,0,0
2025-08-25T08:59:00.000+00:00,3.3,3.103,0,-10,-36,0,-2090,-2090,-631.2,2090,0,-24.2,0,0
2025-08-25T09:00:00.000+00:00,3.3,3.103,0,-10,-37,0,-2090,-2090,-631.2,2090,0,-24.3,0,0
2025-08-25T09:01:00.000+00:00,3.3,3.103,0,-10,-37,0,-2090,-2090,-631.2,2090,0,-24.4,0,0
2025-08-25T09:02:00.000+00:00,3.3,3.103,0,-12,-36,0,-2090,-2090,-631.2,2090,0,-24.7,0,0
2025-08-25T09:03:00.000+00:00,3.3,3.103,0,-10,-37,0,-2090,-2090,-631.2,2090,0,-22.3,0,0
2025-08-25T09:04:00.000+00:00,3.301,3.103,0,-12,-36,0,-2090,-2090,-631.2,2090,0,-25.1,0,0
2025-08-25T09:05:00.000+00:00,3.301,3.103,0,-12,-37,0,-2090,-2090,-631.2,2090,0,-24.8,0,0
2025-08-25T09:06:00.000+00:00,3.301,3.103,0,-10,-37,0,-2090,-2090,-631.2,2090,0,-24.7,0,0
2025-08-25T09:07:00.000+00:00,3.301,3.103,0,-12,-37,0,-2090,-2090,-631.2,2090,0,-24.4,0,0
2025-08-25T09:08:00.000+00:00,3.301,3.103,0,-10,-37,0,-2090,-2090,-631.2,2090,0,-25.3,0,0
2025-08-25T09:09:00.000+00:00,3.301,3.103,0,-12,-37,0,-2090,-2090,-631.2,2090,0,-25.2,0,0
2025-08-25T09:10:00.000+00:00,3.301,3.104,0,-14,-37,0,-2090,-2090,-631.2,2090,0,-24.9,0,0
2025-08-25T09:11:00.000+00:00,3.301,3.103,0,-14,-38,0,-2090,-2090,-631.2,2090,0,-25.1,0,0
2025-08-25T09:12:00.000+00:00,3.301,3.103,0,-14,-37,0,-2090,-2090,-631.2,2090,0,-24.6,0,0
2025-08-25T09:13:00.000+00:00,3.301,3.103,0,-14,-37,0,-2090,-2090,-631.2,2090,0,-25,0,0
2025-08-25T09:14:00.000+00:00,3.301,3.103,0,-17,-37,0,-2090,-2090,-631.2,2090,0,-25.7,0,0
2025-08-25T09:15:00.000+00:00,3.301,3.103,0,-17,-38,0,-2090,-2090,-631.2,2090,0,-24.7,0,0
2025-08-25T09:16:00.000+00:00,3.301,3.103,0,-14,-38,0,-2090,-2090,-631.2,2090,0,-25.1,0,0
2025-08-25T09:17:00.000+00:00,3.301,3.103,0,-14,-37,0,-2090,-2090,-631.2,2090,0,-24.8,0,0
2025-08-25T09:18:00.000+00:00,3.301,3.103,0,-14,-37,0,-2090,-2090,-631.2,2090,0,-25.7,0,0
2025-08-25T09:19:00.000+00:00,3.302,3.103,0,-17,-38,0,-2090,-2090,-631.2,2090,0,-23.9,0,0
2025-08-25T09:20:00.000+00:00,3.301,3.103,0,-14,-37,0,-2090,-2090,-631.2,2090,0,-25.2,0,0
2025-08-25T09:21:00.000+00:00,3.301,3.103,0,-10,-37,0,-2090,-2090,-631.2,2090,0,-25,0,0
2025-08-25T09:22:00.000+00:00,3.302,3.103,0,-10,-36,0,-2090,-2090,-631.2,2090,0,-23.6,0,0
2025-08-25T09:23:00.000+00:00,3.301,3.103,0,-10,-37,0,-2090,-2090,-631.2,2090,0,-24.2,0,0
2025-08-25T09:24:00.000+00:00,3.301,3.103,0,-12,-38,0,-2090,-2090,-631.2,2090,0,-24,0,0
2025-08-25T09:25:00.000+00:00,3.301,3.103,0,-10,-37,0,-2090,-2090,-631.2,2090,0,-24.5,0,0
2025-08-25T09:26:00.000+00:00,3.302,3.103,0,-12,-37,0,-2090,-2090,-631.2,2090,0,-24.7,0,0
2025-08-25T09:27:00.000+00:00,3.301,3.103,0,-12,-37,0,-2090,-2090,-631.2,2090,0,-25.4,0,0
2025-08-25T09:28:00.000+00:00,3.302,3.103,0,-12,-37,0,-2090,-2090,-631.2,2090,0,-24.5,0,0
2025-08-25T09:29:00.000+00:00,3.302,3.103,0,-12,-37,0,-2090,-2090,-631.2,2090,0,-24.7,0,0
2025-08-25T09:30:00.000+00:00,3.302,3.103,0,-12,-37,0,-2090,-2090,-631.2,2090,0,-24.1,0,0
2025-08-25T09:31:00.000+00:00,3.302,3.103,0,-12,-36,0,-2090,-2090,-631.2,2090,0,-24.8,0,0
2025-08-25T09:32:00.000+00:00,3.302,3.103,0,-12,-37,0,-2090,-2090,-631.2,2090,0,-23.9,0,0
2025-08-25T09:33:00.000+00:00,3.302,3.102,0,-12,-37,0,-2090,-2090,-631.2,2090,0,-25.4,0,0
2025-08-25T09:34:00.000+00:00,3.302,3.103,0,-12,-38,0,-2090,-2090,-631.2,2090,0,-24.8,0,0
2025-08-25T09:35:00.000+00:00,3.302,3.103,0,-12,-37,0,-2090,-2090,-631.2,2090,0,-24.7,0,0
2025-08-25T09:36:00.000+00:00,3.302,3.103,0,-12,-37,0,-2090,-2090,-631.2,2090,0,-24.2,0,0
2025-08-25T09:37:00.000+00:00,3.302,3.103,0,-14,-37,0,-2090,-2090,-631.2,2090,0,-25.2,0,0
2025-08-25T09:38:00.000+00:00,3.302,3.103,0,-10,-37,0,-2090,-2090,-631.2,2090,0,-23.2,0,0
2025-08-25T09:39:00.000+00:00,3.302,3.103,0,-12,-38,0,-2090,-2090,-631.2,2090,0,-24.9,0,0
2025-08-25T09:40:00.000+00:00,3.302,3.103,0,-14,-37,0,-2090,-2090,-631.2,2090,0,-23.9,0,0
2025-08-25T09:41:00.000+00:00,3.302,3.103,0,-14,-37,0,-2090,-2090,-631.2,2090,0,-24.8,0,0
2025-08-25T09:42:00.000+00:00,3.302,3.103,0,-12,-37,0,-2090,-2090,-631.2,2090,0,-25,0,0
2025-08-25T09:43:00.000+00:00,3.302,3.103,0,-17,-37,0,-2090,-2090,-631.2,2090,0,-25,0,0
2025-08-25T09:44:00.000+00:00,3.302,3.103,0,-14,-37,0,-2090,-2090,-631.2,2090,0,-25,0,0
2025-08-25T09:45:00.000+00:00,3.302,3.103,0,-17,-38,0,-2090,-2090,-631.2,2090,0,-25.6,0,0
2025-08-25T09:46:00.000+00:00,3.303,3.103,0,-17,-37,0,-2090,-2090,-631.2,2090,0,-25.5,0,0
2025-08-25T09:47:00.000+00:00,3.303,3.103,0,-17,-37,0,-2090,-2090,-631.2,2090,0,-24.6,0,0
2025-08-25T09:48:00.000+00:00,3.302,3.103,0,-17,-37,0,-2090,-2090,-631.2,2090,0,-24.9,0,0
2025-08-25T09:49:00.000+00:00,3.303,3.103,0,-17,-37,0,-2090,-2090,-631.2,2090,0,-25.2,0,0
2025-08-25T09:50:00.000+00:00,3.302,3.103,0,-17,-37,0,-2090,-2090,-631.2,2090,0,-25.3,0,0
2025-08-25T09:51:00.000+00:00,3.302,3.103,0,-17,-38,0,-2090,-2090,-631.2,2090,0,-25.1,0,0
2025-08-25T09:52:00.000+00:00,3.303,3.103,0,-17,-37,0,-2090,-2090,-631.2,2090,0,-26,0,0
2025-08-25T09:53:00.000+00:00,3.303,3.103,0,-17,-38,0,-2090,-2090,-631.2,2090,0,-25.5,0,0
2025-08-25T09:54:00.000+00:00,3.303,3.103,0,-14,-37,0,-2090,-2090,-631.2,2090,0,-25.6,0,0
2025-08-25T09:55:00.000+00:00,3.303,3.103,0,-17,-38,0,-2090,-2090,-631.2,2090,0,-25.2,0,0
2025-08-25T09:56:00.000+00:00,3.303,3.103,0,-14,-37,0,-2090,-2090,-631.2,2090,0,-25.4,0,0
2025-08-25T09:57:00.000+00:00,3.303,3.103,0,-17,-37,0,-2090,-2090,-631.2,2090,0,-25.5,0,0
2025-08-25T09:58:00.000+00:00,3.303,3.103,0,-17,-37,0,-2090,-2090,-631.2,2090,0,-25.8,0,0
2025-08-25T09:59:00.000+00:00,3.303,3.103,0,-17,-38,0,-2090,-2090,-631.2,2090,0,-24.9,0,0
2025-08-25T10:00:00.000+00:00,3.303,3.103,0,-12,-37,0,-2090,-2090,-631.2,2090,0,-24.8,0,0
2025-08-25T10:01:00.000+00:00,3.303,3.103,0,-17,-38,0,-2090,-2090,-631.2,2090,0,-25.4,0,0
2025-08-25T10:02:00.000+00:00,3.303,3.103,0,-14,-38,0,-2090,-2090,-631.2,2090,0,-24.4,0,0
2025-08-25T10:03:00.000+00:00,3.303,3.103,0,-14,-37,0,-2090,-2090,-631.2,2090,0,-25.1,0,0
2025-08-25T10:04:00.000+00:00,3.303,3.104,0,-17,-38,0,-2090,-2090,-631.2,2090,0,-25.1,0,0
2025-08-25T10:05:00.000+00:00,3.303,3.104,0,-17,-38,0,-2090,-2090,-631.2,2090,0,-24.5,0,0
2025-08-25T10:06:00.000+00:00,3.303,3.104,0,-17,-37,0,-2090,-2090,-631.2,2090,0,-25.2,0,0
2025-08-25T10:07:00.000+00:00,3.303,3.103,0,-17,-37,0,-2090,-2090,-631.2,2090,0,-25,0,0
2025-08-25T10:08:00.000+00:00,3.303,3.103,0,-14,-37,0,-2090,-2090,-631.2,2090,0,-25.4,0,0
2025-08-25T10:09:00.000+00:00,3.303,3.103,0,-17,-37,0,-2090,-2090,-631.2,2090,0,-24.8,0,0
2025-08-25T10:10:00.000+00:00,3.303,3.103,0,-17,-37,0,-2090,-2090,-631.2,2090,0,-24.8,0,0
2025-08-25T10:11:00.000+00:00,3.303,3.103,0,-14,-37,0,-2090,-2090,-631.2,2090,0,-25.2,0,0
2025-08-25T10:12:00.000+00:00,3.304,3.103,0,-17,-37,0,-2090,-2090,-631.2,2090,0,-25.5,0,0
2025-08-25T10:13:00.000+00:00,3.303,3.103,0,-17,-37,0,-2090,-2090,-631.2,2090,0,-25.7,0,0
2025-08-25T10:14:00.000+00:00,3.304,3.103,0,-14,-37,0,-2090,-2090,-631.2,2090,0,-24.9,0,0
2025-08-25T10:15:00.000+00:00,3.304,3.103,0,-17,-37,0,-2090,-2090,-631.2,2090,0,-25.6,0,0
2025-08-25T10:16:00.000+00:00,3.304,3.103,0,-14,-37,0,-2090,-2090,-631.2,2090,0,-24.9,0,0
2025-08-25T10:17:00.000+00:00,3.304,3.103,0,-17,-37,0,-2090,-2090,-631.2,2090,0,-25,0,0
2025-08-25T10:18:00.000+00:00,3.304,3.103,0,-17,-37,0,-2090,-2090,-631.2,2090,0,-25.2,0,0
2025-08-25T10:19:00.000+00:00,3.304,3.103,0,-17,-38,0,-2090,-2090,-631.2,2090,0,-24.8,0,0
2025-08-25T10:20:00.000+00:00,3.304,3.103,0,-17,-37,0,-2090,-2090,-631.2,2090,0,-25.4,0,0
2025-08-25T10:21:00.000+00:00,3.304,3.103,0,-17,-37,0,-2090,-2090,-631.2,2090,0,-25,0,0
2025-08-25T10:22:00.000+00:00,3.304,3.103,0,-17,-38,0,-2090,-2090,-631.2,2090,0,-24.8,0,0
2025-08-25T10:23:00.000+00:00,3.304,3.103,0,-17,-37,0,-2090,-2090,-631.2,2090,0,-24.8,0,0
2025-08-25T10:24:00.000+00:00,3.304,3.103,0,-17,-38,0,-2090,-2090,-631.2,2090,0,-25.4,0,0
2025-08-25T10:25:00.000+00:00,3.304,3.103,0,-17,-37,0,-2090,-2090,-631.2,2090,0,-24.7,0,0
2025-08-25T10:26:00.000+00:00,3.304,3.103,0,-17,-37,0,-2090,-2090,-631.2,2090,0,-25.4,0,0
2025-08-25T10:27:00.000+00:00,3.304,3.103,0,-17,-37,0,-2090,-2090,-631.2,2090,0,-24.1,0,0
2025-08-25T10:28:00.000+00:00,3.304,3.103,0,-17,-38,0,-2090,-2090,-631.2,2090,0,-25.2,0,0
2025-08-25T10:29:00.000+00:00,3.304,3.103,0,-17,-37,0,-2090,-2090,-631.2,2090,0,-24.9,0,0
2025-08-25T10:30:00.000+00:00,3.304,3.103,0,-14,-37,0,-2090,-2090,-631.2,2090,0,-25.5,0,0
2025-08-25T10:31:00.000+00:00,3.304,3.103,0,-17,-37,0,-2090,-2090,-631.2,2090,0,-24.9,0,0
2025-08-25T10:32:00.000+00:00,3.304,3.103,0,-14,-37,0,-2090,-2090,-631.2,2090,0,-25.5,0,0
2025-08-25T10:33:00.000+00:00,3.304,3.103,0,-17,-37,0,-2090,-2090,-631.2,2090,0,-25.6,0,0
2025-08-25T10:34:00.000+00:00,3.304,3.103,0,-17,-37,0,-2090,-2090,-631.2,2090,0,-25.2,0,0
2025-08-25T10:35:00.000+00:00,3.304,3.103,0,-17,-37,0,-2090,-2090,-631.2,2090,0,-25.1,0,0
2025-08-25T10:36:00.000+00:00,3.304,3.103,0,-17,-37,0,-2090,-2090,-631.2,2090,0,-25.1,0,0
2025-08-25T10:37:00.000+00:00,3.304,3.103,0,-17,-37,0,-2090,-2090,-631.2,2090,0,-25.7,0,0
2025-08-25T10:38:00.000+00:00,3.304,3.103,0,-17,-38,0,-2090,-2090,-631.2,2090,0,-25.5,0,0
2025-08-25T10:39:00.000+00:00,3.304,3.103,0,-17,-37,0,-2090,-2090,-631.2,2090,0,-25,0,0
2025-08-25T10:40:00.000+00:00,3.304,3.103,0,-17,-38,0,-2090,-2090,-631.2,2090,0,-24.9,0,0
2025-08-25T10:41:00.000+00:00,3.304,3.103,0,-17,-37,0,-2090,-2090,-631.2,2090,0,-25,0,0
2025-08-25T10:42:00.000+00:00,3.304,3.103,0,-17,-37,0,-2090,-2090,-631.2,2090,0,-25.4,0,0
2025-08-25T10:43:00.000+00:00,3.304,3.103,0,-19,-37,0,-2090,-2090,-631.2,2090,0,-25.1,0,0
2025-08-25T10:44:00.000+00:00,3.304,3.103,0,-17,-38,0,-2090,-2090,-631.2,2090,0,-25.6,0,0
2025-08-25T10:45:00.000+00:00,3.304,3.103,0,-17,-38,0,-2090,-2090,-631.2,2090,0,-24.9,0,0
2025-08-25T10:46:00.000+00:00,3.304,3.103,0,-17,-38,0,-2090,-2090,-631.2,2090,0,-25,0,0
2025-08-25T10:47:00.000+00:00,3.304,3.103,0,-17,-37,0,-2090,-2090,-631.2,2090,0,-25.5,0,0
2025-08-25T10:48:00.000+00:00,3.304,3.103,0,-17,-37,0,-2090,-2090,-631.2,2090,0,-25.2,0,0
2025-08-25T10:49:00.000+00:00,3.305,3.103,0,-17,-37,0,-2090,-2090,-631.2,2090,0,-25,0,0
2025-08-25T10:50:00.000+00:00,3.304,3.103,0,-17,-37,0,-2090,-2090,-631.2,2090,0,-24.7,0,0
2025-08-25T10:51:00.000+00:00,3.305,3.103,0,-17,-37,0,-2090,-2090,-631.2,2090,0,-25.6,0,0
2025-08-25T10:52:00.000+00:00,3.304,3.103,0,-17,-37,0,-2090,-2090,-631.2,2090,0,-25.2,0,0
2025-08-25T10:53:00.000+00:00,3.304,3.103,0,-17,-37,0,-2090,-2090,-631.2,2090,0,-25.7,0,0
2025-08-25T10:54:00.000+00:00,3.304,3.103,0,-17,-37,0,-2090,-2090,-631.2,2090,0,-25,0,0
2025-08-25T10:55:00.000+00:00,3.304,3.103,0,-17,-37,0,-2090,-2090,-631.2,2090,0,-24.1,0,0
2025-08-25T10:56:00.000+00:00,3.304,3.103,0,-17,-37,0,-2090,-2090,-631.2,2090,0,-25.3,0,0
2025-08-25T10:57:00.000+00:00,3.304,3.103,0,-14,-37,0,-2090,-2090,-631.2,2090,0,-25,0,0
2025-08-25T10:58:00.000+00:00,3.304,3.103,0,-17,-37,0,-2090,-2090,-631.2,2090,0,-25.5,0,0
2025-08-25T10:59:00.000+00:00,3.305,3.103,0,-14,-37,0,-2090,-2090,-631.2,2090,0,-25.6,0,0
2025-08-25T11:00:00.000+00:00,3.305,3.103,0,-17,-38,0,-2090,-2090,-631.2,2090,0,-25.2,0,0
2025-08-25T11:01:00.000+00:00,3.305,3.103,0,-14,-38,0,-2090,-2090,-631.2,2090,0,-25.4,0,0
2025-08-25T11:02:00.000+00:00,3.305,3.103,0,-17,-37,0,-2090,-2090,-631.2,2090,0,-24.5,0,0
2025-08-25T11:03:00.000+00:00,3.305,3.103,0,-17,-37,0,-2090,-2090,-631.2,2090,0,-24.5,0,0
2025-08-25T11:04:00.000+00:00,3.305,3.103,0,-17,-37,0,-2090,-2090,-631.2,2090,0,-25.6,0,0
2025-08-25T11:05:00.000+00:00,3.305,3.103,0,-17,-37,0,-2090,-2090,-631.2,2090,0,-25.2,0,0
2025-08-25T11:06:00.000+00:00,3.305,3.103,0,-17,-37,0,-2090,-2090,-631.2,2090,0,-25.2,0,0
2025-08-25T11:07:00.000+00:00,3.305,3.103,0,-17,-38,0,-2090,-2090,-631.2,2090,0,-24.9,0,0
2025-08-25T11:08:00.000+00:00,3.305,3.103,0,-17,-37,0,-2090,-2090,-631.2,2090,0,-25.2,0,0
2025-08-25T11:09:00.000+00:00,3.305,3.103,0,-17,-37,0,-2090,-2090,-631.2,2090,0,-24.6,0,0
2025-08-25T11:10:00.000+00:00,3.305,3.103,0,-17,-38,0,-2090,-2090,-631.2,2090,0,-25,0,0
2025-08-25T11:11:00.000+00:00,3.305,3.103,0,-17,-37,0,-2090,-2090,-631.2,2090,0,-24.5,0,0
2025-08-25T11:12:00.000+00:00,3.305,3.103,0,-14,-38,0,-2090,-2090,-631.2,2090,0,-24.8,0,0
2025-08-25T11:13:00.000+00:00,3.305,3.103,0,-14,-37,0,-2090,-2090,-631.2,2090,0,-25.5,0,0
2025-08-25T11:14:00.000+00:00,3.305,3.103,0,-14,-37,0,-2090,-2090,-631.2,2090,0,-25.3,0,0
2025-08-25T11:15:00.000+00:00,3.305,3.103,0,-17,-38,0,-2090,-2090,-631.2,2090,0,-25.7,0,0
2025-08-25T11:16:00.000+00:00,3.305,3.103,0,-17,-37,0,-2090,-2090,-631.2,2090,0,-24.9,0,0
2025-08-25T11:17:00.000+00:00,3.305,3.103,0,-14,-37,0,-2090,-2090,-631.2,2090,0,-25,0,0
2025-08-25T11:18:00.000+00:00,3.305,3.103,0,-17,-37,0,-2090,-2090,-631.2,2090,0,-25.5,0,0
2025-08-25T11:19:00.000+00:00,3.305,3.103,0,-17,-37,0,-2090,-2090,-631.2,2090,0,-25.2,0,0
2025-08-25T11:20:00.000+00:00,3.305,3.103,0,-17,-37,0,-2090,-2090,-631.2,2090,0,-24.7,0,0
2025-08-25T11:21:00.000+00:00,3.305,3.103,0,-17,-37,0,-2090,-2090,-631.2,2090,0,-25.3,0,0
2025-08-25T11:22:00.000+00:00,3.305,3.103,0,-17,-37,0,-2090,-2090,-631.2,2090,0,-24,0,0
2025-08-25T11:23:00.000+00:00,3.305,3.103,0,-17,-37,0,-2090,-2090,-631.2,2090,0,-25.3,0,0
2025-08-25T11:24:00.000+00:00,3.305,3.103,0,-17,-37,0,-2090,-2090,-631.2,2090,0,-25.8,0,0
2025-08-25T11:25:00.000+00:00,3.305,3.103,0,-14,-37,0,-2090,-2090,-631.2,2090,0,-24.6,0,0
2025-08-25T11:26:00.000+00:00,3.305,3.103,0,-17,-37,0,-2090,-2090,-631.2,2090,0,-25.6,0,0
2025-08-25T11:27:00.000+00:00,3.305,3.103,0,-17,-37,0,-2090,-2090,-631.2,2090,0,-25.1,0,0
2025-08-25T11:28:00.000+00:00,3.305,3.103,0,-17,-37,0,-2090,-2090,-631.2,2090,0,-25,0,0
2025-08-25T11:29:00.000+00:00,3.305,3.103,0,-17,-38,0,-2090,-2090,-631.2,2090,0,-24.9,0,0
2025-08-25T11:30:00.000+00:00,3.305,3.103,0,-17,-38,0,-2090,-2090,-631.2,2090,0,-25.4,0,0
2025-08-25T11:31:00.000+00:00,3.305,3.103,0,-14,-37,0,-2090,-2090,-631.2,2090,0,-25.2,0,0
2025-08-25T11:32:00.000+00:00,3.306,3.103,0,-17,-37,0,-2090,-2090,-631.2,2090,0,-24.9,0,0
2025-08-25T11:33:00.000+00:00,3.306,3.103,0,-17,-37,0,-2090,-2090,-631.2,2090,0,-25,0,0
2025-08-25T11:34:00.000+00:00,3.305,3.103,0,-17,-38,0,-2090,-2090,-631.2,2090,0,-25.4,0,0
2025-08-25T11:35:00.000+00:00,3.305,3.103,0,-17,-37,0,-2090,-2090,-631.2,2090,0,-25.1,0,0
2025-08-25T11:36:00.000+00:00,3.305,3.103,0,-17,-37,0,-2090,-2090,-631.2,2090,0,-25.1,0,0
2025-08-25T11:37:00.000+00:00,3.305,3.103,0,-17,-37,0,-2090,-2090,-631.2,2090,0,-25.1,0,0
2025-08-25T11:38:00.000+00:00,3.305,3.103,0,-17,-37,0,-2090,-2090,-631.2,2090,0,-25.1,0,0
2025-08-25T11:39:00.000+00:00,3.305,3.103,0,-17,-37,0,-2090,-2090,-631.2,2090,0,-25.5,0,0
2025-08-25T11:40:00.000+00:00,3.306,3.103,0,-17,-38,0,-2090,-2090,-631.2,2090,0,-24.7,0,0
2025-08-25T11:41:00.000+00:00,3.306,3.103,0,-17,-37,0,-2090,-2090,-631.2,2090,0,-24.4,0,0
2025-08-25T11:42:00.000+00:00,3.306,3.103,0,-17,-37,0,-2090,-2090,-631.2,2090,0,-23.4,0,0
2025-08-25T11:43:00.000+00:00,3.306,3.103,0,-17,-38,0,-2090,-2090,-631.2,2090,0,-25.1,0,0
2025-08-25T11:44:00.000+00:00,3.306,3.103,0,-14,-37,0,-2090,-2090,-631.2,2090,0,-24.8,0,0
2025-08-25T11:45:00.000+00:00,3.306,3.103,0,-14,-37,0,-2090,-2090,-631.2,2090,0,-24.3,0,0
2025-08-25T11:46:00.000+00:00,3.306,3.103,0,-14,-38,0,-2090,-2090,-631.2,2090,0,-25.3,0,0
2025-08-25T11:47:00.000+00:00,3.306,3.103,0,-12,-37,0,-2090,-2090,-631.2,2090,0,-24.2,0,0
2025-08-25T11:48:00.000+00:00,3.306,3.103,0,-12,-37,0,-2090,-2090,-631.2,2090,0,-24.9,0,0
2025-08-25T11:49:00.000+00:00,3.306,3.103,0,-12,-37,0,-2090,-2090,-631.2,2090,0,-25,0,0
2025-08-25T11:50:00.000+00:00,3.306,3.103,0,-14,-37,0,-2090,-2090,-631.2,2090,0,-25.2,0,0
2025-08-25T11:51:00.000+00:00,3.306,3.103,0,-14,-37,0,-2090,-2090,-631.2,2090,0,-25.2,0,0
2025-08-25T11:52:00.000+00:00,3.306,3.103,0,-14,-37,0,-2090,-2090,-631.2,2090,0,-25.5,0,0
2025-08-25T11:53:00.000+00:00,3.306,3.103,0,-14,-38,0,-2090,-2090,-631.2,2090,0,-24.1,0,0
2025-08-25T11:54:00.000+00:00,3.306,3.103,0,-12,-37,0,-2090,-2090,-631.2,2090,0,-25,0,0
2025-08-25T11:55:00.000+00:00,3.306,3.103,0,-10,-37,0,-2090,-2090,-631.2,2090,0,-25,0,0
2025-08-25T11:56:00.000+00:00,3.306,3.103,0,-12,-37,0,-2090,-2090,-631.2,2090,0,-24.5,0,0
2025-08-25T11:57:00.000+00:00,3.306,3.103,0,-14,-37,0,-2090,-2090,-631.2,2090,0,-24.7,0,0
2025-08-25T11:58:00.000+00:00,3.306,3.103,0,-14,-37,0,-2090,-2090,-631.2,2090,0,-24.9,0,0
2025-08-25T11:59:00.000+00:00,3.306,3.103,0,-14,-37,0,-2090,-2090,-631.2,2090,0,-24.4,0,0
2025-08-25T12:00:00.000+00:00,3.306,3.103,0,-14,-37,0,-2090,-2090,-631.2,2090,0,-25,0,0
2025-08-25T12:01:00.000+00:00,3.306,3.103,0,-14,-37,0,-2090,-2090,-631.2,2090,0,-24.5,0,0
2025-08-25T12:02:00.000+00:00,3.306,3.103,0,-12,-37,0,-2090,-2090,-631.2,2090,0,-24.3,0,0
2025-08-25T12:03:00.000+00:00,3.306,3.103,0,-14,-37,0,-2090,-2090,-631.2,2090,0,-24,0,0
2025-08-25T12:04:00.000+00:00,3.306,3.103,0,-14,-37,0,-2090,-2090,-631.2,2090,0,-24.8,0,0
2025-08-25T12:05:00.000+00:00,3.306,3.103,0,-14,-37,0,-2090,-2090,-631.2,2090,0,-25.2,0,0
2025-08-25T12:06:00.000+00:00,3.306,3.103,0,-12,-37,0,-2090,-2090,-631.2,2090,0,-25,0,0
2025-08-25T12:07:00.000+00:00,3.306,3.103,0,-14,-37,0,-2090,-2090,-631.2,2090,0,-25.4,0,0
2025-08-25T12:08:00.000+00:00,3.306,3.103,0,-14,-37,0,-2090,-2090,-631.2,2090,0,-24.8,0,0
2025-08-25T12:09:00.000+00:00,3.306,3.103,0,-14,-38,0,-2090,-2090,-631.2,2090,0,-25.4,0,0
2025-08-25T12:10:00.000+00:00,3.306,3.103,0,-14,-37,0,-2090,-2090,-631.2,2090,0,-25.1,0,0
2025-08-25T12:11:00.000+00:00,3.306,3.103,0,-12,-37,0,-2090,-2090,-631.2,2090,0,-24.5,0,0
2025-08-25T12:12:00.000+00:00,3.306,3.103,0,-12,-37,0,-2090,-2090,-631.2,2090,0,-24.5,0,0
2025-08-25T12:13:00.000+00:00,3.306,3.103,0,-12,-37,0,-2090,-2090,-631.2,2090,0,-24.4,0,0
2025-08-25T12:14:00.000+00:00,3.306,3.103,0,-12,-37,0,-2090,-2090,-631.2,2090,0,-24.9,0,0
2025-08-25T12:15:00.000+00:00,3.306,3.103,0,-14,-37,0,-2090,-2090,-631.2,2090,0,-24.1,0,0
2025-08-25T12:16:00.000+00:00,3.306,3.103,0,-14,-37,0,-2090,-2090,-631.2,2090,0,-24.4,0,0
2025-08-25T12:17:00.000+00:00,3.306,3.103,0,-12,-37,0,-2090,-2090,-631.2,2090,0,-24.5,0,0
2025-08-25T12:18:00.000+00:00,3.306,3.103,0,-14,-37,0,-2090,-2090,-631.2,2090,0,-25,0,0
2025-08-25T12:19:00.000+00:00,3.306,3.103,0,-12,-37,0,-2090,-2090,-631.2,2090,0,-25,0,0
2025-08-25T12:20:00.000+00:00,3.306,3.103,0,-12,-37,0,-2090,-2090,-631.2,2090,0,-24.9,0,0
2025-08-25T12:21:00.000+00:00,3.306,3.103,0,-12,-37,0,-2090,-2090,-631.2,2090,0,-23.7,0,0
2025-08-25T12:22:00.000+00:00,3.306,3.103,0,-10,-37,0,-2090,-2090,-631.2,2090,0,-24.3,0,0
2025-08-25T12:23:00.000+00:00,3.306,3.103,0,-12,-38,0,-2090,-2090,-631.2,2090,0,-24.7,0,0
2025-08-25T12:24:00.000+00:00,3.306,3.103,0,-12,-37,0,-2090,-2090,-631.2,2090,0,-24.2,0,0
2025-08-25T12:25:00.000+00:00,3.306,3.103,0,-12,-37,0,-2090,-2090,-631.2,2090,0,-24.5,0,0
2025-08-25T12:26:00.000+00:00,3.306,3.104,0,-10,-37,0,-2090,-2090,-631.2,2090,0,-24.1,0,0
2025-08-25T12:27:00.000+00:00,3.306,3.104,0,-12,-37,0,-2090,-2090,-631.2,2090,0,-25.1,0,0
2025-08-25T12:28:00.000+00:00,3.319,3.104,0,-2,-29,0,-2090,-2090,-631.2,2090,0,-10.2,0,0
2025-08-25T12:29:00.000+00:00,3.337,3.104,0,-326,-341,0,-2090,-2090,-631.2,2090,0,-339.4,0,0
2025-08-25T12:30:00.000+00:00,3.341,3.104,0,-606,-632,0,-2090,-2090,-631.2,2090,0,-618.1,0,0
2025-08-25T12:31:00.000+00:00,3.342,3.104,0,-608,-631,0,-2090,-2090,-631.2,2090,0,-618.3,0,0
2025-08-25T12:32:00.000+00:00,3.343,3.104,0,-609,-633,0,-2090,-2090,-631.2,2090,0,-617.7,0,0
2025-08-25T12:33:00.000+00:00,3.344,3.104,0,-613,-633,0,-2090,-2090,-631.2,2090,0,-617.9,0,0
2025-08-25T12:34:00.000+00:00,3.345,3.104,0,-613,-634,0,-2090,-2090,-631.2,2090,0,-618.7,0,0
2025-08-25T12:35:00.000+00:00,3.346,3.103,0,-614,-634,0,-2090,-2090,-631.2,2090,0,-618.8,0,0
2025-08-25T12:36:00.000+00:00,3.346,3.103,0,-611,-633,0,-2090,-2090,-631.2,2090,0,-618.2,0,0
2025-08-25T12:37:00.000+00:00,3.346,3.103,0,-610,-630,0,-2090,-2090,-631.2,2090,0,-618.7,0,0
2025-08-25T12:38:00.000+00:00,3.346,3.103,0,-612,-632,0,-2090,-2090,-631.2,2090,0,-618.8,0,0
2025-08-25T12:39:00.000+00:00,3.346,3.103,0,-613,-634,0,-2090,-2090,-631.2,2090,0,-618.2,0,0
2025-08-25T12:40:00.000+00:00,3.346,3.103,0,-613,-633,0,-2090,-2090,-631.2,2090,0,-618.3,0,0
2025-08-25T12:41:00.000+00:00,3.346,3.103,0,-613,-633,0,-2090,-2090,-631.2,2090,0,-617.9,0,0
2025-08-25T12:42:00.000+00:00,3.346,3.103,0,-613,-634,0,-2090,-2090,-631.2,2090,0,-618.2,0,0
2025-08-25T12:43:00.000+00:00,3.346,3.103,0,-612,-631,0,-2090,-2090,-631.2,2090,0,-617.9,0,0
2025-08-25T12:44:00.000+00:00,3.346,3.103,0,-613,-633,0,-2090,-2090,-631.2,2090,0,-618.4,0,0
2025-08-25T12:45:00.000+00:00,3.346,3.103,0,-614,-633,0,-2090,-2090,-631.2,2090,0,-618.2,0,0
2025-08-25T12:46:00.000+00:00,3.345,3.103,0,-615,-634,0,-2090,-2090,-631.2,2090,0,-618.7,0,0
2025-08-25T12:47:00.000+00:00,3.345,3.103,0,-613,-634,0,-2090,-2090,-631.2,2090,0,-617.9,0,0
2025-08-25T12:48:00.000+00:00,3.345,3.103,0,-610,-629,0,-2090,-2090,-631.2,2090,0,-618.5,0,0
2025-08-25T12:49:00.000+00:00,3.345,3.103,0,-614,-633,0,-2090,-2090,-631.2,2090,0,-618.9,0,0
2025-08-25T12:50:00.000+00:00,3.345,3.103,0,-612,-630,0,-2090,-2090,-631.2,2090,0,-618.7,0,0
2025-08-25T12:51:00.000+00:00,3.345,3.103,0,-613,-633,0,-2090,-2090,-631.2,2090,0,-617.8,0,0
2025-08-25T12:52:00.000+00:00,3.345,3.103,0,-613,-633,0,-2090,-2090,-631.2,2090,0,-618.4,0,0
2025-08-25T12:53:00.000+00:00,3.345,3.103,0,-613,-634,0,-2090,-2090,-631.2,2090,0,-618.7,0,0
2025-08-25T12:54:00.000+00:00,3.345,3.103,0,-613,-634,0,-2090,-2090,-631.2,2090,0,-618,0,0
2025-08-25T12:55:00.000+00:00,3.345,3.103,0,-613,-631,0,-2090,-2090,-631.2,2090,0,-618.6,0,0
2025-08-25T12:56:00.000+00:00,3.345,3.103,0,-613,-634,0,-2090,-2090,-631.2,2090,0,-618.8,0,0
2025-08-25T12:57:00.000+00:00,3.345,3.103,0,-610,-630,0,-2090,-2090,-631.2,2090,0,-618.6,0,0
2025-08-25T12:58:00.000+00:00,3.344,3.103,0,-609,-628,0,-2090,-2090,-631.2,2090,0,-618.8,0,0
2025-08-25T12:59:00.000+00:00,3.344,3.103,0,-613,-633,0,-2090,-2090,-631.2,2090,0,-618.4,0,0
2025-08-25T13:00:00.000+00:00,3.345,3.103,0,-611,-626,0,-2090,-2090,-631.2,2090,0,-618.8,0,0
2025-08-25T13:01:00.000+00:00,3.344,3.103,0,-613,-633,0,-2090,-2090,-631.2,2090,0,-618.5,0,0
2025-08-25T13:02:00.000+00:00,3.345,3.103,0,-612,-634,0,-2090,-2090,-631.2,2090,0,-618.5,0,0
2025-08-25T13:03:00.000+00:00,3.344,3.103,0,-613,-633,0,-2090,-2090,-631.2,2090,0,-618.3,0,0
2025-08-25T13:04:00.000+00:00,3.344,3.103,0,-612,-631,0,-2090,-2090,-631.2,2090,0,-617.8,0,0
2025-08-25T13:05:00.000+00:00,3.345,3.103,0,-612,-631,0,-2090,-2090,-631.2,2090,0,-619,0,0
2025-08-25T13:06:00.000+00:00,3.345,3.104,0,-613,-628,0,-2090,-2090,-631.2,2090,0,-618.9,0,0
2025-08-25T13:07:00.000+00:00,3.345,3.104,0,-613,-631,0,-2090,-2090,-631.2,2090,0,-618.2,0,0
2025-08-25T13:08:00.000+00:00,3.345,3.104,0,-612,-628,0,-2090,-2090,-631.2,2090,0,-618.1,0,0
2025-08-25T13:09:00.000+00:00,3.345,3.104,0,-613,-634,0,-2090,-2090,-631.2,2090,0,-618.2,0,0
2025-08-25T13:10:00.000+00:00,3.345,3.104,0,-612,-633,0,-2090,-2090,-631.2,2090,0,-617.8,0,0
2025-08-25T13:11:00.000+00:00,3.345,3.103,0,-614,-631,0,-2090,-2090,-631.2,2090,0,-617.5,0,0
2025-08-25T13:12:00.000+00:00,3.345,3.103,0,-608,-627,0,-2090,-2090,-631.2,2090,0,-618.3,0,0
2025-08-25T13:13:00.000+00:00,3.346,3.103,0,-610,-627,0,-2090,-2090,-631.2,2090,0,-617.2,0,0
2025-08-25T13:14:00.000+00:00,3.346,3.103,0,-613,-633,0,-2090,-2090,-631.2,2090,0,-617.7,0,0
2025-08-25T13:15:00.000+00:00,3.346,3.103,0,-613,-634,0,-2090,-2090,-631.2,2090,0,-616.8,0,0
2025-08-25T13:16:00.000+00:00,3.346,3.103,0,-612,-631,0,-2090,-2090,-631.2,2090,0,-618.1,0,0
2025-08-25T13:17:00.000+00:00,3.346,3.103,0,-607,-631,0,-2090,-2090,-631.2,2090,0,-616.7,0,0
2025-08-25T13:18:00.000+00:00,3.346,3.103,0,-612,-631,0,-2090,-2090,-631.2,2090,0,-617.7,0,0
2025-08-25T13:19:00.000+00:00,3.346,3.103,0,-609,-631,0,-2090,-2090,-631.2,2090,0,-618.3,0,0
2025-08-25T13:20:00.000+00:00,3.346,3.103,0,-613,-632,0,-2090,-2090,-631.2,2090,0,-618.2,0,0
2025-08-25T13:21:00.000+00:00,3.347,3.103,0,-613,-633,0,-2090,-2090,-631.2,2090,0,-618.1,0,0
2025-08-25T13:22:00.000+00:00,3.346,3.103,0,-613,-633,0,-2090,-2090,-631.2,2090,0,-617.9,0,0
2025-08-25T13:23:00.000+00:00,3.347,3.103,0,-610,-632,0,-2090,-2090,-631.2,2090,0,-618.1,0,0
2025-08-25T13:24:00.000+00:00,3.347,3.103,0,-611,-629,0,-2090,-2090,-631.2,2090,0,-617.2,0,0
2025-08-25T13:25:00.000+00:00,3.347,3.103,0,-614,-634,0,-2090,-2090,-631.2,2090,0,-618.2,0,0
2025-08-25T13:26:00.000+00:00,3.347,3.103,0,-614,-632,0,-2090,-2090,-631.2,2090,0,-617.3,0,0
2025-08-25T13:27:00.000+00:00,3.347,3.103,0,-610,-627,0,-2090,-2090,-631.2,2090,0,-616.8,0,0
2025-08-25T13:28:00.000+00:00,3.348,3.103,0,-614,-633,0,-2090,-2090,-631.2,2090,0,-617.8,0,0
2025-08-25T13:29:00.000+00:00,3.347,3.103,0,17,-3,0,-2090,-2090,-631.2,2090,0,8.5,0,0
2025-08-25T13:30:00.000+00:00,3.345,3.103,0,15,-4,0,-2090,-2090,-631.2,2090,0,8.2,0,0
2025-08-25T13:31:00.000+00:00,3.32,3.103,0,17,0,0,-2090,-2090,0,2090,0,8.5,0,0
2025-08-25T13:32:00.000+00:00,3.318,3.103,0,17,0,0,-2090,-2090,0,2090,0,8.5,0,0
2025-08-25T13:33:00.000+00:00,3.316,3.102,13.5,15,-5,0,-2090,-2090,-631.2,2090,0,8.5,5.9,3.4
2025-08-25T13:34:00.000+00:00,3.315,3.102,13.8,17,-3,0,-2090,-2090,-631.2,2090,0,8.5,5.2,4.7
2025-08-25T13:35:00.000+00:00,3.315,3.13,13.8,15,-3,0,-2090,-2090,-631.2,2090,0,8.5,4.6,4
2025-08-25T13:36:00.000+00:00,3.314,3.154,-463,-604,-631,0,-2090,-2090,-631.2,2090,0,0,-307.8,-308
2025-08-25T13:37:00.000+00:00,3.314,3.164,9.3,12,-4,0,-2090,-2090,-2725.1008,2090,0,2.5,2.8,2.9
2025-08-25T13:38:00.000+00:00,3.313,3.137,8.8,12,0,0,0,0,0,144,0,2.3,1.9,1.9
2025-08-25T13:39:00.000+00:00,3.313,3.134,0.6,12,0,0,-46.4,-39.9,0,2090,0,2.3,1.9,1.9
2025-08-25T13:40:00.000+00:00,3.313,3.133,0.6,12,0,0,-46.4,-39.9,0,2090,0,2.3,1.9,1.9
2025-08-25T13:41:00.000+00:00,3.313,3.132,13.5,18,-4,0,-46.4,-39.9,-631.2,2090,0,2.3,4.6,4.3
2025-08-25T13:42:00.000+00:00,3.312,3.131,13.8,16,-2,0,-46.4,-39.9,-631.2,2090,0,0,4.6,5.5
2025-08-25T13:43:00.000+00:00,3.312,3.13,13.7,16,-3,0,-2090,-2090,-631.2,2090,0,0,4.7,4.1
2025-08-25T13:44:00.000+00:00,3.312,3.129,13.7,16,-3,0,-2090,-2090,-631.2,2090,0,0,4.4,4.5
2025-08-25T13:45:00.000+00:00,3.312,3.129,13.9,16,-2,0,-2090,-2090,-631.2,2090,0,0,4.8,4
2025-08-25T13:46:00.000+00:00,3.312,3.128,13.7,18,-2,0,-2090,-2090,-631.2,2090,0,0,3.9,3.8
2025-08-25T13:47:00.000+00:00,3.311,3.128,13.6,16,-3,0,-2090,-2090,-631.2,2090,0,0,4.8,4.6
2025-08-25T13:48:00.000+00:00,3.311,3.127,13.7,16,-3,0,-2090,-2090,-631.2,2090,0,0,4.4,4.5
2025-08-25T13:49:00.000+00:00,3.311,3.127,13.9,18,-3,0,-2090,-2090,-631.2,2090,0,0,4.6,4.7
2025-08-25T13:50:00.000+00:00,3.311,3.126,13.7,16,-3,0,-2090,-2090,-631.2,2090,0,0,4.9,5.2
2025-08-25T13:51:00.000+00:00,3.311,3.126,13.8,16,-3,0,-2090,-2090,-631.2,2090,0,0,4,4.8
2025-08-25T13:52:00.000+00:00,3.31,3.152,13.7,16,-3,0,-2090,-2090,-631.2,2090,0,0,4.1,4.7
2025-08-25T13:53:00.000+00:00,3.345,3.215,-428.1,-593,-578,0,-2090,-2090,-2172.5904,2090,0,-859.9,-308.1,-308.3
2025-08-25T13:54:00.000+00:00,3.354,3.244,-1087.6,-2314,-2361,0,-2090,-2090,-2742.7744,2090,0,-856.5,-736.7,-736.6
2025-08-25T13:55:00.000+00:00,3.358,3.267,-1082.7,-2313,-2345,0,-2090,-2090,-2727.2048,2090,0,-853.9,-735.9,-735.2
2025-08-25T13:56:00.000+00:00,3.359,3.282,-1078,-2316,-2359,0,-2090,-2090,-2744.4576,2090,0,-852.8,-735.9,-736
2025-08-25T13:57:00.000+00:00,3.361,3.291,-1079.1,-2330,-2373,0,-2090,-2090,-2743.616,2090,0,-861.1,-739.6,-738.3
2025-08-25T13:58:00.000+00:00,3.362,3.294,-1079.3,-2338,-2377,0,-2090,-2090,-2745.2992,2090,0,-861.7,-740.3,-740
2025-08-25T13:59:00.000+00:00,3.362,3.296,-1077,-2339,-2365,0,-2090,-2090,-2725.1008,2090,0,-862.3,-741,-740.7
2025-08-25T14:00:00.000+00:00,3.364,3.297,-1080.5,-2348,-2385,0,-2090,-2090,-2738.9872,2090,0,-862.9,-739.2,-740.3
2025-08-25T14:01:00.000+00:00,3.364,3.298,-1079.9,-2345,-2384,0,-2090,-2090,-2744.8784,2090,0,-866.1,-741.7,-741.5
2025-08-25T14:02:00.000+00:00,3.365,3.299,-1081.8,-2351,-2389,0,-2090,-2090,-2745.2992,2090,0,-867.3,-743,-743.8
2025-08-25T14:03:00.000+00:00,3.365,3.302,-1083.2,-2362,-2370,0,-2090,-2090,-2725.5216,2090,0,-872,-745.2,-745.5
2025-08-25T14:04:00.000+00:00,3.366,3.303,-1082.9,-2359,-2377,0,-2090,-2090,-2725.9424,2090,0,-871,-745.4,-745.1
2025-08-25T14:05:00.000+00:00,3.335,3.298,9.8,14,-3,0,-2090,-2090,-2731.4128,2090,0,3,3.2,3.1
2025-08-25T14:06:00.000+00:00,3.324,3.241,9.6,14,-1,0,-2090,-2090,-2730.1504,2090,0,2.8,3.4,3
2025-08-25T14:07:00.000+00:00,3.321,3.238,9.5,14,-2,0,-2090,-2090,-2729.3088,2090,0,2.8,3.1,2.6
2025-08-25T14:08:00.000+00:00,3.319,3.236,9.6,16,-2,0,-2090,-2090,-2728.888,2090,0,3.3,3.4,2.8
2025-08-25T14:09:00.000+00:00,3.318,3.235,9.5,14,-2,0,-2090,-2090,-2749.928,2090,0,2.9,2.8,3.5
2025-08-25T14:10:00.000+00:00,3.317,3.235,9.5,14,-2,0,-2090,-2090,-2729.7296,2090,0,3.1,3.8,2.7
2025-08-25T14:11:00.000+00:00,3.316,3.234,9.6,12,-2,0,-2090,-2090,-2729.3088,2090,0,2.9,3.7,2.8
2025-08-25T14:12:00.000+00:00,3.315,3.233,9.5,14,-2,0,-2090,-2090,-2730.1504,2090,0,2.8,3.2,3
2025-08-25T14:13:00.000+00:00,3.315,3.233,9.6,16,-2,0,-2090,-2090,-2749.0864,2090,0,2.7,2.8,3.2
2025-08-25T14:14:00.000+00:00,3.314,3.232,9.5,16,-2,0,-2090,-2090,-2749.5072,2090,0,2.8,3.1,3
2025-08-25T14:15:00.000+00:00,3.314,3.232,9.6,14,-2,0,-2090,-2090,-2728.0464,2090,0,3,3.2,2.8
2025-08-25T14:16:00.000+00:00,3.314,3.232,9.8,14,-2,0,-2090,-2090,-2749.5072,2090,0,3,2.7,2.8
2025-08-25T14:17:00.000+00:00,3.313,3.231,9.5,12,-3,0,-2090,-2090,-2747.824,2090,0,2.2,2.8,3.2
2025-08-25T14:18:00.000+00:00,3.313,3.23,9.4,14,-2,0,-2090,-2090,-2728.888,2090,0,3.2,3,3.1
2025-08-25T14:19:00.000+00:00,3.313,3.23,9.5,14,-2,0,-2090,-2090,-2740.2496,2090,0,2.6,3,3
2025-08-25T14:20:00.000+00:00,3.312,3.23,9.5,14,-2,0,-2090,-2090,-2746.5616,2090,0,2.8,3.1,3.5
2025-08-25T14:21:00.000+00:00,3.312,3.229,9.4,14,-2,0,-2090,-2090,-2746.1408,2090,0,2.8,2.7,2.6
2025-08-25T14:22:00.000+00:00,3.312,3.23,9.4,14,-1,0,-2090,-2090,-2746.5616,2090,0,3.5,2.8,3
2025-08-25T14:23:00.000+00:00,3.312,3.229,9.4,14,-2,0,-2090,-2090,-2727.6256,2090,0,2.8,3.1,3.4
2025-08-25T14:24:00.000+00:00,3.312,3.229,9.4,14,-2,0,-2090,-2090,-2728.888,2090,0,3.5,2.7,3.3
2025-08-25T14:25:00.000+00:00,3.311,3.229,9.5,14,-1,0,-2090,-2090,-2728.0464,2090,0,3.2,3.1,2.8
2025-08-25T14:26:00.000+00:00,3.311,3.229,9.4,18,-3,0,-2090,-2090,-2744.8784,2090,0,3,2.8,3
2025-08-25T14:27:00.000+00:00,3.311,3.228,9.4,14,-2,0,-2090,-2090,-2744.4576,2090,0,2.9,3.1,3.1
2025-08-25T14:28:00.000+00:00,3.311,3.228,9.4,14,-1,0,-2090,-2090,-2745.72,2090,0,3.4,3.3,3.2
2025-08-25T14:29:00.000+00:00,3.311,3.228,9.5,14,-2,0,-2090,-2090,-2728.4672,2090,0,2.8,3.4,3.1
2025-08-25T14:30:00.000+00:00,3.311,3.228,9.5,14,-2,0,-2090,-2090,-2727.6256,2090,0,3,3.7,3.1
2025-08-25T14:31:00.000+00:00,3.31,3.228,9.5,14,-3,0,-2090,-2090,-2748.2448,2090,0,3.8,3.2,4.6
2025-08-25T14:32:00.000+00:00,3.31,3.227,9.6,14,-3,0,-2090,-2090,-2727.2048,2090,0,3.9,2.9,3.7
2025-08-25T14:33:00.000+00:00,3.31,3.227,9.4,14,-3,0,-2090,-2090,-2728.0464,2090,0,2.8,3,3.1
2025-08-25T14:34:00.000+00:00,3.31,3.227,9.5,12,-2,0,-2090,-2090,-2750.3488,2090,0,2.7,3.1,2.7
2025-08-25T14:35:00.000+00:00,3.31,3.227,9.4,14,-2,0,-2090,-2090,-2729.3088,2090,0,2.8,2.7,2.9
2025-08-25T14:36:00.000+00:00,3.31,3.227,9.6,14,-1,0,-2090,-2090,-2748.2448,2090,0,2.9,3.2,2.8
2025-08-25T14:37:00.000+00:00,3.31,3.227,9.5,14,-1,0,-2090,-2090,-2746.9824,2090,0,3.6,3.2,2.8
2025-08-25T14:38:00.000+00:00,3.31,3.226,9.4,14,-2,0,-2090,-2090,-2748.6656,2090,0,2.9,3,3.3
2025-08-25T14:39:00.000+00:00,3.31,3.226,9.6,14,-2,0,-2090,-2090,-2744.0368,2090,0,2.7,3.5,2.7
2025-08-25T14:40:00.000+00:00,3.31,3.226,9.6,12,-2,0,-2090,-2090,-2737.7248,2090,0,2.6,3.5,2.4
2025-08-25T14:41:00.000+00:00,3.31,3.226,9.8,14,-2,0,-2090,-2090,-2739.408,2090,0,3.6,3.5,2.8
2025-08-25T14:42:00.000+00:00,3.31,3.226,9.5,14,-2,0,-2090,-2090,-2739.408,2090,0,2.9,2.6,3
2025-08-25T14:43:00.000+00:00,3.309,3.226,9.4,14,-2,0,-2090,-2090,-2739.408,2090,0,3.1,3,3
2025-08-25T14:44:00.000+00:00,3.309,3.225,9.7,14,-3,0,-2090,-2090,-2741.512,2090,0,3,3.9,2.6
2025-08-25T14:45:00.000+00:00,3.309,3.225,9.6,16,-2,0,-2090,-2090,-2742.7744,2090,0,2.9,4.7,3.3
2025-08-25T14:46:00.000+00:00,3.309,3.225,9.5,14,-2,0,-2090,-2090,-2740.6704,2090,0,3,3.1,3.4
2025-08-25T14:47:00.000+00:00,3.309,3.225,9.8,14,-2,0,-2090,-2090,-2739.408,2090,0,3,2.9,3.1
2025-08-25T14:48:00.000+00:00,3.309,3.225,9.4,16,-2,0,-2090,-2090,-2736.0416,2090,0,3,3.4,2.4
2025-08-25T14:49:00.000+00:00,3.309,3.225,9.5,14,-2,0,-2090,-2090,-2735.2,2090,0,3.2,3.1,3
2025-08-25T14:50:00.000+00:00,3.309,3.225,9.5,14,-2,0,-2090,-2090,-2741.9328,2090,0,2.8,3.1,3
2025-08-25T14:51:00.000+00:00,3.309,3.225,9.6,16,-2,0,-2090,-2090,-2737.7248,2090,0,2.9,2.8,2.5
2025-08-25T14:52:00.000+00:00,3.309,3.225,9.5,16,-2,0,-2090,-2090,-2739.8288,2090,0,2.6,2.9,3.3
2025-08-25T14:53:00.000+00:00,3.309,3.225,9.7,12,-2,0,-2090,-2090,-2739.408,2090,0,3.8,3,2.9
2025-08-25T14:54:00.000+00:00,3.309,3.224,9.5,14,-3,0,-2090,-2090,-2740.6704,2090,0,2.8,3.6,3.1
2025-08-25T14:55:00.000+00:00,3.309,3.224,9.5,12,-3,0,-2090,-2090,-2739.8288,2090,0,2.7,3,3.3
2025-08-25T14:56:00.000+00:00,3.309,3.224,9.4,14,-2,0,-2090,-2090,-2733.096,2090,0,2.6,2.8,3
2025-08-25T14:57:00.000+00:00,3.309,3.224,9.7,14,-1,0,-2090,-2090,-2741.0912,2090,0,2.8,2.9,2.8
2025-08-25T14:58:00.000+00:00,3.308,3.224,9.6,16,-2,0,-2090,-2090,-2743.1952,2090,0,2.8,3.2,3.7
2025-08-25T14:59:00.000+00:00,3.308,3.224,9.8,12,-2,0,-2090,-2090,-2740.6704,2090,0,3.1,3,3.2
2025-08-25T15:00:00.000+00:00,3.308,3.224,9.7,14,-3,0,-2090,-2090,-2739.8288,2090,0,3.8,3.2,3.2
2025-08-25T15:01:00.000+00:00,3.308,3.224,9.6,14,-3,0,-2090,-2090,-2736.4624,2090,0,3.7,3,3.3
2025-08-25T15:02:00.000+00:00,3.308,3.223,9.6,14,-1,0,-2090,-2090,-2729.3088,2090,0,2.8,2.3,3.1
2025-08-25T15:03:00.000+00:00,3.308,3.223,9.6,16,-2,0,-2090,-2090,-2743.1952,2090,0,3.2,4,3.1
2025-08-25T15:04:00.000+00:00,3.308,3.223,9.9,12,-1,0,-2090,-2090,-2738.9872,2090,0,3.8,2.8,3.4
2025-08-25T15:05:00.000+00:00,3.308,3.223,9.6,16,-1,0,-2090,-2090,-2742.3536,2090,0,3.2,3.3,3
2025-08-25T15:06:00.000+00:00,3.308,3.223,9.5,14,-2,0,-2090,-2090,-2742.7744,2090,0,2.9,3.1,3.1
2025-08-25T15:07:00.000+00:00,3.308,3.223,9.8,14,-2,0,-2090,-2090,-2726.784,2090,0,3.1,2.9,3.3
2025-08-25T15:08:00.000+00:00,3.308,3.223,9.6,14,-2,0,-2090,-2090,-2742.3536,2090,0,2.5,3.2,3
2025-08-25T15:09:00.000+00:00,3.308,3.223,9.5,12,-2,0,-2090,-2090,-2743.1952,2090,0,3.1,3.1,2.7
2025-08-25T15:10:00.000+00:00,3.308,3.223,9.5,16,-2,0,-2090,-2090,-2740.6704,2090,0,3.6,2.7,2.6
2025-08-25T15:11:00.000+00:00,3.308,3.223,9.5,16,-2,0,-2090,-2090,-2740.2496,2090,0,3.1,3.4,2.8
2025-08-25T15:12:00.000+00:00,3.308,3.222,9.7,16,-3,0,-2090,-2090,-2738.9872,2090,0,4.4,3.2,2.6
2025-08-25T15:13:00.000+00:00,3.308,3.222,9.5,12,-2,0,-2090,-2090,-2741.512,2090,0,3,2.7,3.1
2025-08-25T15:14:00.000+00:00,3.308,3.222,9.4,14,-2,0,-2090,-2090,-2742.3536,2090,0,2.6,2.5,2.8
2025-08-25T15:15:00.000+00:00,3.308,3.222,9.7,14,-2,0,-2090,-2090,-2743.1952,2090,0,3.3,3.2,3.2
2025-08-25T15:16:00.000+00:00,3.308,3.222,9.6,14,-1,0,-2090,-2090,-2730.992,2090,0,3.5,3,3
2025-08-25T15:17:00.000+00:00,3.308,3.222,9.5,16,-2,0,-2090,-2090,-2743.1952,2090,0,4.2,2.9,3.1
2025-08-25T15:18:00.000+00:00,3.308,3.222,9.5,14,-2,0,-2090,-2090,-2742.7744,2090,0,3.1,3.2,3.1
2025-08-25T15:19:00.000+00:00,3.308,3.222,9.5,14,-2,0,-2090,-2090,-2728.0464,2090,0,3,3.5,2.8
2025-08-25T15:20:00.000+00:00,3.308,3.222,9.7,14,-1,0,-2090,-2090,-2741.0912,2090,0,2.7,3.2,3.2
2025-08-25T15:21:00.000+00:00,3.308,3.222,9.6,14,-2,0,-2090,-2090,-2739.8288,2090,0,3.3,2.9,2.9
2025-08-25T15:22:00.000+00:00,3.308,3.222,9.7,14,-2,0,-2090,-2090,-2741.512,2090,0,3.1,3,3.6
2025-08-25T15:23:00.000+00:00,3.308,3.222,9.6,14,-1,0,-2090,-2090,-2739.408,2090,0,3.6,3.5,3.3
2025-08-25T15:24:00.000+00:00,3.308,3.222,9.6,14,-1,0,-2090,-2090,-2741.9328,2090,0,2.8,3.1,4.2
2025-08-25T15:25:00.000+00:00,3.308,3.222,9.5,14,-2,0,-2090,-2090,-2738.9872,2090,0,2.8,3.5,3
2025-08-25T15:26:00.000+00:00,3.308,3.221,9.5,14,-1,0,-2090,-2090,-2737.304,2090,0,2.6,2.3,3.3
2025-08-25T15:27:00.000+00:00,3.308,3.221,9.6,16,-1,0,-2090,-2090,-2738.9872,2090,0,3.3,2.5,3.2
2025-08-25T15:28:00.000+00:00,3.308,3.221,9.7,16,-2,0,-2090,-2090,-2742.7744,2090,0,3.3,3.8,2.9
2025-08-25T15:29:00.000+00:00,3.308,3.221,9.5,16,-2,0,-2090,-2090,-2738.9872,2090,0,3.8,3.7,3.2
2025-08-25T15:30:00.000+00:00,3.306,3.221,9.6,14,-1,0,-2090,-2090,-2738.5664,2090,0,2.7,4.4,2.6
2025-08-25T15:31:00.000+00:00,3.306,3.221,9.4,16,-1,0,-2090,-2090,-2739.8288,2090,0,3,2.7,3
2025-08-25T15:32:00.000+00:00,3.306,3.221,9.6,14,-3,0,-2090,-2090,-2741.512,2090,0,3.7,2.8,2.7
2025-08-25T15:33:00.000+00:00,3.306,3.221,9.4,14,-4,0,-2090,-2090,-2740.6704,2090,0,2.5,2.9,3.3
2025-08-25T15:34:00.000+00:00,3.307,3.221,9.5,16,-2,0,-2090,-2090,-2742.3536,2090,0,3,3.3,2.8
2025-08-25T15:35:00.000+00:00,3.307,3.221,9.6,16,-2,0,-2090,-2090,-2739.8288,2090,0,3.2,3,3.3
2025-08-25T15:36:00.000+00:00,3.307,3.221,9.6,14,-3,0,-2090,-2090,-2736.4624,2090,0,3.1,3.5,2.5
2025-08-25T15:37:00.000+00:00,3.307,3.219,9.7,16,-2,0,-2090,-2090,-2741.512,2090,0,3.3,3.4,2.9
2025-08-25T15:38:00.000+00:00,3.307,3.221,9.6,14,-1,0,-2090,-2090,-2741.9328,2090,0,2.8,3.3,3.5
2025-08-25T15:39:00.000+00:00,3.307,3.22,9.7,14,-2,0,-2090,-2090,-2743.616,2090,0,3.5,3.5,2.7
2025-08-25T15:40:00.000+00:00,3.307,3.219,9.5,14,-1,0,-2090,-2090,-2739.408,2090,0,2.6,4,3.2
2025-08-25T15:41:00.000+00:00,3.307,3.221,9.3,14,-2,0,-2090,-2090,-2739.408,2090,0,2.9,3.2,3.1
2025-08-25T15:42:00.000+00:00,3.307,3.22,9.6,16,-1,0,-2090,-2090,-2738.9872,2090,0,2.8,3.1,3
2025-08-25T15:43:00.000+00:00,3.307,3.22,9.5,14,-2,0,-2090,-2090,-2738.5664,2090,0,2.9,3,2.7
2025-08-25T15:44:00.000+00:00,3.307,3.22,9.4,14,-2,0,-2090,-2090,-2738.5664,2090,0,2.7,3.9,3
2025-08-25T15:45:00.000+00:00,3.307,3.22,9.5,14,-1,0,-2090,-2090,-2735.2,2090,0,2.7,2.8,3.5
2025-08-25T15:46:00.000+00:00,3.307,3.22,9.4,14,-2,0,-2090,-2090,-2737.304,2090,0,3,3.1,3.2
2025-08-25T15:47:00.000+00:00,3.307,3.22,9.5,14,-2,0,-2090,-2090,-2738.5664,2090,0,3.3,2.9,2.9
2025-08-25T15:48:00.000+00:00,3.307,3.22,9.5,16,-1,0,-2090,-2090,-2738.1456,2090,0,2.6,2.9,2.9
2025-08-25T15:49:00.000+00:00,3.307,3.22,9.4,14,-2,0,-2090,-2090,-2740.2496,2090,0,3,3.3,3.2
2025-08-25T15:50:00.000+00:00,3.307,3.219,9.6,16,-1,0,-2090,-2090,-2738.9872,2090,0,3.3,2.8,3.2
2025-08-25T15:51:00.000+00:00,3.307,3.219,9.5,14,-2,0,-2090,-2090,-2735.6208,2090,0,3,2.9,3.5
2025-08-25T15:52:00.000+00:00,3.307,3.219,9.5,14,-2,0,-2090,-2090,-2738.5664,2090,0,3.6,2.8,3.3
2025-08-25T15:53:00.000+00:00,3.307,3.22,9.6,14,-1,0,-2090,-2090,-2737.304,2090,0,3,3.2,3.4
2025-08-25T15:54:00.000+00:00,3.307,3.219,9.8,14,-1,0,-2090,-2090,-2738.5664,2090,0,3.8,3.3,3.8
2025-08-25T15:55:00.000+00:00,3.307,3.219,9.5,14,-2,0,-2090,-2090,-2736.0416,2090,0,3.2,3,3.1
2025-08-25T15:56:00.000+00:00,3.307,3.219,9.5,14,-1,0,-2090,-2090,-2734.3584,2090,0,2.8,2.7,2.8
2025-08-25T15:57:00.000+00:00,3.307,3.219,9.5,14,-4,0,-2090,-2090,-2737.304,2090,0,4,3.8,3.6
2025-08-25T15:58:00.000+00:00,3.307,3.219,9.5,14,-2,0,-2090,-2090,-2733.9376,2090,0,2.6,3,2.8
2025-08-25T15:59:00.000+00:00,3.307,3.219,9.6,12,-2,0,-2090,-2090,-2739.8288,2090,0,2.6,3.1,2.9
2025-08-25T16:00:00.000+00:00,3.307,3.219,9.6,16,-2,0,-2090,-2090,-2738.9872,2090,0,2.8,3.5,3.5
2025-08-25T16:01:00.000+00:00,3.307,3.219,9.5,14,-2,0,-2090,-2090,-2739.408,2090,0,3,3,2.7
2025-08-25T16:02:00.000+00:00,3.307,3.219,9.5,16,-2,0,-2090,-2090,-2739.8288,2090,0,3.1,2.6,2.7
2025-08-25T16:03:00.000+00:00,3.307,3.219,9.6,12,-2,0,-2090,-2090,-2738.9872,2090,0,2.9,3.1,3.1
2025-08-25T16:04:00.000+00:00,3.307,3.218,9.7,14,-2,0,-2090,-2090,-2740.2496,2090,0,3.2,3.3,3
2025-08-25T16:05:00.000+00:00,3.307,3.219,9.5,14,-2,0,-2090,-2090,-2739.8288,2090,0,3.3,3.3,3.4
2025-08-25T16:06:00.000+00:00,3.307,3.218,9.7,14,-1,0,-2090,-2090,-2738.1456,2090,0,3.2,3.3,3
2025-08-25T16:07:00.000+00:00,3.307,3.219,9.4,14,-2,0,-2090,-2090,-2734.3584,2090,0,2.7,3.3,2.8
2025-08-25T16:08:00.000+00:00,3.307,3.218,9.4,14,-2,0,-2090,-2090,-2736.0416,2090,0,2.9,3,3.2
2025-08-25T16:09:00.000+00:00,3.307,3.219,9.7,14,-2,0,-2090,-2090,-2737.304,2090,0,3.2,3.2,2.9
2025-08-25T16:10:00.000+00:00,3.306,3.218,9.6,14,-1,0,-2090,-2090,-2737.7248,2090,0,2.9,3.4,3.2
2025-08-25T16:11:00.000+00:00,3.306,3.218,9.5,12,-2,0,-2090,-2090,-2738.9872,2090,0,2.8,2.8,2.7
2025-08-25T16:12:00.000+00:00,3.306,3.218,9.7,14,-1,0,-2090,-2090,-2736.0416,2090,0,2.6,3.4,4.5
2025-08-25T16:13:00.000+00:00,3.306,3.218,9.5,14,-2,0,-2090,-2090,-2738.9872,2090,0,2.4,2.8,2.9
2025-08-25T16:14:00.000+00:00,3.306,3.218,9.7,14,-1,0,-2090,-2090,-2750.3488,2090,0,3.2,2.9,2.7
2025-08-25T16:15:00.000+00:00,3.306,3.218,9.6,14,-3,0,-2090,-2090,-2747.824,2090,0,3,3.2,3
2025-08-25T16:16:00.000+00:00,3.306,3.218,9.5,14,-4,0,-2090,-2090,-2744.8784,2090,0,3.1,3.6,2.9
2025-08-25T16:17:00.000+00:00,3.306,3.218,9.7,14,-2,0,-2090,-2090,-2740.2496,2090,0,2.5,3.4,2.6
2025-08-25T16:18:00.000+00:00,3.306,3.218,9.5,14,-4,0,-2090,-2090,-2734.3584,2090,0,2.9,2.6,3.2
2025-08-25T16:19:00.000+00:00,3.306,3.218,9.4,14,-2,0,-2090,-2090,-2724.2592,2090,0,3.7,3.1,2.8
2025-08-25T16:20:00.000+00:00,3.306,3.218,9.3,12,-3,0,-2090,-2090,-2722.1552,2090,0,2.4,2.6,3
2025-08-25T16:21:00.000+00:00,3.306,3.217,9.2,12,-1,0,-2090,-2090,-2723.4176,2090,0,2.8,2.5,2.9
2025-08-25T16:22:00.000+00:00,3.306,3.218,9.4,14,-1,0,-2090,-2090,-2722.9968,2090,0,2.5,3,2.9
2025-08-25T16:23:00.000+00:00,3.306,3.218,9.4,12,-2,0,-2090,-2090,-2725.1008,2090,0,3.6,3.3,3.7
2025-08-25T16:24:00.000+00:00,3.306,3.217,9.3,14,-2,0,-2090,-2090,-2719.2096,2090,0,3.5,2.7,2.6
2025-08-25T16:25:00.000+00:00,3.306,3.217,9.3,12,-2,0,-2090,-2090,-2723.4176,2090,0,3.4,3.2,3.4
2025-08-25T16:26:00.000+00:00,3.306,3.217,9.4,14,-2,0,-2090,-2090,-2722.576,2090,0,3.1,2.8,2.7
2025-08-25T16:27:00.000+00:00,3.306,3.217,9.7,14,-2,0,-2090,-2090,-2724.68,2090,0,3.4,2.8,2.8
2025-08-25T16:28:00.000+00:00,3.306,3.217,9.4,12,-2,0,-2090,-2090,-2726.784,2090,0,3.1,3,2.7
2025-08-25T16:29:00.000+00:00,3.306,3.217,9.3,12,-2,0,-2090,-2090,-2727.2048,2090,0,2.9,3.3,3.2
2025-08-25T16:30:00.000+00:00,3.306,3.217,9.6,12,-3,0,-2090,-2090,-2739.8288,2090,0,2.2,3,2.9
2025-08-25T16:31:00.000+00:00,3.306,3.217,9.4,14,-3,0,-2090,-2090,-2744.8784,2090,0,2.4,3.2,3.5
2025-08-25T16:32:00.000+00:00,3.306,3.217,9.5,16,-2,0,-2090,-2090,-2747.4032,2090,0,3.2,2.9,2.6
2025-08-25T16:33:00.000+00:00,3.306,3.217,9.6,12,-4,0,-2090,-2090,-2740.6704,2090,0,2.6,2.4,2.3
2025-08-25T16:34:00.000+00:00,3.306,3.217,9.4,12,-3,0,-2090,-2090,-2732.6752,2090,0,3,3.2,3.1
2025-08-25T16:35:00.000+00:00,3.306,3.217,9.4,14,-2,0,-2090,-2090,-2723.4176,2090,0,3.3,3.3,3.3
2025-08-25T16:36:00.000+00:00,3.306,3.217,9.4,14,-2,0,-2090,-2090,-2725.5216,2090,0,2.7,2.7,2.6
2025-08-25T16:37:00.000+00:00,3.306,3.217,9.5,14,-2,0,-2090,-2090,-2728.0464,2090,0,2.9,3,3.4
2025-08-25T16:38:00.000+00:00,3.306,3.216,9.4,14,-2,0,-2090,-2090,-2726.3632,2090,0,2.6,4.1,3.3
2025-08-25T16:39:00.000+00:00,3.306,3.217,9.5,16,-2,0,-2090,-2090,-2723.8384,2090,0,3.1,2.8,2.8
2025-08-25T16:40:00.000+00:00,3.306,3.216,9.3,14,-1,0,-2090,-2090,-2724.68,2090,0,3.3,2.5,3.5
2025-08-25T16:41:00.000+00:00,3.306,3.217,9.6,14,-1,0,-2090,-2090,-2725.5216,2090,0,2.3,2.6,3.3
2025-08-25T16:42:00.000+00:00,3.306,3.216,9.6,14,-4,0,-2090,-2090,-2725.1008,2090,0,3,2.5,2.6
2025-08-25T16:43:00.000+00:00,3.306,3.216,9.3,12,-2,0,-2090,-2090,-2724.68,2090,0,2.6,3.4,2.9
2025-08-25T16:44:00.000+00:00,3.306,3.216,9.3,16,-2,0,-2090,-2090,-2716.264,2090,0,2.9,3.6,2.5
2025-08-25T16:45:00.000+00:00,3.306,3.216,9.4,12,-2,0,-2090,-2090,-2738.1456,2090,0,3.4,3.7,3.9
2025-08-25T16:46:00.000+00:00,3.306,3.216,9.3,14,-2,0,-2090,-2090,-2744.4576,2090,0,3.4,3.1,3.8
2025-08-25T16:47:00.000+00:00,3.306,3.216,9.3,14,-3,0,-2090,-2090,-2749.5072,2090,0,2.9,3.7,3.2
2025-08-25T16:48:00.000+00:00,3.306,3.216,9.5,16,-2,0,-2090,-2090,-2749.5072,2090,0,3.3,3.9,3.7
2025-08-25T16:49:00.000+00:00,3.306,3.216,9.4,14,-2,0,-2090,-2090,-2748.6656,2090,0,3.7,2.8,3.8
2025-08-25T16:50:00.000+00:00,3.306,3.216,9.4,14,-2,0,-2090,-2090,-2749.0864,2090,0,3.4,3,2.7
2025-08-25T16:51:00.000+00:00,3.306,3.216,9.6,14,-2,0,-2090,-2090,-2746.5616,2090,0,3.8,3.5,3.2
2025-08-25T16:52:00.000+00:00,3.306,3.216,9.3,14,-1,0,-2090,-2090,-2736.4624,2090,0,2.9,3.3,3.4
2025-08-25T16:53:00.000+00:00,3.306,3.216,9.6,12,-2,0,-2090,-2090,-2726.784,2090,0,2.3,3.9,2.9
2025-08-25T16:54:00.000+00:00,3.306,3.216,9.5,14,-2,0,-2090,-2090,-2731.8336,2090,0,2.8,2.4,3.2
2025-08-25T16:55:00.000+00:00,3.306,3.216,9.4,12,-3,0,-2090,-2090,-2732.2544,2090,0,2.9,2.7,2.3
2025-08-25T16:56:00.000+00:00,3.306,3.216,9.5,12,-2,0,-2090,-2090,-2730.992,2090,0,3,2.9,2.3
2025-08-25T16:57:00.000+00:00,3.306,3.216,9.4,12,-1,0,-2090,-2090,-2732.2544,2090,0,2,3.6,2.8
2025-08-25T16:58:00.000+00:00,3.306,3.216,9.4,14,-2,0,-2090,-2090,-2731.8336,2090,0,2.7,2.8,3.1
2025-08-25T16:59:00.000+00:00,3.306,3.216,9.4,14,-1,0,-2090,-2090,-2734.3584,2090,0,2.5,2.6,2.8
2025-08-25T17:00:00.000+00:00,3.306,3.215,9.4,14,-2,0,-2090,-2090,-2743.1952,2090,0,2.8,3,3.4
2025-08-25T17:01:00.000+00:00,3.306,3.215,9.4,14,-1,0,-2090,-2090,-2749.0864,2090,0,3.8,4.2,3.9
2025-08-25T17:02:00.000+00:00,3.306,3.216,9.4,14,-2,0,-2090,-2090,-2748.6656,2090,0,4,3,3.4
2025-08-25T17:03:00.000+00:00,3.306,3.215,9.3,12,-2,0,-2090,-2090,-2747.824,2090,0,3.1,3.2,2.5
2025-08-25T17:04:00.000+00:00,3.306,3.215,9.3,12,-2,0,-2090,-2090,-2748.2448,2090,0,3.2,2.7,3.6
2025-08-25T17:05:00.000+00:00,3.306,3.215,9.3,12,-1,0,-2090,-2090,-2741.512,2090,0,3.6,3.2,3.1
2025-08-25T17:06:00.000+00:00,3.306,3.215,9.4,14,-2,0,-2090,-2090,-2736.4624,2090,0,2.5,2.9,2.4
2025-08-25T17:07:00.000+00:00,3.306,3.215,9.5,14,-3,0,-2090,-2090,-2733.096,2090,0,2.7,2.5,2.9
2025-08-25T17:08:00.000+00:00,3.306,3.215,9.4,14,-2,0,-2090,-2090,-2728.4672,2090,0,3.1,2.6,2.6
2025-08-25T17:09:00.000+00:00,3.306,3.215,9.6,14,-3,0,-2090,-2090,-2720.8928,2090,0,2.7,3.9,3
2025-08-25T17:10:00.000+00:00,3.305,3.215,9.5,14,-2,0,-2090,-2090,-2724.68,2090,0,2.8,3.1,2.8
2025-08-25T17:11:00.000+00:00,3.305,3.215,9.5,14,-3,0,-2090,-2090,-2724.2592,2090,0,2.7,2.7,2.4
2025-08-25T17:12:00.000+00:00,3.305,3.215,9.3,12,-3,0,-2090,-2090,-2728.888,2090,0,3.7,5.2,3.1
2025-08-25T17:13:00.000+00:00,3.305,3.215,9.7,14,-4,0,-2090,-2090,-2729.3088,2090,0,2.6,3.5,2.7
2025-08-25T17:14:00.000+00:00,3.305,3.215,9.4,14,-2,0,-2090,-2090,-2720.472,2090,0,2.3,2.4,2.4
2025-08-25T17:15:00.000+00:00,3.305,3.215,9.2,12,-4,0,-2090,-2090,-2730.5712,2090,0,2.4,2.9,2.6
2025-08-25T17:16:00.000+00:00,3.305,3.215,9.3,14,-2,0,-2090,-2090,-2733.096,2090,0,2.5,2.8,2.7
2025-08-25T17:17:00.000+00:00,3.305,3.215,9.4,14,-2,0,-2090,-2090,-2735.2,2090,0,2.4,3,2.8
2025-08-25T17:18:00.000+00:00,3.305,3.215,9.3,12,-3,0,-2090,-2090,-2739.8288,2090,0,3.2,3.4,3.5
2025-08-25T17:19:00.000+00:00,3.305,3.215,9.3,12,-3,0,-2090,-2090,-2746.5616,2090,0,3.2,3.2,3.4
2025-08-25T17:20:00.000+00:00,3.305,3.215,9.3,14,-2,0,-2090,-2090,-2701.9568,2090,0,2.7,3.8,3.6
2025-08-25T17:21:00.000+00:00,3.305,3.215,9.3,14,-2,0,-2090,-2090,-2730.992,2090,0,2.6,2.9,2.9
2025-08-25T17:22:00.000+00:00,3.305,3.215,9.4,14,-1,0,-2090,-2090,-2726.3632,2090,0,2.9,2.8,3
2025-08-25T17:23:00.000+00:00,3.305,3.214,9.6,14,-2,0,-2090,-2090,-2729.3088,2090,0,2.8,2.6,2.8
2025-08-25T17:24:00.000+00:00,3.305,3.215,9.4,12,-2,0,-2090,-2090,-2731.4128,2090,0,2.3,2.6,2.9
2025-08-25T17:25:00.000+00:00,3.304,3.215,9.5,12,-1,0,-2090,-2090,-2726.784,2090,0,3.1,2.5,2.6
2025-08-25T17:26:00.000+00:00,3.305,3.215,9.2,14,-3,0,-2090,-2090,-2731.8336,2090,0,2.8,3.8,2.7
2025-08-25T17:27:00.000+00:00,3.305,3.215,9.4,18,-2,0,-2090,-2090,-2731.8336,2090,0,3.1,2.7,2.5
2025-08-25T17:28:00.000+00:00,3.305,3.214,9.5,16,-2,0,-2090,-2090,-2731.8336,2090,0,2.9,2.9,2.9
2025-08-25T17:29:00.000+00:00,3.305,3.214,9.4,12,-2,0,-2090,-2090,-2732.2544,2090,0,3,2.5,3.1
2025-08-25T17:30:00.000+00:00,3.305,3.214,9.5,16,-3,0,-2090,-2090,-2731.4128,2090,0,3.2,2.8,2.5
2025-08-25T17:31:00.000+00:00,3.305,3.214,9.4,14,-2,0,-2090,-2090,-2731.8336,2090,0,2.7,2.8,2.8
2025-08-25T17:32:00.000+00:00,3.305,3.214,9.5,14,-2,0,-2090,-2090,-2732.2544,2090,0,2.5,2.9,3.8
2025-08-25T17:33:00.000+00:00,3.305,3.214,9.5,14,-2,0,-2090,-2090,-2732.6752,2090,0,3.6,2.6,3.4
2025-08-25T17:34:00.000+00:00,3.305,3.214,9.6,14,-2,0,-2090,-2090,-2731.8336,2090,0,2.8,2.9,2.7
2025-08-25T17:35:00.000+00:00,3.305,3.214,9.4,14,-2,0,-2090,-2090,-2732.2544,2090,0,2.7,2.7,2.7
2025-08-25T17:36:00.000+00:00,3.305,3.214,9.4,14,-2,0,-2090,-2090,-2731.8336,2090,0,3,3.6,2.3
2025-08-25T17:37:00.000+00:00,3.305,3.214,9.5,16,-2,0,-2090,-2090,-2732.2544,2090,0,2.9,2.8,3.1
2025-08-25T17:38:00.000+00:00,3.305,3.214,9.4,12,-1,0,-2090,-2090,-2731.4128,2090,0,2.8,3,2.8
2025-08-25T17:39:00.000+00:00,3.305,3.214,9.5,14,-2,0,-2090,-2090,-2731.8336,2090,0,3.5,3,3
2025-08-25T17:40:00.000+00:00,3.305,3.214,9.6,14,-2,0,-2090,-2090,-2731.8336,2090,0,3.1,3,3.2
2025-08-25T17:41:00.000+00:00,3.305,3.214,9.5,12,-2,0,-2090,-2090,-2731.4128,2090,0,2.9,3.1,2.5
2025-08-25T17:42:00.000+00:00,3.305,3.214,9.4,14,-2,0,-2090,-2090,-2731.8336,2090,0,2.8,3.3,2.4
2025-08-25T17:43:00.000+00:00,3.305,3.214,9.4,14,-1,0,-2090,-2090,-2732.2544,2090,0,2.9,2.6,2.8
2025-08-25T17:44:00.000+00:00,3.305,3.214,9.4,14,-2,0,-2090,-2090,-2732.2544,2090,0,2.7,3.2,2.8
2025-08-25T17:45:00.000+00:00,3.305,3.214,9.4,14,-2,0,-2090,-2090,-2731.8336,2090,0,2.7,3.8,3.4
2025-08-25T17:46:00.000+00:00,3.305,3.214,9.4,18,-1,0,-2090,-2090,-2731.4128,2090,0,3.8,3.1,3.5
2025-08-25T17:47:00.000+00:00,3.305,3.214,9.3,14,-2,0,-2090,-2090,-2731.8336,2090,0,2.3,2.9,2.8
2025-08-25T17:48:00.000+00:00,3.305,3.214,9.5,12,-2,0,-2090,-2090,-2731.8336,2090,0,2.9,2.5,2.5
2025-08-25T17:49:00.000+00:00,3.305,3.213,9.4,16,-2,0,-2090,-2090,-2731.8336,2090,0,2.7,3,2.9
2025-08-25T17:50:00.000+00:00,3.305,3.214,9.6,14,-2,0,-2090,-2090,-2731.8336,2090,0,2.7,3.7,3.4
2025-08-25T17:51:00.000+00:00,3.305,3.214,9.5,16,-2,0,-2090,-2090,-2731.4128,2090,0,4.1,3,3.2
2025-08-25T17:52:00.000+00:00,3.305,3.213,9.4,14,-2,0,-2090,-2090,-2728.0464,2090,0,3.2,3.6,3
2025-08-25T17:53:00.000+00:00,3.305,3.213,9.6,14,-2,0,-2090,-2090,-2728.888,2090,0,2.5,3.3,3.1
2025-08-25T17:54:00.000+00:00,3.305,3.214,9.3,14,-2,0,-2090,-2090,-2731.4128,2090,0,3.2,3.7,2.7
2025-08-25T17:55:00.000+00:00,3.305,3.214,9.5,16,-2,0,-2090,-2090,-2731.4128,2090,0,2.9,3.6,3.7
2025-08-25T17:56:00.000+00:00,3.305,3.214,9.7,14,-2,0,-2090,-2090,-2730.1504,2090,0,2.8,3.7,2.9
2025-08-25T17:57:00.000+00:00,3.305,3.213,9.7,14,-3,0,-2090,-2090,-2729.3088,2090,0,2.9,2.8,2.4
2025-08-25T17:58:00.000+00:00,3.305,3.213,9.3,16,-2,0,-2090,-2090,-2730.992,2090,0,2.9,2.9,2.5
2025-08-25T17:59:00.000+00:00,3.305,3.213,9.3,14,-2,0,-2090,-2090,-2730.992,2090,0,2.6,2.9,2.7
2025-08-25T18:00:00.000+00:00,3.305,3.213,9.5,16,-2,0,-2090,-2090,-2731.8336,2090,0,3.7,3.5,3.2
2025-08-25T18:01:00.000+00:00,3.305,3.213,9.6,12,-2,0,-2090,-2090,-2729.7296,2090,0,2.7,3.8,2.8
2025-08-25T18:02:00.000+00:00,3.305,3.213,9.6,12,-2,0,-2090,-2090,-2730.992,2090,0,2.7,3.2,3
2025-08-25T18:03:00.000+00:00,3.305,3.213,9.5,14,-2,0,-2090,-2090,-2731.4128,2090,0,3.3,3,3.2
2025-08-25T18:04:00.000+00:00,3.305,3.213,9.6,14,-2,0,-2090,-2090,-2731.8336,2090,0,2.6,3,3.4
2025-08-25T18:05:00.000+00:00,3.305,3.213,9.5,14,-2,0,-2090,-2090,-2731.4128,2090,0,3.4,3.8,2.9
2025-08-25T18:06:00.000+00:00,3.305,3.213,9.5,14,-2,0,-2090,-2090,-2730.1504,2090,0,2.8,2.9,3.2
2025-08-25T18:07:00.000+00:00,3.305,3.213,9.5,14,-1,0,-2090,-2090,-2731.8336,2090,0,2.8,3.1,2.6
2025-08-25T18:08:00.000+00:00,3.305,3.213,9.5,14,-2,0,-2090,-2090,-2732.6752,2090,0,2.9,3.3,2.6
2025-08-25T18:09:00.000+00:00,3.304,3.213,9.4,14,-2,0,-2090,-2090,-2732.2544,2090,0,2.5,3.5,2.9
2025-08-25T18:10:00.000+00:00,3.305,3.213,9.5,14,-2,0,-2090,-2090,-2732.2544,2090,0,3.2,3,3.1
2025-08-25T18:11:00.000+00:00,3.305,3.213,9.5,14,-2,0,-2090,-2090,-2730.1504,2090,0,2.5,3.2,2.7
2025-08-25T18:12:00.000+00:00,3.305,3.213,9.6,16,-3,0,-2090,-2090,-2732.2544,2090,0,3.7,3.2,2.3
2025-08-25T18:13:00.000+00:00,3.305,3.213,9.4,14,-1,0,-2090,-2090,-2732.6752,2090,0,3,2.9,3.5
2025-08-25T18:14:00.000+00:00,3.305,3.213,9.5,14,-2,0,-2090,-2090,-2732.2544,2090,0,3,3.5,3.1
2025-08-25T18:15:00.000+00:00,3.305,3.213,9.4,14,-1,0,-2090,-2090,-2732.2544,2090,0,3.3,3.1,2.6
2025-08-25T18:16:00.000+00:00,3.305,3.213,9.5,16,-2,0,-2090,-2090,-2732.2544,2090,0,2.3,3,3
2025-08-25T18:17:00.000+00:00,3.305,3.213,9.5,14,-3,0,-2090,-2090,-2727.2048,2090,0,2.9,3,2.7
2025-08-25T18:18:00.000+00:00,3.305,3.213,9.6,14,-2,0,-2090,-2090,-2726.3632,2090,0,3.4,2.8,3.2
2025-08-25T18:19:00.000+00:00,3.304,3.213,9.8,12,-2,0,-2090,-2090,-2724.2592,2090,0,3,3.7,2.5
2025-08-25T18:20:00.000+00:00,3.304,3.213,9.6,12,-2,0,-2090,-2090,-2725.9424,2090,0,2.3,3,3
2025-08-25T18:21:00.000+00:00,3.305,3.212,9.5,14,-2,0,-2090,-2090,-2727.6256,2090,0,2.8,2.9,2.9
2025-08-25T18:22:00.000+00:00,3.305,3.212,9.6,14,-4,0,-2090,-2090,-2728.0464,2090,0,3.9,3.6,2.7
2025-08-25T18:23:00.000+00:00,3.305,3.212,9.5,16,-2,0,-2090,-2090,-2721.7344,2090,0,3.3,2.9,3
2025-08-25T18:24:00.000+00:00,3.305,3.212,9.5,14,-2,0,-2090,-2090,-2725.1008,2090,0,3.3,2.5,2.7
2025-08-25T18:25:00.000+00:00,3.305,3.212,9.5,12,-3,0,-2090,-2090,-2727.2048,2090,0,2.4,2.8,3
2025-08-25T18:26:00.000+00:00,3.305,3.212,9.3,12,-3,0,-2090,-2090,-2725.1008,2090,0,2.8,3.4,3
2025-08-25T18:27:00.000+00:00,3.304,3.212,9.5,14,-2,0,-2090,-2090,-2727.6256,2090,0,3,2.4,3
2025-08-25T18:28:00.000+00:00,3.304,3.212,9.7,12,-2,0,-2090,-2090,-2726.3632,2090,0,3.2,3.4,2.3
2025-08-25T18:29:00.000+00:00,3.304,3.212,9.4,14,-2,0,-2090,-2090,-2726.784,2090,0,2.1,2.5,2.7
2025-08-25T18:30:00.000+00:00,3.305,3.212,9.3,12,-2,0,-2090,-2090,-2726.3632,2090,0,2.6,3.3,3.3
2025-08-25T18:31:00.000+00:00,3.305,3.212,9.5,14,-2,0,-2090,-2090,-2722.9968,2090,0,2.9,2.9,3.4
2025-08-25T18:32:00.000+00:00,3.305,3.212,9.3,12,-2,0,-2090,-2090,-2725.5216,2090,0,2.6,2.9,2.4
2025-08-25T18:33:00.000+00:00,3.305,3.212,9.5,14,-2,0,-2090,-2090,-2725.9424,2090,0,4.6,2.9,2.8
2025-08-25T18:34:00.000+00:00,3.305,3.212,9.4,16,-2,0,-2090,-2090,-2725.1008,2090,0,2.5,3.5,2.5
2025-08-25T18:35:00.000+00:00,3.305,3.212,9.5,14,-2,0,-2090,-2090,-2727.2048,2090,0,3.3,2.7,2.8
2025-08-25T18:36:00.000+00:00,3.305,3.212,9.4,14,-2,0,-2090,-2090,-2716.264,2090,0,3.1,3.1,2.5
2025-08-25T18:37:00.000+00:00,3.304,3.212,9.5,14,-2,0,-2090,-2090,-2728.0464,2090,0,3.1,3,3.4
2025-08-25T18:38:00.000+00:00,3.304,3.212,9.6,12,-2,0,-2090,-2090,-2724.68,2090,0,3.4,2.6,2.6
2025-08-25T18:39:00.000+00:00,3.304,3.212,9.5,12,-3,0,-2090,-2090,-2750.3488,2090,0,4,2.9,3.1
2025-08-25T18:40:00.000+00:00,3.304,3.212,9.6,12,-2,0,-2090,-2090,-2745.2992,2090,0,3.3,3.4,3.4
2025-08-25T18:41:00.000+00:00,3.304,3.212,9.5,12,-2,0,-2090,-2090,-2749.928,2090,0,2.8,3.5,2.7
2025-08-25T18:42:00.000+00:00,3.304,3.212,9.6,14,-2,0,-2090,-2090,-2746.1408,2090,0,3.6,4.1,3.9
2025-08-25T18:43:00.000+00:00,3.304,3.212,9.6,14,-2,0,-2090,-2090,-2751.6112,2090,0,3.4,2.9,3.5
2025-08-25T18:44:00.000+00:00,3.304,3.212,9.6,14,-2,0,-2090,-2090,-2750.7696,2090,0,2.9,2.9,3.8
2025-08-25T18:45:00.000+00:00,3.304,3.212,9.6,16,-3,0,-2090,-2090,-2752.032,2090,0,3.9,2.6,2.9
2025-08-25T18:46:00.000+00:00,3.304,3.212,9.5,14,-2,0,-2090,-2090,-2742.3536,2090,0,3.2,3.5,3
2025-08-25T18:47:00.000+00:00,3.304,3.211,9.7,14,-2,0,-2090,-2090,-2750.7696,2090,0,3.1,2.7,2.9
2025-08-25T18:48:00.000+00:00,3.304,3.212,9.7,14,-2,0,-2090,-2090,-2750.7696,2090,0,3.3,2.8,3.7
2025-08-25T18:49:00.000+00:00,3.304,3.211,9.6,14,-2,0,-2090,-2090,-2751.6112,2090,0,3.7,3.4,3.1
2025-08-25T18:50:00.000+00:00,3.304,3.211,9.7,12,-4,0,-2090,-2090,-2752.4528,2090,0,3.5,3.1,3
2025-08-25T18:51:00.000+00:00,3.304,3.212,9.6,12,-3,0,-2090,-2090,-2751.1904,2090,0,3.2,3.1,3
2025-08-25T18:52:00.000+00:00,3.304,3.212,9.6,14,-2,0,-2090,-2090,-2751.6112,2090,0,2.8,3.3,3.3
2025-08-25T18:53:00.000+00:00,3.304,3.211,9.6,12,-3,0,-2090,-2090,-2749.928,2090,0,3.3,3.3,2.9
2025-08-25T18:54:00.000+00:00,3.304,3.212,9.7,14,-2,0,-2090,-2090,-2754.136,2090,0,2.8,3.8,3
2025-08-25T18:55:00.000+00:00,3.304,3.211,9.8,14,-2,0,-2090,-2090,-2752.8736,2090,0,3.6,3.3,3.3
2025-08-25T18:56:00.000+00:00,3.304,3.211,9.7,12,-2,0,-2090,-2090,-2753.7152,2090,0,2.9,3.6,3.2
2025-08-25T18:57:00.000+00:00,3.304,3.211,9.6,14,-2,0,-2090,-2090,-2746.5616,2090,0,3.4,3.2,3.2
2025-08-25T18:58:00.000+00:00,3.304,3.211,9.7,12,-2,0,-2090,-2090,-2749.5072,2090,0,2.9,2.9,3.3
2025-08-25T18:59:00.000+00:00,3.304,3.211,9.6,12,-2,0,-2090,-2090,-2751.1904,2090,0,2.4,3.7,2.9
2025-08-25T19:00:00.000+00:00,3.304,3.211,9.9,14,-2,0,-2090,-2090,-2752.4528,2090,0,2.6,3.2,3.5
2025-08-25T19:01:00.000+00:00,3.304,3.211,9.5,14,-2,0,-2090,-2090,-2752.032,2090,0,3.3,4.2,3.2
2025-08-25T19:02:00.000+00:00,3.304,3.211,9.6,14,-3,0,-2090,-2090,-2754.136,2090,0,3.7,3.2,2.7
2025-08-25T19:03:00.000+00:00,3.304,3.211,9.6,14,-2,0,-2090,-2090,-2754.5568,2090,0,4,3.2,3
2025-08-25T19:04:00.000+00:00,3.304,3.211,9.6,12,-2,0,-2090,-2090,-2754.136,2090,0,2.6,2.5,2.9
2025-08-25T19:05:00.000+00:00,3.304,3.211,9.5,12,-2,0,-2090,-2090,-2751.1904,2090,0,2.5,3.3,3.2
2025-08-25T19:06:00.000+00:00,3.304,3.211,9.7,12,-3,0,-2090,-2090,-2731.4128,2090,0,2.4,2.7,2.5
2025-08-25T19:07:00.000+00:00,3.304,3.211,9.5,14,-3,0,-2090,-2090,-2728.888,2090,0,2.5,2.8,2.5
2025-08-25T19:08:00.000+00:00,3.304,3.211,9.5,12,-2,0,-2090,-2090,-2729.7296,2090,0,2.6,2.5,2.4
2025-08-25T19:09:00.000+00:00,3.304,3.211,9.4,14,-3,0,-2090,-2090,-2729.3088,2090,0,3.5,2.9,3.5
2025-08-25T19:10:00.000+00:00,3.304,3.211,9.5,14,-1,0,-2090,-2090,-2723.8384,2090,0,2.8,2.7,2.9
2025-08-25T19:11:00.000+00:00,3.304,3.211,9.5,12,-2,0,-2090,-2090,-2726.3632,2090,0,3.9,3.6,2.7
2025-08-25T19:12:00.000+00:00,3.304,3.211,9.4,16,-3,0,-2090,-2090,-2729.3088,2090,0,2.9,3.1,2.3
2025-08-25T19:13:00.000+00:00,3.304,3.211,9.6,14,-2,0,-2090,-2090,-2728.888,2090,0,2.9,3.2,2.8
2025-08-25T19:14:00.000+00:00,3.304,3.211,9.4,14,-1,0,-2090,-2090,-2730.1504,2090,0,3,2.5,3.1
2025-08-25T19:15:00.000+00:00,3.304,3.211,9.3,14,-2,0,-2090,-2090,-2731.4128,2090,0,2.5,2.6,2.7
2025-08-25T19:16:00.000+00:00,3.304,3.21,9.4,14,-2,0,-2090,-2090,-2730.1504,2090,0,2.4,2.9,2.8
2025-08-25T19:17:00.000+00:00,3.304,3.211,9.3,14,-3,0,-2090,-2090,-2732.2544,2090,0,3,2.8,2.6
2025-08-25T19:18:00.000+00:00,3.304,3.211,9.5,12,-2,0,-2090,-2090,-2729.3088,2090,0,2.8,2.8,2.5
2025-08-25T19:19:00.000+00:00,3.304,3.211,9.5,14,-2,0,-2090,-2090,-2732.2544,2090,0,2.7,3.4,3.2
2025-08-25T19:20:00.000+00:00,3.304,3.21,9.4,12,-2,0,-2090,-2090,-2730.992,2090,0,3.1,2.7,2.3
2025-08-25T19:21:00.000+00:00,3.304,3.211,9.3,14,-2,0,-2090,-2090,-2731.4128,2090,0,3.1,3.8,2.7
2025-08-25T19:22:00.000+00:00,3.304,3.211,9.4,12,-3,0,-2090,-2090,-2731.8336,2090,0,2.6,2.7,3.2
2025-08-25T19:23:00.000+00:00,3.304,3.21,9.4,12,-2,0,-2090,-2090,-2731.8336,2090,0,2.8,3,2.8
2025-08-25T19:24:00.000+00:00,3.304,3.211,9.4,14,-2,0,-2090,-2090,-2731.4128,2090,0,3.4,2.4,3.2
2025-08-25T19:25:00.000+00:00,3.304,3.211,9.5,14,-2,0,-2090,-2090,-2731.4128,2090,0,2.3,3.1,2.7
2025-08-25T19:26:00.000+00:00,3.304,3.21,9.6,14,-2,0,-2090,-2090,-2732.2544,2090,0,2.6,2.7,3
2025-08-25T19:27:00.000+00:00,3.304,3.21,9.5,14,-2,0,-2090,-2090,-2732.6752,2090,0,3,3,3.2
2025-08-25T19:28:00.000+00:00,3.304,3.211,9.5,12,-3,0,-2090,-2090,-2731.4128,2090,0,2.9,2.8,2.7
2025-08-25T19:29:00.000+00:00,3.304,3.21,9.5,14,-2,0,-2090,-2090,-2732.2544,2090,0,2.5,2.8,3
2025-08-25T19:30:00.000+00:00,3.304,3.21,9.5,16,-3,0,-2090,-2090,-2731.8336,2090,0,2.6,3.4,2.7
2025-08-25T19:31:00.000+00:00,3.304,3.211,9.4,14,-3,0,-2090,-2090,-2725.5216,2090,0,2.9,2.5,2.6
2025-08-25T19:32:00.000+00:00,3.304,3.21,9.4,16,-4,0,-2090,-2090,-2728.0464,2090,0,2.8,2.9,2.8
2025-08-25T19:33:00.000+00:00,3.304,3.21,9.5,12,-2,0,-2090,-2090,-2729.7296,2090,0,3,2.3,2.6
2025-08-25T19:34:00.000+00:00,3.304,3.21,9.6,12,-2,0,-2090,-2090,-2733.096,2090,0,2.9,4.3,2.8
2025-08-25T19:35:00.000+00:00,3.303,3.21,9.6,14,-2,0,-2090,-2090,-2729.3088,2090,0,2.9,3,2.8
2025-08-25T19:36:00.000+00:00,3.304,3.21,9.6,12,-2,0,-2090,-2090,-2732.6752,2090,0,3.2,3.1,2.8
2025-08-25T19:37:00.000+00:00,3.304,3.21,9.4,12,-2,0,-2090,-2090,-2726.3632,2090,0,2.8,2.8,2.5
2025-08-25T19:38:00.000+00:00,3.304,3.21,9.6,14,-3,0,-2090,-2090,-2730.1504,2090,0,2.5,3.8,2.8
2025-08-25T19:39:00.000+00:00,3.304,3.21,9.4,14,-2,0,-2090,-2090,-2728.4672,2090,0,3,2.4,3.2
2025-08-25T19:40:00.000+00:00,3.304,3.21,9.4,14,-2,0,-2090,-2090,-2727.6256,2090,0,2.5,2.5,2.7
2025-08-25T19:41:00.000+00:00,3.304,3.21,9.3,12,-2,0,-2090,-2090,-2731.4128,2090,0,2.6,3.1,2.8
2025-08-25T19:42:00.000+00:00,3.304,3.21,9.4,12,-2,0,-2090,-2090,-2730.1504,2090,0,2.6,2.3,2.3
2025-08-25T19:43:00.000+00:00,3.304,3.21,9.4,16,-2,0,-2090,-2090,-2731.8336,2090,0,2.6,2.8,2.8
2025-08-25T19:44:00.000+00:00,3.304,3.21,9.5,12,-3,0,-2090,-2090,-2732.2544,2090,0,2.4,3,3.4
2025-08-25T19:45:00.000+00:00,3.304,3.21,9.4,14,-2,0,-2090,-2090,-2731.4128,2090,0,2.5,2.8,3.1
2025-08-25T19:46:00.000+00:00,3.304,3.21,9.6,16,-3,0,-2090,-2090,-2722.9968,2090,0,3,2.9,2.9
2025-08-25T19:47:00.000+00:00,3.304,3.21,9.5,12,-2,0,-2090,-2090,-2726.784,2090,0,2.7,4,2.5
2025-08-25T19:48:00.000+00:00,3.304,3.21,9.3,16,-2,0,-2090,-2090,-2726.3632,2090,0,2.9,3.1,2.8
2025-08-25T19:49:00.000+00:00,3.304,3.21,9.4,12,-3,0,-2090,-2090,-2728.888,2090,0,2.7,2.5,2.8
2025-08-25T19:50:00.000+00:00,3.304,3.21,9.4,12,-3,0,-2090,-2090,-2725.1008,2090,0,2.8,2.5,2.4
2025-08-25T19:51:00.000+00:00,3.304,3.21,9.4,14,-2,0,-2090,-2090,-2725.1008,2090,0,2.8,2.4,2.6
2025-08-25T19:52:00.000+00:00,3.304,3.21,9.4,14,-2,0,-2090,-2090,-2726.3632,2090,0,2.7,2.6,2.5
2025-08-25T19:53:00.000+00:00,3.304,3.21,9.4,12,-2,0,-2090,-2090,-2729.3088,2090,0,2.5,2.6,2.9
2025-08-25T19:54:00.000+00:00,3.304,3.21,9.5,14,-2,0,-2090,-2090,-2727.6256,2090,0,3.6,2.9,3
2025-08-25T19:55:00.000+00:00,3.304,3.21,9.4,12,-2,0,-2090,-2090,-2725.1008,2090,0,2.6,2.6,2.6
2025-08-25T19:56:00.000+00:00,3.304,3.21,9.4,16,-3,0,-2090,-2090,-2727.6256,2090,0,2.7,2.7,3
2025-08-25T19:57:00.000+00:00,3.304,3.21,9.4,14,-2,0,-2090,-2090,-2727.2048,2090,0,2.5,2.9,3.6
2025-08-25T19:58:00.000+00:00,3.304,3.208,9.4,14,-2,0,-2090,-2090,-2725.5216,2090,0,3.3,2.8,2.8
2025-08-25T19:59:00.000+00:00,3.304,3.21,9.5,12,-2,0,-2090,-2090,-2727.6256,2090,0,2.5,2.9,2.3
2025-08-25T20:00:00.000+00:00,3.303,3.21,9.6,14,-2,0,-2090,-2090,-2728.4672,2090,0,2.6,2.7,3
2025-08-25T20:01:00.000+00:00,3.303,3.21,9.4,16,-2,0,-2090,-2090,-2726.3632,2090,0,3.1,3.1,2.2
2025-08-25T20:02:00.000+00:00,3.303,3.21,9.4,14,-2,0,-2090,-2090,-2726.784,2090,0,2.8,2.7,2.4
2025-08-25T20:03:00.000+00:00,3.303,3.21,9.4,14,-2,0,-2090,-2090,-2724.68,2090,0,3.3,4.1,2.4
2025-08-25T20:04:00.000+00:00,3.303,3.209,9.3,12,-3,0,-2090,-2090,-2724.68,2090,0,2.8,3.1,3.2
2025-08-25T20:05:00.000+00:00,3.303,3.21,9.6,14,-2,0,-2090,-2090,-2722.9968,2090,0,2.7,2.7,2.7
2025-08-25T20:06:00.000+00:00,3.303,3.209,9.4,14,-2,0,-2090,-2090,-2724.68,2090,0,3.3,2.8,2.6
2025-08-25T20:07:00.000+00:00,3.303,3.209,9.6,14,-3,0,-2090,-2090,-2726.784,2090,0,3,2.7,3
2025-08-25T20:08:00.000+00:00,3.303,3.209,9.4,12,-2,0,-2090,-2090,-2724.68,2090,0,3,2.8,2.8
2025-08-25T20:09:00.000+00:00,3.303,3.209,9.5,12,-2,0,-2090,-2090,-2724.2592,2090,0,2,3.1,2.4
2025-08-25T20:10:00.000+00:00,3.303,3.209,10,14,-2,0,-2090,-2090,-2725.9424,2090,0,2.7,2.6,3.2
2025-08-25T20:11:00.000+00:00,3.303,3.209,9.6,14,-3,0,-2090,-2090,-2727.6256,2090,0,3,3.1,2.8
2025-08-25T20:12:00.000+00:00,3.303,3.209,9.5,12,-2,0,-2090,-2090,-2727.6256,2090,0,3.2,2.8,2.7
2025-08-25T20:13:00.000+00:00,3.303,3.209,9.6,14,-3,0,-2090,-2090,-2728.0464,2090,0,2.6,2.1,2.7
2025-08-25T20:14:00.000+00:00,3.303,3.209,9.4,14,-2,0,-2090,-2090,-2720.8928,2090,0,2.6,2.5,3
2025-08-25T20:15:00.000+00:00,3.303,3.209,9.5,14,-3,0,-2090,-2090,-2727.2048,2090,0,2.7,2.9,3.3
2025-08-25T20:16:00.000+00:00,3.303,3.209,9.7,14,-2,0,-2090,-2090,-2727.6256,2090,0,3.2,2.6,3.2
2025-08-25T20:17:00.000+00:00,3.303,3.209,9.4,14,-2,0,-2090,-2090,-2727.6256,2090,0,2.7,2.9,2.7
2025-08-25T20:18:00.000+00:00,3.303,3.209,9.4,14,-2,0,-2090,-2090,-2727.2048,2090,0,2.4,2.9,2.6
2025-08-25T20:19:00.000+00:00,3.303,3.209,9.4,12,-2,0,-2090,-2090,-2729.7296,2090,0,2.5,2.7,2.7
2025-08-25T20:20:00.000+00:00,3.303,3.209,9.4,14,-2,0,-2090,-2090,-2730.5712,2090,0,2.7,3,2.3
2025-08-25T20:21:00.000+00:00,3.303,3.209,9.4,16,-2,0,-2090,-2090,-2727.2048,2090,0,2.3,2.5,3.1
2025-08-25T20:22:00.000+00:00,3.303,3.209,9.5,16,-3,0,-2090,-2090,-2727.2048,2090,0,2.9,3.1,2.8
2025-08-25T20:23:00.000+00:00,3.303,3.209,9.5,14,-2,0,-2090,-2090,-2730.992,2090,0,2,3,3
2025-08-25T20:24:00.000+00:00,3.303,3.209,9.3,14,-5,0,-2090,-2090,-2725.9424,2090,0,2.7,2.8,2.5
2025-08-25T20:25:00.000+00:00,3.303,3.209,9.5,14,-2,0,-2090,-2090,-2726.784,2090,0,2.8,2.7,2.7
2025-08-25T20:26:00.000+00:00,3.303,3.209,9.4,12,-2,0,-2090,-2090,-2725.9424,2090,0,2.3,3.3,4
2025-08-25T20:27:00.000+00:00,3.303,3.209,9.4,14,-2,0,-2090,-2090,-2727.2048,2090,0,3,3.1,2.7
2025-08-25T20:28:00.000+00:00,3.303,3.209,9.4,12,-3,0,-2090,-2090,-2729.3088,2090,0,2.9,3.4,2.6
2025-08-25T20:29:00.000+00:00,3.303,3.209,9.5,16,-4,0,-2090,-2090,-2728.4672,2090,0,3.8,2.9,2.5
2025-08-25T20:30:00.000+00:00,3.303,3.209,9.5,14,-3,0,-2090,-2090,-2728.888,2090,0,3.3,2.3,3.1
2025-08-25T20:31:00.000+00:00,3.303,3.209,9.5,14,-2,0,-2090,-2090,-2727.6256,2090,0,2.9,2.7,2.8
2025-08-25T20:32:00.000+00:00,3.303,3.209,9.5,14,-2,0,-2090,-2090,-2732.2544,2090,0,3.4,3,2.4
2025-08-25T20:33:00.000+00:00,3.303,3.209,9.4,12,-2,0,-2090,-2090,-2728.888,2090,0,3.2,2.8,2.6
2025-08-25T20:34:00.000+00:00,3.303,3.209,9.6,16,-2,0,-2090,-2090,-2728.888,2090,0,2.9,2.9,2.3
2025-08-25T20:35:00.000+00:00,3.303,3.209,9.4,14,-3,0,-2090,-2090,-2727.6256,2090,0,2.5,3.1,2.8
2025-08-25T20:36:00.000+00:00,3.303,3.209,9.4,12,-2,0,-2090,-2090,-2729.3088,2090,0,2.4,3,2.8
2025-08-25T20:37:00.000+00:00,3.303,3.209,9.4,16,-2,0,-2090,-2090,-2728.4672,2090,0,2.7,2.7,2.8
2025-08-25T20:38:00.000+00:00,3.303,3.208,9.4,14,-2,0,-2090,-2090,-2727.6256,2090,0,3.6,3.6,2.4
2025-08-25T20:39:00.000+00:00,3.303,3.208,9.6,14,-2,0,-2090,-2090,-2728.4672,2090,0,3.8,2.8,2.4
2025-08-25T20:40:00.000+00:00,3.303,3.208,9.6,14,-2,0,-2090,-2090,-2728.888,2090,0,3.7,2.7,3
2025-08-25T20:41:00.000+00:00,3.303,3.209,9.9,12,-2,0,-2090,-2090,-2725.9424,2090,0,2.3,2.7,2.7
2025-08-25T20:42:00.000+00:00,3.303,3.208,9.5,14,-2,0,-2090,-2090,-2725.9424,2090,0,2.8,2.4,3.1
2025-08-25T20:43:00.000+00:00,3.303,3.208,9.4,12,-2,0,-2090,-2090,-2724.68,2090,0,2.1,3.1,2.8
2025-08-25T20:44:00.000+00:00,3.303,3.208,9.6,14,-2,0,-2090,-2090,-2729.3088,2090,0,2.7,2.9,2.5
2025-08-25T20:45:00.000+00:00,3.303,3.209,9.6,14,-2,0,-2090,-2090,-2725.9424,2090,0,2.8,2.7,2.5
2025-08-25T20:46:00.000+00:00,3.303,3.209,9.6,14,-2,0,-2090,-2090,-2730.992,2090,0,3,2.9,2.7
2025-08-25T20:47:00.000+00:00,3.303,3.209,9.5,12,-2,0,-2090,-2090,-2732.6752,2090,0,2.9,3.7,3.5
2025-08-25T20:48:00.000+00:00,3.303,3.208,9.5,12,-2,0,-2090,-2090,-2732.2544,2090,0,2.5,2.2,2.6
2025-08-25T20:49:00.000+00:00,3.303,3.208,9.4,14,-2,0,-2090,-2090,-2722.1552,2090,0,3,2.7,2.4
2025-08-25T20:50:00.000+00:00,3.303,3.208,9.6,14,-2,0,-2090,-2090,-2727.6256,2090,0,2.5,2.9,2.7
2025-08-25T20:51:00.000+00:00,3.303,3.208,9.5,14,-2,0,-2090,-2090,-2729.7296,2090,0,2.9,2.7,2.7
2025-08-25T20:52:00.000+00:00,3.303,3.208,9.5,16,-2,0,-2090,-2090,-2727.2048,2090,0,3,2.8,2.5
2025-08-25T20:53:00.000+00:00,3.303,3.208,9.4,16,-2,0,-2090,-2090,-2729.7296,2090,0,3,2.6,3.2
2025-08-25T20:54:00.000+00:00,3.303,3.208,9.5,14,-2,0,-2090,-2090,-2730.5712,2090,0,2.7,2.5,2.6
2025-08-25T20:55:00.000+00:00,3.303,3.208,9.5,12,-4,0,-2090,-2090,-2730.992,2090,0,3.4,2.6,3.2
2025-08-25T20:56:00.000+00:00,3.303,3.208,9.5,14,-2,0,-2090,-2090,-2728.4672,2090,0,3.2,3.3,2.9
2025-08-25T20:57:00.000+00:00,3.303,3.208,9.4,14,-2,0,-2090,-2090,-2719.6304,2090,0,3.5,3.2,2.8
2025-08-25T20:58:00.000+00:00,3.303,3.208,9.5,16,-3,0,-2090,-2090,-2728.888,2090,0,3.1,3.3,3.4
2025-08-25T20:59:00.000+00:00,3.303,3.208,9.4,12,-2,0,-2090,-2090,-2732.2544,2090,0,3.2,2.3,3.1
2025-08-25T21:00:00.000+00:00,3.303,3.208,9.4,14,-2,0,-2090,-2090,-2725.9424,2090,0,2.9,2.3,2.8
2025-08-25T21:01:00.000+00:00,3.303,3.208,9.7,12,-1,0,-2090,-2090,-2728.888,2090,0,2.7,2.8,4
2025-08-25T21:02:00.000+00:00,3.303,3.208,9.5,14,-2,0,-2090,-2090,-2728.0464,2090,0,2.3,3.1,2.9
2025-08-25T21:03:00.000+00:00,3.303,3.208,9.5,14,-3,0,-2090,-2090,-2728.0464,2090,0,3.1,3,2.7
2025-08-25T21:04:00.000+00:00,3.303,3.208,9.5,14,-2,0,-2090,-2090,-2728.888,2090,0,2.8,2.9,2.6
2025-08-25T21:05:00.000+00:00,3.303,3.208,9.5,14,-2,0,-2090,-2090,-2728.4672,2090,0,3,2.7,2.5
2025-08-25T21:06:00.000+00:00,3.302,3.208,9.5,12,-2,0,-2090,-2090,-2729.3088,2090,0,2.6,2.6,3.2
2025-08-25T21:07:00.000+00:00,3.303,3.208,9.5,12,-2,0,-2090,-2090,-2725.5216,2090,0,2.6,2.5,3.2
2025-08-25T21:08:00.000+00:00,3.303,3.208,9.7,14,-4,0,-2090,-2090,-2732.2544,2090,0,2.9,2.5,3.1
2025-08-25T21:09:00.000+00:00,3.303,3.208,9.7,14,-4,0,-2090,-2090,-2729.3088,2090,0,2.4,2.8,3.2
2025-08-25T21:10:00.000+00:00,3.303,3.208,9.7,14,-3,0,-2090,-2090,-2731.8336,2090,0,2.6,2.4,2.8
2025-08-25T21:11:00.000+00:00,3.303,3.208,9.5,14,-2,0,-2090,-2090,-2730.992,2090,0,3.1,2.6,2.9
2025-08-25T21:12:00.000+00:00,3.303,3.208,9.6,14,-2,0,-2090,-2090,-2730.5712,2090,0,2.6,3.1,2.9
2025-08-25T21:13:00.000+00:00,3.302,3.208,9.7,14,-2,0,-2090,-2090,-2730.1504,2090,0,2.8,2.9,2.5
2025-08-25T21:14:00.000+00:00,3.302,3.208,9.4,14,-3,0,-2090,-2090,-2731.4128,2090,0,3.1,2.5,2.2
2025-08-25T21:15:00.000+00:00,3.302,3.208,9.4,12,-2,0,-2090,-2090,-2729.3088,2090,0,2.9,2.8,2.8
2025-08-25T21:16:00.000+00:00,3.303,3.208,9.3,12,-2,0,-2090,-2090,-2730.992,2090,0,2.7,3.3,3.5
2025-08-25T21:17:00.000+00:00,3.303,3.208,9.4,14,-2,0,-2090,-2090,-2732.2544,2090,0,2.8,3.3,2.6
2025-08-25T21:18:00.000+00:00,3.303,3.208,9.4,14,-3,0,-2090,-2090,-2734.7792,2090,0,2.7,3.3,3.2
2025-08-25T21:19:00.000+00:00,3.303,3.208,9.4,14,-2,0,-2090,-2090,-2737.304,2090,0,3.5,3.1,2.9
2025-08-25T21:20:00.000+00:00,3.303,3.207,9.4,14,-2,0,-2090,-2090,-2741.512,2090,0,3.3,3.2,3.2
2025-08-25T21:21:00.000+00:00,3.303,3.208,9.3,14,-2,0,-2090,-2090,-2745.72,2090,0,3.6,4,2.6
2025-08-25T21:22:00.000+00:00,3.303,3.207,9.5,12,-2,0,-2090,-2090,-2748.2448,2090,0,3.3,3.4,2.5
2025-08-25T21:23:00.000+00:00,3.303,3.208,9.4,12,-2,0,-2090,-2090,-2747.4032,2090,0,3.6,3.3,3.2
2025-08-25T21:24:00.000+00:00,3.302,3.208,9.4,12,-1,0,-2090,-2090,-2747.824,2090,0,3.3,2.6,2.9
2025-08-25T21:25:00.000+00:00,3.303,3.208,9.4,16,-2,0,-2090,-2090,-2748.2448,2090,0,3.4,2.6,3
2025-08-25T21:26:00.000+00:00,3.303,3.208,9.4,14,-2,0,-2090,-2090,-2747.4032,2090,0,2.8,3.7,2.9
2025-08-25T21:27:00.000+00:00,3.303,3.208,9.5,14,-3,0,-2090,-2090,-2747.824,2090,0,3,3.4,3.1
2025-08-25T21:28:00.000+00:00,3.303,3.208,9.4,12,-2,0,-2090,-2090,-2747.4032,2090,0,2.8,3.4,3
2025-08-25T21:29:00.000+00:00,3.303,3.207,9.4,16,-2,0,-2090,-2090,-2748.2448,2090,0,3.6,3.8,4
2025-08-25T21:30:00.000+00:00,3.303,3.207,9.6,14,-2,0,-2090,-2090,-2748.6656,2090,0,3.3,3.1,3.1
2025-08-25T21:31:00.000+00:00,3.303,3.208,9.4,14,-2,0,-2090,-2090,-2749.0864,2090,0,3.3,3.4,3.2
2025-08-25T21:32:00.000+00:00,3.302,3.207,9.4,14,-2,0,-2090,-2090,-2748.6656,2090,0,3,2.7,2.9
2025-08-25T21:33:00.000+00:00,3.302,3.208,9.4,14,-2,0,-2090,-2090,-2749.0864,2090,0,3.5,3.2,3.2
2025-08-25T21:34:00.000+00:00,3.302,3.207,9.4,12,-2,0,-2090,-2090,-2748.6656,2090,0,4,3,2.4
2025-08-25T21:35:00.000+00:00,3.302,3.207,9.3,14,-2,0,-2090,-2090,-2747.824,2090,0,3.2,3,3
2025-08-25T21:36:00.000+00:00,3.302,3.207,9.4,12,-2,0,-2090,-2090,-2748.2448,2090,0,3.4,2.7,3
2025-08-25T21:37:00.000+00:00,3.303,3.207,9.5,16,-2,0,-2090,-2090,-2748.2448,2090,0,2.7,3.3,3
2025-08-25T21:38:00.000+00:00,3.302,3.207,9.3,14,-2,0,-2090,-2090,-2748.6656,2090,0,3.4,3.5,3.5
2025-08-25T21:39:00.000+00:00,3.302,3.207,9.4,14,-3,0,-2090,-2090,-2748.6656,2090,0,3.7,2.6,3
2025-08-25T21:40:00.000+00:00,3.302,3.208,9.3,14,-2,0,-2090,-2090,-2749.5072,2090,0,3.4,3.9,3.5
2025-08-25T21:41:00.000+00:00,3.302,3.207,9.5,14,-2,0,-2090,-2090,-2748.2448,2090,0,3.2,2.7,3
2025-08-25T21:42:00.000+00:00,3.302,3.207,9.6,12,-3,0,-2090,-2090,-2749.0864,2090,0,3.2,3.3,3.3
2025-08-25T21:43:00.000+00:00,3.302,3.207,9.3,12,-2,0,-2090,-2090,-2748.6656,2090,0,4,3.2,3.4
2025-08-25T21:44:00.000+00:00,3.301,3.207,9.4,14,-2,0,-2090,-2090,-2748.6656,2090,0,2.7,3,3.1
2025-08-25T21:45:00.000+00:00,3.302,3.207,9.4,14,-3,0,-2090,-2090,-2749.0864,2090,0,2.9,3.4,3.5
2025-08-25T21:46:00.000+00:00,3.302,3.207,9.4,14,-2,0,-2090,-2090,-2748.6656,2090,0,3.5,3,3.1
2025-08-25T21:47:00.000+00:00,3.302,3.207,9.4,14,-2,0,-2090,-2090,-2748.6656,2090,0,2.7,3,3.6
2025-08-25T21:48:00.000+00:00,3.303,3.207,9.4,12,-2,0,-2090,-2090,-2748.2448,2090,0,3,3.3,3
2025-08-25T21:49:00.000+00:00,3.302,3.207,9.3,14,-2,0,-2090,-2090,-2748.6656,2090,0,4,3.7,3.2
2025-08-25T21:50:00.000+00:00,3.302,3.207,9.3,12,-2,0,-2090,-2090,-2747.824,2090,0,3.3,3,3
2025-08-25T21:51:00.000+00:00,3.302,3.207,9.5,14,-3,0,-2090,-2090,-2748.6656,2090,0,2.8,3.5,3.4
2025-08-25T21:52:00.000+00:00,3.302,3.207,9.5,12,-3,0,-2090,-2090,-2748.6656,2090,0,4,3,3.1
2025-08-25T21:53:00.000+00:00,3.302,3.207,9.5,14,-4,0,-2090,-2090,-2748.2448,2090,0,4.2,3,3
2025-08-25T21:54:00.000+00:00,3.302,3.207,9.4,12,-2,0,-2090,-2090,-2748.6656,2090,0,2.7,3.7,3.5
2025-08-25T21:55:00.000+00:00,3.302,3.207,9.6,12,-2,0,-2090,-2090,-2748.6656,2090,0,3.4,2.7,2.9
2025-08-25T21:56:00.000+00:00,3.302,3.207,9.4,12,-2,0,-2090,-2090,-2748.6656,2090,0,3.5,3.5,3.7
2025-08-25T21:57:00.000+00:00,3.302,3.207,9.3,14,-3,0,-2090,-2090,-2748.6656,2090,0,3.2,3,3.2
2025-08-25T21:58:00.000+00:00,3.302,3.207,9.4,12,-3,0,-2090,-2090,-2748.6656,2090,0,2.9,3.2,3.2
2025-08-25T21:59:00.000+00:00,3.302,3.207,9.3,14,-2,0,-2090,-2090,-2749.0864,2090,0,3.5,3.1,2.8
2025-08-25T22:00:00.000+00:00,3.302,3.207,9.3,12,-3,0,-2090,-2090,-2748.6656,2090,0,2.8,3.7,2.5
2025-08-25T22:01:00.000+00:00,3.302,3.207,9.4,14,-2,0,-2090,-2090,-2749.0864,2090,0,2.7,2.9,3.5
2025-08-25T22:02:00.000+00:00,3.302,3.207,9.3,18,-2,0,-2090,-2090,-2748.6656,2090,0,3,3,2.9
2025-08-25T22:03:00.000+00:00,3.302,3.207,9.6,12,-2,0,-2090,-2090,-2749.0864,2090,0,3.8,3.6,3.4
2025-08-25T22:04:00.000+00:00,3.302,3.207,9.4,14,-2,0,-2090,-2090,-2747.824,2090,0,3.3,3.4,3.3
2025-08-25T22:05:00.000+00:00,3.302,3.207,9.4,12,-2,0,-2090,-2090,-2749.5072,2090,0,3.4,3.2,2.5
2025-08-25T22:06:00.000+00:00,3.302,3.207,9.4,14,-3,0,-2090,-2090,-2749.0864,2090,0,3.1,3.2,2.9
2025-08-25T22:07:00.000+00:00,3.302,3.207,9.4,12,-2,0,-2090,-2090,-2748.2448,2090,0,3.2,3.3,2.9
2025-08-25T22:08:00.000+00:00,3.302,3.207,9.4,14,-2,0,-2090,-2090,-2749.0864,2090,0,4.5,3,3
2025-08-25T22:09:00.000+00:00,3.302,3.207,9.4,14,-3,0,-2090,-2090,-2749.0864,2090,0,3.2,3.2,3.1
2025-08-25T22:10:00.000+00:00,3.302,3.206,9.6,14,-3,0,-2090,-2090,-2749.5072,2090,0,2.9,3.5,3.3
2025-08-25T22:11:00.000+00:00,3.302,3.207,9.4,12,-3,0,-2090,-2090,-2749.0864,2090,0,3,3.3,3.3
2025-08-25T22:12:00.000+00:00,3.302,3.207,9.3,14,-2,0,-2090,-2090,-2748.6656,2090,0,2.8,2.9,2.8
2025-08-25T22:13:00.000+00:00,3.302,3.207,9.5,14,-2,0,-2090,-2090,-2748.2448,2090,0,3.5,2.9,3.2
2025-08-25T22:14:00.000+00:00,3.302,3.206,9.4,12,-3,0,-2090,-2090,-2748.6656,2090,0,3.1,3.2,3.2
2025-08-25T22:15:00.000+00:00,3.302,3.207,9.6,12,-2,0,-2090,-2090,-2748.2448,2090,0,2.9,3.2,2.7
2025-08-25T22:16:00.000+00:00,3.302,3.206,9.3,14,-3,0,-2090,-2090,-2748.2448,2090,0,2.7,3.4,3.2
2025-08-25T22:17:00.000+00:00,3.302,3.207,9.3,12,-3,0,-2090,-2090,-2748.2448,2090,0,3.2,3.2,3.2
2025-08-25T22:18:00.000+00:00,3.302,3.206,9.4,14,-2,0,-2090,-2090,-2748.6656,2090,0,2.9,3.3,2.6
2025-08-25T22:19:00.000+00:00,3.302,3.206,9.5,12,-2,0,-2090,-2090,-2749.5072,2090,0,3.3,3.7,3.5
2025-08-25T22:20:00.000+00:00,3.303,3.207,9.4,12,-3,0,-2090,-2090,-2749.0864,2090,0,3.7,2.7,3.7
2025-08-25T22:21:00.000+00:00,3.302,3.206,9.5,16,-2,0,-2090,-2090,-2748.6656,2090,0,3.3,3.8,3.7
2025-08-25T22:22:00.000+00:00,3.302,3.206,9.4,12,-1,0,-2090,-2090,-2746.9824,2090,0,2.7,3.4,3.2
2025-08-25T22:23:00.000+00:00,3.302,3.206,9.4,14,-2,0,-2090,-2090,-2742.3536,2090,0,2.9,2.9,3.3
2025-08-25T22:24:00.000+00:00,3.302,3.206,9.3,14,-2,0,-2090,-2090,-2739.408,2090,0,2.4,2.7,2.5
2025-08-25T22:25:00.000+00:00,3.302,3.206,9.6,12,-2,0,-2090,-2090,-2736.8832,2090,0,2.1,3.3,2.5
2025-08-25T22:26:00.000+00:00,3.302,3.206,9.5,14,-2,0,-2090,-2090,-2725.1008,2090,0,2.6,2.9,2.4
2025-08-25T22:27:00.000+00:00,3.302,3.206,9.4,14,-3,0,-2090,-2090,-2728.888,2090,0,2.4,2.8,2.8
2025-08-25T22:28:00.000+00:00,3.302,3.206,9.4,14,-2,0,-2090,-2090,-2726.784,2090,0,2.1,2.9,2.1
2025-08-25T22:29:00.000+00:00,3.302,3.206,9.4,14,-3,0,-2090,-2090,-2726.784,2090,0,2.4,2.9,2.8
2025-08-25T22:30:00.000+00:00,3.302,3.206,9.7,14,-2,0,-2090,-2090,-2724.68,2090,0,2.6,2.9,3.1
2025-08-25T22:31:00.000+00:00,3.302,3.206,9.3,12,-3,0,-2090,-2090,-2727.2048,2090,0,3.2,2.7,2.8
2025-08-25T22:32:00.000+00:00,3.302,3.206,9.3,14,-2,0,-2090,-2090,-2727.2048,2090,0,2.4,2.5,2.4
2025-08-25T22:33:00.000+00:00,3.302,3.206,9.3,12,-2,0,-2090,-2090,-2725.5216,2090,0,2.9,2.5,2.7
2025-08-25T22:34:00.000+00:00,3.302,3.206,9.3,12,-2,0,-2090,-2090,-2727.2048,2090,0,2.5,2.5,2.9
2025-08-25T22:35:00.000+00:00,3.302,3.206,9.4,12,-2,0,-2090,-2090,-2725.5216,2090,0,2.6,3.2,3
2025-08-25T22:36:00.000+00:00,3.302,3.206,9.4,16,-2,0,-2090,-2090,-2725.9424,2090,0,2.9,2.6,3
2025-08-25T22:37:00.000+00:00,3.302,3.206,9.3,12,-2,0,-2090,-2090,-2727.2048,2090,0,3.3,3.2,2.6
2025-08-25T22:38:00.000+00:00,3.302,3.206,9.4,12,-3,0,-2090,-2090,-2727.6256,2090,0,2.1,3.3,2.6
2025-08-25T22:39:00.000+00:00,3.302,3.205,9.5,12,-2,0,-2090,-2090,-2728.0464,2090,0,2.7,2.3,2.1
2025-08-25T22:40:00.000+00:00,3.302,3.206,9.4,14,-3,0,-2090,-2090,-2727.6256,2090,0,2.5,2.7,3
2025-08-25T22:41:00.000+00:00,3.302,3.206,9.5,12,-2,0,-2090,-2090,-2723.8384,2090,0,2.5,3.2,2.9
2025-08-25T22:42:00.000+00:00,3.302,3.206,9.4,12,-2,0,-2090,-2090,-2723.8384,2090,0,3,3.2,2.7
2025-08-25T22:43:00.000+00:00,3.302,3.206,9.4,12,-3,0,-2090,-2090,-2725.5216,2090,0,2.9,2.6,2.3
2025-08-25T22:44:00.000+00:00,3.302,3.206,9.3,14,-3,0,-2090,-2090,-2728.0464,2090,0,2.6,2.6,2.7
2025-08-25T22:45:00.000+00:00,3.302,3.206,9.3,14,-2,0,-2090,-2090,-2728.4672,2090,0,3,2.6,2.4
2025-08-25T22:46:00.000+00:00,3.302,3.206,9.3,12,-2,0,-2090,-2090,-2725.1008,2090,0,2.2,3.2,2.4
2025-08-25T22:47:00.000+00:00,3.302,3.206,9.5,14,-2,0,-2090,-2090,-2723.4176,2090,0,2.1,2,2.6
2025-08-25T22:48:00.000+00:00,3.302,3.206,9.4,14,-3,0,-2090,-2090,-2724.2592,2090,0,2.3,2.5,2.5
2025-08-25T22:49:00.000+00:00,3.302,3.206,9.5,14,-4,0,-2090,-2090,-2730.1504,2090,0,2.5,2.3,2.8
2025-08-25T22:50:00.000+00:00,3.302,3.206,9.6,12,-3,0,-2090,-2090,-2725.1008,2090,0,2.9,2,3.2
2025-08-25T22:51:00.000+00:00,3.302,3.206,9.4,14,-2,0,-2090,-2090,-2725.9424,2090,0,2.9,2.9,2.6
2025-08-25T22:52:00.000+00:00,3.302,3.206,9.3,14,-2,0,-2090,-2090,-2725.5216,2090,0,2.8,3.4,2.4
2025-08-25T22:53:00.000+00:00,3.302,3.206,9.4,12,-2,0,-2090,-2090,-2721.7344,2090,0,3.5,2.5,3
2025-08-25T22:54:00.000+00:00,3.302,3.206,9.4,12,-2,0,-2090,-2090,-2728.0464,2090,0,2.5,3.1,2.6
2025-08-25T22:55:00.000+00:00,3.302,3.205,9.4,14,-2,0,-2090,-2090,-2728.4672,2090,0,2,3.3,2.7
2025-08-25T22:56:00.000+00:00,3.302,3.206,9.4,12,-2,0,-2090,-2090,-2725.1008,2090,0,3.5,2.7,2.9
2025-08-25T22:57:00.000+00:00,3.302,3.205,9.5,12,-3,0,-2090,-2090,-2718.368,2090,0,2.9,2.4,2.5
2025-08-25T22:58:00.000+00:00,3.302,3.206,9.4,12,-3,0,-2090,-2090,-2726.784,2090,0,2.1,2.5,3.1
2025-08-25T22:59:00.000+00:00,3.302,3.205,9.4,12,-2,0,-2090,-2090,-2727.2048,2090,0,2.6,2.3,2.6
2025-08-25T23:00:00.000+00:00,3.302,3.205,9.3,14,-2,0,-2090,-2090,-2726.3632,2090,0,2.6,2.4,2.4
2025-08-25T23:01:00.000+00:00,3.302,3.205,9.3,14,-2,0,-2090,-2090,-2725.1008,2090,0,2.9,2.7,3
2025-08-25T23:02:00.000+00:00,3.302,3.205,9.4,16,-2,0,-2090,-2090,-2728.0464,2090,0,2.1,3.2,2.8
2025-08-25T23:03:00.000+00:00,3.302,3.205,9.3,12,-2,0,-2090,-2090,-2726.3632,2090,0,3.1,2.7,2.3
2025-08-25T23:04:00.000+00:00,3.302,3.205,9.4,12,-2,0,-2090,-2090,-2726.784,2090,0,2.5,3.4,2.5
2025-08-25T23:05:00.000+00:00,3.302,3.205,9.5,14,-3,0,-2090,-2090,-2721.7344,2090,0,2.5,3.1,2.8
2025-08-25T23:06:00.000+00:00,3.302,3.205,9.3,14,-4,0,-2090,-2090,-2724.68,2090,0,2.4,2.4,2.3
2025-08-25T23:07:00.000+00:00,3.302,3.205,9.3,14,-2,0,-2090,-2090,-2723.4176,2090,0,3.3,3.2,2.5
2025-08-25T23:08:00.000+00:00,3.302,3.205,9.3,14,-2,0,-2090,-2090,-2725.1008,2090,0,2.8,2.4,2.9
2025-08-25T23:09:00.000+00:00,3.302,3.205,9.3,14,-2,0,-2090,-2090,-2725.9424,2090,0,2.2,3.5,2.1
2025-08-25T23:10:00.000+00:00,3.302,3.205,9.5,12,-2,0,-2090,-2090,-2728.4672,2090,0,3,3.1,2.4
2025-08-25T23:11:00.000+00:00,3.302,3.204,9.6,12,-3,0,-2090,-2090,-2727.2048,2090,0,2.1,2.2,2.5
2025-08-25T23:12:00.000+00:00,3.302,3.205,9.5,12,-3,0,-2090,-2090,-2726.784,2090,0,3.3,2.4,2.5
2025-08-25T23:13:00.000+00:00,3.302,3.205,9.6,14,-2,0,-2090,-2090,-2730.5712,2090,0,2.6,3.4,3.1
2025-08-25T23:14:00.000+00:00,3.302,3.205,9.3,12,-2,0,-2090,-2090,-2730.5712,2090,0,2.8,2.8,2.7
2025-08-25T23:15:00.000+00:00,3.302,3.205,9.5,14,-2,0,-2090,-2090,-2728.0464,2090,0,3.2,3.3,3.3
2025-08-25T23:16:00.000+00:00,3.302,3.205,9.6,12,-2,0,-2090,-2090,-2727.6256,2090,0,2.8,2.2,2.5
2025-08-25T23:17:00.000+00:00,3.302,3.205,9.5,14,-4,0,-2090,-2090,-2728.0464,2090,0,2.7,3,2.3
2025-08-25T23:18:00.000+00:00,3.302,3.205,9.2,14,-2,0,-2090,-2090,-2729.3088,2090,0,2.6,2.4,2.8
2025-08-25T23:19:00.000+00:00,3.302,3.205,9.5,12,-2,0,-2090,-2090,-2729.7296,2090,0,2.4,2.5,2.6
2025-08-25T23:20:00.000+00:00,3.302,3.205,9.6,12,-2,0,-2090,-2090,-2729.3088,2090,0,2.9,3.3,2.4
2025-08-25T23:21:00.000+00:00,3.302,3.205,9.6,12,-3,0,-2090,-2090,-2730.1504,2090,0,2.7,3.1,2.6
2025-08-25T23:22:00.000+00:00,3.302,3.205,9.5,14,-2,0,-2090,-2090,-2730.5712,2090,0,3.3,2.2,2.4
2025-08-25T23:23:00.000+00:00,3.302,3.205,9.4,14,-3,0,-2090,-2090,-2729.7296,2090,0,2.7,2.2,2.3
2025-08-25T23:24:00.000+00:00,3.301,3.205,9.6,14,-2,0,-2090,-2090,-2729.7296,2090,0,2.5,2.8,2.5
2025-08-25T23:25:00.000+00:00,3.301,3.205,9.5,14,-2,0,-2090,-2090,-2730.1504,2090,0,2.5,2.5,2.8
2025-08-25T23:26:00.000+00:00,3.301,3.205,9.3,12,-2,0,-2090,-2090,-2733.096,2090,0,2.7,3,2.6
2025-08-25T23:27:00.000+00:00,3.301,3.205,9.4,14,-2,0,-2090,-2090,-2732.2544,2090,0,2.8,2.8,2.5
2025-08-25T23:28:00.000+00:00,3.301,3.205,9.5,14,-3,0,-2090,-2090,-2725.5216,2090,0,2.4,2.7,2.6
2025-08-25T23:29:00.000+00:00,3.301,3.205,9.4,14,-2,0,-2090,-2090,-2731.4128,2090,0,2.4,2.5,2.2
2025-08-25T23:30:00.000+00:00,3.301,3.205,9.3,14,-2,0,-2090,-2090,-2733.096,2090,0,2.2,2.3,2.6
2025-08-25T23:31:00.000+00:00,3.301,3.205,9.3,14,-2,0,-2090,-2090,-2732.2544,2090,0,2.1,2.8,2.3
2025-08-25T23:32:00.000+00:00,3.301,3.205,9.4,14,-2,0,-2090,-2090,-2727.6256,2090,0,2.2,2.7,2.6
2025-08-25T23:33:00.000+00:00,3.301,3.205,9.5,12,-3,0,-2090,-2090,-2728.888,2090,0,2,2.8,3.3
2025-08-25T23:34:00.000+00:00,3.301,3.205,9.4,12,-2,0,-2090,-2090,-2729.7296,2090,0,2.4,2.6,2.7
2025-08-25T23:35:00.000+00:00,3.301,3.205,9.5,12,-2,0,-2090,-2090,-2725.5216,2090,0,2.6,3.3,2.5
2025-08-25T23:36:00.000+00:00,3.301,3.204,9.4,14,-4,0,-2090,-2090,-2726.784,2090,0,3,2.3,2.4
2025-08-25T23:37:00.000+00:00,3.301,3.204,9.4,12,-3,0,-2090,-2090,-2723.4176,2090,0,3.1,2.7,2.5
2025-08-25T23:38:00.000+00:00,3.301,3.204,9.4,14,-2,0,-2090,-2090,-2727.6256,2090,0,2.1,3.1,2.2
2025-08-25T23:39:00.000+00:00,3.301,3.204,9.5,16,-2,0,-2090,-2090,-2725.9424,2090,0,3.1,2.9,2.7
2025-08-25T23:40:00.000+00:00,3.301,3.204,9.4,14,-3,0,-2090,-2090,-2722.9968,2090,0,2.4,2.7,3.1
2025-08-25T23:41:00.000+00:00,3.301,3.205,9.5,14,-3,0,-2090,-2090,-2719.6304,2090,0,2.3,3,2.6
2025-08-25T23:42:00.000+00:00,3.301,3.204,9.4,14,-2,0,-2090,-2090,-2730.5712,2090,0,2.7,2.8,3.3
2025-08-25T23:43:00.000+00:00,3.301,3.204,9.6,12,-3,0,-2090,-2090,-2731.8336,2090,0,2.6,2.4,2.8
2025-08-25T23:44:00.000+00:00,3.301,3.204,9.5,14,-3,0,-2090,-2090,-2733.096,2090,0,2.9,2.3,2.7
2025-08-25T23:45:00.000+00:00,3.301,3.204,9.5,12,-3,0,-2090,-2090,-2722.576,2090,0,2.4,2.6,2.9
2025-08-25T23:46:00.000+00:00,3.302,3.204,9.6,12,-3,0,-2090,-2090,-2726.784,2090,0,3,2.9,2.8
2025-08-25T23:47:00.000+00:00,3.301,3.204,9.3,14,-4,0,-2090,-2090,-2725.9424,2090,0,2.5,2.7,2.5
2025-08-25T23:48:00.000+00:00,3.301,3.204,9.3,14,-3,0,-2090,-2090,-2727.2048,2090,0,2.3,3.6,2.6
2025-08-25T23:49:00.000+00:00,3.301,3.204,9.4,14,-3,0,-2090,-2090,-2729.3088,2090,0,2.3,2.7,2.5
2025-08-25T23:50:00.000+00:00,3.301,3.204,9.4,12,-3,0,-2090,-2090,-2729.3088,2090,0,2.9,2.8,2.8
2025-08-25T23:51:00.000+00:00,3.301,3.204,9.6,12,-2,0,-2090,-2090,-2730.992,2090,0,2.7,3,2.9
2025-08-25T23:52:00.000+00:00,3.301,3.204,9.5,12,-2,0,-2090,-2090,-2722.576,2090,0,3,2.4,2.5
2025-08-25T23:53:00.000+00:00,3.301,3.204,9.3,14,-3,0,-2090,-2090,-2731.4128,2090,0,3,2.3,2.4
2025-08-25T23:54:00.000+00:00,3.301,3.204,9.4,12,-2,0,-2090,-2090,-2731.8336,2090,0,2.3,2.5,2.2
2025-08-25T23:55:00.000+00:00,3.301,3.204,9.4,14,-2,0,-2090,-2090,-2723.8384,2090,0,2.6,2.1,2.6
2025-08-25T23:56:00.000+00:00,3.301,3.204,9.5,12,-3,0,-2090,-2090,-2730.5712,2090,0,2.5,1.9,2.5
2025-08-25T23:57:00.000+00:00,3.301,3.204,9.4,12,-2,0,-2090,-2090,-2729.7296,2090,0,2.7,2.5,2.9
2025-08-25T23:58:00.000+00:00,3.301,3.204,9.5,12,-3,0,-2090,-2090,-2732.2544,2090,0,2.4,2.7,2.3
2025-08-25T23:59:00.000+00:00,3.301,3.204,9.5,14,-3,0,-2090,-2090,-2730.992,2090,0,2.6,3.2,2.9
2025-08-26T00:00:00.000+00:00,3.301,3.204,9.3,12,-3,0,-2090,-2090,-2731.4128,2090,0,2.2,2.8,2.4
2025-08-26T00:01:00.000+00:00,3.301,3.204,9.4,12,-2,0,-2090,-2090,-2730.1504,2090,0,2.4,2.5,3.2
2025-08-26T00:02:00.000+00:00,3.301,3.204,9.4,14,-2,0,-2090,-2090,-2732.2544,2090,0,1.9,2.5,2.9
2025-08-26T00:03:00.000+00:00,3.301,3.204,9.3,12,-2,0,-2090,-2090,-2731.4128,2090,0,2.8,3,2.9
2025-08-26T00:04:00.000+00:00,3.301,3.204,9.4,14,-2,0,-2090,-2090,-2728.888,2090,0,2.2,2,2.7
2025-08-26T00:05:00.000+00:00,3.301,3.204,9.5,14,-3,0,-2090,-2090,-2731.4128,2090,0,2.9,2.3,2
2025-08-26T00:06:00.000+00:00,3.301,3.204,9.5,14,-2,0,-2090,-2090,-2730.1504,2090,0,2.4,2.8,2.4
2025-08-26T00:07:00.000+00:00,3.3,3.204,9.3,12,-2,0,-2090,-2090,-2728.888,2090,0,2.3,2.4,2.6
2025-08-26T00:08:00.000+00:00,3.301,3.204,9.4,12,-4,0,-2090,-2090,-2729.7296,2090,0,3.2,2.9,2.3
2025-08-26T00:09:00.000+00:00,3.301,3.203,9.4,16,-2,0,-2090,-2090,-2728.888,2090,0,2.4,2.3,2.7
2025-08-26T00:10:00.000+00:00,3.301,3.204,9.4,12,-4,0,-2090,-2090,-2729.7296,2090,0,2.4,2.8,1.8
2025-08-26T00:11:00.000+00:00,3.301,3.204,9.4,12,-2,0,-2090,-2090,-2730.1504,2090,0,2.3,2.2,2.5
2025-08-26T00:12:00.000+00:00,3.301,3.204,9.4,12,-4,0,-2090,-2090,-2729.7296,2090,0,2.3,2.2,2.8
2025-08-26T00:13:00.000+00:00,3.301,3.204,9.4,14,-2,0,-2090,-2090,-2728.888,2090,0,2.6,2.7,2.4
2025-08-26T00:14:00.000+00:00,3.301,3.204,9.5,14,-4,0,-2090,-2090,-2729.3088,2090,0,2.6,2.5,3.2
2025-08-26T00:15:00.000+00:00,3.301,3.203,9.5,12,-3,0,-2090,-2090,-2729.7296,2090,0,2.1,1.9,2.7
2025-08-26T00:16:00.000+00:00,3.301,3.203,9.5,12,-3,0,-2090,-2090,-2730.1504,2090,0,3.2,2.8,2.3
2025-08-26T00:17:00.000+00:00,3.301,3.203,9.3,12,-2,0,-2090,-2090,-2729.7296,2090,0,2.5,2.9,2.8
2025-08-26T00:18:00.000+00:00,3.301,3.203,9.3,12,-3,0,-2090,-2090,-2729.7296,2090,0,2.1,2.2,2
2025-08-26T00:19:00.000+00:00,3.301,3.203,9.3,12,-2,0,-2090,-2090,-2729.3088,2090,0,2,2.5,2.5
2025-08-26T00:20:00.000+00:00,3.301,3.203,9.4,14,-2,0,-2090,-2090,-2728.888,2090,0,3.1,2.7,2.4
2025-08-26T00:21:00.000+00:00,3.301,3.203,9.5,12,-3,0,-2090,-2090,-2728.888,2090,0,2.3,3.1,2.8
2025-08-26T00:22:00.000+00:00,3.301,3.203,9.4,12,-3,0,-2090,-2090,-2729.7296,2090,0,2.4,2.5,2.8
2025-08-26T00:23:00.000+00:00,3.301,3.203,9.4,12,-2,0,-2090,-2090,-2729.3088,2090,0,2.6,2.4,2.7
2025-08-26T00:24:00.000+00:00,3.301,3.203,9.3,14,-4,0,-2090,-2090,-2728.888,2090,0,2.5,2.7,2.4
2025-08-26T00:25:00.000+00:00,3.301,3.203,9.5,12,-3,0,-2090,-2090,-2729.3088,2090,0,2,3,2.5
2025-08-26T00:26:00.000+00:00,3.301,3.203,9.4,12,-2,0,-2090,-2090,-2729.3088,2090,0,2.5,2.4,3.4
2025-08-26T00:27:00.000+00:00,3.301,3.203,9.3,12,-3,0,-2090,-2090,-2730.1504,2090,0,2.3,3.2,2.5
2025-08-26T00:28:00.000+00:00,3.301,3.203,9.3,12,-3,0,-2090,-2090,-2728.4672,2090,0,2.5,2.9,3
2025-08-26T00:29:00.000+00:00,3.301,3.203,9.3,12,-2,0,-2090,-2090,-2729.7296,2090,0,2.9,2.8,2.2
2025-08-26T00:30:00.000+00:00,3.301,3.203,9.6,10,-3,0,-2090,-2090,-2730.1504,2090,0,2.3,2.6,2.5
2025-08-26T00:31:00.000+00:00,3.301,3.203,9.5,12,-2,0,-2090,-2090,-2729.3088,2090,0,2.4,3,2.5
2025-08-26T00:32:00.000+00:00,3.301,3.203,9.6,14,-2,0,-2090,-2090,-2729.7296,2090,0,2.8,3.2,2.3
2025-08-26T00:33:00.000+00:00,3.301,3.203,9.4,14,-3,0,-2090,-2090,-2728.888,2090,0,2.6,2.8,2.6
2025-08-26T00:34:00.000+00:00,3.301,3.203,9.4,12,-3,0,-2090,-2090,-2730.1504,2090,0,2.3,2.2,2.7
2025-08-26T00:35:00.000+00:00,3.301,3.203,9.4,12,-3,0,-2090,-2090,-2729.3088,2090,0,2.9,2.1,2.6
2025-08-26T00:36:00.000+00:00,3.301,3.203,9.6,14,-3,0,-2090,-2090,-2729.3088,2090,0,2.7,2.1,2.6
2025-08-26T00:37:00.000+00:00,3.301,3.203,9.4,14,-3,0,-2090,-2090,-2728.888,2090,0,2.4,2.5,2.4
2025-08-26T00:38:00.000+00:00,3.301,3.203,9.4,14,-4,0,-2090,-2090,-2727.6256,2090,0,2.4,2.7,3.1
2025-08-26T00:39:00.000+00:00,3.301,3.203,9.4,14,-2,0,-2090,-2090,-2727.6256,2090,0,2.3,2.7,2.5
2025-08-26T00:40:00.000+00:00,3.301,3.203,9.5,12,-3,0,-2090,-2090,-2728.0464,2090,0,2.4,2.2,3.2
2025-08-26T00:41:00.000+00:00,3.301,3.203,9.3,12,-2,0,-2090,-2090,-2727.6256,2090,0,2.7,2.6,2.4
2025-08-26T00:42:00.000+00:00,3.301,3.203,9.5,12,-2,0,-2090,-2090,-2728.0464,2090,0,2.4,2.7,2.9
2025-08-26T00:43:00.000+00:00,3.301,3.203,9.4,12,-3,0,-2090,-2090,-2726.3632,2090,0,2.4,2.7,2.5
2025-08-26T00:44:00.000+00:00,3.301,3.203,9.4,14,-2,0,-2090,-2090,-2726.3632,2090,0,2.4,2.1,2.5
2025-08-26T00:45:00.000+00:00,3.301,3.203,9.4,12,-2,0,-2090,-2090,-2726.3632,2090,0,2.7,2.8,2.4
2025-08-26T00:46:00.000+00:00,3.301,3.203,9.3,14,-2,0,-2090,-2090,-2728.4672,2090,0,2.5,2.4,2.2
2025-08-26T00:47:00.000+00:00,3.301,3.203,9.4,14,-4,0,-2090,-2090,-2726.3632,2090,0,2.2,2.4,2.5
2025-08-26T00:48:00.000+00:00,3.301,3.203,9.4,12,-3,0,-2090,-2090,-2728.0464,2090,0,2.4,2.5,2.4
2025-08-26T00:49:00.000+00:00,3.301,3.203,9.5,12,-3,0,-2090,-2090,-2727.6256,2090,0,2.5,2.3,2.7
2025-08-26T00:50:00.000+00:00,3.301,3.203,9.4,12,-2,0,-2090,-2090,-2727.6256,2090,0,2.2,3,2.5
2025-08-26T00:51:00.000+00:00,3.301,3.203,9.5,14,-3,0,-2090,-2090,-2727.2048,2090,0,2,3.2,2.6
2025-08-26T00:52:00.000+00:00,3.301,3.203,9.3,12,-3,0,-2090,-2090,-2726.784,2090,0,2.6,2.2,2.2
2025-08-26T00:53:00.000+00:00,3.301,3.203,9.2,12,-3,0,-2090,-2090,-2728.0464,2090,0,2.7,2.8,2
2025-08-26T00:54:00.000+00:00,3.301,3.203,9.4,12,-3,0,-2090,-2090,-2728.0464,2090,0,2.6,2.4,2.3
2025-08-26T00:55:00.000+00:00,3.301,3.203,9.3,12,-3,0,-2090,-2090,-2727.2048,2090,0,2.4,2.3,2.8
2025-08-26T00:56:00.000+00:00,3.301,3.203,9.6,12,-3,0,-2090,-2090,-2727.2048,2090,0,2.6,2.7,2.7
2025-08-26T00:57:00.000+00:00,3.301,3.203,9.4,12,-2,0,-2090,-2090,-2727.2048,2090,0,3,2.7,2.4
2025-08-26T00:58:00.000+00:00,3.301,3.203,9.5,12,-4,0,-2090,-2090,-2727.2048,2090,0,2.7,2.8,2.6
2025-08-26T00:59:00.000+00:00,3.301,3.202,9.3,12,-2,0,-2090,-2090,-2728.4672,2090,0,2.3,3,2.5
2025-08-26T01:00:00.000+00:00,3.301,3.202,9.5,12,-2,0,-2090,-2090,-2730.992,2090,0,2.8,2.6,2.8
2025-08-26T01:01:00.000+00:00,3.301,3.202,9.4,12,-2,0,-2090,-2090,-2733.9376,2090,0,2.7,2.5,2.7
2025-08-26T01:02:00.000+00:00,3.301,3.203,9.4,12,-3,0,-2090,-2090,-2738.1456,2090,0,3.1,3,3.4
2025-08-26T01:03:00.000+00:00,3.301,3.202,9.5,12,-2,0,-2090,-2090,-2742.7744,2090,0,2.6,2.4,3.1
2025-08-26T01:04:00.000+00:00,3.301,3.202,9.4,12,-2,0,-2090,-2090,-2746.1408,2090,0,2.6,3.5,2.8
2025-08-26T01:05:00.000+00:00,3.301,3.202,9.6,12,-3,0,-2090,-2090,-2752.4528,2090,0,2.2,2.5,2.2
2025-08-26T01:06:00.000+00:00,3.301,3.202,9.5,12,-2,0,-2090,-2090,-2747.824,2090,0,2.8,2.8,3.2
2025-08-26T01:07:00.000+00:00,3.301,3.202,9.3,12,-3,0,-2090,-2090,-2747.824,2090,0,2.9,2.9,3.1
2025-08-26T01:08:00.000+00:00,3.301,3.202,9.6,12,-3,0,-2090,-2090,-2747.824,2090,0,2.4,2.6,3.5
2025-08-26T01:09:00.000+00:00,3.301,3.202,9.5,14,-4,0,-2090,-2090,-2746.9824,2090,0,2.7,2.6,3
2025-08-26T01:10:00.000+00:00,3.301,3.202,9.5,14,-3,0,-2090,-2090,-2747.4032,2090,0,2.6,3,2.5
2025-08-26T01:11:00.000+00:00,3.301,3.202,9.4,14,-3,0,-2090,-2090,-2747.4032,2090,0,3.5,3,2.7
2025-08-26T01:12:00.000+00:00,3.301,3.202,9.4,14,-3,0,-2090,-2090,-2746.9824,2090,0,2.9,4,2.5
2025-08-26T01:13:00.000+00:00,3.301,3.202,9.4,12,-5,0,-2090,-2090,-2748.2448,2090,0,2.4,3,3
2025-08-26T01:14:00.000+00:00,3.301,3.202,9.5,12,-3,0,-2090,-2090,-2747.4032,2090,0,2.7,2.6,2.7
2025-08-26T01:15:00.000+00:00,3.301,3.202,9.6,12,-3,0,-2090,-2090,-2747.824,2090,0,2.8,3.2,3.5
2025-08-26T01:16:00.000+00:00,3.301,3.202,9.6,14,-2,0,-2090,-2090,-2748.2448,2090,0,2.7,2.4,2.4
2025-08-26T01:17:00.000+00:00,3.301,3.202,9.5,10,-3,0,-2090,-2090,-2749.0864,2090,0,2.7,2.9,3.6
2025-08-26T01:18:00.000+00:00,3.301,3.202,9.3,12,-3,0,-2090,-2090,-2748.6656,2090,0,2.4,2.3,2.8
2025-08-26T01:19:00.000+00:00,3.301,3.202,9.4,12,-3,0,-2090,-2090,-2748.2448,2090,0,2.6,3.2,2.9
2025-08-26T01:20:00.000+00:00,3.301,3.202,9.5,12,-3,0,-2090,-2090,-2748.2448,2090,0,3.2,3.2,3
2025-08-26T01:21:00.000+00:00,3.301,3.202,9.8,12,-3,0,-2090,-2090,-2748.2448,2090,0,3.1,3.2,2.8
2025-08-26T01:22:00.000+00:00,3.301,3.202,9.6,14,-2,0,-2090,-2090,-2746.9824,2090,0,2.5,2.6,3
2025-08-26T01:23:00.000+00:00,3.301,3.202,9.5,12,-2,0,-2090,-2090,-2747.4032,2090,0,3.4,3,3.1
2025-08-26T01:24:00.000+00:00,3.301,3.202,9.7,12,-4,0,-2090,-2090,-2746.1408,2090,0,3.2,3.3,3.1
2025-08-26T01:25:00.000+00:00,3.301,3.202,9.5,12,-2,0,-2090,-2090,-2746.1408,2090,0,2.7,3.2,2.7
2025-08-26T01:26:00.000+00:00,3.301,3.202,9.5,12,-3,0,-2090,-2090,-2746.5616,2090,0,2.7,3,2.6
2025-08-26T01:27:00.000+00:00,3.301,3.202,9.4,12,-3,0,-2090,-2090,-2746.1408,2090,0,2.3,2.7,2.7
2025-08-26T01:28:00.000+00:00,3.301,3.202,9.5,12,-3,0,-2090,-2090,-2746.9824,2090,0,3.2,2.8,3.8
2025-08-26T01:29:00.000+00:00,3.301,3.202,9.6,14,-3,0,-2090,-2090,-2746.9824,2090,0,3.3,3.4,3.2
2025-08-26T01:30:00.000+00:00,3.301,3.202,9.7,12,-3,0,-2090,-2090,-2748.2448,2090,0,3.1,2.7,2.9
2025-08-26T01:31:00.000+00:00,3.301,3.202,9.4,12,-3,0,-2090,-2090,-2747.4032,2090,0,2.3,2.8,2.6
2025-08-26T01:32:00.000+00:00,3.301,3.202,9.5,14,-2,0,-2090,-2090,-2746.9824,2090,0,2.6,3.1,3.3
2025-08-26T01:33:00.000+00:00,3.301,3.202,9.4,12,-3,0,-2090,-2090,-2746.5616,2090,0,3.1,2.9,2.8
2025-08-26T01:34:00.000+00:00,3.301,3.202,9.4,12,-3,0,-2090,-2090,-2747.824,2090,0,3,3,2.8
2025-08-26T01:35:00.000+00:00,3.301,3.202,9.5,12,-3,0,-2090,-2090,-2747.824,2090,0,2.8,3.8,2.9
2025-08-26T01:36:00.000+00:00,3.301,3.201,9.7,14,-3,0,-2090,-2090,-2746.9824,2090,0,2.5,3.4,1.8
2025-08-26T01:37:00.000+00:00,3.301,3.201,9.5,14,-3,0,-2090,-2090,-2746.5616,2090,0,2.6,2.5,2.7
2025-08-26T01:38:00.000+00:00,3.301,3.201,9.4,12,-3,0,-2090,-2090,-2746.5616,2090,0,2.7,2.8,3
2025-08-26T01:39:00.000+00:00,3.301,3.201,9.8,12,-3,0,-2090,-2090,-2746.1408,2090,0,2.4,2.9,3
2025-08-26T01:40:00.000+00:00,3.301,3.201,9.6,12,-3,0,-2090,-2090,-2745.72,2090,0,2.7,3.3,3.2
2025-08-26T01:41:00.000+00:00,3.301,3.201,9.4,14,-3,0,-2090,-2090,-2746.9824,2090,0,3.7,3.2,2.6
2025-08-26T01:42:00.000+00:00,3.301,3.201,9.4,12,-5,0,-2090,-2090,-2745.72,2090,0,3,2.4,4.2
2025-08-26T01:43:00.000+00:00,3.301,3.2,9.5,12,-3,0,-2090,-2090,-2746.1408,2090,0,3.5,3.3,3.3
2025-08-26T01:44:00.000+00:00,3.301,3.201,9.4,12,-3,0,-2090,-2090,-2745.2992,2090,0,2.6,3,3.2
2025-08-26T01:45:00.000+00:00,3.301,3.201,9.5,12,-3,0,-2090,-2090,-2745.2992,2090,0,3.1,2.9,2.4
2025-08-26T01:46:00.000+00:00,3.301,3.201,9.5,14,-4,0,-2090,-2090,-2745.2992,2090,0,2.5,3.8,3.2
2025-08-26T01:47:00.000+00:00,3.301,3.201,9.5,12,-4,0,-2090,-2090,-2746.1408,2090,0,2.5,2.4,2.3
2025-08-26T01:48:00.000+00:00,3.3,3.201,9.5,12,-3,0,-2090,-2090,-2746.1408,2090,0,2.8,3,2.7
2025-08-26T01:49:00.000+00:00,3.301,3.201,9.4,14,-3,0,-2090,-2090,-2746.9824,2090,0,3.1,2.7,3.5
2025-08-26T01:50:00.000+00:00,3.301,3.201,9.4,12,-3,0,-2090,-2090,-2746.1408,2090,0,3.1,2.5,2.4
2025-08-26T01:51:00.000+00:00,3.301,3.201,9.4,12,-4,0,-2090,-2090,-2746.1408,2090,0,3.4,2.9,3
2025-08-26T01:52:00.000+00:00,3.301,3.201,9.4,14,-2,0,-2090,-2090,-2746.1408,2090,0,3.3,2.7,2.8
2025-08-26T01:53:00.000+00:00,3.301,3.201,9.3,12,-5,0,-2090,-2090,-2746.1408,2090,0,2.9,3.2,2.8
2025-08-26T01:54:00.000+00:00,3.301,3.201,9.4,12,-3,0,-2090,-2090,-2745.72,2090,0,2.9,3.8,3.5
2025-08-26T01:55:00.000+00:00,3.301,3.201,9.5,14,-2,0,-2090,-2090,-2745.72,2090,0,4.3,4.2,2.9
2025-08-26T01:56:00.000+00:00,3.301,3.201,9.4,12,-3,0,-2090,-2090,-2746.1408,2090,0,3.2,2.9,2.9
2025-08-26T01:57:00.000+00:00,3.301,3.201,9.5,12,-2,0,-2090,-2090,-2746.1408,2090,0,3.3,3.7,2.4
2025-08-26T01:58:00.000+00:00,3.301,3.201,9.6,14,-3,0,-2090,-2090,-2746.1408,2090,0,3,3.2,2.8
2025-08-26T01:59:00.000+00:00,3.301,3.201,9.4,12,-2,0,-2090,-2090,-2745.2992,2090,0,3,2.4,2.7
2025-08-26T02:00:00.000+00:00,3.301,3.201,9.5,12,-3,0,-2090,-2090,-2746.1408,2090,0,2.6,3.9,3
2025-08-26T02:01:00.000+00:00,3.301,3.201,9.3,12,-2,0,-2090,-2090,-2745.72,2090,0,3.3,2.8,2.8
2025-08-26T02:02:00.000+00:00,3.301,3.2,9.6,12,-3,0,-2090,-2090,-2745.72,2090,0,2.7,3.1,2.5
2025-08-26T02:03:00.000+00:00,3.301,3.201,9.6,10,-3,0,-2090,-2090,-2745.2992,2090,0,3.1,2.8,2.8
2025-08-26T02:04:00.000+00:00,3.301,3.2,9.4,14,-3,0,-2090,-2090,-2746.1408,2090,0,4,3.4,2.9
2025-08-26T02:05:00.000+00:00,3.301,3.2,9.4,12,-3,0,-2090,-2090,-2745.72,2090,0,3.2,3,2.5
2025-08-26T02:06:00.000+00:00,3.301,3.2,9.3,14,-3,0,-2090,-2090,-2746.1408,2090,0,3.2,2.8,2.6
2025-08-26T02:07:00.000+00:00,3.301,3.2,9.6,12,-3,0,-2090,-2090,-2745.2992,2090,0,3.1,3,2.8
2025-08-26T02:08:00.000+00:00,3.301,3.2,9.4,12,-3,0,-2090,-2090,-2746.5616,2090,0,2.8,3.2,3.2
2025-08-26T02:09:00.000+00:00,3.301,3.2,9.6,14,-2,0,-2090,-2090,-2746.9824,2090,0,3,3.6,2.8
2025-08-26T02:10:00.000+00:00,3.3,3.201,9.5,12,-3,0,-2090,-2090,-2746.5616,2090,0,4,2.6,3.3
2025-08-26T02:11:00.000+00:00,3.301,3.2,9.4,12,-2,0,-2090,-2090,-2745.72,2090,0,3.6,2.8,3.8
2025-08-26T02:12:00.000+00:00,3.301,3.2,9.4,12,-3,0,-2090,-2090,-2746.5616,2090,0,2.1,3,2.4
2025-08-26T02:13:00.000+00:00,3.3,3.2,9.5,14,-2,0,-2090,-2090,-2746.5616,2090,0,2.4,2.6,2.6
2025-08-26T02:14:00.000+00:00,3.3,3.2,9.4,12,-3,0,-2090,-2090,-2746.1408,2090,0,2.8,3.1,2.7
2025-08-26T02:15:00.000+00:00,3.301,3.2,9.6,12,-2,0,-2090,-2090,-2747.4032,2090,0,2.7,3.3,3.3
2025-08-26T02:16:00.000+00:00,3.301,3.2,9.7,12,-3,0,-2090,-2090,-2746.5616,2090,0,2.7,2.9,2.7
2025-08-26T02:17:00.000+00:00,3.301,3.2,9.5,12,-2,0,-2090,-2090,-2749.5072,2090,0,3.1,2.7,2.6
2025-08-26T02:18:00.000+00:00,3.301,3.2,9.5,14,-3,0,-2090,-2090,-2749.0864,2090,0,2.9,2.9,2.8
2025-08-26T02:19:00.000+00:00,3.3,3.2,9.4,14,-2,0,-2090,-2090,-2748.2448,2090,0,2.8,2.9,4.2
2025-08-26T02:20:00.000+00:00,3.301,3.2,9.4,10,-2,0,-2090,-2090,-2749.0864,2090,0,3.2,2.7,2.7
2025-08-26T02:21:00.000+00:00,3.301,3.2,9.6,12,-3,0,-2090,-2090,-2748.2448,2090,0,2.7,3.8,2.9
2025-08-26T02:22:00.000+00:00,3.299,3.2,9.6,12,-3,0,-2090,-2090,-2746.5616,2090,0,3.4,2.5,3.2
2025-08-26T02:23:00.000+00:00,3.3,3.2,9.5,12,-2,0,-2090,-2090,-2746.5616,2090,0,2.7,2.3,3
2025-08-26T02:24:00.000+00:00,3.3,3.2,9.6,14,-3,0,-2090,-2090,-2745.72,2090,0,3,2.4,3.5
2025-08-26T02:25:00.000+00:00,3.301,3.2,9.5,12,-3,0,-2090,-2090,-2743.616,2090,0,2.8,2.8,3.5
2025-08-26T02:26:00.000+00:00,3.3,3.2,9.3,12,-3,0,-2090,-2090,-2737.7248,2090,0,2.8,2.7,3
2025-08-26T02:27:00.000+00:00,3.3,3.2,9.4,12,-3,0,-2090,-2090,-2732.2544,2090,0,2.4,3,2.3
2025-08-26T02:28:00.000+00:00,3.3,3.2,9.3,12,-4,0,-2090,-2090,-2727.2048,2090,0,2.6,3,2.3
2025-08-26T02:29:00.000+00:00,3.301,3.2,9.4,12,-2,0,-2090,-2090,-2723.4176,2090,0,3.2,3,3
2025-08-26T02:30:00.000+00:00,3.3,3.2,9.2,14,-4,0,-2090,-2090,-2717.9472,2090,0,3,3.1,2.8
2025-08-26T02:31:00.000+00:00,3.3,3.2,9.3,12,-3,0,-2090,-2090,-2718.7888,2090,0,2.6,2.6,2.7
2025-08-26T02:32:00.000+00:00,3.3,3.2,9.5,14,-3,0,-2090,-2090,-2728.0464,2090,0,2.4,2.7,2
2025-08-26T02:33:00.000+00:00,3.3,3.2,9.2,12,-3,0,-2090,-2090,-2727.2048,2090,0,2.7,2.4,2
2025-08-26T02:34:00.000+00:00,3.3,3.2,9.3,10,-3,0,-2090,-2090,-2727.2048,2090,0,2.4,2,2.4
2025-08-26T02:35:00.000+00:00,3.3,3.2,9.5,14,-2,0,-2090,-2090,-2726.784,2090,0,2.3,3.1,2.1
2025-08-26T02:36:00.000+00:00,3.3,3.2,9.6,14,-3,0,-2090,-2090,-2726.784,2090,0,2.2,2.3,2.7
2025-08-26T02:37:00.000+00:00,3.3,3.2,9.3,12,-3,0,-2090,-2090,-2726.3632,2090,0,2.6,2.3,2.4
2025-08-26T02:38:00.000+00:00,3.3,3.2,9.4,12,-3,0,-2090,-2090,-2725.9424,2090,0,2.2,2,2.6
2025-08-26T02:39:00.000+00:00,3.3,3.2,9.1,12,-2,0,-2090,-2090,-2725.1008,2090,0,3,2.7,2.8
2025-08-26T02:40:00.000+00:00,3.3,3.2,9.2,12,-3,0,-2090,-2090,-2726.3632,2090,0,2.3,2.3,2.4
2025-08-26T02:41:00.000+00:00,3.3,3.2,9.4,14,-3,0,-2090,-2090,-2725.9424,2090,0,2.9,3.1,2.4
2025-08-26T02:42:00.000+00:00,3.3,3.2,9.4,14,-2,0,-2090,-2090,-2724.68,2090,0,2.2,2.6,2.7
2025-08-26T02:43:00.000+00:00,3.3,3.199,9.3,12,-3,0,-2090,-2090,-2726.784,2090,0,2.7,2.6,2.5
2025-08-26T02:44:00.000+00:00,3.3,3.199,9.3,12,-4,0,-2090,-2090,-2727.2048,2090,0,2.6,4.3,2.3
2025-08-26T02:45:00.000+00:00,3.3,3.199,9.4,12,-2,0,-2090,-2090,-2728.0464,2090,0,2.4,2.6,2.6
2025-08-26T02:46:00.000+00:00,3.3,3.199,9.3,12,-2,0,-2090,-2090,-2728.4672,2090,0,3,2.5,2.6
2025-08-26T02:47:00.000+00:00,3.3,3.199,9.5,12,-3,0,-2090,-2090,-2728.4672,2090,0,2.6,2.1,2.4
2025-08-26T02:48:00.000+00:00,3.3,3.199,9.2,12,-3,0,-2090,-2090,-2728.4672,2090,0,2.5,2.3,2.4
2025-08-26T02:49:00.000+00:00,3.3,3.199,9.3,12,-2,0,-2090,-2090,-2728.4672,2090,0,2.6,3.1,2.3
2025-08-26T02:50:00.000+00:00,3.3,3.199,9.3,12,-3,0,-2090,-2090,-2728.4672,2090,0,2.7,3,2.5
2025-08-26T02:51:00.000+00:00,3.3,3.199,9.5,12,-3,0,-2090,-2090,-2728.0464,2090,0,2.5,2.7,2
2025-08-26T02:52:00.000+00:00,3.3,3.199,9.3,14,-3,0,-2090,-2090,-2728.0464,2090,0,2.5,2.2,2.2
2025-08-26T02:53:00.000+00:00,3.3,3.199,9.2,12,-3,0,-2090,-2090,-2728.888,2090,0,2.4,3.7,2.3
2025-08-26T02:54:00.000+00:00,3.3,3.199,9.4,12,-3,0,-2090,-2090,-2729.3088,2090,0,2.1,2.6,2.3
2025-08-26T02:55:00.000+00:00,3.3,3.199,9.3,12,-3,0,-2090,-2090,-2728.888,2090,0,2.7,2.5,2.7
2025-08-26T02:56:00.000+00:00,3.3,3.199,9.3,12,-3,0,-2090,-2090,-2730.5712,2090,0,2.1,2.6,2.7
2025-08-26T02:57:00.000+00:00,3.3,3.199,9.4,12,-3,0,-2090,-2090,-2730.1504,2090,0,2.8,2.9,3
2025-08-26T02:58:00.000+00:00,3.3,3.199,9.4,12,-3,0,-2090,-2090,-2730.5712,2090,0,2.7,2.5,2.7
2025-08-26T02:59:00.000+00:00,3.3,3.199,9.2,12,-4,0,-2090,-2090,-2728.4672,2090,0,2.3,2.9,2.9
2025-08-26T03:00:00.000+00:00,3.3,3.199,9.3,12,-2,0,-2090,-2090,-2728.888,2090,0,3.5,2.8,2.2
2025-08-26T03:01:00.000+00:00,3.3,3.199,9.5,12,-2,0,-2090,-2090,-2728.0464,2090,0,2.3,3.6,2.1
2025-08-26T03:02:00.000+00:00,3.3,3.199,9.3,14,-2,0,-2090,-2090,-2727.6256,2090,0,2.4,2.4,2.2
2025-08-26T03:03:00.000+00:00,3.3,3.199,9.2,12,-3,0,-2090,-2090,-2725.9424,2090,0,2.4,2.4,2.6
2025-08-26T03:04:00.000+00:00,3.3,3.199,9.4,12,-2,0,-2090,-2090,-2725.5216,2090,0,2.4,2.2,2.4
2025-08-26T03:05:00.000+00:00,3.3,3.199,9.4,12,-3,0,-2090,-2090,-2725.9424,2090,0,2.2,2.2,2.5
2025-08-26T03:06:00.000+00:00,3.3,3.199,9.4,12,-3,0,-2090,-2090,-2727.2048,2090,0,2.1,2.5,3.4
2025-08-26T03:07:00.000+00:00,3.3,3.199,9.4,12,-2,0,-2090,-2090,-2725.1008,2090,0,2,2.3,2.4
2025-08-26T03:08:00.000+00:00,3.3,3.199,9.4,12,-3,0,-2090,-2090,-2726.784,2090,0,2.7,2.5,3.2
2025-08-26T03:09:00.000+00:00,3.3,3.199,9.4,14,-3,0,-2090,-2090,-2725.9424,2090,0,2,2.9,2.3
2025-08-26T03:10:00.000+00:00,3.3,3.199,9.5,14,-2,0,-2090,-2090,-2727.2048,2090,0,2.3,2.2,2.5
2025-08-26T03:11:00.000+00:00,3.3,3.199,9.4,12,-4,0,-2090,-2090,-2726.3632,2090,0,1.9,2.3,2.3
2025-08-26T03:12:00.000+00:00,3.3,3.199,9.3,12,-2,0,-2090,-2090,-2725.5216,2090,0,2.7,2.8,2.8
2025-08-26T03:13:00.000+00:00,3.3,3.199,9.4,12,-4,0,-2090,-2090,-2725.1008,2090,0,2.3,2.2,2.3
2025-08-26T03:14:00.000+00:00,3.3,3.198,9.5,12,-3,0,-2090,-2090,-2725.5216,2090,0,2.2,2.2,3.6
2025-08-26T03:15:00.000+00:00,3.3,3.199,9.3,12,-4,0,-2090,-2090,-2728.4672,2090,0,2.8,2.6,2.3
2025-08-26T03:16:00.000+00:00,3.3,3.199,9.4,12,-3,0,-2090,-2090,-2725.5216,2090,0,2.2,2.3,2.6
2025-08-26T03:17:00.000+00:00,3.3,3.199,9.4,10,-3,0,-2090,-2090,-2726.784,2090,0,2.1,3,2.4
2025-08-26T03:18:00.000+00:00,3.3,3.198,9.3,12,-3,0,-2090,-2090,-2724.68,2090,0,3.2,2.8,2.4
2025-08-26T03:19:00.000+00:00,3.3,3.198,9.3,12,-2,0,-2090,-2090,-2723.8384,2090,0,3.6,2.5,3.1
2025-08-26T03:20:00.000+00:00,3.3,3.198,9.3,12,-3,0,-2090,-2090,-2726.784,2090,0,2.3,2.2,2.4
2025-08-26T03:21:00.000+00:00,3.3,3.198,9.4,14,-3,0,-2090,-2090,-2728.0464,2090,0,2.3,2.1,2.2
2025-08-26T03:22:00.000+00:00,3.3,3.198,9.3,12,-2,0,-2090,-2090,-2729.3088,2090,0,2.3,2.9,3.6
2025-08-26T03:23:00.000+00:00,3.3,3.198,9.4,12,-3,0,-2090,-2090,-2729.3088,2090,0,2.3,3.1,2.8
2025-08-26T03:24:00.000+00:00,3.3,3.198,9.6,12,-3,0,-2090,-2090,-2728.888,2090,0,3.5,2.2,2.4
2025-08-26T03:25:00.000+00:00,3.3,3.198,9.4,12,-3,0,-2090,-2090,-2729.3088,2090,0,2.9,2.5,2.3
2025-08-26T03:26:00.000+00:00,3.3,3.198,9.4,12,-3,0,-2090,-2090,-2728.888,2090,0,2.2,2.5,2.3
2025-08-26T03:27:00.000+00:00,3.3,3.198,9.4,10,-3,0,-2090,-2090,-2729.7296,2090,0,2.1,2.7,2.3
2025-08-26T03:28:00.000+00:00,3.3,3.198,9.4,12,-2,0,-2090,-2090,-2729.7296,2090,0,2,2.6,2.8
2025-08-26T03:29:00.000+00:00,3.3,3.198,9.4,12,-3,0,-2090,-2090,-2729.3088,2090,0,2.5,2.2,2.2
2025-08-26T03:30:00.000+00:00,3.3,3.198,9.3,14,-3,0,-2090,-2090,-2728.4672,2090,0,2.7,2.5,3.1
2025-08-26T03:31:00.000+00:00,3.3,3.198,9.4,12,-4,0,-2090,-2090,-2728.888,2090,0,2.7,2.5,2.2
2025-08-26T03:32:00.000+00:00,3.3,3.198,9.6,12,-3,0,-2090,-2090,-2728.888,2090,0,3.3,2.6,2.5
2025-08-26T03:33:00.000+00:00,3.3,3.198,9.3,16,-3,0,-2090,-2090,-2728.888,2090,0,3,3,2.8
2025-08-26T03:34:00.000+00:00,3.3,3.198,9.3,14,-2,0,-2090,-2090,-2728.888,2090,0,2.4,2.3,2.3
2025-08-26T03:35:00.000+00:00,3.3,3.198,9.4,12,-2,0,-2090,-2090,-2728.0464,2090,0,2.2,2.8,2.5
2025-08-26T03:36:00.000+00:00,3.3,3.198,9.4,12,-2,0,-2090,-2090,-2729.3088,2090,0,2.7,2.5,2.2
2025-08-26T03:37:00.000+00:00,3.3,3.198,9.4,12,-3,0,-2090,-2090,-2728.0464,2090,0,2.3,2.5,2.2
2025-08-26T03:38:00.000+00:00,3.3,3.198,9.2,12,-3,0,-2090,-2090,-2729.7296,2090,0,2.4,2.6,2.4
2025-08-26T03:39:00.000+00:00,3.3,3.198,9.3,14,-2,0,-2090,-2090,-2728.888,2090,0,2.8,2.5,3.3
2025-08-26T03:40:00.000+00:00,3.3,3.198,9.3,12,-3,0,-2090,-2090,-2728.0464,2090,0,2.5,2.3,2.3
2025-08-26T03:41:00.000+00:00,3.3,3.198,9.3,12,-3,0,-2090,-2090,-2729.7296,2090,0,2.9,2.8,3
2025-08-26T03:42:00.000+00:00,3.3,3.198,9.7,12,-3,0,-2090,-2090,-2730.1504,2090,0,2.5,3.1,2.9
2025-08-26T03:43:00.000+00:00,3.3,3.198,9.3,12,-2,0,-2090,-2090,-2729.7296,2090,0,2.8,2.4,2.7
2025-08-26T03:44:00.000+00:00,3.3,3.197,9.4,12,-5,0,-2090,-2090,-2729.7296,2090,0,2.8,2.2,2.9
2025-08-26T03:45:00.000+00:00,3.3,3.197,9.3,12,-2,0,-2090,-2090,-2728.0464,2090,0,2.9,2.5,2.8
2025-08-26T03:46:00.000+00:00,3.3,3.197,9.4,12,-2,0,-2090,-2090,-2728.4672,2090,0,2.3,2.2,2.9
2025-08-26T03:47:00.000+00:00,3.3,3.197,9.2,12,-3,0,-2090,-2090,-2726.784,2090,0,2.6,2.6,2.3
2025-08-26T03:48:00.000+00:00,3.3,3.197,9.4,12,-3,0,-2090,-2090,-2727.6256,2090,0,2.5,3,2.3
2025-08-26T03:49:00.000+00:00,3.3,3.197,9.5,14,-3,0,-2090,-2090,-2727.2048,2090,0,2.9,2.5,2.2
2025-08-26T03:50:00.000+00:00,3.3,3.197,9.3,12,-3,0,-2090,-2090,-2726.784,2090,0,2.2,3.2,2.5
2025-08-26T03:51:00.000+00:00,3.3,3.197,9.3,12,-3,0,-2090,-2090,-2724.68,2090,0,2.4,2.4,2.5
2025-08-26T03:52:00.000+00:00,3.3,3.197,9.2,12,-3,0,-2090,-2090,-2726.784,2090,0,2.1,2.4,2.7
2025-08-26T03:53:00.000+00:00,3.3,3.197,9.4,12,-3,0,-2090,-2090,-2717.1056,2090,0,2.4,2.3,2.9
2025-08-26T03:54:00.000+00:00,3.3,3.197,9.3,12,-4,0,-2090,-2090,-2725.5216,2090,0,2.7,2.7,3.6
2025-08-26T03:55:00.000+00:00,3.3,3.197,9.2,12,-3,0,-2090,-2090,-2724.68,2090,0,2.6,2.8,2.3
2025-08-26T03:56:00.000+00:00,3.3,3.197,9.2,12,-3,0,-2090,-2090,-2727.2048,2090,0,2.7,2,2.3
2025-08-26T03:57:00.000+00:00,3.3,3.197,9.2,12,-3,0,-2090,-2090,-2724.68,2090,0,2.3,3,2.9
2025-08-26T03:58:00.000+00:00,3.3,3.197,9.3,14,-3,0,-2090,-2090,-2726.784,2090,0,2,2.4,2.7
2025-08-26T03:59:00.000+00:00,3.3,3.197,9.4,12,-2,0,-2090,-2090,-2726.784,2090,0,2.6,2.4,2
2025-08-26T04:00:00.000+00:00,3.3,3.197,9.3,12,-3,0,-2090,-2090,-2726.3632,2090,0,2.6,3.3,2.3
2025-08-26T04:01:00.000+00:00,3.3,3.197,9.6,12,-3,0,-2090,-2090,-2730.992,2090,0,2.8,2.2,2.2
2025-08-26T04:02:00.000+00:00,3.3,3.197,9.6,12,-3,0,-2090,-2090,-2733.9376,2090,0,2.9,3.1,2.9
2025-08-26T04:03:00.000+00:00,3.3,3.197,9.5,12,-4,0,-2090,-2090,-2732.2544,2090,0,2.5,3.2,3
2025-08-26T04:04:00.000+00:00,3.3,3.197,9.4,12,-2,0,-2090,-2090,-2732.6752,2090,0,2.6,2.3,2.2
2025-08-26T04:05:00.000+00:00,3.3,3.197,9.7,14,-4,0,-2090,-2090,-2731.8336,2090,0,2.6,2.6,2.3
2025-08-26T04:06:00.000+00:00,3.3,3.197,9.5,12,-3,0,-2090,-2090,-2733.9376,2090,0,2.5,3.2,2.5
2025-08-26T04:07:00.000+00:00,3.3,3.196,9.3,14,-3,0,-2090,-2090,-2732.6752,2090,0,3,2.6,3.9
2025-08-26T04:08:00.000+00:00,3.3,3.197,9.4,12,-2,0,-2090,-2090,-2733.5168,2090,0,2.7,2,2.2
2025-08-26T04:09:00.000+00:00,3.3,3.197,9.4,12,-2,0,-2090,-2090,-2730.992,2090,0,2,2.3,2.5
2025-08-26T04:10:00.000+00:00,3.3,3.197,9.5,12,-2,0,-2090,-2090,-2730.992,2090,0,2.2,2.5,2.4
2025-08-26T04:11:00.000+00:00,3.3,3.197,9.3,14,-2,0,-2090,-2090,-2731.4128,2090,0,2.7,2.7,2.2
2025-08-26T04:12:00.000+00:00,3.3,3.197,9.4,12,-3,0,-2090,-2090,-2727.2048,2090,0,2.4,3.2,2.1
2025-08-26T04:13:00.000+00:00,3.3,3.197,9.4,12,-2,0,-2090,-2090,-2726.784,2090,0,2.4,2.8,2.4
2025-08-26T04:14:00.000+00:00,3.3,3.196,9.4,14,-3,0,-2090,-2090,-2722.1552,2090,0,2.3,2.4,3.1
2025-08-26T04:15:00.000+00:00,3.3,3.196,9.2,14,-2,0,-2090,-2090,-2727.2048,2090,0,2.5,2.4,2.9
2025-08-26T04:16:00.000+00:00,3.3,3.196,9.2,12,-2,0,-2090,-2090,-2726.784,2090,0,2.7,2.3,2.7
2025-08-26T04:17:00.000+00:00,3.3,3.196,9.4,12,-4,0,-2090,-2090,-2725.1008,2090,0,2.1,2.5,2.7
2025-08-26T04:18:00.000+00:00,3.3,3.196,9.2,12,-3,0,-2090,-2090,-2726.784,2090,0,2.6,2.5,2.8
2025-08-26T04:19:00.000+00:00,3.3,3.196,9.4,14,-2,0,-2090,-2090,-2727.6256,2090,0,2.5,2.9,2.4
2025-08-26T04:20:00.000+00:00,3.3,3.196,9.2,12,-4,0,-2090,-2090,-2727.6256,2090,0,2.4,2.7,3.1
2025-08-26T04:21:00.000+00:00,3.3,3.196,9.3,12,-1,0,-2090,-2090,-2727.6256,2090,0,2.4,2.4,2.4
2025-08-26T04:22:00.000+00:00,3.3,3.196,9.2,12,-2,0,-2090,-2090,-2728.0464,2090,0,2.2,2.7,2.7
2025-08-26T04:23:00.000+00:00,3.3,3.196,9.3,12,-4,0,-2090,-2090,-2727.2048,2090,0,2.4,2.8,2.5
2025-08-26T04:24:00.000+00:00,3.3,3.196,9.4,12,-3,0,-2090,-2090,-2727.2048,2090,0,2.4,2.9,2.2
2025-08-26T04:25:00.000+00:00,3.3,3.196,9.3,12,-3,0,-2090,-2090,-2722.9968,2090,0,2.2,2.3,3.2
2025-08-26T04:26:00.000+00:00,3.3,3.196,9.3,12,-4,0,-2090,-2090,-2727.2048,2090,0,2.5,2.7,2.5
2025-08-26T04:27:00.000+00:00,3.3,3.196,9.3,12,-2,0,-2090,-2090,-2727.2048,2090,0,2.7,3.7,2.6
2025-08-26T04:28:00.000+00:00,3.3,3.196,9.3,12,-3,0,-2090,-2090,-2727.6256,2090,0,2.4,3,2.7
2025-08-26T04:29:00.000+00:00,3.3,3.196,9.3,12,-2,0,-2090,-2090,-2728.0464,2090,0,2.1,2.8,2.1
2025-08-26T04:30:00.000+00:00,3.3,3.196,9.3,14,-4,0,-2090,-2090,-2727.6256,2090,0,2.8,2.1,2.7
2025-08-26T04:31:00.000+00:00,3.299,3.196,9.3,14,-4,0,-2090,-2090,-2728.0464,2090,0,2.5,2.4,2
2025-08-26T04:32:00.000+00:00,3.3,3.196,9.3,12,-4,0,-2090,-2090,-2725.9424,2090,0,2.7,2.5,2.3
2025-08-26T04:33:00.000+00:00,3.299,3.196,9.3,14,-3,0,-2090,-2090,-2720.472,2090,0,2.3,2.5,2.3
2025-08-26T04:34:00.000+00:00,3.3,3.195,9.4,10,-2,0,-2090,-2090,-2728.0464,2090,0,2.6,1.9,3.1
2025-08-26T04:35:00.000+00:00,3.3,3.195,9.2,12,-2,0,-2090,-2090,-2728.0464,2090,0,2.3,2.5,2.7
2025-08-26T04:36:00.000+00:00,3.3,3.195,9.4,12,-3,0,-2090,-2090,-2727.2048,2090,0,2.4,2.5,3.3
2025-08-26T04:37:00.000+00:00,3.3,3.196,9.1,12,-4,0,-2090,-2090,-2727.2048,2090,0,2.4,3.1,2.5
2025-08-26T04:38:00.000+00:00,3.3,3.196,9.2,12,-4,0,-2090,-2090,-2728.4672,2090,0,2.3,2.7,2.8
2025-08-26T04:39:00.000+00:00,3.3,3.195,9.3,14,-3,0,-2090,-2090,-2727.2048,2090,0,2.4,2.5,2.7
2025-08-26T04:40:00.000+00:00,3.3,3.195,9.3,12,-2,0,-2090,-2090,-2728.4672,2090,0,2.4,2.8,3
2025-08-26T04:41:00.000+00:00,3.3,3.195,9.4,12,-3,0,-2090,-2090,-2729.3088,2090,0,2.2,2.6,2.2
2025-08-26T04:42:00.000+00:00,3.3,3.195,9.3,14,-3,0,-2090,-2090,-2730.1504,2090,0,2.6,2.8,2.8
2025-08-26T04:43:00.000+00:00,3.3,3.195,9.2,12,-2,0,-2090,-2090,-2728.0464,2090,0,2.5,2.4,2.7
2025-08-26T04:44:00.000+00:00,3.3,3.195,9.3,12,-2,0,-2090,-2090,-2728.4672,2090,0,3,2.5,2.6
2025-08-26T04:45:00.000+00:00,3.299,3.195,9.3,12,-3,0,-2090,-2090,-2728.4672,2090,0,2.8,2.7,2.9
2025-08-26T04:46:00.000+00:00,3.299,3.195,9.2,12,-3,0,-2090,-2090,-2728.0464,2090,0,2.5,3.4,2.5
2025-08-26T04:47:00.000+00:00,3.3,3.195,9.3,10,-3,0,-2090,-2090,-2728.888,2090,0,2.6,2.7,2.4
2025-08-26T04:48:00.000+00:00,3.3,3.195,9.4,12,-2,0,-2090,-2090,-2728.888,2090,0,2.7,2.5,2.8
2025-08-26T04:49:00.000+00:00,3.3,3.195,9.4,14,-3,0,-2090,-2090,-2729.3088,2090,0,2.6,2.7,3.3
2025-08-26T04:50:00.000+00:00,3.3,3.195,9.3,12,-2,0,-2090,-2090,-2730.1504,2090,0,2.8,2.5,2
2025-08-26T04:51:00.000+00:00,3.3,3.195,9.3,14,-3,0,-2090,-2090,-2729.7296,2090,0,2.3,2.4,2.3
2025-08-26T04:52:00.000+00:00,3.299,3.195,9.3,12,-3,0,-2090,-2090,-2731.4128,2090,0,2.5,2.6,2.6
2025-08-26T04:53:00.000+00:00,3.299,3.195,9.4,10,-3,0,-2090,-2090,-2730.992,2090,0,3.3,2.8,2.6
2025-08-26T04:54:00.000+00:00,3.299,3.195,9.6,12,-2,0,-2090,-2090,-2730.5712,2090,0,2.5,2.7,2.8
2025-08-26T04:55:00.000+00:00,3.299,3.195,9.1,14,-3,0,-2090,-2090,-2730.992,2090,0,3,3,2.3
2025-08-26T04:56:00.000+00:00,3.3,3.195,9.3,12,-3,0,-2090,-2090,-2730.5712,2090,0,2.1,2.4,2.4
2025-08-26T04:57:00.000+00:00,3.3,3.195,9.3,12,-3,0,-2090,-2090,-2731.8336,2090,0,2.7,2.7,2.8
2025-08-26T04:58:00.000+00:00,3.3,3.195,9.2,14,-2,0,-2090,-2090,-2730.992,2090,0,1.8,2.7,2.4
2025-08-26T04:59:00.000+00:00,3.3,3.194,9.5,14,-2,0,-2090,-2090,-2731.4128,2090,0,2.8,2.4,2.9
2025-08-26T05:00:00.000+00:00,3.3,3.194,9.4,12,-3,0,-2090,-2090,-2730.992,2090,0,2.6,2.7,2.6
2025-08-26T05:01:00.000+00:00,3.3,3.194,9.3,12,-2,0,-2090,-2090,-2731.4128,2090,0,2.8,3,2.4
2025-08-26T05:02:00.000+00:00,3.3,3.194,9.2,14,-2,0,-2090,-2090,-2731.4128,2090,0,2.6,2.7,2.6
2025-08-26T05:03:00.000+00:00,3.3,3.194,9.2,12,-4,0,-2090,-2090,-2731.8336,2090,0,2.7,2.2,2.4
2025-08-26T05:04:00.000+00:00,3.3,3.194,9.3,12,-5,0,-2090,-2090,-2732.2544,2090,0,3.3,2.4,2.4
2025-08-26T05:05:00.000+00:00,3.3,3.194,9.5,12,-2,0,-2090,-2090,-2732.6752,2090,0,2.2,3.1,3.2
2025-08-26T05:06:00.000+00:00,3.3,3.194,9.4,12,-2,0,-2090,-2090,-2732.6752,2090,0,2.6,2.2,2.2
2025-08-26T05:07:00.000+00:00,3.3,3.194,9.4,12,-3,0,-2090,-2090,-2732.2544,2090,0,2.6,2.8,2.8
2025-08-26T05:08:00.000+00:00,3.3,3.194,9.4,12,-3,0,-2090,-2090,-2731.8336,2090,0,3,3.6,2.1
2025-08-26T05:09:00.000+00:00,3.3,3.194,9.5,12,-3,0,-2090,-2090,-2732.6752,2090,0,2.9,3,2.1
2025-08-26T05:10:00.000+00:00,3.3,3.194,9.4,12,-3,0,-2090,-2090,-2732.6752,2090,0,2.5,2.4,2.1
2025-08-26T05:11:00.000+00:00,3.3,3.194,9.4,14,-3,0,-2090,-2090,-2732.6752,2090,0,3,2.3,2.5
2025-08-26T05:12:00.000+00:00,3.3,3.194,9.5,12,-3,0,-2090,-2090,-2732.6752,2090,0,2.3,2.5,2.9
2025-08-26T05:13:00.000+00:00,3.299,3.194,9.4,12,-2,0,-2090,-2090,-2732.2544,2090,0,2.8,2.6,2.7
2025-08-26T05:14:00.000+00:00,3.299,3.194,9.3,12,-2,0,-2090,-2090,-2732.6752,2090,0,2.7,2.5,2.4
2025-08-26T05:15:00.000+00:00,3.299,3.194,9.4,14,-3,0,-2090,-2090,-2733.096,2090,0,2.5,2.7,2.1
2025-08-26T05:16:00.000+00:00,3.3,3.194,9.4,12,-4,0,-2090,-2090,-2733.5168,2090,0,2.4,2.9,2.4
2025-08-26T05:17:00.000+00:00,3.3,3.193,9.3,14,-3,0,-2090,-2090,-2733.9376,2090,0,2.4,2.4,2.3
2025-08-26T05:18:00.000+00:00,3.3,3.193,9.4,12,-3,0,-2090,-2090,-2733.096,2090,0,2.7,2.5,2.4
2025-08-26T05:19:00.000+00:00,3.3,3.193,9.4,12,-3,0,-2090,-2090,-2733.9376,2090,0,2.7,3,2.2
2025-08-26T05:20:00.000+00:00,3.3,3.193,9.6,12,-2,0,-2090,-2090,-2733.9376,2090,0,2.2,2.7,2.3
2025-08-26T05:21:00.000+00:00,3.3,3.193,9.4,14,-3,0,-2090,-2090,-2733.096,2090,0,2.5,2.5,3
2025-08-26T05:22:00.000+00:00,3.299,3.193,9.5,12,-3,0,-2090,-2090,-2733.9376,2090,0,3.4,2.6,2.6
2025-08-26T05:23:00.000+00:00,3.299,3.193,9.4,10,-4,0,-2090,-2090,-2733.096,2090,0,2.2,2.4,1.9
2025-08-26T05:24:00.000+00:00,3.299,3.193,9.3,12,-2,0,-2090,-2090,-2734.3584,2090,0,2.7,2,2.8
2025-08-26T05:25:00.000+00:00,3.299,3.193,9.2,12,-4,0,-2090,-2090,-2732.2544,2090,0,2.6,2.2,2.6
2025-08-26T05:26:00.000+00:00,3.299,3.193,9.5,12,-5,0,-2090,-2090,-2733.5168,2090,0,2.7,2.5,2.7
2025-08-26T05:27:00.000+00:00,3.299,3.193,9.4,12,-2,0,-2090,-2090,-2733.5168,2090,0,2.3,2.5,2.6
2025-08-26T05:28:00.000+00:00,3.299,3.193,9.1,14,-3,0,-2090,-2090,-2733.9376,2090,0,2.1,2.7,2.8
2025-08-26T05:29:00.000+00:00,3.299,3.193,9.5,12,-4,0,-2090,-2090,-2731.8336,2090,0,2.1,2.5,3.3
2025-08-26T05:30:00.000+00:00,3.299,3.193,9.6,14,-2,0,-2090,-2090,-2734.3584,2090,0,2,2.6,2
2025-08-26T05:31:00.000+00:00,3.299,3.193,9.3,14,-3,0,-2090,-2090,-2734.3584,2090,0,2.3,2.9,3.3
2025-08-26T05:32:00.000+00:00,3.299,3.193,9.5,10,-3,0,-2090,-2090,-2733.096,2090,0,2.7,3.2,2.4
2025-08-26T05:33:00.000+00:00,3.299,3.193,9.5,12,-3,0,-2090,-2090,-2729.3088,2090,0,2.4,2.5,3
2025-08-26T05:34:00.000+00:00,3.299,3.193,9.5,12,-4,0,-2090,-2090,-2731.4128,2090,0,2.2,2.6,2.3
2025-08-26T05:35:00.000+00:00,3.299,3.193,9.2,12,-3,0,-2090,-2090,-2726.3632,2090,0,2.4,3.9,2.6
2025-08-26T05:36:00.000+00:00,3.3,3.193,9.4,12,-3,0,-2090,-2090,-2727.2048,2090,0,2.1,2.5,2.2
2025-08-26T05:37:00.000+00:00,3.299,3.193,9.3,12,-2,0,-2090,-2090,-2726.3632,2090,0,2.4,2.6,2.4
2025-08-26T05:38:00.000+00:00,3.299,3.192,9.3,12,-4,0,-2090,-2090,-2725.9424,2090,0,2.1,2.1,2.5
2025-08-26T05:39:00.000+00:00,3.299,3.192,9.2,12,-2,0,-2090,-2090,-2728.4672,2090,0,2.6,2.4,3.2
2025-08-26T05:40:00.000+00:00,3.299,3.192,9.3,12,-3,0,-2090,-2090,-2727.6256,2090,0,2.6,2.4,2.4
2025-08-26T05:41:00.000+00:00,3.299,3.192,9.3,12,-3,0,-2090,-2090,-2728.888,2090,0,2.8,2.8,2.5
2025-08-26T05:42:00.000+00:00,3.299,3.192,9.3,12,-4,0,-2090,-2090,-2725.9424,2090,0,2.3,2.6,3.2
2025-08-26T05:43:00.000+00:00,3.299,3.192,9.3,12,-3,0,-2090,-2090,-2731.4128,2090,0,2,2.4,2.8
2025-08-26T05:44:00.000+00:00,3.299,3.192,9.3,14,-3,0,-2090,-2090,-2730.1504,2090,0,2.6,2.5,2.5
2025-08-26T05:45:00.000+00:00,3.299,3.192,9.5,12,-4,0,-2090,-2090,-2731.8336,2090,0,2.6,2.4,2.6
2025-08-26T05:46:00.000+00:00,3.299,3.192,9.5,12,-3,0,-2090,-2090,-2733.5168,2090,0,2.3,2.1,2.5
2025-08-26T05:47:00.000+00:00,3.299,3.192,9.3,12,-3,0,-2090,-2090,-2731.4128,2090,0,2.3,2.1,2.5
2025-08-26T05:48:00.000+00:00,3.299,3.192,9.3,14,-4,0,-2090,-2090,-2728.4672,2090,0,2.2,2.4,2.2
2025-08-26T05:49:00.000+00:00,3.299,3.192,9.4,14,-3,0,-2090,-2090,-2724.68,2090,0,2.7,2.5,3.2
2025-08-26T05:50:00.000+00:00,3.299,3.192,9.5,12,-4,0,-2090,-2090,-2728.4672,2090,0,2.5,2.8,2.5
2025-08-26T05:51:00.000+00:00,3.299,3.192,9.4,12,-2,0,-2090,-2090,-2723.8384,2090,0,2.3,2.1,2.5
2025-08-26T05:52:00.000+00:00,3.299,3.192,9.7,12,-4,0,-2090,-2090,-2727.6256,2090,0,2.2,3,3.2
2025-08-26T05:53:00.000+00:00,3.299,3.192,9.1,12,-2,0,-2090,-2090,-2728.4672,2090,0,2.5,2.1,2.6
2025-08-26T05:54:00.000+00:00,3.299,3.192,9.3,14,-2,0,-2090,-2090,-2730.1504,2090,0,1.9,2.6,2.5
2025-08-26T05:55:00.000+00:00,3.299,3.192,9.3,12,-4,0,-2090,-2090,-2723.4176,2090,0,2.1,2.7,2.7
2025-08-26T05:56:00.000+00:00,3.299,3.19,9.3,14,-3,0,-2090,-2090,-2733.096,2090,0,2.5,2.7,3.2
2025-08-26T05:57:00.000+00:00,3.299,3.191,9.3,14,-3,0,-2090,-2090,-2726.3632,2090,0,2.6,2.3,2.1
2025-08-26T05:58:00.000+00:00,3.299,3.191,9.3,12,-2,0,-2090,-2090,-2730.1504,2090,0,2.6,2.8,2.8
2025-08-26T05:59:00.000+00:00,3.299,3.191,9.6,12,-2,0,-2090,-2090,-2729.7296,2090,0,2,2.2,1.8
2025-08-26T06:00:00.000+00:00,3.299,3.191,9.3,14,-4,0,-2090,-2090,-2730.1504,2090,0,2.6,2.5,2.7
2025-08-26T06:01:00.000+00:00,3.299,3.191,9.3,10,-2,0,-2090,-2090,-2728.888,2090,0,2.4,2.4,2.6
2025-08-26T06:02:00.000+00:00,3.299,3.191,9.3,10,-3,0,-2090,-2090,-2728.4672,2090,0,2.4,2.4,2.5
2025-08-26T06:03:00.000+00:00,3.299,3.191,9.4,12,-3,0,-2090,-2090,-2728.0464,2090,0,2.7,2.5,2.6
2025-08-26T06:04:00.000+00:00,3.299,3.191,9.4,14,-3,0,-2090,-2090,-2733.5168,2090,0,2.7,2.6,2.3
2025-08-26T06:05:00.000+00:00,3.299,3.191,9.4,14,-3,0,-2090,-2090,-2733.5168,2090,0,2.3,2.4,2.1
2025-08-26T06:06:00.000+00:00,3.299,3.19,9.4,14,-2,0,-2090,-2090,-2733.9376,2090,0,2.2,2,2.3
2025-08-26T06:07:00.000+00:00,3.299,3.19,9.4,12,-3,0,-2090,-2090,-2733.5168,2090,0,2.5,2.8,2.1
2025-08-26T06:08:00.000+00:00,3.299,3.191,9.2,12,-3,0,-2090,-2090,-2733.9376,2090,0,2.3,2.5,2.3
2025-08-26T06:09:00.000+00:00,3.299,3.191,9.4,12,-3,0,-2090,-2090,-2733.5168,2090,0,2.8,2.4,2.3
2025-08-26T06:10:00.000+00:00,3.299,3.191,9.4,14,-4,0,-2090,-2090,-2730.1504,2090,0,2.5,2.9,2.5
2025-08-26T06:11:00.000+00:00,3.299,3.191,9.4,12,-4,0,-2090,-2090,-2728.0464,2090,0,2.2,2.1,2.3
2025-08-26T06:12:00.000+00:00,3.299,3.19,9.5,14,-3,0,-2090,-2090,-2731.8336,2090,0,1.9,2.7,2.2
2025-08-26T06:13:00.000+00:00,3.299,3.19,9.4,14,-3,0,-2090,-2090,-2730.1504,2090,0,2.4,2.6,2.6
2025-08-26T06:14:00.000+00:00,3.299,3.19,9.4,12,-3,0,-2090,-2090,-2727.6256,2090,0,3.7,2.7,1.9
2025-08-26T06:15:00.000+00:00,3.299,3.19,9.5,12,-4,0,-2090,-2090,-2733.9376,2090,0,3,2.3,2.7
2025-08-26T06:16:00.000+00:00,3.299,3.19,9.4,14,-4,0,-2090,-2090,-2731.4128,2090,0,2.4,3,2.7
2025-08-26T06:17:00.000+00:00,3.299,3.19,9.4,12,-3,0,-2090,-2090,-2723.4176,2090,0,2.2,2.5,2.5
2025-08-26T06:18:00.000+00:00,3.299,3.19,9.3,14,-5,0,-2090,-2090,-2730.992,2090,0,3,2.9,3
2025-08-26T06:19:00.000+00:00,3.299,3.19,9.5,12,-4,0,-2090,-2090,-2730.1504,2090,0,2.6,2.5,3
2025-08-26T06:20:00.000+00:00,3.299,3.19,9.3,14,-3,0,-2090,-2090,-2727.6256,2090,0,2.6,2.6,2.2
2025-08-26T06:21:00.000+00:00,3.299,3.19,9.4,14,-4,0,-2090,-2090,-2731.4128,2090,0,2.4,2.3,2.3
2025-08-26T06:22:00.000+00:00,3.299,3.19,9.4,12,-2,0,-2090,-2090,-2733.096,2090,0,3,3,2.4
2025-08-26T06:23:00.000+00:00,3.299,3.189,9.5,14,-2,0,-2090,-2090,-2734.3584,2090,0,2.8,2.4,2.7
2025-08-26T06:24:00.000+00:00,3.299,3.189,9.3,12,-2,0,-2090,-2090,-2733.5168,2090,0,2.2,2.2,2.4
2025-08-26T06:25:00.000+00:00,3.299,3.189,9.4,12,-3,0,-2090,-2090,-2728.888,2090,0,2.3,3,3.3
2025-08-26T06:26:00.000+00:00,3.299,3.19,9.4,10,-3,0,-2090,-2090,-2723.8384,2090,0,2.6,2.2,2.2
2025-08-26T06:27:00.000+00:00,3.299,3.189,9.4,12,-3,0,-2090,-2090,-2732.2544,2090,0,2.9,2,1.9
2025-08-26T06:28:00.000+00:00,3.299,3.189,9.4,12,-5,0,-2090,-2090,-2726.3632,2090,0,2.5,2.5,2.5
2025-08-26T06:29:00.000+00:00,3.299,3.189,9.5,12,-3,0,-2090,-2090,-2733.9376,2090,0,2.7,2.6,2.6
2025-08-26T06:30:00.000+00:00,3.299,3.189,9.3,14,-3,0,-2090,-2090,-2728.4672,2090,0,2.7,2.7,2.7
2025-08-26T06:31:00.000+00:00,3.299,3.189,9.4,12,-4,0,-2090,-2090,-2729.3088,2090,0,2.5,2.1,2.2
2025-08-26T06:32:00.000+00:00,3.299,3.189,9.4,12,-3,0,-2090,-2090,-2730.1504,2090,0,2.3,2.6,2.3
2025-08-26T06:33:00.000+00:00,3.299,3.189,9.4,12,-3,0,-2090,-2090,-2725.9424,2090,0,2.7,2,2.5
2025-08-26T06:34:00.000+00:00,3.299,3.189,9.4,12,-3,0,-2090,-2090,-2729.7296,2090,0,2.3,2.6,2.2
2025-08-26T06:35:00.000+00:00,3.299,3.189,9.7,10,-3,0,-2090,-2090,-2727.6256,2090,0,2.4,3.4,2.3
2025-08-26T06:36:00.000+00:00,3.299,3.189,9.3,12,-3,0,-2090,-2090,-2730.1504,2090,0,2.5,2.6,2.2
2025-08-26T06:37:00.000+00:00,3.299,3.189,9.4,12,-3,0,-2090,-2090,-2726.784,2090,0,3.2,2.8,2.2
2025-08-26T06:38:00.000+00:00,3.299,3.189,9.4,12,-3,0,-2090,-2090,-2733.5168,2090,0,2.7,2.6,2.9
2025-08-26T06:39:00.000+00:00,3.299,3.189,9.2,12,-3,0,-2090,-2090,-2733.096,2090,0,2.6,2.4,2.4
2025-08-26T06:40:00.000+00:00,3.299,3.188,9.3,14,-3,0,-2090,-2090,-2733.5168,2090,0,2.2,2.5,2.5
2025-08-26T06:41:00.000+00:00,3.299,3.188,9.5,10,-4,0,-2090,-2090,-2732.2544,2090,0,2.4,2.2,2.2
2025-08-26T06:42:00.000+00:00,3.299,3.187,9.5,12,-3,0,-2090,-2090,-2728.888,2090,0,3,2,2.7
2025-08-26T06:43:00.000+00:00,3.299,3.188,9.5,12,-3,0,-2090,-2090,-2733.9376,2090,0,2.5,3,2.4
2025-08-26T06:44:00.000+00:00,3.299,3.188,9.3,12,-3,0,-2090,-2090,-2730.992,2090,0,2.4,3.1,1.8
2025-08-26T06:45:00.000+00:00,3.299,3.188,9.3,12,-2,0,-2090,-2090,-2730.1504,2090,0,2.2,2.1,2
2025-08-26T06:46:00.000+00:00,3.299,3.188,9.4,14,-4,0,-2090,-2090,-2728.0464,2090,0,2.4,2.1,2.5
2025-08-26T06:47:00.000+00:00,3.299,3.188,9.6,12,-3,0,-2090,-2090,-2729.7296,2090,0,1.8,2.5,2.5
2025-08-26T06:48:00.000+00:00,3.299,3.188,9.4,12,-4,0,-2090,-2090,-2731.4128,2090,0,2,2.2,2.4
2025-08-26T06:49:00.000+00:00,3.299,3.188,9.4,12,-4,0,-2090,-2090,-2733.9376,2090,0,2.7,2.5,2.7
2025-08-26T06:50:00.000+00:00,3.299,3.188,9.4,12,-3,0,-2090,-2090,-2730.1504,2090,0,2.6,2.2,2.5
2025-08-26T06:51:00.000+00:00,3.299,3.187,9.3,14,-3,0,-2090,-2090,-2731.8336,2090,0,2.6,2.9,2.3
2025-08-26T06:52:00.000+00:00,3.299,3.187,9.3,12,-4,0,-2090,-2090,-2730.992,2090,0,2.4,2.4,2.7
2025-08-26T06:53:00.000+00:00,3.299,3.187,9.3,12,-4,0,-2090,-2090,-2729.3088,2090,0,2.4,2.3,2.6
2025-08-26T06:54:00.000+00:00,3.299,3.188,9.6,14,-3,0,-2090,-2090,-2729.3088,2090,0,2,2.7,2.4
2025-08-26T06:55:00.000+00:00,3.299,3.187,9.2,12,-4,0,-2090,-2090,-2727.2048,2090,0,2.9,2.7,2.7
2025-08-26T06:56:00.000+00:00,3.299,3.187,9.4,14,-3,0,-2090,-2090,-2724.68,2090,0,2.9,2.1,2.9
2025-08-26T06:57:00.000+00:00,3.299,3.187,9.3,12,-3,0,-2090,-2090,-2724.2592,2090,0,2.6,2.8,3.2
2025-08-26T06:58:00.000+00:00,3.299,3.187,9.2,12,-3,0,-2090,-2090,-2722.9968,2090,0,2.5,3,2.4
2025-08-26T06:59:00.000+00:00,3.299,3.187,9.3,12,-3,0,-2090,-2090,-2727.6256,2090,0,2.6,2,2.3
2025-08-26T07:00:00.000+00:00,3.299,3.187,9.3,12,-2,0,-2090,-2090,-2728.4672,2090,0,2.5,2.8,2.3
2025-08-26T07:01:00.000+00:00,3.299,3.187,9.6,12,-4,0,-2090,-2090,-2727.2048,2090,0,3.2,2.1,2.2
2025-08-26T07:02:00.000+00:00,3.299,3.187,9.4,12,-2,0,-2090,-2090,-2727.2048,2090,0,2.4,2.3,3
2025-08-26T07:03:00.000+00:00,3.299,3.187,9.4,12,-3,0,-2090,-2090,-2728.0464,2090,0,2.7,2.6,2.9
2025-08-26T07:04:00.000+00:00,3.299,3.187,9.7,12,-2,0,-2090,-2090,-2728.4672,2090,0,3.1,3.4,3.6
2025-08-26T07:05:00.000+00:00,3.299,3.187,9.3,12,-3,0,-2090,-2090,-2730.5712,2090,0,2.7,2.6,3.6
2025-08-26T07:06:00.000+00:00,3.299,3.187,9.3,14,-2,0,-2090,-2090,-2725.5216,2090,0,3.7,3.5,2.7
2025-08-26T07:07:00.000+00:00,3.299,3.186,9.3,14,-4,0,-2090,-2090,-2722.576,2090,0,2.5,2.3,2.7
2025-08-26T07:08:00.000+00:00,3.299,3.186,9.2,14,-3,0,-2090,-2090,-2722.576,2090,0,2.2,2.8,2.3
2025-08-26T07:09:00.000+00:00,3.299,3.186,9.4,14,-3,0,-2090,-2090,-2722.9968,2090,0,2.2,2.9,2.5
2025-08-26T07:10:00.000+00:00,3.299,3.186,9.4,12,-3,0,-2090,-2090,-2721.3136,2090,0,2.7,2.7,2.5
2025-08-26T07:11:00.000+00:00,3.299,3.186,9.2,12,-3,0,-2090,-2090,-2717.5264,2090,0,2.4,3.4,2.8
2025-08-26T07:12:00.000+00:00,3.299,3.186,9.2,12,-4,0,-2090,-2090,-2720.472,2090,0,2.5,2.2,2.7
2025-08-26T07:13:00.000+00:00,3.299,3.186,9.1,12,-3,0,-2090,-2090,-2719.6304,2090,0,2.8,3.2,2.3
2025-08-26T07:14:00.000+00:00,3.299,3.186,9.2,14,-2,0,-2090,-2090,-2720.8928,2090,0,2.6,2.7,2.6
2025-08-26T07:15:00.000+00:00,3.299,3.186,9.3,12,-3,0,-2090,-2090,-2718.368,2090,0,2.4,2.4,2.6
2025-08-26T07:16:00.000+00:00,3.299,3.186,9.5,14,-3,0,-2090,-2090,-2718.7888,2090,0,2.1,2.7,2.4
2025-08-26T07:17:00.000+00:00,3.299,3.186,9.3,14,-5,0,-2090,-2090,-2721.7344,2090,0,2.4,2.9,3.4
2025-08-26T07:18:00.000+00:00,3.299,3.186,9.3,12,-3,0,-2090,-2090,-2720.0512,2090,0,2.3,2.7,2.2
2025-08-26T07:19:00.000+00:00,3.299,3.186,9.3,12,-3,0,-2090,-2090,-2720.8928,2090,0,2.6,2.4,2.5
2025-08-26T07:20:00.000+00:00,3.299,3.186,9.2,12,-3,0,-2090,-2090,-2721.3136,2090,0,2.2,2.7,2.7
2025-08-26T07:21:00.000+00:00,3.299,3.185,9.3,12,-5,0,-2090,-2090,-2721.3136,2090,0,2.2,2.6,2.9
2025-08-26T07:22:00.000+00:00,3.299,3.185,9.3,12,-3,0,-2090,-2090,-2724.68,2090,0,3.1,2.3,2.7
2025-08-26T07:23:00.000+00:00,3.299,3.185,9.3,12,-3,0,-2090,-2090,-2725.5216,2090,0,2.2,2.3,2.5
2025-08-26T07:24:00.000+00:00,3.299,3.185,9.2,12,-3,0,-2090,-2090,-2724.2592,2090,0,2.1,2.4,2
2025-08-26T07:25:00.000+00:00,3.299,3.185,9.3,12,-3,0,-2090,-2090,-2720.8928,2090,0,2.5,2.7,2.8
2025-08-26T07:26:00.000+00:00,3.299,3.185,9.4,12,-3,0,-2090,-2090,-2722.1552,2090,0,3.3,2.3,2.8
2025-08-26T07:27:00.000+00:00,3.299,3.185,9.1,12,-3,0,-2090,-2090,-2722.576,2090,0,2.7,2.4,2.3
2025-08-26T07:28:00.000+00:00,3.299,3.185,9.3,12,-3,0,-2090,-2090,-2719.2096,2090,0,3.1,2.4,2.9
2025-08-26T07:29:00.000+00:00,3.299,3.185,9.5,14,-3,0,-2090,-2090,-2721.3136,2090,0,2.4,2.4,2.9
2025-08-26T07:30:00.000+00:00,3.299,3.185,9.2,12,-3,0,-2090,-2090,-2718.368,2090,0,2.2,2.7,2.3
2025-08-26T07:31:00.000+00:00,3.299,3.185,9.1,12,-3,0,-2090,-2090,-2719.2096,2090,0,2.6,2.2,3.1
2025-08-26T07:32:00.000+00:00,3.299,3.185,9.4,12,-3,0,-2090,-2090,-2716.6848,2090,0,2.4,2.2,3.1
2025-08-26T07:33:00.000+00:00,3.299,3.184,9.1,12,-3,0,-2090,-2090,-2717.5264,2090,0,3.5,3,3.3
2025-08-26T07:34:00.000+00:00,3.299,3.184,9.1,12,-3,0,-2090,-2090,-2716.6848,2090,0,3,2.5,2.5
2025-08-26T07:35:00.000+00:00,3.299,3.184,9.2,14,-3,0,-2090,-2090,-2719.2096,2090,0,3.4,2.9,2.7
2025-08-26T07:36:00.000+00:00,3.299,3.184,9.3,12,-4,0,-2090,-2090,-2721.3136,2090,0,2.5,3,3.3
2025-08-26T07:37:00.000+00:00,3.299,3.184,9.1,12,-3,0,-2090,-2090,-2719.2096,2090,0,3.1,3.1,2.7
2025-08-26T07:38:00.000+00:00,3.299,3.184,9.2,12,-3,0,-2090,-2090,-2720.472,2090,0,2.1,2.5,2.3
2025-08-26T07:39:00.000+00:00,3.299,3.184,9,12,-3,0,-2090,-2090,-2713.3184,2090,0,2.5,2.3,2.7
2025-08-26T07:40:00.000+00:00,3.299,3.184,9.4,12,-3,0,-2090,-2090,-2720.8928,2090,0,2.6,2.7,2.1
2025-08-26T07:41:00.000+00:00,3.299,3.184,9.1,14,-4,0,-2090,-2090,-2722.1552,2090,0,2.2,2.4,2.9
2025-08-26T07:42:00.000+00:00,3.299,3.184,9.5,14,-4,0,-2090,-2090,-2717.9472,2090,0,2.7,2.3,2.7
2025-08-26T07:43:00.000+00:00,3.299,3.184,9.2,12,-3,0,-2090,-2090,-2720.8928,2090,0,2.4,2.4,2.4
2025-08-26T07:44:00.000+00:00,3.299,3.184,9.2,14,-3,0,-2090,-2090,-2719.6304,2090,0,2.3,3.2,2.3
2025-08-26T07:45:00.000+00:00,3.299,3.183,9.2,14,-4,0,-2090,-2090,-2722.1552,2090,0,2.9,3,2.6
2025-08-26T07:46:00.000+00:00,3.299,3.183,9.4,14,-3,0,-2090,-2090,-2718.7888,2090,0,2.6,2.5,2.8
2025-08-26T07:47:00.000+00:00,3.299,3.183,9.3,12,-3,0,-2090,-2090,-2714.16,2090,0,2.6,2.3,2
2025-08-26T07:48:00.000+00:00,3.299,3.183,9.1,12,-3,0,-2090,-2090,-2716.264,2090,0,2.4,2.5,2.5
2025-08-26T07:49:00.000+00:00,3.299,3.183,9.3,12,-3,0,-2090,-2090,-2717.5264,2090,0,2.4,2.6,2.5
2025-08-26T07:50:00.000+00:00,3.299,3.183,9.2,12,-3,0,-2090,-2090,-2715.4224,2090,0,2.8,2,2.4
2025-08-26T07:51:00.000+00:00,3.299,3.183,9.3,12,-3,0,-2090,-2090,-2726.784,2090,0,2.9,2.6,2.4
2025-08-26T07:52:00.000+00:00,3.299,3.183,9.3,12,-2,0,-2090,-2090,-2726.3632,2090,0,3,2,2.7
2025-08-26T07:53:00.000+00:00,3.299,3.183,9.3,12,-2,0,-2090,-2090,-2726.3632,2090,0,3,3.6,2.8
2025-08-26T07:54:00.000+00:00,3.299,3.182,9.2,12,-3,0,-2090,-2090,-2728.0464,2090,0,2.9,2.6,2.5
2025-08-26T07:55:00.000+00:00,3.299,3.182,9.2,12,-4,0,-2090,-2090,-2724.68,2090,0,3.2,2.8,2.9
2025-08-26T07:56:00.000+00:00,3.299,3.182,9.2,12,-5,0,-2090,-2090,-2728.4672,2090,0,3,2.2,2.5
2025-08-26T07:57:00.000+00:00,3.299,3.182,9.3,12,-3,0,-2090,-2090,-2727.2048,2090,0,2.2,2.5,3.1
2025-08-26T07:58:00.000+00:00,3.299,3.182,9.3,12,-3,0,-2090,-2090,-2728.4672,2090,0,2.7,2.5,2.9
2025-08-26T07:59:00.000+00:00,3.299,3.182,9.2,12,-2,0,-2090,-2090,-2730.992,2090,0,3.1,3.3,2.9
2025-08-26T08:00:00.000+00:00,3.299,3.182,9.4,14,-4,0,-2090,-2090,-2729.3088,2090,0,2.9,3.6,2.5
2025-08-26T08:01:00.000+00:00,3.299,3.182,9.3,14,-3,0,-2090,-2090,-2728.0464,2090,0,2.4,2.5,2.3
2025-08-26T08:02:00.000+00:00,3.298,3.182,9.1,12,-3,0,-2090,-2090,-2722.1552,2090,0,2.5,3.6,2.4
2025-08-26T08:03:00.000+00:00,3.299,3.182,9.4,14,-4,0,-2090,-2090,-2729.3088,2090,0,3,2.7,2.5
2025-08-26T08:04:00.000+00:00,3.299,3.182,9.3,12,-3,0,-2090,-2090,-2730.1504,2090,0,2,3,2.5
2025-08-26T08:05:00.000+00:00,3.299,3.181,9.3,12,-3,0,-2090,-2090,-2728.888,2090,0,2.6,2.5,2.6
2025-08-26T08:06:00.000+00:00,3.299,3.181,9.4,14,-2,0,-2090,-2090,-2727.2048,2090,0,3.3,3.1,3.5
2025-08-26T08:07:00.000+00:00,3.299,3.181,9.3,12,-2,0,-2090,-2090,-2730.992,2090,0,2.4,2.5,2.3
2025-08-26T08:08:00.000+00:00,3.299,3.181,9.3,12,-3,0,-2090,-2090,-2725.5216,2090,0,2.3,2.4,2.4
2025-08-26T08:09:00.000+00:00,3.299,3.181,9.3,12,-3,0,-2090,-2090,-2725.1008,2090,0,2.9,3.2,2.6
2025-08-26T08:10:00.000+00:00,3.299,3.181,9.2,14,-4,0,-2090,-2090,-2724.68,2090,0,3.2,2.8,2.8
2025-08-26T08:11:00.000+00:00,3.299,3.181,9.3,14,-3,0,-2090,-2090,-2724.2592,2090,0,2.9,2.7,2.5
2025-08-26T08:12:00.000+00:00,3.299,3.181,9.3,12,-4,0,-2090,-2090,-2725.9424,2090,0,2.2,3.2,2.7
2025-08-26T08:13:00.000+00:00,3.299,3.181,9.3,14,-3,0,-2090,-2090,-2730.992,2090,0,3.2,3.1,3
2025-08-26T08:14:00.000+00:00,3.299,3.181,9.4,14,-3,0,-2090,-2090,-2722.1552,2090,0,2.9,2.3,2.9
2025-08-26T08:15:00.000+00:00,3.299,3.18,9.2,12,-3,0,-2090,-2090,-2724.2592,2090,0,2.1,2.8,2.7
2025-08-26T08:16:00.000+00:00,3.299,3.18,9.3,12,-3,0,-2090,-2090,-2726.784,2090,0,2.7,3,2.1
2025-08-26T08:17:00.000+00:00,3.299,3.18,9.4,12,-4,0,-2090,-2090,-2726.3632,2090,0,2.5,2.9,2.5
2025-08-26T08:18:00.000+00:00,3.299,3.18,9.1,14,-3,0,-2090,-2090,-2728.4672,2090,0,2.7,3,2.8
2025-08-26T08:19:00.000+00:00,3.299,3.18,9.2,14,-3,0,-2090,-2090,-2724.68,2090,0,3.8,3.1,2.9
2025-08-26T08:20:00.000+00:00,3.299,3.18,9.2,14,-3,0,-2090,-2090,-2727.6256,2090,0,2.1,2.8,2.8
2025-08-26T08:21:00.000+00:00,3.299,3.18,9.2,12,-4,0,-2090,-2090,-2722.9968,2090,0,2.7,3.2,3
2025-08-26T08:22:00.000+00:00,3.299,3.18,9.1,14,-2,0,-2090,-2090,-2727.2048,2090,0,2.8,2.8,2.6
2025-08-26T08:23:00.000+00:00,3.299,3.18,9.1,16,-2,0,-2090,-2090,-2727.6256,2090,0,2.8,2.6,3.4
2025-08-26T08:24:00.000+00:00,3.299,3.18,9.3,14,-3,0,-2090,-2090,-2729.7296,2090,0,2.5,3.7,2.7
2025-08-26T08:25:00.000+00:00,3.299,3.18,9.2,14,-4,0,-2090,-2090,-2726.784,2090,0,3.3,2.8,3.1
2025-08-26T08:26:00.000+00:00,3.299,3.179,9.3,12,-3,0,-2090,-2090,-2728.888,2090,0,2.8,2.1,2.9
2025-08-26T08:27:00.000+00:00,3.299,3.179,9.3,12,-3,0,-2090,-2090,-2730.5712,2090,0,2.8,2.7,3.6
2025-08-26T08:28:00.000+00:00,3.299,3.179,9.4,14,-4,0,-2090,-2090,-2726.3632,2090,0,3.1,2.5,2.2
2025-08-26T08:29:00.000+00:00,3.299,3.179,9.3,12,-3,0,-2090,-2090,-2729.3088,2090,0,2.4,2.4,2.6
2025-08-26T08:30:00.000+00:00,3.299,3.179,9.2,12,-2,0,-2090,-2090,-2723.4176,2090,0,2.4,3,2.4
2025-08-26T08:31:00.000+00:00,3.299,3.179,9.2,14,-2,0,-2090,-2090,-2724.2592,2090,0,2.9,2.5,2.7
2025-08-26T08:32:00.000+00:00,3.299,3.179,9.3,14,-3,0,-2090,-2090,-2726.3632,2090,0,2.9,2.9,2.4
2025-08-26T08:33:00.000+00:00,3.299,3.179,9.3,12,-3,0,-2090,-2090,-2726.784,2090,0,2.6,3.2,2.8
2025-08-26T08:34:00.000+00:00,3.299,3.178,9.3,12,-3,0,-2090,-2090,-2723.4176,2090,0,3,3,3.1
2025-08-26T08:35:00.000+00:00,3.299,3.178,9.3,12,-3,0,-2090,-2090,-2725.5216,2090,0,2.4,3.2,2.6
2025-08-26T08:36:00.000+00:00,3.299,3.178,9.4,12,-2,0,-2090,-2090,-2724.2592,2090,0,2.6,2.7,2.7
2025-08-26T08:37:00.000+00:00,3.299,3.178,9.1,14,-2,0,-2090,-2090,-2727.6256,2090,0,2.9,3,2.8
2025-08-26T08:38:00.000+00:00,3.299,3.178,9.2,14,-3,0,-2090,-2090,-2727.2048,2090,0,2.6,3.8,2.5
2025-08-26T08:39:00.000+00:00,3.299,3.178,9.2,14,-3,0,-2090,-2090,-2728.0464,2090,0,2.5,3.3,2.3
2025-08-26T08:40:00.000+00:00,3.299,3.178,9.3,12,-3,0,-2090,-2090,-2727.2048,2090,0,2.3,3.6,3.5
2025-08-26T08:41:00.000+00:00,3.299,3.177,9.2,12,-3,0,-2090,-2090,-2727.6256,2090,0,3.1,3.5,3
2025-08-26T08:42:00.000+00:00,3.299,3.178,9.2,12,-3,0,-2090,-2090,-2727.2048,2090,0,2.9,2.5,3
2025-08-26T08:43:00.000+00:00,3.299,3.178,9.4,14,-2,0,-2090,-2090,-2727.6256,2090,0,2.6,2.5,2.4
2025-08-26T08:44:00.000+00:00,3.299,3.177,9.4,16,-2,0,-2090,-2090,-2728.4672,2090,0,2.8,2.8,3.5
2025-08-26T08:45:00.000+00:00,3.299,3.177,9.3,14,-3,0,-2090,-2090,-2725.9424,2090,0,2.7,2.7,3.5
2025-08-26T08:46:00.000+00:00,3.299,3.177,9.3,14,-3,0,-2090,-2090,-2727.6256,2090,0,2.7,2.1,3.2
2025-08-26T08:47:00.000+00:00,3.299,3.177,9.5,12,-3,0,-2090,-2090,-2726.784,2090,0,2.9,2.6,2.2
2025-08-26T08:48:00.000+00:00,3.299,3.177,9.3,12,-3,0,-2090,-2090,-2725.5216,2090,0,2.8,2.2,2.7
2025-08-26T08:49:00.000+00:00,3.299,3.177,9.4,14,-3,0,-2090,-2090,-2724.68,2090,0,2.6,2.6,2.4
2025-08-26T08:50:00.000+00:00,3.299,3.176,9.5,12,-4,0,-2090,-2090,-2725.9424,2090,0,2.6,2.4,2.8
2025-08-26T08:51:00.000+00:00,3.299,3.176,9.2,12,-3,0,-2090,-2090,-2728.4672,2090,0,2.4,2.7,2.4
2025-08-26T08:52:00.000+00:00,3.299,3.176,9.4,14,-4,0,-2090,-2090,-2728.0464,2090,0,3.5,3,2.9
2025-08-26T08:53:00.000+00:00,3.299,3.176,9.4,14,-2,0,-2090,-2090,-2725.1008,2090,0,2.6,2.6,2.7
2025-08-26T08:54:00.000+00:00,3.299,3.176,9.4,12,-3,0,-2090,-2090,-2727.2048,2090,0,2.4,2.8,2.3
2025-08-26T08:55:00.000+00:00,3.299,3.176,9.2,12,-2,0,-2090,-2090,-2725.1008,2090,0,3.6,2.9,2.6
2025-08-26T08:56:00.000+00:00,3.299,3.176,9.2,12,-3,0,-2090,-2090,-2728.888,2090,0,2.3,2.8,3
2025-08-26T08:57:00.000+00:00,3.299,3.176,9.3,14,-3,0,-2090,-2090,-2727.2048,2090,0,2.9,2.9,2.6
2025-08-26T08:58:00.000+00:00,3.299,3.176,9.6,12,-5,0,-2090,-2090,-2722.1552,2090,0,2.7,2.7,2.6
2025-08-26T08:59:00.000+00:00,3.298,3.176,9.2,12,-4,0,-2090,-2090,-2728.888,2090,0,2.7,3.3,2.6
2025-08-26T09:00:00.000+00:00,3.298,3.175,9.2,12,-3,0,-2090,-2090,-2726.784,2090,0,3,3,2.7
2025-08-26T09:01:00.000+00:00,3.298,3.175,9.4,12,-3,0,-2090,-2090,-2723.8384,2090,0,2.4,2.7,2.7
2025-08-26T09:02:00.000+00:00,3.298,3.175,9.3,12,-4,0,-2090,-2090,-2724.68,2090,0,2.4,2.3,2.3
2025-08-26T09:03:00.000+00:00,3.298,3.175,9.2,14,-3,0,-2090,-2090,-2722.9968,2090,0,3.1,2.4,2.2
2025-08-26T09:04:00.000+00:00,3.298,3.175,9,14,-4,0,-2090,-2090,-2722.576,2090,0,2.8,2.6,3
2025-08-26T09:05:00.000+00:00,3.298,3.175,9.1,12,-3,0,-2090,-2090,-2722.1552,2090,0,2.7,2.8,3
2025-08-26T09:06:00.000+00:00,3.299,3.175,9.1,12,-2,0,-2090,-2090,-2724.68,2090,0,3.1,3.2,2.4
2025-08-26T09:07:00.000+00:00,3.299,3.174,9.2,16,-4,0,-2090,-2090,-2724.68,2090,0,2.8,2.6,2.7
2025-08-26T09:08:00.000+00:00,3.299,3.174,9.4,12,-3,0,-2090,-2090,-2728.0464,2090,0,3.1,3.1,2.3
2025-08-26T09:09:00.000+00:00,3.299,3.174,9.3,14,-3,0,-2090,-2090,-2725.1008,2090,0,2.3,3.5,2.6
2025-08-26T09:10:00.000+00:00,3.299,3.174,9.2,14,-3,0,-2090,-2090,-2725.9424,2090,0,2.7,2.4,2.6
2025-08-26T09:11:00.000+00:00,3.299,3.174,9.2,14,-3,0,-2090,-2090,-2722.1552,2090,0,2.6,2.7,2.5
2025-08-26T09:12:00.000+00:00,3.299,3.174,9.2,14,-3,0,-2090,-2090,-2721.3136,2090,0,3,3,2.7
2025-08-26T09:13:00.000+00:00,3.299,3.173,9.2,12,-2,0,-2090,-2090,-2722.576,2090,0,2.3,2.7,3
2025-08-26T09:14:00.000+00:00,3.299,3.174,9.3,16,-4,0,-2090,-2090,-2720.0512,2090,0,2.4,3,2.7
2025-08-26T09:15:00.000+00:00,3.299,3.173,9.2,12,-3,0,-2090,-2090,-2722.9968,2090,0,3.1,2.8,2.3
2025-08-26T09:16:00.000+00:00,3.299,3.173,9,14,-3,0,-2090,-2090,-2720.0512,2090,0,2.3,3.2,2.5
2025-08-26T09:17:00.000+00:00,3.299,3.173,9.2,12,-3,0,-2090,-2090,-2720.8928,2090,0,2.3,2.8,3.1
2025-08-26T09:18:00.000+00:00,3.299,3.173,9.2,12,-3,0,-2090,-2090,-2721.3136,2090,0,2.6,2.6,3.3
2025-08-26T09:19:00.000+00:00,3.299,3.173,9.3,14,-3,0,-2090,-2090,-2719.6304,2090,0,2.1,2.8,2.9
2025-08-26T09:20:00.000+00:00,3.299,3.173,9.2,12,-3,0,-2090,-2090,-2720.472,2090,0,2.7,2.7,2.7
2025-08-26T09:21:00.000+00:00,3.299,3.172,9.3,14,-3,0,-2090,-2090,-2722.576,2090,0,2.4,3.5,3.6
2025-08-26T09:22:00.000+00:00,3.299,3.172,9.2,14,-3,0,-2090,-2090,-2720.472,2090,0,2.4,2.7,2.8
2025-08-26T09:23:00.000+00:00,3.299,3.172,9.3,12,-4,0,-2090,-2090,-2721.7344,2090,0,2.7,3.6,2.5
2025-08-26T09:24:00.000+00:00,3.299,3.172,9.2,12,-3,0,-2090,-2090,-2721.7344,2090,0,2.5,3.5,3
2025-08-26T09:25:00.000+00:00,3.298,3.172,9,16,-3,0,-2090,-2090,-2723.4176,2090,0,2.3,2.7,2.2
2025-08-26T09:26:00.000+00:00,3.298,3.172,9.1,12,-3,0,-2090,-2090,-2722.1552,2090,0,2.4,2.1,3.1
2025-08-26T09:27:00.000+00:00,3.298,3.171,9.3,12,-4,0,-2090,-2090,-2724.2592,2090,0,2.9,2.8,3
2025-08-26T09:28:00.000+00:00,3.298,3.171,9.2,14,-3,0,-2090,-2090,-2726.3632,2090,0,3.9,2.4,2.3
2025-08-26T09:29:00.000+00:00,3.299,3.171,9.3,12,-2,0,-2090,-2090,-2727.2048,2090,0,2.3,2.5,2.3
2025-08-26T09:30:00.000+00:00,3.299,3.171,9.2,12,-3,0,-2090,-2090,-2724.68,2090,0,2.5,2.8,2.4
2025-08-26T09:31:00.000+00:00,3.298,3.171,9.3,14,-3,0,-2090,-2090,-2726.3632,2090,0,2.6,2.6,2.5
2025-08-26T09:32:00.000+00:00,3.298,3.171,9.2,12,-4,0,-2090,-2090,-2726.3632,2090,0,2.6,2.9,2.9
2025-08-26T09:33:00.000+00:00,3.298,3.17,9.3,12,-3,0,-2090,-2090,-2725.9424,2090,0,2.6,2.5,2.9
2025-08-26T09:34:00.000+00:00,3.298,3.17,9.3,12,-3,0,-2090,-2090,-2725.9424,2090,0,3,3,2.4
2025-08-26T09:35:00.000+00:00,3.298,3.17,9.3,12,-3,0,-2090,-2090,-2725.1008,2090,0,2.4,3.5,2.8
2025-08-26T09:36:00.000+00:00,3.298,3.17,9.4,14,-4,0,-2090,-2090,-2717.9472,2090,0,2.8,3.2,2.8
2025-08-26T09:37:00.000+00:00,3.298,3.17,9.3,12,-3,0,-2090,-2090,-2725.9424,2090,0,3,2.7,2.9
2025-08-26T09:38:00.000+00:00,3.298,3.17,9.4,12,-3,0,-2090,-2090,-2725.9424,2090,0,2.5,2.4,3
2025-08-26T09:39:00.000+00:00,3.298,3.17,9.2,12,-3,0,-2090,-2090,-2723.8384,2090,0,2.8,2.6,2.3
2025-08-26T09:40:00.000+00:00,3.298,3.17,9.3,12,-2,0,-2090,-2090,-2724.2592,2090,0,3.3,2.7,2.9
2025-08-26T09:41:00.000+00:00,3.298,3.169,9.3,12,-4,0,-2090,-2090,-2723.8384,2090,0,3.2,2.2,2.2
2025-08-26T09:42:00.000+00:00,3.298,3.169,9.1,12,-4,0,-2090,-2090,-2723.4176,2090,0,2.9,2.7,2.6
2025-08-26T09:43:00.000+00:00,3.298,3.169,9.2,14,-2,0,-2090,-2090,-2724.68,2090,0,2.2,3.4,2.8
2025-08-26T09:44:00.000+00:00,3.298,3.169,9.1,12,-3,0,-2090,-2090,-2722.576,2090,0,2.6,3.1,2.7
2025-08-26T09:45:00.000+00:00,3.298,3.169,9.2,14,-3,0,-2090,-2090,-2725.5216,2090,0,2.2,2.4,3.4
2025-08-26T09:46:00.000+00:00,3.298,3.169,9.2,14,-3,0,-2090,-2090,-2724.68,2090,0,2.4,3,3
2025-08-26T09:47:00.000+00:00,3.298,3.169,9.1,12,-3,0,-2090,-2090,-2725.5216,2090,0,3.3,2.7,2.4
2025-08-26T09:48:00.000+00:00,3.298,3.169,9,12,-3,0,-2090,-2090,-2724.68,2090,0,2.5,2.3,3.1
2025-08-26T09:49:00.000+00:00,3.298,3.168,9.3,14,-4,0,-2090,-2090,-2724.2592,2090,0,2.9,2.4,3.2
2025-08-26T09:50:00.000+00:00,3.298,3.168,9.4,14,-3,0,-2090,-2090,-2725.1008,2090,0,2.2,3.3,3.2
2025-08-26T09:51:00.000+00:00,3.298,3.168,9.3,14,-3,0,-2090,-2090,-2725.1008,2090,0,2.6,2.6,2.2
2025-08-26T09:52:00.000+00:00,3.298,3.168,9.2,12,-3,0,-2090,-2090,-2726.3632,2090,0,2.6,2.6,2.7
2025-08-26T09:53:00.000+00:00,3.298,3.168,9.2,14,-4,0,-2090,-2090,-2725.1008,2090,0,1.9,2.4,2.7
2025-08-26T09:54:00.000+00:00,3.298,3.168,9.3,14,-3,0,-2090,-2090,-2725.5216,2090,0,3.1,3,2.9
2025-08-26T09:55:00.000+00:00,3.298,3.167,9.8,12,-3,0,-2090,-2090,-2725.9424,2090,0,2.5,2.4,2.8
2025-08-26T09:56:00.000+00:00,3.298,3.167,9.2,14,-5,0,-2090,-2090,-2727.2048,2090,0,2.6,2.9,2.6
2025-08-26T09:57:00.000+00:00,3.297,3.167,9.1,14,-2,0,-2090,-2090,-2725.9424,2090,0,2.7,3.2,3.5
2025-08-26T09:58:00.000+00:00,3.298,3.167,9.4,14,-3,0,-2090,-2090,-2721.3136,2090,0,2.3,2.5,2.6
2025-08-26T09:59:00.000+00:00,3.298,3.167,9.3,12,-3,0,-2090,-2090,-2722.9968,2090,0,2.6,2.9,2.6
2025-08-26T10:00:00.000+00:00,3.298,3.167,9.1,12,-3,0,-2090,-2090,-2722.576,2090,0,2.3,2.8,2.9
2025-08-26T10:01:00.000+00:00,3.298,3.166,9.3,14,-2,0,-2090,-2090,-2722.9968,2090,0,3.1,2.3,2.6
2025-08-26T10:02:00.000+00:00,3.298,3.166,9.2,12,-3,0,-2090,-2090,-2723.4176,2090,0,3,3.7,3.4
2025-08-26T10:03:00.000+00:00,3.298,3.166,9.3,12,-3,0,-2090,-2090,-2726.3632,2090,0,4.1,3,2.3
2025-08-26T10:04:00.000+00:00,3.298,3.166,9.2,12,-3,0,-2090,-2090,-2725.9424,2090,0,2.7,3,2.6
2025-08-26T10:05:00.000+00:00,3.298,3.166,9.2,12,-4,0,-2090,-2090,-2728.888,2090,0,2.2,3.3,2.5
2025-08-26T10:06:00.000+00:00,3.298,3.166,9.2,12,-3,0,-2090,-2090,-2728.888,2090,0,2.8,3.2,2.7
2025-08-26T10:07:00.000+00:00,3.298,3.166,9.1,12,-3,0,-2090,-2090,-2728.4672,2090,0,2.3,2.7,2.2
2025-08-26T10:08:00.000+00:00,3.298,3.166,9.3,12,-3,0,-2090,-2090,-2729.3088,2090,0,2.8,2.8,2.4
2025-08-26T10:09:00.000+00:00,3.298,3.165,9.2,14,-3,0,-2090,-2090,-2728.4672,2090,0,2.4,2.6,3.2
2025-08-26T10:10:00.000+00:00,3.298,3.165,9.4,14,-2,0,-2090,-2090,-2727.2048,2090,0,2.5,3.1,2.7
2025-08-26T10:11:00.000+00:00,3.298,3.165,9.3,14,-4,0,-2090,-2090,-2730.5712,2090,0,3,2.5,2.3
2025-08-26T10:12:00.000+00:00,3.298,3.165,9.4,12,-4,0,-2090,-2090,-2726.3632,2090,0,2.3,2.2,2.6
2025-08-26T10:13:00.000+00:00,3.298,3.164,9.2,14,-3,0,-2090,-2090,-2726.784,2090,0,2.7,2.7,2.5
2025-08-26T10:14:00.000+00:00,3.298,3.164,9.2,12,-2,0,-2090,-2090,-2728.0464,2090,0,2.6,2.3,2.7
2025-08-26T10:15:00.000+00:00,3.298,3.164,9.3,14,-4,0,-2090,-2090,-2727.6256,2090,0,2.2,2.9,2.7
2025-08-26T10:16:00.000+00:00,3.298,3.164,9.2,14,-4,0,-2090,-2090,-2729.7296,2090,0,2.5,2.7,2.9
2025-08-26T10:17:00.000+00:00,3.298,3.164,9.2,12,-4,0,-2090,-2090,-2728.0464,2090,0,3.4,2.7,2.3
2025-08-26T10:18:00.000+00:00,3.298,3.164,9.1,12,-3,0,-2090,-2090,-2727.6256,2090,0,2.4,2.4,2.5
2025-08-26T10:19:00.000+00:00,3.298,3.164,9.4,14,-3,0,-2090,-2090,-2728.888,2090,0,3.2,2.7,3.1
2025-08-26T10:20:00.000+00:00,3.298,3.164,9.2,14,-4,0,-2090,-2090,-2728.0464,2090,0,3.5,2.5,2.5
2025-08-26T10:21:00.000+00:00,3.298,3.163,9.2,14,-4,0,-2090,-2090,-2728.4672,2090,0,2.8,3.1,2.9
2025-08-26T10:22:00.000+00:00,3.298,3.163,9.3,14,-4,0,-2090,-2090,-2725.1008,2090,0,2.3,4,2.9
2025-08-26T10:23:00.000+00:00,3.298,3.163,9.4,14,-3,0,-2090,-2090,-2729.7296,2090,0,2.7,2.7,2.9
2025-08-26T10:24:00.000+00:00,3.297,3.163,9.3,12,-2,0,-2090,-2090,-2726.3632,2090,0,2.5,2.4,2.6
2025-08-26T10:25:00.000+00:00,3.298,3.162,9.2,12,-2,0,-2090,-2090,-2727.2048,2090,0,2.9,3.2,3.4
2025-08-26T10:26:00.000+00:00,3.298,3.162,9.3,12,-2,0,-2090,-2090,-2729.7296,2090,0,2.6,3,2.6
2025-08-26T10:27:00.000+00:00,3.298,3.162,9.3,14,-4,0,-2090,-2090,-2726.784,2090,0,2.6,2.5,2.4
2025-08-26T10:28:00.000+00:00,3.298,3.162,9.3,12,-3,0,-2090,-2090,-2725.5216,2090,0,2.2,2.6,2.4
2025-08-26T10:29:00.000+00:00,3.298,3.162,9.2,14,-4,0,-2090,-2090,-2730.5712,2090,0,2.6,2.4,2.6
2025-08-26T10:30:00.000+00:00,3.298,3.162,9.3,12,-3,0,-2090,-2090,-2729.3088,2090,0,3,3.1,2.9
2025-08-26T10:31:00.000+00:00,3.298,3.162,9.4,12,-3,0,-2090,-2090,-2730.992,2090,0,3.1,2.9,3.2
2025-08-26T10:32:00.000+00:00,3.298,3.162,9.2,14,-3,0,-2090,-2090,-2727.2048,2090,0,2.3,2.8,3.1
2025-08-26T10:33:00.000+00:00,3.298,3.162,9.1,12,-4,0,-2090,-2090,-2725.1008,2090,0,2.8,2.6,2.5
2025-08-26T10:34:00.000+00:00,3.298,3.161,9.5,12,-3,0,-2090,-2090,-2729.7296,2090,0,3.2,3,3
2025-08-26T10:35:00.000+00:00,3.298,3.161,9.4,12,-2,0,-2090,-2090,-2728.888,2090,0,3,2.7,3
2025-08-26T10:36:00.000+00:00,3.298,3.161,9.2,12,-3,0,-2090,-2090,-2729.7296,2090,0,2.4,2.3,2.5
2025-08-26T10:37:00.000+00:00,3.298,3.161,9.3,12,-3,0,-2090,-2090,-2728.888,2090,0,2.4,2.8,2.8
2025-08-26T10:38:00.000+00:00,3.298,3.16,9.4,12,-2,0,-2090,-2090,-2730.992,2090,0,3.3,2.8,2.8
2025-08-26T10:39:00.000+00:00,3.298,3.16,9.2,14,-3,0,-2090,-2090,-2732.2544,2090,0,2.7,2.3,2.8
2025-08-26T10:40:00.000+00:00,3.298,3.16,9.4,12,-3,0,-2090,-2090,-2733.096,2090,0,2.6,2.5,2.8
2025-08-26T10:41:00.000+00:00,3.298,3.16,9.3,12,-3,0,-2090,-2090,-2730.5712,2090,0,2.6,2.8,2.8
2025-08-26T10:42:00.000+00:00,3.298,3.16,9.3,12,-3,0,-2090,-2090,-2731.8336,2090,0,2.8,2.8,2.8
2025-08-26T10:43:00.000+00:00,3.298,3.16,9.4,12,-3,0,-2090,-2090,-2730.5712,2090,0,2.3,2.7,2.6
2025-08-26T10:44:00.000+00:00,3.298,3.16,9.5,12,-3,0,-2090,-2090,-2733.096,2090,0,2.8,2.7,2.8
2025-08-26T10:45:00.000+00:00,3.298,3.159,9.3,14,-4,0,-2090,-2090,-2728.888,2090,0,2.1,2.6,3.1
2025-08-26T10:46:00.000+00:00,3.298,3.159,9.3,16,-3,0,-2090,-2090,-2731.8336,2090,0,2.8,2.6,2.7
2025-08-26T10:47:00.000+00:00,3.298,3.159,9.3,14,-4,0,-2090,-2090,-2730.1504,2090,0,2.7,3.4,2.8
2025-08-26T10:48:00.000+00:00,3.298,3.159,9.4,12,-3,0,-2090,-2090,-2731.4128,2090,0,2.5,2.7,3.3
2025-08-26T10:49:00.000+00:00,3.298,3.158,9.4,14,-3,0,-2090,-2090,-2733.9376,2090,0,2.2,2.3,2.8
2025-08-26T10:50:00.000+00:00,3.298,3.158,9.4,12,-3,0,-2090,-2090,-2734.3584,2090,0,3,2.9,2.4
2025-08-26T10:51:00.000+00:00,3.298,3.158,9.4,12,-3,0,-2090,-2090,-2724.68,2090,0,3.1,2.8,2.8
2025-08-26T10:52:00.000+00:00,3.298,3.158,9.4,12,-3,0,-2090,-2090,-2732.6752,2090,0,2.7,3,2.8
2025-08-26T10:53:00.000+00:00,3.298,3.158,9.4,14,-2,0,-2090,-2090,-2734.3584,2090,0,3,2.8,2.7
2025-08-26T10:54:00.000+00:00,3.298,3.157,9.3,16,-3,0,-2090,-2090,-2735.2,2090,0,2.6,2.8,2.6
2025-08-26T10:55:00.000+00:00,3.298,3.157,9.4,12,-3,0,-2090,-2090,-2731.8336,2090,0,2.6,2.4,3.1
2025-08-26T10:56:00.000+00:00,3.298,3.157,9.5,12,-4,0,-2090,-2090,-2733.9376,2090,0,3,2.6,2.7
2025-08-26T10:57:00.000+00:00,3.298,3.157,9.4,14,-3,0,-2090,-2090,-2732.6752,2090,0,2.6,2.8,2.7
2025-08-26T10:58:00.000+00:00,3.298,3.157,9.5,12,-3,0,-2090,-2090,-2733.9376,2090,0,2.6,4.2,2.3
2025-08-26T10:59:00.000+00:00,3.298,3.157,9.2,14,-2,0,-2090,-2090,-2729.7296,2090,0,2.5,2.7,2.9
2025-08-26T11:00:00.000+00:00,3.298,3.156,9.4,12,-3,0,-2090,-2090,-2728.888,2090,0,2.7,3,2.7
2025-08-26T11:01:00.000+00:00,3.298,3.156,9.3,14,-2,0,-2090,-2090,-2734.3584,2090,0,2.8,2.6,2.6
2025-08-26T11:02:00.000+00:00,3.298,3.156,9.3,12,-3,0,-2090,-2090,-2734.7792,2090,0,2.5,2.6,3.1
2025-08-26T11:03:00.000+00:00,3.298,3.156,9.4,12,-4,0,-2090,-2090,-2734.3584,2090,0,2.2,2.4,2.5
2025-08-26T11:04:00.000+00:00,3.298,3.156,9.2,14,-3,0,-2090,-2090,-2730.992,2090,0,2.5,3.3,2.8
2025-08-26T11:05:00.000+00:00,3.298,3.156,9.5,12,-3,0,-2090,-2090,-2736.0416,2090,0,2.5,2.8,2.6
2025-08-26T11:06:00.000+00:00,3.298,3.156,9.5,12,-3,0,-2090,-2090,-2733.5168,2090,0,2.6,3.6,3.1
2025-08-26T11:07:00.000+00:00,3.298,3.156,9.7,14,-3,0,-2090,-2090,-2736.0416,2090,0,3.7,2.5,3.2
2025-08-26T11:08:00.000+00:00,3.298,3.155,9.4,16,-3,0,-2090,-2090,-2736.4624,2090,0,3.4,3,2.8
2025-08-26T11:09:00.000+00:00,3.298,3.155,9.5,14,-3,0,-2090,-2090,-2739.408,2090,0,2.4,3.2,2.8
2025-08-26T11:10:00.000+00:00,3.298,3.155,9.4,12,-3,0,-2090,-2090,-2741.9328,2090,0,3.3,2.7,2.6
2025-08-26T11:11:00.000+00:00,3.298,3.155,9.6,14,-3,0,-2090,-2090,-2739.408,2090,0,3.2,2.6,2.7
2025-08-26T11:12:00.000+00:00,3.298,3.155,9.5,14,-3,0,-2090,-2090,-2741.512,2090,0,2.5,2.8,2.5
2025-08-26T11:13:00.000+00:00,3.298,3.154,9.4,12,-2,0,-2090,-2090,-2742.7744,2090,0,3.3,2.9,2.8
2025-08-26T11:14:00.000+00:00,3.298,3.154,9.4,14,-3,0,-2090,-2090,-2741.9328,2090,0,2.5,2.4,2.7
2025-08-26T11:15:00.000+00:00,3.298,3.154,9.5,14,-3,0,-2090,-2090,-2743.1952,2090,0,3.1,2.4,3.1
2025-08-26T11:16:00.000+00:00,3.298,3.154,9.4,16,-3,0,-2090,-2090,-2742.3536,2090,0,2.6,2.8,3
2025-08-26T11:17:00.000+00:00,3.298,3.154,9.5,14,-3,0,-2090,-2090,-2740.2496,2090,0,2.5,2.4,2.6
2025-08-26T11:18:00.000+00:00,3.298,3.153,9.5,12,-3,0,-2090,-2090,-2743.1952,2090,0,2.9,3,2.9
2025-08-26T11:19:00.000+00:00,3.298,3.153,9.3,12,-4,0,-2090,-2090,-2739.408,2090,0,3,3.1,2.9
2025-08-26T11:20:00.000+00:00,3.298,3.153,9.6,14,-4,0,-2090,-2090,-2743.616,2090,0,2.3,2.7,2.6
2025-08-26T11:21:00.000+00:00,3.298,3.153,9.5,14,-3,0,-2090,-2090,-2741.9328,2090,0,2.3,3,2.5
2025-08-26T11:22:00.000+00:00,3.298,3.153,9.3,14,-4,0,-2090,-2090,-2743.616,2090,0,2.7,2.8,2.6
2025-08-26T11:23:00.000+00:00,3.298,3.152,9.7,14,-3,0,-2090,-2090,-2746.5616,2090,0,2.6,2.9,2.6
2025-08-26T11:24:00.000+00:00,3.298,3.152,9.6,12,-3,0,-2090,-2090,-2747.4032,2090,0,2.8,2.9,2.5
2025-08-26T11:25:00.000+00:00,3.298,3.152,9.7,12,-3,0,-2090,-2090,-2744.0368,2090,0,2.5,2.6,2.8
2025-08-26T11:26:00.000+00:00,3.298,3.152,9.6,14,-2,0,-2090,-2090,-2746.1408,2090,0,2.7,3.2,2.5
2025-08-26T11:27:00.000+00:00,3.298,3.152,9.5,14,-3,0,-2090,-2090,-2744.4576,2090,0,2.5,2.8,2.6
2025-08-26T11:28:00.000+00:00,3.298,3.152,9.5,14,-3,0,-2090,-2090,-2746.5616,2090,0,2.6,2.8,3
2025-08-26T11:29:00.000+00:00,3.298,3.152,9.5,14,-3,0,-2090,-2090,-2746.1408,2090,0,2.8,2.6,2.9
2025-08-26T11:30:00.000+00:00,3.298,3.151,9.6,12,-3,0,-2090,-2090,-2743.616,2090,0,2.5,2.2,3
2025-08-26T11:31:00.000+00:00,3.298,3.151,9.5,14,-3,0,-2090,-2090,-2742.7744,2090,0,2.6,2.4,2.5
2025-08-26T11:32:00.000+00:00,3.298,3.151,9.6,14,-3,0,-2090,-2090,-2744.4576,2090,0,2.6,2.7,3.6
2025-08-26T11:33:00.000+00:00,3.298,3.151,9.5,14,-3,0,-2090,-2090,-2738.9872,2090,0,3.5,2.6,2.4
2025-08-26T11:34:00.000+00:00,3.298,3.151,9.8,14,-3,0,-2090,-2090,-2741.9328,2090,0,2.4,2.6,2.6
2025-08-26T11:35:00.000+00:00,3.298,3.151,9.4,14,-2,0,-2090,-2090,-2737.304,2090,0,2.5,2.8,2.9
2025-08-26T11:36:00.000+00:00,3.298,3.15,9.6,14,-3,0,-2090,-2090,-2738.1456,2090,0,2.7,3.6,2.5
2025-08-26T11:37:00.000+00:00,3.298,3.15,9.5,14,-3,0,-2090,-2090,-2742.7744,2090,0,2.6,2.8,2.6
2025-08-26T11:38:00.000+00:00,3.298,3.15,9.5,12,-3,0,-2090,-2090,-2742.7744,2090,0,2.9,3,2.9
2025-08-26T11:39:00.000+00:00,3.298,3.15,9.6,12,-3,0,-2090,-2090,-2743.1952,2090,0,2.5,2.5,2.9
2025-08-26T11:40:00.000+00:00,3.298,3.149,9.5,16,-3,0,-2090,-2090,-2743.616,2090,0,2.9,2.7,2.6
2025-08-26T11:41:00.000+00:00,3.298,3.149,9.5,14,-3,0,-2090,-2090,-2744.8784,2090,0,3.4,2.4,2.6
2025-08-26T11:42:00.000+00:00,3.298,3.149,9.4,12,-3,0,-2090,-2090,-2743.616,2090,0,2.2,3,3
2025-08-26T11:43:00.000+00:00,3.298,3.149,9.6,14,-4,0,-2090,-2090,-2744.0368,2090,0,2.3,1.9,2.7
2025-08-26T11:44:00.000+00:00,3.297,3.148,9.5,14,-3,0,-2090,-2090,-2745.2992,2090,0,2.5,2.6,2.7
2025-08-26T11:45:00.000+00:00,3.297,3.148,9.4,14,-3,0,-2090,-2090,-2743.616,2090,0,2.6,2.8,2.6
2025-08-26T11:46:00.000+00:00,3.298,3.148,9.3,14,-3,0,-2090,-2090,-2743.616,2090,0,2.7,2.5,3.2
2025-08-26T11:47:00.000+00:00,3.298,3.148,9.6,12,-4,0,-2090,-2090,-2744.0368,2090,0,2.9,3.2,2.4
2025-08-26T11:48:00.000+00:00,3.298,3.148,9.6,12,-2,0,-2090,-2090,-2745.2992,2090,0,2.8,2.8,3.3
2025-08-26T11:49:00.000+00:00,3.298,3.148,9.4,12,-3,0,-2090,-2090,-2747.4032,2090,0,2.6,2.7,2.5
2025-08-26T11:50:00.000+00:00,3.298,3.148,9.5,16,-3,0,-2090,-2090,-2741.9328,2090,0,2.8,2.3,2.8
2025-08-26T11:51:00.000+00:00,3.298,3.148,9.4,12,-3,0,-2090,-2090,-2740.6704,2090,0,2.5,3.1,2.4
2025-08-26T11:52:00.000+00:00,3.298,3.147,9.5,12,-3,0,-2090,-2090,-2743.616,2090,0,2.7,2.9,2.9
2025-08-26T11:53:00.000+00:00,3.298,3.147,9.7,14,-3,0,-2090,-2090,-2744.0368,2090,0,2.7,3,2.3
2025-08-26T11:54:00.000+00:00,3.298,3.147,9.5,14,-3,0,-2090,-2090,-2744.0368,2090,0,2.7,2.6,3
2025-08-26T11:55:00.000+00:00,3.298,3.147,9.5,14,-3,0,-2090,-2090,-2740.6704,2090,0,2.5,2.9,3
2025-08-26T11:56:00.000+00:00,3.298,3.146,9.6,14,-2,0,-2090,-2090,-2742.7744,2090,0,3.2,3.1,2.8
2025-08-26T11:57:00.000+00:00,3.298,3.146,9.6,14,-3,0,-2090,-2090,-2744.0368,2090,0,2.7,3.1,2.7
2025-08-26T11:58:00.000+00:00,3.298,3.146,9.6,14,-3,0,-2090,-2090,-2741.9328,2090,0,3.5,2.5,2.7
2025-08-26T11:59:00.000+00:00,3.298,3.146,9.6,14,-3,0,-2090,-2090,-2746.1408,2090,0,2.8,2.7,2.8
2025-08-26T12:00:00.000+00:00,3.298,3.146,9.5,14,-3,0,-2090,-2090,-2746.9824,2090,0,2.7,2.4,3.1
2025-08-26T12:01:00.000+00:00,3.298,3.145,9.6,14,-3,0,-2090,-2090,-2737.304,2090,0,2.8,2.9,2.8
2025-08-26T12:02:00.000+00:00,3.298,3.145,9.6,12,-3,0,-2090,-2090,-2742.7744,2090,0,2.5,2.7,2.7
2025-08-26T12:03:00.000+00:00,3.298,3.145,9.5,14,-3,0,-2090,-2090,-2740.6704,2090,0,2.4,3.2,2.1
2025-08-26T12:04:00.000+00:00,3.298,3.145,9.5,14,-3,0,-2090,-2090,-2738.5664,2090,0,2.9,2.8,2.7
2025-08-26T12:05:00.000+00:00,3.297,3.145,9.5,14,-4,0,-2090,-2090,-2741.512,2090,0,3.3,2.8,2.6
2025-08-26T12:06:00.000+00:00,3.298,3.145,9.5,14,-2,0,-2090,-2090,-2735.2,2090,0,2.7,2.5,2.5
2025-08-26T12:07:00.000+00:00,3.298,3.144,9.7,14,-2,0,-2090,-2090,-2741.512,2090,0,2.2,3.1,2.6
2025-08-26T12:08:00.000+00:00,3.297,3.144,9.5,14,-3,0,-2090,-2090,-2740.6704,2090,0,2.6,3.2,3.3
2025-08-26T12:09:00.000+00:00,3.297,3.144,9.4,14,-3,0,-2090,-2090,-2742.7744,2090,0,2.7,3.1,2.6
2025-08-26T12:10:00.000+00:00,3.298,3.144,9.6,14,-3,0,-2090,-2090,-2741.512,2090,0,2.8,2.8,2.8
2025-08-26T12:11:00.000+00:00,3.298,3.144,9.5,14,-3,0,-2090,-2090,-2744.8784,2090,0,2.6,3.2,2.8
2025-08-26T12:12:00.000+00:00,3.298,3.143,9.4,12,-3,0,-2090,-2090,-2746.1408,2090,0,2.8,2.8,2.2
2025-08-26T12:13:00.000+00:00,3.298,3.143,9.5,16,-3,0,-2090,-2090,-2744.8784,2090,0,2.8,3.2,2.8
2025-08-26T12:14:00.000+00:00,3.298,3.143,9.4,14,-3,0,-2090,-2090,-2746.9824,2090,0,2.5,2.4,2.5
2025-08-26T12:15:00.000+00:00,3.298,3.143,9.6,14,-3,0,-2090,-2090,-2746.9824,2090,0,2.8,2.9,2.7
2025-08-26T12:16:00.000+00:00,3.297,3.142,9.5,12,-3,0,-2090,-2090,-2747.4032,2090,0,2.3,2.7,3.1
2025-08-26T12:17:00.000+00:00,3.297,3.142,9.6,14,-3,0,-2090,-2090,-2741.0912,2090,0,2.3,2.6,2.7
2025-08-26T12:18:00.000+00:00,3.298,3.142,9.6,14,-3,0,-2090,-2090,-2743.616,2090,0,2.4,2.1,3.1
2025-08-26T12:19:00.000+00:00,3.298,3.142,9.6,14,-3,0,-2090,-2090,-2744.8784,2090,0,2.6,2.9,3
2025-08-26T12:20:00.000+00:00,3.298,3.142,9.6,14,-4,0,-2090,-2090,-2744.4576,2090,0,2.5,2.9,2.4
2025-08-26T12:21:00.000+00:00,3.298,3.142,9.5,14,-2,0,-2090,-2090,-2746.9824,2090,0,3,2.3,2.6
2025-08-26T12:22:00.000+00:00,3.298,3.141,9.5,14,-3,0,-2090,-2090,-2747.4032,2090,0,2.6,2.5,2.4
2025-08-26T12:23:00.000+00:00,3.298,3.141,9.8,12,-3,0,-2090,-2090,-2746.5616,2090,0,2.9,3.1,3.3
2025-08-26T12:24:00.000+00:00,3.298,3.141,9.5,14,-3,0,-2090,-2090,-2746.5616,2090,0,2.6,2.5,2.5
2025-08-26T12:25:00.000+00:00,3.298,3.141,9.7,12,-3,0,-2090,-2090,-2746.5616,2090,0,2.6,2.6,3.1
2025-08-26T12:26:00.000+00:00,3.298,3.141,9.4,14,-3,0,-2090,-2090,-2746.9824,2090,0,2.6,2.2,2.9
2025-08-26T12:27:00.000+00:00,3.298,3.14,9.6,14,-4,0,-2090,-2090,-2746.9824,2090,0,2.2,2.2,2.2
2025-08-26T12:28:00.000+00:00,3.298,3.14,9.5,16,-3,0,-2090,-2090,-2746.9824,2090,0,2.9,2.5,2.9
2025-08-26T12:29:00.000+00:00,3.297,3.14,9.7,14,-2,0,-2090,-2090,-2743.1952,2090,0,2.5,2.7,2.5
2025-08-26T12:30:00.000+00:00,3.297,3.14,9.6,12,-3,0,-2090,-2090,-2745.2992,2090,0,3.2,2.7,2.7
2025-08-26T12:31:00.000+00:00,3.297,3.14,9.5,14,-3,0,-2090,-2090,-2742.3536,2090,0,2.4,2.8,2.6
2025-08-26T12:32:00.000+00:00,3.297,3.139,9.6,14,-3,0,-2090,-2090,-2742.7744,2090,0,2.2,2.7,2.8
2025-08-26T12:33:00.000+00:00,3.297,3.139,9.4,16,-4,0,-2090,-2090,-2743.616,2090,0,2.4,2.3,2.9
2025-08-26T12:34:00.000+00:00,3.297,3.139,9.4,12,-3,0,-2090,-2090,-2744.4576,2090,0,2.4,3.3,2.5
2025-08-26T12:35:00.000+00:00,3.297,3.139,9.5,10,-3,0,-2090,-2090,-2744.8784,2090,0,2.1,2.7,2.8
2025-08-26T12:36:00.000+00:00,3.297,3.139,9.4,14,-3,0,-2090,-2090,-2743.1952,2090,0,2.3,2.5,2.6
2025-08-26T12:37:00.000+00:00,3.297,3.138,9.6,14,-3,0,-2090,-2090,-2745.2992,2090,0,2.6,3.2,2.4
2025-08-26T12:38:00.000+00:00,3.297,3.138,9.6,14,-3,0,-2090,-2090,-2747.4032,2090,0,2.5,2.5,2.9
2025-08-26T12:39:00.000+00:00,3.297,3.138,9.5,12,-3,0,-2090,-2090,-2745.72,2090,0,3.1,2.6,2.5
2025-08-26T12:40:00.000+00:00,3.297,3.138,9.6,12,-3,0,-2090,-2090,-2745.2992,2090,0,2.8,2.6,2.4
2025-08-26T12:41:00.000+00:00,3.297,3.138,9.8,14,-4,0,-2090,-2090,-2746.5616,2090,0,2.2,2.2,2.8
2025-08-26T12:42:00.000+00:00,3.297,3.137,9.5,16,-3,0,-2090,-2090,-2744.8784,2090,0,2.6,2.4,2.7
2025-08-26T12:43:00.000+00:00,3.297,3.137,9.5,14,-3,0,-2090,-2090,-2744.8784,2090,0,2.5,2.5,2.3
2025-08-26T12:44:00.000+00:00,3.297,3.137,9.6,12,-3,0,-2090,-2090,-2743.616,2090,0,2.9,2.2,3.3
2025-08-26T12:45:00.000+00:00,3.297,3.137,9.7,12,-3,0,-2090,-2090,-2744.0368,2090,0,2.5,2.6,2.9
2025-08-26T12:46:00.000+00:00,3.297,3.137,9.6,14,-3,0,-2090,-2090,-2741.9328,2090,0,2.5,2.6,2.5
2025-08-26T12:47:00.000+00:00,3.297,3.136,9.5,14,-3,0,-2090,-2090,-2742.3536,2090,0,2.2,2.5,2.5
2025-08-26T12:48:00.000+00:00,3.297,3.136,9.4,12,-3,0,-2090,-2090,-2741.9328,2090,0,2.9,3.1,2.7
2025-08-26T12:49:00.000+00:00,3.297,3.136,9.4,12,-4,0,-2090,-2090,-2741.9328,2090,0,2.6,3,2.6
2025-08-26T12:50:00.000+00:00,3.297,3.136,9.6,12,-3,0,-2090,-2090,-2744.4576,2090,0,2.5,2.8,2.7
2025-08-26T12:51:00.000+00:00,3.297,3.135,9.5,14,-3,0,-2090,-2090,-2744.4576,2090,0,3,2.6,3
2025-08-26T12:52:00.000+00:00,3.297,3.135,9.4,12,-3,0,-2090,-2090,-2743.616,2090,0,2.7,2.9,2.5
2025-08-26T12:53:00.000+00:00,3.297,3.135,9.7,14,-3,0,-2090,-2090,-2742.3536,2090,0,2.6,2.5,2.5
2025-08-26T12:54:00.000+00:00,3.297,3.135,9.8,12,-3,0,-2090,-2090,-2742.3536,2090,0,2.2,2.6,3.2
2025-08-26T12:55:00.000+00:00,3.298,3.135,9.5,12,-2,0,-2090,-2090,-2741.512,2090,0,2.3,2.6,2.7
2025-08-26T12:56:00.000+00:00,3.297,3.134,9.5,12,-3,0,-2090,-2090,-2741.0912,2090,0,2.6,2.4,2.7
2025-08-26T12:57:00.000+00:00,3.297,3.134,9.5,14,-3,0,-2090,-2090,-2744.4576,2090,0,3.1,3,2.9
2025-08-26T12:58:00.000+00:00,3.297,3.134,9.6,12,-3,0,-2090,-2090,-2744.4576,2090,0,2.5,2.4,2.6
2025-08-26T12:59:00.000+00:00,3.297,3.134,9.4,12,-2,0,-2090,-2090,-2741.512,2090,0,3.1,3.1,3.5
2025-08-26T13:00:00.000+00:00,3.297,3.134,9.4,14,-3,0,-2090,-2090,-2735.6208,2090,0,2.3,3.5,2.7
2025-08-26T13:01:00.000+00:00,3.297,3.134,9.6,14,-3,0,-2090,-2090,-2743.1952,2090,0,2.8,2.8,2.8
2025-08-26T13:02:00.000+00:00,3.297,3.133,9.5,14,-3,0,-2090,-2090,-2741.0912,2090,0,2.6,3.4,2.5
2025-08-26T13:03:00.000+00:00,3.297,3.133,9.6,14,-4,0,-2090,-2090,-2738.9872,2090,0,2.8,2.5,2.4
2025-08-26T13:04:00.000+00:00,3.297,3.133,9.7,14,-4,0,-2090,-2090,-2733.5168,2090,0,2.3,2.7,2.6
2025-08-26T13:05:00.000+00:00,3.297,3.133,9.4,14,-3,0,-2090,-2090,-2733.5168,2090,0,2.8,2.2,2.8
2025-08-26T13:06:00.000+00:00,3.297,3.132,9.5,14,-4,0,-2090,-2090,-2737.304,2090,0,2.7,3.2,2.5
2025-08-26T13:07:00.000+00:00,3.297,3.132,9.3,14,-2,0,-2090,-2090,-2738.1456,2090,0,2.9,2.4,3
2025-08-26T13:08:00.000+00:00,3.297,3.132,9.6,12,-2,0,-2090,-2090,-2738.1456,2090,0,2.7,2.7,2.8
2025-08-26T13:09:00.000+00:00,3.297,3.132,9.5,14,-3,0,-2090,-2090,-2732.6752,2090,0,2.8,2.9,2.6
2025-08-26T13:10:00.000+00:00,3.297,3.132,9.5,14,-3,0,-2090,-2090,-2733.5168,2090,0,2.6,2.8,2.7
2025-08-26T13:11:00.000+00:00,3.297,3.131,9.4,14,-3,0,-2090,-2090,-2729.3088,2090,0,2.6,2.6,2.8
2025-08-26T13:12:00.000+00:00,3.297,3.131,9.5,12,-3,0,-2090,-2090,-2733.5168,2090,0,2.7,2.9,3.1
2025-08-26T13:13:00.000+00:00,3.297,3.131,9.5,14,-3,0,-2090,-2090,-2733.9376,2090,0,2.2,2.4,2.8
2025-08-26T13:14:00.000+00:00,3.297,3.131,9.5,12,-3,0,-2090,-2090,-2728.0464,2090,0,2.6,2.5,2.6
2025-08-26T13:15:00.000+00:00,3.297,3.13,9.5,12,-3,0,-2090,-2090,-2730.992,2090,0,3.2,2.9,2.3
2025-08-26T13:16:00.000+00:00,3.297,3.13,9.4,14,-3,0,-2090,-2090,-2728.888,2090,0,2.8,2.4,2.6
2025-08-26T13:17:00.000+00:00,3.297,3.13,9.4,12,-3,0,-2090,-2090,-2733.5168,2090,0,2.9,2.3,2.3
2025-08-26T13:18:00.000+00:00,3.297,3.13,9.5,14,-3,0,-2090,-2090,-2731.8336,2090,0,2.9,2.7,2.6
2025-08-26T13:19:00.000+00:00,3.297,3.13,9.4,12,-3,0,-2090,-2090,-2730.5712,2090,0,2.9,2.6,3.4
2025-08-26T13:20:00.000+00:00,3.297,3.129,9.5,12,-3,0,-2090,-2090,-2733.096,2090,0,2.6,3.1,2.5
2025-08-26T13:21:00.000+00:00,3.297,3.129,9.3,12,-3,0,-2090,-2090,-2730.992,2090,0,3.4,3,2.9
2025-08-26T13:22:00.000+00:00,3.297,3.129,9.4,12,-3,0,-2090,-2090,-2732.6752,2090,0,2.5,2.7,2.7
2025-08-26T13:23:00.000+00:00,3.297,3.129,9.3,12,-3,0,-2090,-2090,-2729.7296,2090,0,2.2,2.5,2.8
2025-08-26T13:24:00.000+00:00,3.297,3.129,9.4,14,-3,0,-2090,-2090,-2730.992,2090,0,2.8,2.6,2.8
2025-08-26T13:25:00.000+00:00,3.297,3.128,9.5,14,-3,0,-2090,-2090,-2730.5712,2090,0,2.7,3,2.8
2025-08-26T13:26:00.000+00:00,3.297,3.128,9.6,12,-2,0,-2090,-2090,-2729.3088,2090,0,2.4,2.6,2.9
2025-08-26T13:27:00.000+00:00,3.297,3.128,9.5,12,-3,0,-2090,-2090,-2729.7296,2090,0,2.6,3,3
2025-08-26T13:28:00.000+00:00,3.297,3.128,9.6,16,-2,0,-2090,-2090,-2739.408,2090,0,2.7,3.3,2.8
2025-08-26T13:29:00.000+00:00,3.297,3.127,9.6,12,-2,0,-2090,-2090,-2750.3488,2090,0,2.6,2.4,3.5
2025-08-26T13:30:00.000+00:00,3.297,3.127,9.5,16,-2,0,-2090,-2090,-2749.928,2090,0,3.5,2.9,3.1
2025-08-26T13:31:00.000+00:00,3.297,3.127,9.7,14,-3,0,-2090,-2090,-2750.3488,2090,0,2.5,2.7,2.5
2025-08-26T13:32:00.000+00:00,3.297,3.127,9.6,12,-4,0,-2090,-2090,-2749.5072,2090,0,3,2.7,3.6
2025-08-26T13:33:00.000+00:00,3.297,3.127,9.7,14,-3,0,-2090,-2090,-2749.928,2090,0,2.7,3.4,3.1
2025-08-26T13:34:00.000+00:00,3.297,3.127,9.6,14,-2,0,-2090,-2090,-2749.928,2090,0,2.9,2.4,3.4
2025-08-26T13:35:00.000+00:00,3.297,3.126,9.6,14,-2,0,-2090,-2090,-2749.928,2090,0,2.4,3,3.1
2025-08-26T13:36:00.000+00:00,3.297,3.126,9.7,16,-2,0,-2090,-2090,-2749.928,2090,0,2.3,3.6,2.8
2025-08-26T13:37:00.000+00:00,3.297,3.125,9.5,16,-2,0,-2090,-2090,-2749.928,2090,0,2.4,2.6,2.9
2025-08-26T13:38:00.000+00:00,3.297,3.126,9.5,14,-2,0,-2090,-2090,-2749.928,2090,0,2.8,3.9,3.2
2025-08-26T13:39:00.000+00:00,3.297,3.125,9.7,14,-2,0,-2090,-2090,-2750.3488,2090,0,2.4,2.8,2.4
2025-08-26T13:40:00.000+00:00,3.297,3.125,9.8,14,-2,0,-2090,-2090,-2749.928,2090,0,2.6,2.3,3.2
2025-08-26T13:41:00.000+00:00,3.297,3.125,9.6,14,-2,0,-2090,-2090,-2749.5072,2090,0,3.2,2.8,3
2025-08-26T13:42:00.000+00:00,3.297,3.125,9.6,14,-3,0,-2090,-2090,-2749.5072,2090,0,2.7,2.7,3
2025-08-26T13:43:00.000+00:00,3.297,3.125,9.7,14,-2,0,-2090,-2090,-2749.5072,2090,0,2.5,3.1,3.2
2025-08-26T13:44:00.000+00:00,3.296,3.124,9.8,14,-2,0,-2090,-2090,-2749.928,2090,0,2.5,2.5,2.8
2025-08-26T13:45:00.000+00:00,3.297,3.124,9.7,14,-2,0,-2090,-2090,-2749.928,2090,0,2.5,2.8,2.9
2025-08-26T13:46:00.000+00:00,3.296,3.124,9.7,14,-2,0,-2090,-2090,-2749.0864,2090,0,2.6,2.9,2.7
2025-08-26T13:47:00.000+00:00,3.297,3.124,9.7,14,-2,0,-2090,-2090,-2749.5072,2090,0,2.8,3.7,2.6
2025-08-26T13:48:00.000+00:00,3.297,3.124,9.6,14,-3,0,-2090,-2090,-2749.5072,2090,0,2.9,2.8,2.9
2025-08-26T13:49:00.000+00:00,3.297,3.123,9.6,14,-2,0,-2090,-2090,-2749.0864,2090,0,2.6,2.8,2.4
2025-08-26T13:50:00.000+00:00,3.297,3.123,9.9,16,-1,0,-2090,-2090,-2749.0864,2090,0,2.8,3.4,2.6
2025-08-26T13:51:00.000+00:00,3.297,3.123,9.8,16,-2,0,-2090,-2090,-2749.0864,2090,0,2.3,2.7,2.4
2025-08-26T13:52:00.000+00:00,3.297,3.123,9.9,16,-2,0,-2090,-2090,-2749.5072,2090,0,2.8,3.1,2.8
2025-08-26T13:53:00.000+00:00,3.297,3.123,9.6,16,-2,0,-2090,-2090,-2749.928,2090,0,3.3,2.7,2.9
2025-08-26T13:54:00.000+00:00,3.297,3.122,9.9,12,-2,0,-2090,-2090,-2749.0864,2090,0,3,2.9,2.4
2025-08-26T13:55:00.000+00:00,3.297,3.122,9.6,14,-3,0,-2090,-2090,-2749.5072,2090,0,2.6,2.7,3.5
2025-08-26T13:56:00.000+00:00,3.297,3.122,9.7,12,-2,0,-2090,-2090,-2749.0864,2090,0,2.7,2.6,2.7
2025-08-26T13:57:00.000+00:00,3.297,3.121,9.6,14,-2,0,-2090,-2090,-2749.5072,2090,0,2.6,3.1,2.8
2025-08-26T13:58:00.000+00:00,3.297,3.121,9.7,14,-2,0,-2090,-2090,-2749.5072,2090,0,2.7,3.4,2.7
2025-08-26T13:59:00.000+00:00,3.297,3.121,9.6,14,-2,0,-2090,-2090,-2749.5072,2090,0,2.7,3.2,2.8
2025-08-26T14:00:00.000+00:00,3.297,3.121,9.5,16,-2,0,-2090,-2090,-2749.928,2090,0,3.8,3.4,3.1
2025-08-26T14:01:00.000+00:00,3.297,3.121,9.6,14,-2,0,-2090,-2090,-2749.5072,2090,0,2.8,3,3.4
2025-08-26T14:02:00.000+00:00,3.297,3.12,9.7,16,-2,0,-2090,-2090,-2749.5072,2090,0,2.5,2.7,3.2
2025-08-26T14:03:00.000+00:00,3.297,3.121,9.6,14,-4,0,-2090,-2090,-2749.5072,2090,0,2.8,2.5,3.3
2025-08-26T14:04:00.000+00:00,3.297,3.12,9.8,14,-2,0,-2090,-2090,-2749.0864,2090,0,3,3.1,2.7
2025-08-26T14:05:00.000+00:00,3.297,3.12,9.7,14,-4,0,-2090,-2090,-2749.928,2090,0,2.9,2.9,2.7
2025-08-26T14:06:00.000+00:00,3.297,3.12,9.8,14,-2,0,-2090,-2090,-2749.928,2090,0,2.6,3,3
2025-08-26T14:07:00.000+00:00,3.297,3.119,9.8,14,-4,0,-2090,-2090,-2749.0864,2090,0,2.4,3.2,2.9
2025-08-26T14:08:00.000+00:00,3.297,3.119,9.6,18,-2,0,-2090,-2090,-2749.5072,2090,0,2.8,3.1,2.5
2025-08-26T14:09:00.000+00:00,3.297,3.119,9.9,14,-4,0,-2090,-2090,-2749.0864,2090,0,2.5,2.7,2.7
2025-08-26T14:10:00.000+00:00,3.297,3.119,9.7,14,-2,0,-2090,-2090,-2749.0864,2090,0,2.7,3.2,3.5
2025-08-26T14:11:00.000+00:00,3.297,3.117,9.6,14,-2,0,-2090,-2090,-2749.5072,2090,0,2.3,2.5,2.8
2025-08-26T14:12:00.000+00:00,3.297,3.118,9.7,14,-2,0,-2090,-2090,-2749.5072,2090,0,2.8,3.1,3
2025-08-26T14:13:00.000+00:00,3.297,3.118,9.8,14,-2,0,-2090,-2090,-2748.6656,2090,0,2.9,2.4,2.5
2025-08-26T14:14:00.000+00:00,3.297,3.118,9.6,12,-2,0,-2090,-2090,-2748.6656,2090,0,2.3,2.8,2.5
2025-08-26T14:15:00.000+00:00,3.297,3.118,9.6,14,-2,0,-2090,-2090,-2749.0864,2090,0,3.5,3.7,2.8
2025-08-26T14:16:00.000+00:00,3.297,3.117,9.6,14,-2,0,-2090,-2090,-2749.5072,2090,0,2.5,3,3.5
2025-08-26T14:17:00.000+00:00,3.297,3.117,9.5,14,-2,0,-2090,-2090,-2749.928,2090,0,2.8,3.1,3.5
2025-08-26T14:18:00.000+00:00,3.297,3.117,9.8,14,-1,0,-2090,-2090,-2749.928,2090,0,3,3.4,2.8
2025-08-26T14:19:00.000+00:00,3.297,3.117,9.7,16,-1,0,-2090,-2090,-2749.928,2090,0,2.8,2.8,2.9
2025-08-26T14:20:00.000+00:00,3.297,3.116,9.7,14,-2,0,-2090,-2090,-2749.5072,2090,0,2.6,3.2,3.3
2025-08-26T14:21:00.000+00:00,3.297,3.116,9.8,14,-2,0,-2090,-2090,-2749.928,2090,0,2.8,2.3,3
2025-08-26T14:22:00.000+00:00,3.297,3.116,9.5,14,-2,0,-2090,-2090,-2749.0864,2090,0,2.6,2.6,2.8
2025-08-26T14:23:00.000+00:00,3.297,3.116,9.8,14,-2,0,-2090,-2090,-2749.928,2090,0,3,3.4,3.8
2025-08-26T14:24:00.000+00:00,3.297,3.116,9.8,14,-2,0,-2090,-2090,-2748.6656,2090,0,2.7,3.3,2.8
2025-08-26T14:25:00.000+00:00,3.297,3.116,9.8,13,-2,0,-2090,-2090,-2748.2448,2090,0,3.1,2.9,3.1
2025-08-26T14:26:00.000+00:00,3.297,3.115,9.7,14,-2,0,-2090,-2090,-2748.6656,2090,0,3.1,3,2.7
2025-08-26T14:27:00.000+00:00,3.297,3.115,9.7,14,-2,0,-2090,-2090,-2749.0864,2090,0,3.1,3.7,2.8
2025-08-26T14:28:00.000+00:00,3.297,3.115,9.8,14,-1,0,-2090,-2090,-2748.2448,2090,0,3,2.9,2.5
2025-08-26T14:29:00.000+00:00,3.297,3.115,9.8,14,-2,0,-2090,-2090,-2748.6656,2090,0,2.4,2.9,3
2025-08-26T14:30:00.000+00:00,3.297,3.114,9.6,14,-2,0,-2090,-2090,-2748.6656,2090,0,3.2,2.6,3.1
2025-08-26T14:31:00.000+00:00,3.297,3.114,9.7,14,-2,0,-2090,-2090,-2748.6656,2090,0,2.8,2.5,2.8
2025-08-26T14:32:00.000+00:00,3.297,3.114,9.8,13,-2,0,-2090,-2090,-2749.5072,2090,0,2.5,3,3.1
2025-08-26T14:33:00.000+00:00,3.297,3.114,9.5,13,-2,0,-2090,-2090,-2749.0864,2090,0,3.2,2.8,2.8
2025-08-26T14:34:00.000+00:00,3.297,3.114,9.6,13,-2,0,-2090,-2090,-2746.1408,2090,0,2.1,3.7,2.8
2025-08-26T14:35:00.000+00:00,3.297,3.113,9.5,15,-1,0,-2090,-2090,-2748.6656,2090,0,3.6,3.2,2.7
2025-08-26T14:36:00.000+00:00,3.297,3.113,9.5,15,-1,0,-2090,-2090,-2748.6656,2090,0,2.8,3.9,2.4
2025-08-26T14:37:00.000+00:00,3.297,3.112,9.4,13,-2,0,-2090,-2090,-2749.0864,2090,0,2.4,3.2,3.7
2025-08-26T14:38:00.000+00:00,3.297,3.113,9.7,13,-3,0,-2090,-2090,-2748.6656,2090,0,2.5,2.9,3.8
2025-08-26T14:39:00.000+00:00,3.297,3.112,9.7,13,-2,0,-2090,-2090,-2748.6656,2090,0,3.5,3.5,3.2
2025-08-26T14:40:00.000+00:00,3.297,3.112,9.9,15,-2,0,-2090,-2090,-2749.0864,2090,0,2.9,2.9,2.8
2025-08-26T14:41:00.000+00:00,3.297,3.112,9.7,13,-2,0,-2090,-2090,-2748.6656,2090,0,3.4,3.6,2.8
2025-08-26T14:42:00.000+00:00,3.297,3.111,9.8,13,-3,0,-2090,-2090,-2748.6656,2090,0,3.3,2.7,3.5
2025-08-26T14:43:00.000+00:00,3.297,3.111,9.6,15,-2,0,-2090,-2090,-2748.6656,2090,0,2.8,3.1,2.5
2025-08-26T14:44:00.000+00:00,3.297,3.111,9.9,13,-2,0,-2090,-2090,-2748.6656,2090,0,2.7,2.9,3.2
2025-08-26T14:45:00.000+00:00,3.297,3.111,9.9,13,-1,0,-2090,-2090,-2747.824,2090,0,3.5,2.9,3.6
2025-08-26T14:46:00.000+00:00,3.297,3.111,9.8,13,-1,0,-2090,-2090,-2748.2448,2090,0,3,3,3
2025-08-26T14:47:00.000+00:00,3.297,3.11,9.9,15,-2,0,-2090,-2090,-2748.2448,2090,0,3.6,3.4,3.1
2025-08-26T14:48:00.000+00:00,3.297,3.11,10,13,-3,0,-2090,-2090,-2748.6656,2090,0,2.5,3,4.1
2025-08-26T14:49:00.000+00:00,3.297,3.11,9.6,13,-2,0,-2090,-2090,-2748.2448,2090,0,3.1,3.3,3.7
2025-08-26T14:50:00.000+00:00,3.297,3.11,9.5,15,-2,0,-2090,-2090,-2747.824,2090,0,2.9,3.2,3.5
2025-08-26T14:51:00.000+00:00,3.297,3.109,9.6,15,-2,0,-2090,-2090,-2749.0864,2090,0,3.2,2.8,2.7
2025-08-26T14:52:00.000+00:00,3.297,3.109,9.6,15,-2,0,-2090,-2090,-2748.2448,2090,0,3,2.9,3.3
2025-08-26T14:53:00.000+00:00,3.297,3.109,9.8,15,-2,0,-2090,-2090,-2748.2448,2090,0,2.8,3.2,3.1
2025-08-26T14:54:00.000+00:00,3.297,3.109,9.7,13,-2,0,-2090,-2090,-2748.2448,2090,0,3.1,3.3,2.7
2025-08-26T14:55:00.000+00:00,3.297,3.108,10,13,-2,0,-2090,-2090,-2748.6656,2090,0,2.4,2.8,2.8
2025-08-26T14:56:00.000+00:00,3.297,3.108,9.7,15,-4,0,-2090,-2090,-2748.2448,2090,0,3.4,2.8,2.9
2025-08-26T14:57:00.000+00:00,3.297,3.108,9.7,13,-3,0,-2090,-2090,-2748.2448,2090,0,2.4,2.9,2.7
2025-08-26T14:58:00.000+00:00,3.297,3.108,9.9,15,-1,0,-2090,-2090,-2747.824,2090,0,3.2,4.7,3.4
2025-08-26T14:59:00.000+00:00,3.297,3.107,9.8,13,-3,0,-2090,-2090,-2747.824,2090,0,3.5,3.2,3.2
2025-08-26T15:00:00.000+00:00,3.297,3.107,9.7,13,-2,0,-2090,-2090,-2747.824,2090,0,2.9,3.3,3.2
2025-08-26T15:01:00.000+00:00,3.297,3.107,10,17,-2,0,-2090,-2090,-2748.2448,2090,0,3.1,3.2,2.7
2025-08-26T15:02:00.000+00:00,3.297,3.107,9.8,13,-1,0,-2090,-2090,-2747.824,2090,0,3.6,3.4,2.9
2025-08-26T15:03:00.000+00:00,3.297,3.106,9.8,15,-3,0,-2090,-2090,-2747.4032,2090,0,4.4,3.1,2.6
2025-08-26T15:04:00.000+00:00,3.297,3.106,9.7,13,-3,0,-2090,-2090,-2747.4032,2090,0,2.5,3.1,3.1
2025-08-26T15:05:00.000+00:00,3.297,3.106,9.7,17,-1,0,-2090,-2090,-2747.4032,2090,0,4.7,3.3,4
2025-08-26T15:06:00.000+00:00,3.297,3.106,9.8,13,0,0,-2090,-2090,-2746.5616,2090,0,3.2,3.2,4
2025-08-26T15:07:00.000+00:00,3.297,3.106,10.2,15,-2,0,-2090,-2090,-2747.4032,2090,0,3,3.4,2.7
2025-08-26T15:08:00.000+00:00,3.297,3.105,9.8,15,-2,0,-2090,-2090,-2747.824,2090,0,3,3,3.6
2025-08-26T15:09:00.000+00:00,3.297,3.105,9.7,13,-1,0,-2090,-2090,-2748.2448,2090,0,3.5,2.7,2.8
2025-08-26T15:10:00.000+00:00,3.297,3.105,9.7,15,-2,0,-2090,-2090,-2748.2448,2090,0,2.6,3.4,2.3
2025-08-26T15:11:00.000+00:00,3.297,3.104,9.9,15,-1,0,-2090,-2090,-2748.6656,2090,0,3.8,3.7,3.3
2025-08-26T15:12:00.000+00:00,3.297,3.104,9.7,13,-2,0,-2090,-2090,-2747.824,2090,0,2.8,3,3.1
2025-08-26T15:13:00.000+00:00,3.297,3.104,9.8,13,-2,0,-2090,-2090,-2747.824,2090,0,3.2,2.7,3.7
2025-08-26T15:14:00.000+00:00,3.297,3.104,9.7,15,-1,0,-2090,-2090,-2747.824,2090,0,3.1,3.8,3.2
2025-08-26T15:15:00.000+00:00,3.297,3.104,9.7,15,0,0,-2090,-2090,-2746.9824,2090,0,2.2,4.3,3.1
2025-08-26T15:16:00.000+00:00,3.297,3.103,9.8,17,-1,0,-2090,-2090,-2747.4032,2090,0,3,3.1,3.8
2025-08-26T15:17:00.000+00:00,3.297,3.103,9.6,17,-4,0,-2090,-2090,-2746.1408,2090,0,3.4,3.8,3.3
2025-08-26T15:18:00.000+00:00,3.296,3.103,9.7,15,-1,0,-2090,-2090,-2747.4032,2090,0,3.6,4.2,3.1
2025-08-26T15:19:00.000+00:00,3.297,3.103,9.7,15,-2,0,-2090,-2090,-2747.4032,2090,0,3.2,3.9,3
2025-08-26T15:20:00.000+00:00,3.297,3.102,9.7,15,-2,0,-2090,-2090,-2746.9824,2090,0,3.2,3.3,3.7
2025-08-26T15:21:00.000+00:00,3.297,3.102,9.6,13,-2,0,-2090,-2090,-2747.4032,2090,0,3,3.2,2.9
2025-08-26T15:22:00.000+00:00,3.297,3.102,9.9,13,-1,0,-2090,-2090,-2747.4032,2090,0,2.6,3.2,3.3
2025-08-26T15:23:00.000+00:00,3.297,3.102,9.6,15,-2,0,-2090,-2090,-2747.4032,2090,0,3,2.8,3.9
2025-08-26T15:24:00.000+00:00,3.297,3.102,9.8,13,-1,0,-2090,-2090,-2747.4032,2090,0,2.8,3.9,3.3
2025-08-26T15:25:00.000+00:00,3.297,3.101,9.8,15,-1,0,-2090,-2090,-2747.824,2090,0,3.4,4,4.1
2025-08-26T15:26:00.000+00:00,3.297,3.101,9.6,17,-1,0,-2090,-2090,-2747.4032,2090,0,3.6,3.2,3.4
2025-08-26T15:27:00.000+00:00,3.297,3.101,9.8,15,-2,0,-2090,-2090,-2746.9824,2090,0,3.8,3.4,3.6
2025-08-26T15:28:00.000+00:00,3.297,3.101,9.8,15,-1,0,-2090,-2090,-2747.4032,2090,0,4.2,2.9,3.2
2025-08-26T15:29:00.000+00:00,3.297,3.1,9.9,15,-2,0,-2090,-2090,-2747.824,2090,0,2.9,3.6,2.8
2025-08-26T15:30:00.000+00:00,3.297,3.1,9.7,15,-1,0,-2090,-2090,-2746.5616,2090,0,3.7,3.1,3.1
2025-08-26T15:31:00.000+00:00,3.297,3.1,9.6,15,-2,0,-2090,-2090,-2747.4032,2090,0,2.6,2.9,3
2025-08-26T15:32:00.000+00:00,3.297,3.1,9.8,17,-3,0,-2090,-2090,-2747.4032,2090,0,3.2,2.9,3.2
2025-08-26T15:33:00.000+00:00,3.297,3.099,9.9,15,-1,0,-2090,-2090,-2747.4032,2090,0,2.8,3.1,3.5
2025-08-26T15:34:00.000+00:00,3.297,3.099,13.8,19,-1,0,-2090,-2090,-631.2,2090,0,3,3.7,4.6
2025-08-26T15:35:00.000+00:00,3.297,3.099,13.9,19,-3,0,-2090,-2090,-631.2,2090,0,3,4.4,4.5
2025-08-26T15:36:00.000+00:00,3.297,3.098,14.1,17,-2,0,-2090,-2090,-631.2,2090,0,3,4.2,5.6
2025-08-26T15:37:00.000+00:00,3.297,3.098,14.1,15,-2,0,-2090,-2090,-631.2,2090,0,3,5.1,4.7
2025-08-26T15:38:00.000+00:00,3.297,3.097,14.1,17,-1,0,-2090,-2090,-631.2,2090,0,3,4.3,4.2
2025-08-26T15:39:00.000+00:00,3.297,3.097,14.2,17,-2,0,-2090,-2090,-631.2,2090,0,0,5.4,4.1
2025-08-26T15:40:00.000+00:00,3.297,3.097,14.1,17,-2,0,-2090,-2090,-631.2,2090,0,0,4.2,4.2
2025-08-26T15:41:00.000+00:00,3.297,3.096,14,19,-2,0,-2090,-2090,-631.2,2090,0,0,4.3,4.1
2025-08-26T15:42:00.000+00:00,3.297,3.096,13.9,19,-2,0,-2090,-2090,-631.2,2090,0,0,4.7,5.5
2025-08-26T15:43:00.000+00:00,3.297,3.095,14.1,17,-2,0,-2090,-2090,-631.2,2090,0,0,4.4,3.8
2025-08-26T15:44:00.000+00:00,3.297,3.095,14.2,19,-1,0,-2090,-2090,-631.2,2090,0,0,4.2,4.1
2025-08-26T15:45:00.000+00:00,3.297,3.094,14.1,19,-2,0,-2090,-2090,-631.2,2090,0,0,4.7,4.4
2025-08-26T15:46:00.000+00:00,3.297,3.093,14,17,-1,0,-2090,-2090,-631.2,2090,0,0,4.2,4.8
2025-08-26T15:47:00.000+00:00,3.297,3.093,14,15,-2,0,-2090,-2090,-631.2,2090,0,0,5.8,4.9
2025-08-26T15:48:00.000+00:00,3.297,3.093,14.2,17,-3,0,-2090,-2090,-631.2,2090,0,0,5,4.2
2025-08-26T15:49:00.000+00:00,3.297,3.093,14,17,-4,0,-2090,-2090,-631.2,2090,0,0,4.4,4.2
2025-08-26T15:50:00.000+00:00,3.297,3.092,14.2,17,-1,0,-2090,-2090,-631.2,2090,0,0,4.3,4.2
2025-08-26T15:51:00.000+00:00,3.297,3.092,14.1,15,-3,0,-2090,-2090,-631.2,2090,0,0,4.7,4.3
2025-08-26T15:52:00.000+00:00,3.297,3.092,14.3,19,-2,0,-2090,-2090,-631.2,2090,0,0,4.3,4.4
2025-08-26T15:53:00.000+00:00,3.297,3.091,14.1,19,-2,0,-2090,-2090,-631.2,2090,0,0,4.4,4.1
2025-08-26T15:54:00.000+00:00,3.297,3.091,14.4,19,-1,0,-2090,-2090,-631.2,2090,0,0,4.5,4.2
2025-08-26T15:55:00.000+00:00,3.297,3.09,14.1,17,-3,0,-2090,-2090,-631.2,2090,0,0,4.9,5.2
2025-08-26T15:56:00.000+00:00,3.297,3.09,14.5,19,-2,0,-2090,-2090,-631.2,2090,0,0,4.2,3.9
2025-08-26T15:57:00.000+00:00,3.297,3.09,14.2,17,-1,0,-2090,-2090,-631.2,2090,0,0,4.5,4.3
2025-08-26T15:58:00.000+00:00,3.297,3.089,13.9,17,-2,0,-2090,-2090,-631.2,2090,0,0,3.7,4.1
2025-08-26T15:59:00.000+00:00,3.297,3.089,14.1,19,-2,0,-2090,-2090,-631.2,2090,0,0,4.8,4.2
2025-08-26T16:00:00.000+00:00,3.297,3.088,14.1,17,-2,0,-2090,-2090,-631.2,2090,0,0,4.9,4.7
2025-08-26T16:01:00.000+00:00,3.297,3.088,13.9,19,-2,0,-2090,-2090,-631.2,2090,0,0,4.6,5.2
2025-08-26T16:02:00.000+00:00,3.298,3.088,14,17,-2,0,-2090,-2090,-631.2,2090,0,0,4.2,6.5
2025-08-26T16:03:00.000+00:00,3.298,3.087,14.2,15,-2,0,-2090,-2090,-631.2,2090,0,0,5.2,4.7
2025-08-26T16:04:00.000+00:00,3.298,3.087,14.2,15,-1,0,-2090,-2090,-631.2,2090,0,0,4.3,4
2025-08-26T16:05:00.000+00:00,3.298,3.086,14,17,-2,0,-2090,-2090,-631.2,2090,0,0,5.9,4.5
2025-08-26T16:06:00.000+00:00,3.298,3.086,14.2,19,-2,0,-2090,-2090,-631.2,2090,0,0,4.8,4.5
2025-08-26T16:07:00.000+00:00,3.298,3.086,14.3,15,-3,0,-2090,-2090,-631.2,2090,0,0,4.3,4.7
2025-08-26T16:08:00.000+00:00,3.298,3.085,14.1,19,-2,0,-2090,-2090,-631.2,2090,0,0,4.6,4.4
2025-08-26T16:09:00.000+00:00,3.298,3.085,14.1,19,-3,0,-2090,-2090,-631.2,2090,0,0,4.6,5.3
2025-08-26T16:10:00.000+00:00,3.298,3.084,14.2,17,-2,0,-2090,-2090,-631.2,2090,0,0,4.4,4.3
2025-08-26T16:11:00.000+00:00,3.298,3.084,14,15,-2,0,-2090,-2090,-631.2,2090,0,0,4.5,4.1
2025-08-26T16:12:00.000+00:00,3.298,3.084,14.2,19,-3,0,-2090,-2090,-631.2,2090,0,0,4.4,5.4
2025-08-26T16:13:00.000+00:00,3.298,3.083,14.4,17,-2,0,-2090,-2090,-631.2,2090,0,0,4.8,5
2025-08-26T16:14:00.000+00:00,3.298,3.083,14.3,19,-2,0,-2090,-2090,-631.2,2090,0,0,4,5.1
2025-08-26T16:15:00.000+00:00,3.298,3.083,14.1,19,-3,0,-2090,-2090,-631.2,2090,0,0,4.8,3.8
2025-08-26T16:16:00.000+00:00,3.298,3.082,14.2,19,-2,0,-2090,-2090,-631.2,2090,0,0,4,4.5
2025-08-26T16:17:00.000+00:00,3.298,3.081,14.1,15,-2,0,-2090,-2090,-631.2,2090,0,0,5.1,3.9
2025-08-26T16:18:00.000+00:00,3.298,3.081,14.3,15,-3,0,-2090,-2090,-631.2,2090,0,0,4.5,4.4
2025-08-26T16:19:00.000+00:00,3.298,3.081,14.1,17,-3,0,-2090,-2090,-631.2,2090,0,0,4.5,4.3
2025-08-26T16:20:00.000+00:00,3.298,3.08,14.3,15,-2,0,-2090,-2090,-631.2,2090,0,0,4.1,5.3
2025-08-26T16:21:00.000+00:00,3.298,3.08,14.2,19,-2,0,-2090,-2090,-631.2,2090,0,0,4.2,4.9
2025-08-26T16:22:00.000+00:00,3.298,3.079,14.1,17,-2,0,-2090,-2090,-631.2,2090,0,0,5.1,4.8
2025-08-26T16:23:00.000+00:00,3.298,3.079,14,15,-2,0,-2090,-2090,-631.2,2090,0,0,4.1,4
2025-08-26T16:24:00.000+00:00,3.298,3.079,14.1,21,-2,0,-2090,-2090,-631.2,2090,0,0,4.4,4.8
2025-08-26T16:25:00.000+00:00,3.298,3.078,14.1,17,-2,0,-2090,-2090,-631.2,2090,0,0,4.6,4.4
2025-08-26T16:26:00.000+00:00,3.298,3.078,14.4,15,-2,0,-2090,-2090,-631.2,2090,0,0,4.8,4.9
2025-08-26T16:27:00.000+00:00,3.298,3.077,14.3,17,-2,0,-2090,-2090,-631.2,2090,0,0,4.7,4.7
2025-08-26T16:28:00.000+00:00,3.298,3.077,14,15,-2,0,-2090,-2090,-631.2,2090,0,0,5.2,4.2
2025-08-26T16:29:00.000+00:00,3.298,3.077,14.1,17,-3,0,-2090,-2090,-631.2,2090,0,0,5,4.2
2025-08-26T16:30:00.000+00:00,3.298,3.076,14.2,17,-2,0,-2090,-2090,-631.2,2090,0,0,4.1,4.2
2025-08-26T16:31:00.000+00:00,3.298,3.076,14.2,17,-2,0,-2090,-2090,-631.2,2090,0,0,4.8,4.9
2025-08-26T16:32:00.000+00:00,3.298,3.075,14.4,19,-3,0,-2090,-2090,-631.2,2090,0,0,4.9,4.3
2025-08-26T16:33:00.000+00:00,3.298,3.075,14,17,-2,0,-2090,-2090,-631.2,2090,0,0,3.9,4.4
2025-08-26T16:34:00.000+00:00,3.298,3.075,14.2,19,-2,0,-2090,-2090,-631.2,2090,0,0,4.6,4
2025-08-26T16:35:00.000+00:00,3.298,3.074,14.2,19,-2,0,-2090,-2090,-631.2,2090,0,0,4.5,4.5
2025-08-26T16:36:00.000+00:00,3.298,3.074,14.4,15,-2,0,-2090,-2090,-631.2,2090,0,0,4.4,4.9
2025-08-26T16:37:00.000+00:00,3.298,3.074,14.1,19,-2,0,-2090,-2090,-631.2,2090,0,0,4.9,5.5
2025-08-26T16:38:00.000+00:00,3.298,3.073,14.2,17,-2,0,-2090,-2090,-631.2,2090,0,0,4.3,4.6
2025-08-26T16:39:00.000+00:00,3.298,3.073,14.2,15,-2,0,-2090,-2090,-631.2,2090,0,0,4.4,4.7
2025-08-26T16:40:00.000+00:00,3.298,3.073,14.2,17,-3,0,-2090,-2090,-631.2,2090,0,0,4,4
2025-08-26T16:41:00.000+00:00,3.298,3.072,14.2,19,-2,0,-2090,-2090,-631.2,2090,0,0,5.3,4
2025-08-26T16:42:00.000+00:00,3.298,3.072,14.1,17,-1,0,-2090,-2090,-631.2,2090,0,0,4.3,4.1
2025-08-26T16:43:00.000+00:00,3.298,3.071,14.2,19,-1,0,-2090,-2090,-631.2,2090,0,0,5,4
2025-08-26T16:44:00.000+00:00,3.298,3.071,14.3,15,-2,0,-2090,-2090,-631.2,2090,0,0,4.5,4.8
2025-08-26T16:45:00.000+00:00,3.298,3.07,14.1,15,-3,0,-2090,-2090,-631.2,2090,0,0,4.4,5.4
2025-08-26T16:46:00.000+00:00,3.298,3.07,14.1,15,-2,0,-2090,-2090,-631.2,2090,0,0,4.9,4.9
2025-08-26T16:47:00.000+00:00,3.298,3.07,14,13,-2,0,-2090,-2090,-631.2,2090,0,0,4.7,4.7
2025-08-26T16:48:00.000+00:00,3.298,3.069,14.2,19,-2,0,-2090,-2090,-631.2,2090,0,0,4.5,4
2025-08-26T16:49:00.000+00:00,3.298,3.069,14.2,19,-2,0,-2090,-2090,-631.2,2090,0,0,4.2,4.8
2025-08-26T16:50:00.000+00:00,3.298,3.068,14.2,19,-2,0,-2090,-2090,-631.2,2090,0,0,4.7,4
2025-08-26T16:51:00.000+00:00,3.298,3.068,14.2,15,-2,0,-2090,-2090,-631.2,2090,0,0,4.4,4.1
2025-08-26T16:52:00.000+00:00,3.298,3.067,14.3,15,-2,0,-2090,-2090,-631.2,2090,0,0,4.2,4.5
2025-08-26T16:53:00.000+00:00,3.298,3.067,14.1,17,-3,0,-2090,-2090,-631.2,2090,0,0,4.2,4.6
2025-08-26T16:54:00.000+00:00,3.298,3.067,14.2,15,-2,0,-2090,-2090,-631.2,2090,0,0,4.5,5.3
2025-08-26T16:55:00.000+00:00,3.298,3.066,14.1,15,-3,0,-2090,-2090,-631.2,2090,0,0,5.7,4.6
2025-08-26T16:56:00.000+00:00,3.298,3.066,14.3,19,-2,0,-2090,-2090,-631.2,2090,0,0,4.6,4.2
2025-08-26T16:57:00.000+00:00,3.298,3.065,14.2,15,-2,0,-2090,-2090,-631.2,2090,0,0,4.8,4.4
2025-08-26T16:58:00.000+00:00,3.298,3.065,14.1,15,-2,0,-2090,-2090,-631.2,2090,0,0,5.2,4.4
2025-08-26T16:59:00.000+00:00,3.298,3.064,14.4,17,-2,0,-2090,-2090,-631.2,2090,0,0,4.8,4.6
2025-08-26T17:00:00.000+00:00,3.298,3.064,14.3,17,-2,0,-2090,-2090,-631.2,2090,0,0,5.6,4.2
2025-08-26T17:01:00.000+00:00,3.298,3.063,14.3,17,-2,0,-2090,-2090,-631.2,2090,0,0,4.2,5.1
2025-08-26T17:02:00.000+00:00,3.298,3.063,14.2,15,-2,0,-2090,-2090,-631.2,2090,0,0,4.8,4.5
2025-08-26T17:03:00.000+00:00,3.298,3.063,14.3,17,-2,0,-2090,-2090,-631.2,2090,0,0,5.1,3.9
2025-08-26T17:04:00.000+00:00,3.298,3.063,14.1,19,-2,0,-2090,-2090,-631.2,2090,0,0,5.2,4.3
2025-08-26T17:05:00.000+00:00,3.298,3.062,14.1,17,-2,0,-2090,-2090,-631.2,2090,0,0,5,4.1
2025-08-26T17:06:00.000+00:00,3.298,3.061,14.2,19,-2,0,-2090,-2090,-631.2,2090,0,0,5.2,5.1
2025-08-26T17:07:00.000+00:00,3.298,3.061,14,17,-2,0,-2090,-2090,-631.2,2090,0,0,5,3.9
2025-08-26T17:08:00.000+00:00,3.298,3.061,14.2,19,-2,0,-2090,-2090,-631.2,2090,0,0,4.9,4.5
2025-08-26T17:09:00.000+00:00,3.298,3.06,14.1,17,-2,0,-2090,-2090,-631.2,2090,0,0,5.3,4.1
2025-08-26T17:10:00.000+00:00,3.298,3.06,14.5,17,-3,0,-2090,-2090,-631.2,2090,0,0,4.2,4.6
2025-08-26T17:11:00.000+00:00,3.298,3.06,14.5,19,-2,0,-2090,-2090,-631.2,2090,0,0,4,4
2025-08-26T17:12:00.000+00:00,3.298,3.059,14.2,17,-2,0,-2090,-2090,-631.2,2090,0,0,4,4.5
2025-08-26T17:13:00.000+00:00,3.298,3.058,14.4,17,-2,0,-2090,-2090,-631.2,2090,0,0,4.9,4.6
2025-08-26T17:14:00.000+00:00,3.298,3.058,14.2,17,-2,0,-2090,-2090,-631.2,2090,0,0,4.4,4.5
2025-08-26T17:15:00.000+00:00,3.298,3.058,14.3,17,-3,0,-2090,-2090,-631.2,2090,0,0,4.7,4.4
2025-08-26T17:16:00.000+00:00,3.298,3.057,14.1,15,-2,0,-2090,-2090,-631.2,2090,0,0,4.4,3.9
2025-08-26T17:17:00.000+00:00,3.298,3.056,14.1,15,-2,0,-2090,-2090,-631.2,2090,0,0,4.9,4.7
2025-08-26T17:18:00.000+00:00,3.298,3.056,14.4,15,-2,0,-2090,-2090,-631.2,2090,0,0,5.6,4.3
2025-08-26T17:19:00.000+00:00,3.298,3.056,14.2,15,-3,0,-2090,-2090,-631.2,2090,0,0,4.6,4.7
2025-08-26T17:20:00.000+00:00,3.298,3.055,14.3,17,-2,0,-2090,-2090,-631.2,2090,0,0,4.4,4.5
2025-08-26T17:21:00.000+00:00,3.298,3.055,14.3,19,-2,0,-2090,-2090,-631.2,2090,0,0,4.3,4.2
2025-08-26T17:22:00.000+00:00,3.298,3.054,14.2,17,-3,0,-2090,-2090,-631.2,2090,0,0,4.8,4.3
2025-08-26T17:23:00.000+00:00,3.298,3.054,14.2,19,-3,0,-2090,-2090,-631.2,2090,0,0,4.7,4.9
2025-08-26T17:24:00.000+00:00,3.298,3.053,14.2,17,-3,0,-2090,-2090,-631.2,2090,0,0,4.4,4.3
2025-08-26T17:25:00.000+00:00,3.298,3.053,14.2,17,-2,0,-2090,-2090,-631.2,2090,0,0,4.7,5.1
2025-08-26T17:26:00.000+00:00,3.298,3.053,14.2,17,-2,0,-2090,-2090,-631.2,2090,0,0,4.9,4.2
2025-08-26T17:27:00.000+00:00,3.298,3.052,14.3,15,-2,0,-2090,-2090,-631.2,2090,0,0,4.6,5.7
2025-08-26T17:28:00.000+00:00,3.298,3.052,14.1,15,-3,0,-2090,-2090,-631.2,2090,0,0,4.7,4.5
2025-08-26T17:29:00.000+00:00,3.298,3.052,14.1,17,-2,0,-2090,-2090,-631.2,2090,0,0,5.5,4.5
2025-08-26T17:30:00.000+00:00,3.298,3.051,14.2,15,-3,0,-2090,-2090,-631.2,2090,0,0,5.1,6.2
2025-08-26T17:31:00.000+00:00,3.298,3.051,14.2,15,-2,0,-2090,-2090,-631.2,2090,0,0,4.2,4.1
2025-08-26T17:32:00.000+00:00,3.298,3.05,14,15,-3,0,-2090,-2090,-631.2,2090,0,0,4.6,4.5
2025-08-26T17:33:00.000+00:00,3.298,3.049,14,17,-3,0,-2090,-2090,-631.2,2090,0,0,4.4,4.4
2025-08-26T17:34:00.000+00:00,3.298,3.049,14.1,17,-2,0,-2090,-2090,-631.2,2090,0,0,4.4,3.6
2025-08-26T17:35:00.000+00:00,3.298,3.049,14.1,15,-2,0,-2090,-2090,-631.2,2090,0,0,4.5,4.5
2025-08-26T17:36:00.000+00:00,3.298,3.048,14.1,17,-2,0,-2090,-2090,-631.2,2090,0,0,4.3,5.3
2025-08-26T17:37:00.000+00:00,3.298,3.048,14.1,15,-3,0,-2090,-2090,-631.2,2090,0,0,4.1,4.7
2025-08-26T17:38:00.000+00:00,3.298,3.047,13.9,17,-3,0,-2090,-2090,-631.2,2090,0,0,4.6,4.1
2025-08-26T17:39:00.000+00:00,3.298,3.047,14.2,17,-3,0,-2090,-2090,-631.2,2090,0,0,4.5,4.2
2025-08-26T17:40:00.000+00:00,3.298,3.046,14,15,-3,0,-2090,-2090,-631.2,2090,0,0,4.3,4.5
2025-08-26T17:41:00.000+00:00,3.298,3.046,14.2,15,-2,0,-2090,-2090,-631.2,2090,0,0,4.2,4.8
2025-08-26T17:42:00.000+00:00,3.298,3.045,14.1,15,-2,0,-2090,-2090,-631.2,2090,0,0,4.5,5.7
2025-08-26T17:43:00.000+00:00,3.298,3.045,14,17,-3,0,-2090,-2090,-631.2,2090,0,0,4.2,3.8
2025-08-26T17:44:00.000+00:00,3.298,3.044,14,17,-2,0,-2090,-2090,-631.2,2090,0,0,4.6,5.2
2025-08-26T17:45:00.000+00:00,3.298,3.044,14,17,-2,0,-2090,-2090,-631.2,2090,0,0,4.3,4.4
2025-08-26T17:46:00.000+00:00,3.298,3.043,14,15,-2,0,-2090,-2090,-631.2,2090,0,0,4.6,5.1
2025-08-26T17:47:00.000+00:00,3.298,3.043,14.2,17,-3,0,-2090,-2090,-631.2,2090,0,0,4.4,4.1
2025-08-26T17:48:00.000+00:00,3.298,3.042,14,17,-2,0,-2090,-2090,-631.2,2090,0,0,4.2,4.4
2025-08-26T17:49:00.000+00:00,3.298,3.042,14.1,15,-3,0,-2090,-2090,-631.2,2090,0,0,4,5
2025-08-26T17:50:00.000+00:00,3.298,3.042,13.9,15,-3,0,-2090,-2090,-631.2,2090,0,0,4.2,4.6
2025-08-26T17:51:00.000+00:00,3.298,3.041,14.1,15,-2,0,-2090,-2090,-631.2,2090,0,0,4.9,5
2025-08-26T17:52:00.000+00:00,3.298,3.041,14,13,-2,0,-2090,-2090,-631.2,2090,0,0,4.6,4.2
2025-08-26T17:53:00.000+00:00,3.298,3.04,14.2,15,-2,0,-2090,-2090,-631.2,2090,0,0,4.8,4.2
2025-08-26T17:54:00.000+00:00,3.298,3.04,14.3,15,-3,0,-2090,-2090,-631.2,2090,0,0,4,4.4
2025-08-26T17:55:00.000+00:00,3.298,3.039,14.1,17,-3,0,-2090,-2090,-631.2,2090,0,0,4.6,4.2
2025-08-26T17:56:00.000+00:00,3.298,3.039,14,17,-4,0,-2090,-2090,-631.2,2090,0,0,5.1,4.6
2025-08-26T17:57:00.000+00:00,3.298,3.038,14.2,15,-3,0,-2090,-2090,-631.2,2090,0,0,4.5,4.4
2025-08-26T17:58:00.000+00:00,3.298,3.038,14,15,-2,0,-2090,-2090,-631.2,2090,0,0,5,4.8
2025-08-26T17:59:00.000+00:00,3.298,3.037,14,17,-2,0,-2090,-2090,-631.2,2090,0,0,4.6,4.6
2025-08-26T18:00:00.000+00:00,3.298,3.037,14.1,13,-2,0,-2090,-2090,-631.2,2090,0,0,4.5,4.7
2025-08-26T18:01:00.000+00:00,3.298,3.036,14.2,15,-3,0,-2090,-2090,-631.2,2090,0,0,4.9,5.2
2025-08-26T18:02:00.000+00:00,3.298,3.036,13.9,15,-3,0,-2090,-2090,-631.2,2090,0,0,4,4.6
2025-08-26T18:03:00.000+00:00,3.298,3.035,14.2,15,-2,0,-2090,-2090,-631.2,2090,0,0,5.1,5
2025-08-26T18:04:00.000+00:00,3.298,3.035,14.1,19,-3,0,-2090,-2090,-631.2,2090,0,0,5,5
2025-08-26T18:05:00.000+00:00,3.298,3.035,14.1,15,-3,0,-2090,-2090,-631.2,2090,0,0,4.1,4.7
2025-08-26T18:06:00.000+00:00,3.298,3.034,14.1,15,-3,0,-2090,-2090,-631.2,2090,0,0,4.6,4.7
2025-08-26T18:07:00.000+00:00,3.298,3.034,14.1,15,-4,0,-2090,-2090,-631.2,2090,0,0,4.9,4.4
2025-08-26T18:08:00.000+00:00,3.298,3.033,14.1,15,-2,0,-2090,-2090,-631.2,2090,0,0,4.4,4.5
2025-08-26T18:09:00.000+00:00,3.298,3.034,14,15,0,0,-2090,-2090,0,2090,0,0,4.3,4.2
2025-08-26T18:10:00.000+00:00,3.298,3.034,14,15,0,0,-2090,-2090,0,2090,0,0,4.3,4.2
2025-08-26T18:11:00.000+00:00,3.298,3.034,14,15,0,0,-2090,-2090,0,2090,0,0,4.3,4.2
2025-08-26T18:12:00.000+00:00,3.298,3.034,14,15,0,0,-2090,-2090,0,2090,0,0,4.3,4.2
2025-08-26T18:13:00.000+00:00,3.298,3.034,14,0,0,0,-2090,-2090,0,2090,0,0,0,0
2025-08-26T18:14:00.000+00:00,3.298,3.034,0,0,0,0,-2090,-2090,0,2090,0,0,0,0
2025-08-26T18:15:00.000+00:00,3.298,3.035,0,0,0,0,-2090,-2090,0,2090,0,0,0,0
2025-08-26T18:16:00.000+00:00,3.298,3.035,0,0,0,0,-2090,-2090,0,2090,0,0,0,0
2025-08-26T18:17:00.000+00:00,3.298,3.035,0,0,0,0,-2090,-2090,0,2090,0,0,0,0
2025-08-26T18:18:00.000+00:00,3.298,3.035,0,0,0,0,-2090,-2090,0,2090,0,0,0,0
2025-08-26T18:19:00.000+00:00,3.298,3.035,0,0,0,0,-2090,-2090,0,2090,0,0,0,0
2025-08-26T18:20:00.000+00:00,3.298,3.035,0,0,0,0,-2090,-2090,0,2090,0,0,0,0
2025-08-26T18:21:00.000+00:00,3.298,3.035,0,0,0,0,-2090,-2090,0,2090,0,0,0,0
2025-08-26T18:22:00.000+00:00,3.298,3.035,0,0,0,0,-2090,-2090,0,2090,0,0,0,0
2025-08-26T18:23:00.000+00:00,3.298,3.035,0,0,0,0,-2090,-2090,0,2090,0,0,0,0
2025-08-26T18:24:00.000+00:00,3.298,3.035,0,0,0,0,-2090,-2090,0,2090,0,0,0,0
2025-08-26T18:25:00.000+00:00,3.298,3.036,0,0,0,0,-2090,-2090,0,2090,0,0,0,0
2025-08-26T18:26:00.000+00:00,3.298,3.036,0,0,0,0,-2090,-2090,0,2090,0,0,0,0
2025-08-26T18:27:00.000+00:00,3.298,3.036,0,0,0,0,-2090,-2090,0,2090,0,0,0,0
2025-08-26T18:28:00.000+00:00,3.298,3.036,0,0,0,0,-2090,-2090,0,2090,0,0,0,0
2025-08-26T18:29:00.000+00:00,3.298,3.036,0,0,0,0,-2090,-2090,0,2090,0,0,0,0
2025-08-26T18:30:00.000+00:00,3.298,3.036,0,0,0,0,-2090,-2090,0,2090,0,0,0,0
2025-08-26T18:31:00.000+00:00,3.298,3.036,0,0,0,0,-2090,-2090,0,2090,0,0,0,0
2025-08-26T18:32:00.000+00:00,3.298,3.036,0,0,0,0,-2090,-2090,0,2090,0,0,0,0
2025-08-26T18:33:00.000+00:00,3.298,3.036,0,0,0,0,-2090,-2090,0,2090,0,0,0,0
2025-08-26T18:34:00.000+00:00,3.298,3.036,0,0,0,0,-2090,-2090,0,2090,0,0,0,0
2025-08-26T18:35:00.000+00:00,3.299,3.036,0,0,0,0,-2090,-2090,0,2090,0,0,0,0
2025-08-26T18:36:00.000+00:00,3.299,3.036,0,0,0,0,-2090,-2090,0,2090,0,0,0,0
2025-08-26T18:37:00.000+00:00,3.299,3.036,0,0,0,0,-2090,-2090,0,2090,0,0,0,0
2025-08-26T18:38:00.000+00:00,3.299,3.036,0,0,0,0,-2090,-2090,0,2090,0,0,0,0
2025-08-26T18:39:00.000+00:00,3.299,3.036,0,0,0,0,-2090,-2090,0,2090,0,0,0,0
2025-08-26T18:40:00.000+00:00,3.299,3.035,14,13,-3,0,-2090,-2090,-191.2536,2090,0,0,6.5,4.9
2025-08-26T18:41:00.000+00:00,3.299,3.035,14.3,17,-2,0,-2090,-2090,-191.2536,2090,0,0,4.4,5
2025-08-26T18:42:00.000+00:00,3.299,3.094,-11.8,-19,-26,0,-2090,-2090,-191.2536,2090,0,0,-13.8,-13.5
2025-08-26T18:43:00.000+00:00,3.299,3.098,14,15,0,0,-2090,-2090,0,2090,0,0,3.8,3.7
2025-08-26T18:44:00.000+00:00,3.299,3.066,13.9,17,-4,0,-2090,-2090,-631.2,2090,0,0,4.2,4.3
2025-08-26T18:45:00.000+00:00,3.299,3.088,14.1,15,-3,-500,-2090,-2090,-631.2,2090,0,0,3.9,4.1
2025-08-26T18:46:00.000+00:00,3.299,3.11,-369.6,-476,-500,-500,-2090,-2090,-631.2,2090,0,0,-243,-243.2
2025-08-26T18:47:00.000+00:00,3.299,3.115,13.6,13,0,0,0,0,0,144,0,0,3.2,3.3
2025-08-26T18:48:00.000+00:00,3.299,3.087,0.5,13,0,0,0,0,0,260.8,0,0,3.2,3.3
2025-08-26T18:49:00.000+00:00,3.299,3.086,0.5,13,0,0,0,0,0,260.8,0,0,3.2,3.3
2025-08-26T18:50:00.000+00:00,3.299,3.086,0.5,13,0,0,0,0,0,260.8,0,0,3.2,3.3
2025-08-26T18:51:00.000+00:00,3.299,3.085,0.5,0,0,0,0,0,0,260.8,0,0,0,0
2025-08-26T18:52:00.000+00:00,3.299,3.084,0.5,0,0,0,0,0,0,1112,0,0,0,0
2025-08-26T18:53:00.000+00:00,3.298,3.084,0,0,0,0,-1174.4,-1192,0,2090,0,0,0,0
2025-08-26T18:54:00.000+00:00,3.299,3.083,13.8,17,-2,0,-1174.4,-1192,-164.3224,2090,0,0,5.7,4.4
2025-08-26T18:55:00.000+00:00,3.299,3.082,13.9,17,-2,0,-1174.4,-1192,-164.3224,2090,0,0,4.6,4.6
2025-08-26T18:56:00.000+00:00,3.299,3.081,13.8,15,-3,0,-1174.4,-1192,-164.3224,2090,0,0,4.3,4.1
2025-08-26T18:57:00.000+00:00,3.299,3.08,13.8,15,-3,0,-2090,-2090,-164.3224,2090,0,0,4,4.3
2025-08-26T18:58:00.000+00:00,3.299,3.08,13.9,15,-2,0,-2090,-2090,-631.2,2090,0,0,4.6,5
2025-08-26T18:59:00.000+00:00,3.299,3.079,13.8,17,-3,0,-2090,-2090,-631.2,2090,0,0,5.7,4.6
2025-08-26T19:00:00.000+00:00,3.299,3.079,13.9,17,-3,0,-2090,-2090,-631.2,2090,0,0,4.7,4.3
2025-08-26T19:01:00.000+00:00,3.299,3.078,14,15,-3,0,-2090,-2090,-631.2,2090,0,0,4.8,5.3
2025-08-26T19:02:00.000+00:00,3.299,3.077,14,15,-2,0,-2090,-2090,-631.2,2090,0,0,4.3,4.2
2025-08-26T19:03:00.000+00:00,3.298,3.077,13.9,17,-3,0,-2090,-2090,-631.2,2090,0,0,5.3,5
2025-08-26T19:04:00.000+00:00,3.299,3.076,13.9,17,-3,0,-2090,-2090,-631.2,2090,0,0,4.8,4.2
2025-08-26T19:05:00.000+00:00,3.299,3.076,13.8,15,-2,0,-2090,-2090,-631.2,2090,0,0,4.7,4.5
2025-08-26T19:06:00.000+00:00,3.299,3.075,13.8,15,-3,0,-2090,-2090,-631.2,2090,0,0,4.4,4.2
2025-08-26T19:07:00.000+00:00,3.299,3.075,14.1,15,-2,0,-2090,-2090,-631.2,2090,0,0,4.6,3.9
2025-08-26T19:08:00.000+00:00,3.299,3.074,14,17,-3,0,-2090,-2090,-631.2,2090,0,0,4.1,4.4
2025-08-26T19:09:00.000+00:00,3.299,3.074,13.9,15,-3,0,-2090,-2090,-631.2,2090,0,0,5.3,4.1
2025-08-26T19:10:00.000+00:00,3.299,3.073,14,17,-3,0,-2090,-2090,-631.2,2090,0,0,5.2,4.7
2025-08-26T19:11:00.000+00:00,3.299,3.073,13.9,17,-3,0,-2090,-2090,-631.2,2090,0,0,6.4,4.1
2025-08-26T19:12:00.000+00:00,3.299,3.072,13.9,15,-2,0,-2090,-2090,-631.2,2090,0,0,4.8,4.1
2025-08-26T19:13:00.000+00:00,3.299,3.071,13.9,15,-2,0,-2090,-2090,-631.2,2090,0,0,4.3,4.7
2025-08-26T19:14:00.000+00:00,3.299,3.071,14,17,-3,0,-2090,-2090,-631.2,2090,0,0,4.4,4.3
2025-08-26T19:15:00.000+00:00,3.299,3.071,13.8,17,-3,0,-2090,-2090,-631.2,2090,0,0,4.4,3.9
2025-08-26T19:16:00.000+00:00,3.299,3.07,13.8,17,-3,0,-2090,-2090,-631.2,2090,0,0,4.2,4.4
2025-08-26T19:17:00.000+00:00,3.299,3.069,13.9,15,-3,0,-2090,-2090,-631.2,2090,0,0,5.2,4.2
2025-08-26T19:18:00.000+00:00,3.299,3.069,13.9,15,-3,0,-2090,-2090,-631.2,2090,0,0,5,4.3
2025-08-26T19:19:00.000+00:00,3.299,3.068,13.8,15,-3,0,-2090,-2090,-631.2,2090,0,0,4.7,4.3
2025-08-26T19:20:00.000+00:00,3.299,3.068,13.8,15,-3,0,-2090,-2090,-631.2,2090,0,0,5.1,4.6
2025-08-26T19:21:00.000+00:00,3.299,3.067,14,15,-3,0,-2090,-2090,-631.2,2090,0,0,4.1,4.4
2025-08-26T19:22:00.000+00:00,3.299,3.067,14,15,-3,0,-2090,-2090,-631.2,2090,0,0,4.2,4.6
2025-08-26T19:23:00.000+00:00,3.299,3.066,13.9,15,-3,0,-2090,-2090,-631.2,2090,0,0,4.1,4.7
2025-08-26T19:24:00.000+00:00,3.299,3.066,13.8,15,-3,0,-2090,-2090,-631.2,2090,0,0,4.2,4.8
2025-08-26T19:25:00.000+00:00,3.299,3.065,13.9,15,-2,0,-2090,-2090,-631.2,2090,0,0,4.8,4.2
2025-08-26T19:26:00.000+00:00,3.299,3.065,13.9,15,-3,0,-2090,-2090,-631.2,2090,0,0,4.3,3.9
2025-08-26T19:27:00.000+00:00,3.299,3.064,13.9,17,-3,0,-2090,-2090,-631.2,2090,0,0,4.6,5
2025-08-26T19:28:00.000+00:00,3.299,3.064,14,15,-2,0,-2090,-2090,-631.2,2090,0,0,4.6,4.7
2025-08-26T19:29:00.000+00:00,3.299,3.063,14,17,-2,0,0,-2090,-631.2,2090,0,0,5.1,4.8
2025-08-26T19:30:00.000+00:00,3.299,3.063,14,15,-2,0,0,-2090,-631.2,2090,0,0,4.3,4.5
2025-08-26T19:31:00.000+00:00,3.299,3.062,14,15,0,0,0,-2090,0,0,0,0,5.3,4.7
2025-08-26T19:32:00.000+00:00,3.299,3.063,14,15,0,0,0,0,0,224,0,0,5.3,4.7
2025-08-26T19:33:00.000+00:00,3.299,3.063,14,15,0,0,0,0,0,224,0,0,5.3,4.7
2025-08-26T19:34:00.000+00:00,3.299,3.063,14,15,0,0,0,0,0,224,0,0,5.3,4.7
2025-08-26T19:35:00.000+00:00,3.299,3.063,14,15,0,0,0,0,0,224,0,0,5.3,4.7
2025-08-26T19:36:00.000+00:00,3.299,3.063,14,0,0,0,0,0,0,224,0,0,0,0
2025-08-26T19:37:00.000+00:00,3.299,3.063,0,0,0,0,0,0,0,0,0,0,0,0
2025-08-26T19:38:00.000+00:00,3.299,3.063,0,0,0,0,0,0,0,0,0,0,0,0
2025-08-26T19:39:00.000+00:00,3.299,3.063,0,0,0,0,0,0,0,0,0,0,0,0
2025-08-26T19:40:00.000+00:00,3.299,3.063,0,0,0,0,0,0,0,0,0,0,0,0
2025-08-26T19:41:00.000+00:00,3.299,3.063,0,0,0,0,0,0,0,0,0,0,0,0
2025-08-26T19:42:00.000+00:00,3.299,3.063,0,0,0,0,0,0,0,0,0,0,0,0
2025-08-26T19:43:00.000+00:00,3.299,3.063,0,0,0,0,0,0,0,0,0,0,0,0
2025-08-26T19:44:00.000+00:00,3.299,3.063,0,0,0,0,0,0,0,0,0,0,0,0
2025-08-26T19:45:00.000+00:00,3.299,3.064,0,0,0,0,0,0,0,0,0,0,0,0
2025-08-26T19:46:00.000+00:00,3.299,3.064,0,0,0,0,0,0,0,0,0,0,0,0
2025-08-26T19:47:00.000+00:00,3.299,3.064,0,0,0,0,0,0,0,0,0,0,0,0
2025-08-26T19:48:00.000+00:00,3.299,3.064,0,0,0,0,0,0,0,0,0,0,0,0
2025-08-26T19:49:00.000+00:00,3.299,3.064,0,0,0,0,0,0,0,0,0,0,0,0
2025-08-26T19:50:00.000+00:00,3.299,3.064,0,0,0,0,0,0,0,0,0,0,0,0
2025-08-26T19:51:00.000+00:00,3.299,3.064,0,0,0,0,0,0,0,0,0,0,0,0
2025-08-26T19:52:00.000+00:00,3.299,3.064,0,0,0,0,0,0,0,0,0,0,0,0
2025-08-26T19:53:00.000+00:00,3.299,3.064,0,0,0,0,0,0,0,0,0,0,0,0
2025-08-26T19:54:00.000+00:00,3.299,3.064,0,0,0,0,0,0,0,0,0,0,0,0
2025-08-26T19:55:00.000+00:00,3.299,3.064,0,0,0,0,0,0,0,0,0,0,0,0
2025-08-26T19:56:00.000+00:00,3.299,3.064,0,0,0,0,0,0,0,0,0,0,0,0
2025-08-26T19:57:00.000+00:00,3.299,3.064,0,0,0,0,0,0,0,0,0,0,0,0
2025-08-26T19:58:00.000+00:00,3.299,3.064,0,0,0,0,0,0,0,0,0,0,0,0
2025-08-26T19:59:00.000+00:00,3.299,3.064,0,0,0,0,0,0,0,0,0,0,0,0
2025-08-26T20:00:00.000+00:00,3.299,3.064,0,0,0,0,0,0,0,0,0,0,0,0
2025-08-26T20:01:00.000+00:00,3.299,3.064,0,0,0,0,0,0,0,0,0,0,0,0
2025-08-26T20:02:00.000+00:00,3.299,3.064,0,0,0,0,0,0,0,0,0,0,0,0
2025-08-26T20:03:00.000+00:00,3.299,3.064,0,0,0,0,0,0,0,0,0,0,0,0
2025-08-26T20:04:00.000+00:00,3.299,3.064,0,0,0,0,0,0,0,0,0,0,0,0
2025-08-26T20:05:00.000+00:00,3.299,3.064,0,0,0,0,0,0,0,0,0,0,0,0
2025-08-26T20:06:00.000+00:00,3.299,3.064,0,0,0,0,0,0,0,0,0,0,0,0
2025-08-26T20:07:00.000+00:00,3.299,3.064,0,0,0,0,0,0,0,0,0,0,0,0
2025-08-26T20:08:00.000+00:00,3.299,3.064,0,0,0,0,0,0,0,0,0,0,0,0
2025-08-26T20:09:00.000+00:00,3.299,3.064,0,0,0,0,0,0,0,0,0,0,0,0
2025-08-26T20:10:00.000+00:00,3.299,3.064,0,0,0,0,0,0,0,0,0,0,0,0
2025-08-26T20:11:00.000+00:00,3.299,3.064,0,0,0,0,0,0,0,0,0,0,0,0
2025-08-26T20:12:00.000+00:00,3.299,3.064,0,0,0,0,0,0,0,0,0,0,0,0
2025-08-26T20:13:00.000+00:00,3.299,3.064,0,0,0,0,0,0,0,0,0,0,0,0
2025-08-26T20:14:00.000+00:00,3.299,3.064,0,0,0,0,0,0,0,0,0,0,0,0
2025-08-26T20:15:00.000+00:00,3.299,3.064,0,0,0,0,0,0,0,0,0,0,0,0
2025-08-26T20:16:00.000+00:00,3.299,3.064,0,0,0,0,0,0,0,0,0,0,0,0
2025-08-26T20:17:00.000+00:00,3.299,3.064,0,0,0,0,0,0,0,0,0,0,0,0
2025-08-26T20:18:00.000+00:00,3.299,3.064,0,0,0,0,0,0,0,0,0,0,0,0
2025-08-26T20:19:00.000+00:00,3.299,3.064,0,0,0,0,0,0,0,0,0,0,0,0
2025-08-26T20:20:00.000+00:00,3.299,3.064,0,0,0,0,0,0,0,0,0,0,0,0
2025-08-26T20:21:00.000+00:00,3.299,3.064,0,0,0,0,0,0,0,0,0,0,0,0
2025-08-26T20:22:00.000+00:00,3.298,3.064,0,0,0,0,0,0,0,0,0,0,0,0
2025-08-26T20:23:00.000+00:00,3.298,3.064,0,0,0,0,0,0,0,0,0,0,0,0
2025-08-26T20:24:00.000+00:00,3.299,3.064,0,0,0,0,0,0,0,0,0,0,0,0
2025-08-26T20:25:00.000+00:00,3.299,3.064,0,0,0,0,0,0,0,0,0,0,0,0
2025-08-26T20:26:00.000+00:00,3.299,3.064,0,0,0,0,0,0,0,0,0,0,0,0
2025-08-26T20:27:00.000+00:00,3.299,3.064,0,0,0,0,0,0,0,0,0,0,0,0
2025-08-26T20:28:00.000+00:00,3.299,3.064,0,0,0,0,0,0,0,0,0,0,0,0
2025-08-26T20:29:00.000+00:00,3.299,3.064,0,0,0,0,0,0,0,0,0,0,0,0
2025-08-26T20:30:00.000+00:00,3.299,3.064,0,0,0,0,0,0,0,0,0,0,0,0
2025-08-26T20:31:00.000+00:00,3.299,3.064,0,0,0,0,0,0,0,0,0,0,0,0
2025-08-26T20:32:00.000+00:00,3.299,3.064,0,0,0,0,0,0,0,0,0,0,0,0
2025-08-26T20:33:00.000+00:00,3.299,3.064,0,0,0,0,0,0,0,0,0,0,0,0
2025-08-26T20:34:00.000+00:00,3.299,3.064,0,0,0,0,0,0,0,0,0,0,0,0
2025-08-26T20:35:00.000+00:00,3.298,3.064,0,0,0,0,0,0,0,0,0,0,0,0
2025-08-26T20:36:00.000+00:00,3.298,3.064,0,0,0,0,0,0,0,0,0,0,0,0
2025-08-26T20:37:00.000+00:00,3.298,3.064,0,0,0,0,0,0,0,0,0,0,0,0
2025-08-26T20:38:00.000+00:00,3.298,3.064,0,0,0,0,0,0,0,0,0,0,0,0
2025-08-26T20:39:00.000+00:00,3.298,3.064,0,0,0,0,0,0,0,0,0,0,0,0
2025-08-26T20:40:00.000+00:00,3.298,3.063,0,0,0,0,0,0,0,0,0,0,0,0
2025-08-26T20:41:00.000+00:00,3.298,3.063,0,0,0,0,0,0,0,0,0,0,0,0
2025-08-26T20:42:00.000+00:00,3.298,3.064,0,0,0,0,0,0,0,0,0,0,0,0
2025-08-26T20:43:00.000+00:00,3.298,3.064,0,0,0,0,0,0,0,0,0,0,0,0
2025-08-26T20:44:00.000+00:00,3.298,3.064,0,0,0,0,0,0,0,0,0,0,0,0
2025-08-26T20:45:00.000+00:00,3.298,3.064,0,0,0,0,0,0,0,0,0,0,0,0
2025-08-26T20:46:00.000+00:00,3.299,3.064,0,0,0,0,0,0,0,0,0,0,0,0
2025-08-26T20:47:00.000+00:00,3.299,3.064,0,0,0,0,0,0,0,0,0,0,0,0
2025-08-26T20:48:00.000+00:00,3.299,3.064,0,0,0,0,0,0,0,0,0,0,0,0
2025-08-26T20:49:00.000+00:00,3.299,3.064,0,0,0,0,0,0,0,0,0,0,0,0
2025-08-26T20:50:00.000+00:00,3.299,3.064,0,0,0,0,0,0,0,0,0,0,0,0
2025-08-26T20:51:00.000+00:00,3.299,3.064,0,0,0,0,0,0,0,0,0,0,0,0
2025-08-26T20:52:00.000+00:00,64.536,3.064,0,0,0,0,0,-22.4,-631.2,2090,0,0,0,0
2025-08-26T20:53:00.000+00:00,3.298,3.064,-12,-17,-26,0,0,-22.4,0,2090,0,0,-27.9,0
2025-08-26T20:54:00.000+00:00,3.298,3.065,-10.9,-15,-35,0,0,-22.4,0,2090,0,0,-11.4,-11.3
2025-08-26T20:55:00.000+00:00,3.298,3.066,-10.3,-15,-35,0,0,-22.4,0,2090,0,0,-11.8,-11
2025-08-26T20:56:00.000+00:00,3.298,3.067,-11.3,-15,-35,0,0,-22.4,0,2090,0,0,-11.5,-11.2
2025-08-26T20:57:00.000+00:00,3.298,3.067,-10.7,-15,-35,0,0,-2090,0,2090,0,0,-11.6,-11.7
2025-08-26T20:58:00.000+00:00,3.298,3.068,-11.2,-13,-35,0,0,-2090,-631.2,2090,0,0,-11.6,-10.9
2025-08-26T20:59:00.000+00:00,3.298,3.068,-11.2,-15,-35,0,0,-2090,-631.2,2090,0,0,-11.6,-11.2
2025-08-26T21:00:00.000+00:00,3.298,3.069,-11.2,-13,-35,0,0,-2090,-631.2,2090,0,0,-11.4,-11.8
2025-08-26T21:01:00.000+00:00,3.298,3.07,-11.4,-13,-35,0,-2090,-2090,-631.2,2090,0,0,-10.8,-12
2025-08-26T21:02:00.000+00:00,3.299,3.07,13.6,17,0,0,-2090,-2090,0,2090,0,0,5.5,4.4
2025-08-26T21:03:00.000+00:00,3.298,3.068,13.9,15,-2,0,-2090,-2090,0,2090,0,0,5.3,4.3
2025-08-26T21:04:00.000+00:00,3.298,3.067,14,17,-3,0,-2090,-2090,0,2090,0,0,4.3,4.5
2025-08-26T21:05:00.000+00:00,3.299,3.066,13.8,15,-4,0,-2090,-2090,0,2090,0,0,5.6,5.6
2025-08-26T21:06:00.000+00:00,3.299,3.065,13.9,17,-4,0,-2090,-2090,0,2090,0,0,4.9,4.8
2025-08-26T21:07:00.000+00:00,3.299,3.065,13.9,15,-3,0,-2090,-2090,-631.2,2090,0,0,4.5,4.5
2025-08-26T21:08:00.000+00:00,3.299,3.064,13.9,15,-3,0,-2090,-2090,-631.2,2090,0,0,4.3,4.9
2025-08-26T21:09:00.000+00:00,3.299,3.064,13.9,17,-2,0,-2090,-2090,-631.2,2090,0,0,4.9,5.1
2025-08-26T21:10:00.000+00:00,3.299,3.063,13.9,17,-3,0,-2090,-2090,-631.2,2090,0,0,4.9,4.3
2025-08-26T21:11:00.000+00:00,3.299,3.063,13.8,17,-3,0,-2090,-2090,-631.2,2090,0,0,4.5,5.2
2025-08-26T21:12:00.000+00:00,3.299,3.062,13.9,15,-3,0,-2090,-2090,-631.2,2090,0,0,4.1,4.5
2025-08-26T21:13:00.000+00:00,3.299,3.062,14,17,-3,0,-2090,-2090,-631.2,2090,0,0,4.9,4.8
2025-08-26T21:14:00.000+00:00,3.299,3.061,14,17,-3,0,-2090,-2090,-631.2,2090,0,0,4.2,5.2
2025-08-26T21:15:00.000+00:00,3.298,3.061,13.9,19,-3,0,-2090,-2090,-631.2,2090,0,0,4.7,4.8
2025-08-26T21:16:00.000+00:00,3.298,3.061,13.9,17,-2,0,-2090,-2090,-631.2,2090,0,0,5,5.3
2025-08-26T21:17:00.000+00:00,3.298,3.06,14.4,15,-3,0,-2090,-2090,-631.2,2090,0,0,4.9,4.6
2025-08-26T21:18:00.000+00:00,3.298,3.059,13.9,15,-3,0,-2090,-2090,-631.2,2090,0,0,4.6,4.5
2025-08-26T21:19:00.000+00:00,3.298,3.058,13.9,15,-3,0,-2090,-2090,-631.2,2090,0,0,4.2,4.5
2025-08-26T21:20:00.000+00:00,3.298,3.058,13.9,15,-3,0,-2090,-2090,-631.2,2090,0,0,5.3,3.8
2025-08-26T21:21:00.000+00:00,3.298,3.058,13.9,15,-3,0,-2090,-2090,-631.2,2090,0,0,4.8,4.2
2025-08-26T21:22:00.000+00:00,3.298,3.057,13.9,17,-3,0,-2090,-2090,-631.2,2090,0,0,4.4,4.6
2025-08-26T21:23:00.000+00:00,3.298,3.057,13.8,15,-2,0,-2090,-2090,-631.2,2090,0,0,4.8,4.4
2025-08-26T21:24:00.000+00:00,3.298,3.056,13.8,15,-3,0,-2090,-2090,-631.2,2090,0,0,4.5,4.5
2025-08-26T21:25:00.000+00:00,3.298,3.055,14,19,-3,0,-2090,-2090,-631.2,2090,0,0,4,4.7
2025-08-26T21:26:00.000+00:00,3.299,3.055,14,17,-3,0,-2090,-2090,-631.2,2090,0,0,5.2,4.7
2025-08-26T21:27:00.000+00:00,3.299,3.054,13.9,17,-3,0,-2090,-2090,-631.2,2090,0,0,4.1,4.3
2025-08-26T21:28:00.000+00:00,3.299,3.054,14,15,-3,0,-2090,-2090,-631.2,2090,0,0,5.1,5.2
2025-08-26T21:29:00.000+00:00,3.299,3.053,13.9,15,-3,0,-2090,-2090,-631.2,2090,0,0,4.5,4.9
2025-08-26T21:30:00.000+00:00,3.299,3.053,14,15,-3,0,-2090,-2090,-631.2,2090,0,0,4.5,4.8
2025-08-26T21:31:00.000+00:00,3.299,3.052,14,15,-3,0,-2090,-2090,-631.2,2090,0,0,4.7,4.2
2025-08-26T21:32:00.000+00:00,3.299,3.052,13.8,15,-3,0,-2090,-2090,-631.2,2090,0,0,4.5,4.4
2025-08-26T21:33:00.000+00:00,3.298,3.051,14,15,-3,0,-2090,-2090,-631.2,2090,0,0,4.9,3.9
2025-08-26T21:34:00.000+00:00,3.298,3.05,13.8,17,-3,0,-2090,-2090,-631.2,2090,0,0,4.6,5.7
2025-08-26T21:35:00.000+00:00,3.298,3.05,13.9,15,-3,0,-2090,-2090,-631.2,2090,0,0,4.9,4.3
2025-08-26T21:36:00.000+00:00,3.298,3.05,13.9,17,-2,0,-2090,-2090,-631.2,2090,0,0,5.1,5.9
2025-08-26T21:37:00.000+00:00,3.299,3.049,13.9,15,-3,0,-2090,-2090,-631.2,2090,0,0,4.9,4.6
2025-08-26T21:38:00.000+00:00,3.299,3.048,13.9,17,-4,0,-2090,-2090,-631.2,2090,0,0,4.1,4.3
2025-08-26T21:39:00.000+00:00,3.299,3.048,14,17,-3,0,-2090,-2090,-631.2,2090,0,0,4.3,4.6
2025-08-26T21:40:00.000+00:00,3.299,3.047,14.2,17,-3,0,-2090,-2090,-631.2,2090,0,0,4.4,4.4
2025-08-26T21:41:00.000+00:00,3.299,3.047,14.1,15,-3,0,-2090,-2090,-631.2,2090,0,0,5.8,4.5
2025-08-26T21:42:00.000+00:00,3.299,3.046,14,15,-3,0,-2090,-2090,-631.2,2090,0,0,4.4,5.1
2025-08-26T21:43:00.000+00:00,3.299,3.046,14.3,17,-3,0,-2090,-2090,-631.2,2090,0,0,4.5,4.3
2025-08-26T21:44:00.000+00:00,3.299,3.046,14.1,17,-2,0,-2090,-2090,-631.2,2090,0,0,4.3,4.2
2025-08-26T21:45:00.000+00:00,3.299,3.045,14,17,-3,0,-2090,-2090,-631.2,2090,0,0,4.3,5
2025-08-26T21:46:00.000+00:00,3.298,3.044,13.9,17,-3,0,-2090,-2090,-631.2,2090,0,0,4.6,4.5
2025-08-26T21:47:00.000+00:00,3.299,3.044,14,15,-3,0,-2090,-2090,-631.2,2090,0,0,4.7,4.8
2025-08-26T21:48:00.000+00:00,3.299,3.043,14.1,17,-3,0,-2090,-2090,-631.2,2090,0,0,3.9,4.9
2025-08-26T21:49:00.000+00:00,3.299,3.043,13.9,17,-2,0,-2090,-2090,-631.2,2090,0,0,4.5,4.6
2025-08-26T21:50:00.000+00:00,3.299,3.042,13.9,15,-3,0,-2090,-2090,-631.2,2090,0,0,4.5,4.4
2025-08-26T21:51:00.000+00:00,3.299,3.041,14,17,-2,0,-2090,-2090,-631.2,2090,0,0,3.8,4.1
2025-08-26T21:52:00.000+00:00,3.299,3.041,13.9,17,-2,0,-2090,-2090,-631.2,2090,0,0,5.4,4.6
2025-08-26T21:53:00.000+00:00,3.299,3.041,14.1,17,-3,0,-2090,-2090,-631.2,2090,0,0,4.2,4
2025-08-26T21:54:00.000+00:00,3.299,3.039,14,17,-3,0,-2090,-2090,-631.2,2090,0,0,4.7,4.6
2025-08-26T21:55:00.000+00:00,3.299,3.039,14.2,15,-3,0,-2090,-2090,-631.2,2090,0,0,5.6,4.4
2025-08-26T21:56:00.000+00:00,3.299,3.039,14.1,15,-2,0,-2090,-2090,-631.2,2090,0,0,4.5,3.6
2025-08-26T21:57:00.000+00:00,3.299,3.038,14.1,17,-3,0,-2090,-2090,-631.2,2090,0,0,4.5,4.6
2025-08-26T21:58:00.000+00:00,3.299,3.037,14.1,17,-3,0,-2090,-2090,-631.2,2090,0,0,4.9,5.1
2025-08-26T21:59:00.000+00:00,3.299,3.037,13.9,17,-3,0,-2090,-2090,-631.2,2090,0,0,4.8,4.8
2025-08-26T22:00:00.000+00:00,3.299,3.036,14,15,-3,0,-2090,-2090,-631.2,2090,0,0,5.1,4.3
2025-08-26T22:01:00.000+00:00,3.299,3.036,14,17,-3,0,-2090,-2090,-631.2,2090,0,0,5.4,4.8
2025-08-26T22:02:00.000+00:00,3.298,3.035,14,15,-3,0,-2090,-2090,-631.2,2090,0,0,4.7,4.9
2025-08-26T22:03:00.000+00:00,3.298,3.035,14,19,-3,0,-2090,-2090,-631.2,2090,0,0,4.2,4.5
2025-08-26T22:04:00.000+00:00,3.298,3.034,14.1,17,-3,0,-2090,-2090,-631.2,2090,0,0,4.6,4.7
2025-08-26T22:05:00.000+00:00,3.298,3.034,14,15,-3,0,-2090,-2090,-631.2,2090,0,0,3.9,4.7
2025-08-26T22:06:00.000+00:00,3.299,3.033,14.1,17,-3,0,-2090,-2090,-631.2,2090,0,0,4.7,4.2
2025-08-26T22:07:00.000+00:00,3.299,3.033,14.1,17,-3,0,-2090,-2090,-631.2,2090,0,0,4.3,4.3
2025-08-26T22:08:00.000+00:00,3.299,3.032,14.3,15,-3,0,-2090,-2090,-631.2,2090,0,0,5,4.2
2025-08-26T22:09:00.000+00:00,3.299,3.031,14.2,17,-3,0,-2090,-2090,-631.2,2090,0,0,5.1,4.7
2025-08-26T22:10:00.000+00:00,3.299,3.031,14,15,-2,0,-2090,-2090,-631.2,2090,0,0,4.4,4.2
2025-08-26T22:11:00.000+00:00,3.299,3.03,13.9,17,-2,0,-2090,-2090,-631.2,2090,0,0,4.3,4
2025-08-26T22:12:00.000+00:00,3.299,3.029,14,15,-3,0,-2090,-2090,-631.2,2090,0,0,3.8,4.1
2025-08-26T22:13:00.000+00:00,3.299,3.029,14.1,19,-2,0,-2090,-2090,-631.2,2090,0,0,4.2,4.7
2025-08-26T22:14:00.000+00:00,3.298,3.029,14.1,15,-3,0,-2090,-2090,-631.2,2090,0,0,4.9,4.8
2025-08-26T22:15:00.000+00:00,3.299,3.028,14,15,-3,0,-2090,-2090,-631.2,2090,0,0,5,5.1
2025-08-26T22:16:00.000+00:00,3.299,3.027,14.3,15,-3,0,-2090,-2090,-631.2,2090,0,0,5,4.4
2025-08-26T22:17:00.000+00:00,3.299,3.027,14.2,15,-2,0,-2090,-2090,-631.2,2090,0,0,4,4.1
2025-08-26T22:18:00.000+00:00,3.299,3.027,14.1,17,-2,0,-2090,-2090,-631.2,2090,0,0,4.2,3.9
2025-08-26T22:19:00.000+00:00,3.299,3.026,14,17,-3,0,-2090,-2090,-631.2,2090,0,0,4.3,4.4
2025-08-26T22:20:00.000+00:00,3.299,3.025,13.9,17,-4,0,-2090,-2090,-631.2,2090,0,0,4.5,4.2
2025-08-26T22:21:00.000+00:00,3.299,3.024,14.2,17,-3,0,-2090,-2090,-631.2,2090,0,0,5.6,4.8
2025-08-26T22:22:00.000+00:00,3.299,3.024,14.2,15,-3,0,-2090,-2090,-631.2,2090,0,0,4.3,4.6
2025-08-26T22:23:00.000+00:00,3.299,3.023,14.2,15,-2,0,-2090,-2090,-631.2,2090,0,0,4.2,5.7
2025-08-26T22:24:00.000+00:00,3.299,3.023,14.2,15,-3,0,-2090,-2090,-631.2,2090,0,0,4.7,4.3
2025-08-26T22:25:00.000+00:00,3.299,3.022,14,15,-3,0,-2090,-2090,-631.2,2090,0,0,4.5,4.8
2025-08-26T22:26:00.000+00:00,3.299,3.022,14.1,17,-3,0,-2090,-2090,-631.2,2090,0,0,5.4,4.8
2025-08-26T22:27:00.000+00:00,3.299,3.021,14,19,-2,0,-2090,-2090,-631.2,2090,0,0,4.5,4.9
2025-08-26T22:28:00.000+00:00,3.299,3.02,14.1,15,-3,0,-2090,-2090,-631.2,2090,0,0,4.9,4.8
2025-08-26T22:29:00.000+00:00,3.299,3.02,14,17,-3,0,-2090,-2090,-631.2,2090,0,0,4.9,4.6
2025-08-26T22:30:00.000+00:00,3.299,3.019,14.1,17,-2,0,-2090,-2090,-631.2,2090,0,0,4.4,4.1
2025-08-26T22:31:00.000+00:00,3.299,3.018,14.1,19,-2,0,-2090,-2090,-631.2,2090,0,0,4.8,4.2
2025-08-26T22:32:00.000+00:00,3.299,3.018,14.2,15,-2,0,-2090,-2090,-631.2,2090,0,0,4.7,4.4
2025-08-26T22:33:00.000+00:00,3.299,3.017,14.3,17,-3,0,-2090,-2090,-631.2,2090,0,0,3.9,5.6
2025-08-26T22:34:00.000+00:00,3.299,3.017,14.2,17,-3,0,-2090,-2090,-631.2,2090,0,0,4.8,4.2
2025-08-26T22:35:00.000+00:00,3.299,3.016,14.2,15,-3,0,-2090,-2090,-631.2,2090,0,0,4.5,4.2
2025-08-26T22:36:00.000+00:00,3.299,3.016,14.1,15,-3,0,-2090,-2090,-631.2,2090,0,0,4.2,4.9
2025-08-26T22:37:00.000+00:00,3.299,3.015,14.1,15,-3,0,-2090,-2090,-631.2,2090,0,0,4.2,5.4
2025-08-26T22:38:00.000+00:00,3.299,3.015,14.1,17,-3,0,-2090,-2090,-631.2,2090,0,0,4.4,4.4
2025-08-26T22:39:00.000+00:00,3.299,3.014,14.1,17,-3,0,-2090,-2090,-631.2,2090,0,0,4.2,3.8
2025-08-26T22:40:00.000+00:00,3.299,3.013,14.2,17,-2,0,-2090,-2090,-631.2,2090,0,0,5.5,4.3
2025-08-26T22:41:00.000+00:00,3.299,3.013,14.2,15,-2,0,-2090,-2090,-631.2,2090,0,0,4.4,4.6
2025-08-26T22:42:00.000+00:00,3.299,3.012,14.1,17,-3,0,-2090,-2090,-631.2,2090,0,0,4.7,4.8
2025-08-26T22:43:00.000+00:00,3.299,3.011,14,15,-3,0,-2090,-2090,-631.2,2090,0,0,4.2,4.9
2025-08-26T22:44:00.000+00:00,3.299,3.011,14.2,15,-3,0,-2090,-2090,-631.2,2090,0,0,5,5
2025-08-26T22:45:00.000+00:00,3.299,3.011,14.2,17,-3,0,-2090,-2090,-631.2,2090,0,0,4.3,5
2025-08-26T22:46:00.000+00:00,3.299,3.01,14.2,17,-3,0,-2090,-2090,-631.2,2090,0,0,4.3,4.1
2025-08-26T22:47:00.000+00:00,3.299,3.009,14.3,17,-3,0,-2090,-2090,-631.2,2090,0,0,4.9,4.5
2025-08-26T22:48:00.000+00:00,3.299,3.009,14.1,17,-2,0,-2090,-2090,-631.2,2090,0,0,4.3,4.6
2025-08-26T22:49:00.000+00:00,3.299,3.008,14.1,15,-3,0,-2090,-2090,-631.2,2090,0,0,4.8,4.7
2025-08-26T22:50:00.000+00:00,3.299,3.008,14.1,17,-3,0,-2090,-2090,-631.2,2090,0,0,4.5,4.3
2025-08-26T22:51:00.000+00:00,3.299,3.007,14.1,17,-3,0,-2090,-2090,-631.2,2090,0,0,4.5,4.8
2025-08-26T22:52:00.000+00:00,3.299,3.006,14.1,17,-3,0,-2090,-2090,-631.2,2090,0,0,4.2,4.5
2025-08-26T22:53:00.000+00:00,3.299,3.005,14.1,15,-3,0,-2090,-2090,-631.2,2090,0,0,4.9,4.4
2025-08-26T22:54:00.000+00:00,3.299,3.005,14.1,17,-3,0,-2090,-2090,-631.2,2090,0,0,4.1,4.3
2025-08-26T22:55:00.000+00:00,3.299,3.004,14,17,-3,0,-2090,-2090,-631.2,2090,0,0,4.3,3.9
2025-08-26T22:56:00.000+00:00,3.299,3.004,14,17,-2,0,-2090,-2090,-631.2,2090,0,0,4.2,4
2025-08-26T22:57:00.000+00:00,3.299,3.003,14.1,15,-3,0,-2090,-2090,-631.2,2090,0,0,4.6,4.7
2025-08-26T22:58:00.000+00:00,3.299,3.003,14.2,17,-2,0,-2090,-2090,-631.2,2090,0,0,4.8,4.7
2025-08-26T22:59:00.000+00:00,3.299,3.002,14.2,17,-2,0,-2090,-2090,-631.2,2090,0,0,4.2,4.4
2025-08-26T23:00:00.000+00:00,3.299,3.001,14,17,-3,0,-2090,-2090,-631.2,2090,0,0,4.5,4.6
2025-08-26T23:01:00.000+00:00,3.299,3.001,14.3,15,-3,0,-2090,-2090,-631.2,2090,0,0,4.3,4.2
2025-08-26T23:02:00.000+00:00,3.299,3,14.2,15,-3,0,-2090,-2090,-631.2,2090,0,0,4.6,4.4
2025-08-26T23:03:00.000+00:00,3.299,2.999,14.1,17,-2,0,-2090,-2090,-631.2,2090,0,0,4.5,4.7
2025-08-26T23:04:00.000+00:00,3.299,2.999,14.1,17,-3,0,-2090,-2090,-631.2,2090,0,0,4.1,3.7
2025-08-26T23:05:00.000+00:00,3.299,2.998,14.2,15,-2,0,-2090,-2090,-631.2,2090,0,0,4.1,5.1
2025-08-26T23:06:00.000+00:00,3.299,2.997,14.3,17,-3,0,-2090,-2090,-631.2,2090,0,0,4.4,3.8
2025-08-26T23:07:00.000+00:00,3.299,2.997,14.2,17,-3,0,-2090,-2090,-631.2,2090,0,0,4.6,4.2
2025-08-26T23:08:00.000+00:00,3.299,2.996,14.2,17,-3,0,-2090,-2090,-631.2,2090,0,0,4.7,3.8
2025-08-26T23:09:00.000+00:00,3.299,2.996,14.2,15,-3,0,-2090,-2090,-631.2,2090,0,0,5.1,4.6
2025-08-26T23:10:00.000+00:00,3.299,2.995,14.2,15,-3,0,-2090,-2090,-631.2,2090,0,0,4.3,4.5
2025-08-26T23:11:00.000+00:00,3.299,2.994,14.3,17,-3,0,-2090,-2090,-631.2,2090,0,0,4.2,4.5
2025-08-26T23:12:00.000+00:00,3.298,2.993,14.3,17,-3,0,-2090,-2090,-631.2,2090,0,0,4.5,4.4
2025-08-26T23:13:00.000+00:00,3.298,2.993,14.3,17,-3,0,-2090,-2090,-631.2,2090,0,0,5.3,4.1
2025-08-26T23:14:00.000+00:00,3.299,2.993,14.2,15,-2,0,-2090,-2090,-631.2,2090,0,0,4.2,4.9
2025-08-26T23:15:00.000+00:00,3.299,2.992,14.1,15,-3,0,-2090,-2090,-631.2,2090,0,0,4,3.9
2025-08-26T23:16:00.000+00:00,3.299,2.991,14.2,17,-2,0,-2090,-2090,-631.2,2090,0,0,4.4,4
2025-08-26T23:17:00.000+00:00,3.299,2.991,14.2,17,-3,0,-2090,-2090,-631.2,2090,0,0,4.5,4.5
2025-08-26T23:18:00.000+00:00,3.299,2.99,14.1,15,-3,0,-2090,-2090,-631.2,2090,0,0,4.7,4.2
2025-08-26T23:19:00.000+00:00,3.299,2.989,14.1,17,-3,0,-2090,-2090,-631.2,2090,0,0,4.4,4.7
2025-08-26T23:20:00.000+00:00,3.299,2.989,14.4,15,-3,0,-2090,-2090,-631.2,2090,0,0,4.5,4.3
2025-08-26T23:21:00.000+00:00,3.299,2.988,14.3,15,-3,0,-2090,-2090,-631.2,2090,0,0,4.9,4
2025-08-26T23:22:00.000+00:00,3.299,2.988,14.3,17,-3,0,-2090,-2090,-631.2,2090,0,0,4.4,4.4
2025-08-26T23:23:00.000+00:00,3.299,2.987,14.3,15,-3,0,-2090,-2090,-631.2,2090,0,0,4.6,5
2025-08-26T23:24:00.000+00:00,3.299,2.986,14.3,17,-3,0,-2090,-2090,-631.2,2090,0,0,4.4,4.1
2025-08-26T23:25:00.000+00:00,3.299,2.986,14.4,15,-2,0,-2090,-2090,-631.2,2090,0,0,5.2,4
2025-08-26T23:26:00.000+00:00,3.299,2.985,14.3,17,-3,0,-2090,-2090,-631.2,2090,0,0,4.3,4.1
2025-08-26T23:27:00.000+00:00,3.299,2.985,14.3,17,-3,0,-2090,-2090,-631.2,2090,0,0,4.7,4.3
2025-08-26T23:28:00.000+00:00,3.299,2.984,14.2,17,-3,0,-2090,-2090,-631.2,2090,0,0,4.3,4.4
2025-08-26T23:29:00.000+00:00,3.299,2.983,14.3,17,-3,0,-2090,-2090,-631.2,2090,0,0,4.6,4.2
2025-08-26T23:30:00.000+00:00,3.299,2.983,14.1,17,-4,0,-2090,-2090,-631.2,2090,0,0,4.4,4.4
2025-08-26T23:31:00.000+00:00,3.299,2.982,14.3,17,-3,0,-2090,-2090,-631.2,2090,0,0,4.7,4.4
2025-08-26T23:32:00.000+00:00,3.298,2.982,14.3,17,-3,0,-2090,-2090,-631.2,2090,0,0,5,4.9
2025-08-26T23:33:00.000+00:00,3.299,2.981,14.3,17,-3,0,-2090,-2090,-631.2,2090,0,0,4,4.1
2025-08-26T23:34:00.000+00:00,3.299,2.98,14.2,15,-3,0,-2090,-2090,-631.2,2090,0,0,4.4,4.6
2025-08-26T23:35:00.000+00:00,3.299,2.98,14.4,17,-3,0,-2090,-2090,-631.2,2090,0,0,3.8,4.4
2025-08-26T23:36:00.000+00:00,3.299,2.979,14.2,15,-3,0,-2090,-2090,-631.2,2090,0,0,4.4,4.2
2025-08-26T23:37:00.000+00:00,3.299,2.978,14.2,17,-3,0,-2090,-2090,-631.2,2090,0,0,5.1,5.5
2025-08-26T23:38:00.000+00:00,3.299,2.978,14.3,17,-3,0,-2090,-2090,-631.2,2090,0,0,4.8,4.8
2025-08-26T23:39:00.000+00:00,3.299,2.977,14.4,17,-2,0,-2090,-2090,-631.2,2090,0,0,4.5,5.5
2025-08-26T23:40:00.000+00:00,3.299,2.976,14.2,15,-3,0,-2090,-2090,-631.2,2090,0,0,4.6,4.4
2025-08-26T23:41:00.000+00:00,3.299,2.975,14.3,17,-3,0,-2090,-2090,-631.2,2090,0,0,4.4,4.6
2025-08-26T23:42:00.000+00:00,3.299,2.975,14.2,15,-3,0,-2090,-2090,-631.2,2090,0,0,4.2,4.8
2025-08-26T23:43:00.000+00:00,3.299,2.974,14.3,15,-3,0,-2090,-2090,-631.2,2090,0,0,4.1,4.3
2025-08-26T23:44:00.000+00:00,3.299,2.974,14.5,17,-3,0,-2090,-2090,-631.2,2090,0,0,4.6,4.8
2025-08-26T23:45:00.000+00:00,3.299,2.973,14.3,17,-3,0,-2090,-2090,-631.2,2090,0,0,4.4,5.1
2025-08-26T23:46:00.000+00:00,3.299,2.972,14.4,17,-3,0,-2090,-2090,-631.2,2090,0,0,4.5,4
2025-08-26T23:47:00.000+00:00,3.299,2.972,14.4,17,-3,0,-2090,-2090,-631.2,2090,0,0,4.4,4.4
2025-08-26T23:48:00.000+00:00,3.299,2.971,14.2,17,-3,0,-2090,-2090,-631.2,2090,0,0,5.5,5.4
2025-08-26T23:49:00.000+00:00,3.299,2.971,14.2,19,-3,0,-2090,-2090,-631.2,2090,0,0,4.3,4.9
2025-08-26T23:50:00.000+00:00,3.299,2.97,14.4,17,-3,0,-2090,-2090,-631.2,2090,0,0,4.2,5
2025-08-26T23:51:00.000+00:00,3.299,2.969,14.2,15,-3,0,-2090,-2090,-631.2,2090,0,0,5.1,5.1
2025-08-26T23:52:00.000+00:00,3.299,2.969,14.3,17,-3,0,-2090,-2090,-631.2,2090,0,0,4.6,3.8
2025-08-26T23:53:00.000+00:00,3.299,2.968,14.3,17,-3,0,-2090,-2090,-631.2,2090,0,0,4.4,4.7
2025-08-26T23:54:00.000+00:00,3.299,2.967,14.4,17,-3,0,-2090,-2090,-631.2,2090,0,0,4.5,4.4
2025-08-26T23:55:00.000+00:00,3.299,2.967,14.3,17,-3,0,-2090,-2090,-631.2,2090,0,0,4.3,4.1
2025-08-26T23:56:00.000+00:00,3.299,2.966,14.4,17,-4,0,-2090,-2090,-631.2,2090,0,0,4.2,4.7
2025-08-26T23:57:00.000+00:00,3.299,2.966,14.3,15,-3,0,-2090,-2090,-631.2,2090,0,0,4.1,4.1
2025-08-26T23:58:00.000+00:00,3.299,2.965,14.4,17,-3,0,-2090,-2090,-631.2,2090,0,0,4.3,5
2025-08-26T23:59:00.000+00:00,3.299,2.964,14.7,17,-3,0,-2090,-2090,-631.2,2090,0,0,4.1,4.1
2025-08-27T00:00:00.000+00:00,3.299,2.963,14.6,18,-3,0,-2090,-2090,-631.2,2090,0,0,4.1,4.6
2025-08-27T00:01:00.000+00:00,3.299,2.963,14.4,15,-2,0,-2090,-2090,-631.2,2090,0,0,4.4,3.8
2025-08-27T00:02:00.000+00:00,3.299,2.962,14.3,17,-3,0,-2090,-2090,-631.2,2090,0,0,4,4.8
2025-08-27T00:03:00.000+00:00,3.299,2.962,14.3,18,-3,0,-2090,-2090,-631.2,2090,0,0,4.9,4.5
2025-08-27T00:04:00.000+00:00,3.299,2.961,14.5,17,-3,0,-2090,-2090,-631.2,2090,0,0,4.3,4.3
2025-08-27T00:05:00.000+00:00,3.299,2.96,14.3,15,-2,0,-2090,-2090,-631.2,2090,0,0,4.4,4.4
2025-08-27T00:06:00.000+00:00,3.299,2.959,14.2,18,-3,0,-2090,-2090,-631.2,2090,0,0,4.4,3.9
2025-08-27T00:07:00.000+00:00,3.299,2.959,14.3,17,-4,0,-2090,-2090,-631.2,2090,0,0,4.3,5
2025-08-27T00:08:00.000+00:00,3.299,2.959,14.4,17,-3,0,-2090,-2090,-631.2,2090,0,0,4.6,4.6
2025-08-27T00:09:00.000+00:00,3.299,2.957,14.3,17,-3,0,-2090,-2090,-631.2,2090,0,0,4.6,5.3
2025-08-27T00:10:00.000+00:00,3.299,2.957,14.7,17,-3,0,-2090,-2090,-631.2,2090,0,0,5.1,4.6
2025-08-27T00:11:00.000+00:00,3.299,2.956,14.3,17,-3,0,-2090,-2090,-631.2,2090,0,0,4.5,3.9
2025-08-27T00:12:00.000+00:00,3.299,2.955,14.6,17,-3,0,-2090,-2090,-631.2,2090,0,0,5.2,4.6
2025-08-27T00:13:00.000+00:00,3.299,2.955,14.7,16,-3,0,-2090,-2090,-631.2,2090,0,0,4.5,5.3
2025-08-27T00:14:00.000+00:00,3.299,2.954,14.5,16,-3,0,-2090,-2090,-631.2,2090,0,0,4.5,3.9
2025-08-27T00:15:00.000+00:00,3.299,2.953,14.3,17,-3,0,-2090,-2090,-631.2,2090,0,0,4.5,4.5
2025-08-27T00:16:00.000+00:00,3.299,2.952,14.5,17,-3,0,-2090,-2090,-631.2,2090,0,0,4.3,3.9
2025-08-27T00:17:00.000+00:00,3.299,2.952,14.5,16,-2,0,-2090,-2090,-631.2,2090,0,0,4.5,3.8
2025-08-27T00:18:00.000+00:00,3.299,2.952,14.5,16,-3,0,-2090,-2090,-631.2,2090,0,0,4.6,4.5
2025-08-27T00:19:00.000+00:00,3.299,2.951,14.5,16,-3,0,-2090,-2090,-631.2,2090,0,0,4.1,4.9
2025-08-27T00:20:00.000+00:00,3.299,2.95,14.5,16,-4,0,-2090,-2090,-631.2,2090,0,0,4.8,5.3
2025-08-27T00:21:00.000+00:00,3.299,2.949,14.4,16,-3,0,-2090,-2090,-631.2,2090,0,0,4.2,4.7
2025-08-27T00:22:00.000+00:00,3.299,2.948,14.2,18,-4,0,-2090,-2090,-631.2,2090,0,0,4.5,4.6
2025-08-27T00:23:00.000+00:00,3.299,2.948,14.6,16,-3,0,-2090,-2090,-631.2,2090,0,0,4.6,4.5
2025-08-27T00:24:00.000+00:00,3.299,2.947,14.4,16,-3,0,-2090,-2090,-631.2,2090,0,0,3.9,4.8
2025-08-27T00:25:00.000+00:00,3.299,2.947,14.6,18,-3,0,-2090,-2090,-631.2,2090,0,0,5,4.8
2025-08-27T00:26:00.000+00:00,3.299,2.946,14.5,16,-3,0,-2090,-2090,-631.2,2090,0,0,4.4,4.6
2025-08-27T00:27:00.000+00:00,3.299,2.945,14.7,16,-3,0,-2090,-2090,-631.2,2090,0,0,3.9,4.7
2025-08-27T00:28:00.000+00:00,3.299,2.944,14.4,16,-2,0,-2090,-2090,-631.2,2090,0,0,4.5,3.8
2025-08-27T00:29:00.000+00:00,3.299,2.943,14.7,18,-3,0,-2090,-2090,-631.2,2090,0,0,4.4,5
2025-08-27T00:30:00.000+00:00,3.299,2.943,14.6,16,-3,0,-2090,-2090,-631.2,2090,0,0,4.5,5.1
2025-08-27T00:31:00.000+00:00,3.299,2.942,14.4,16,-2,0,-2090,-2090,-631.2,2090,0,0,3.7,4.3
2025-08-27T00:32:00.000+00:00,3.299,2.941,14.5,16,-4,0,-2090,-2090,-631.2,2090,0,0,4.1,4.9
2025-08-27T00:33:00.000+00:00,3.299,2.941,14.6,16,-3,0,-2090,-2090,-631.2,2090,0,0,4.1,4.7
2025-08-27T00:34:00.000+00:00,3.299,2.94,14.5,16,-3,0,-2090,-2090,-631.2,2090,0,0,4.1,4.8
2025-08-27T00:35:00.000+00:00,3.299,2.939,14.3,15,-3,0,-2090,-2090,-631.2,2090,0,0,4.7,4
2025-08-27T00:36:00.000+00:00,3.299,2.938,14.4,15,-3,0,-2090,-2090,-631.2,2090,0,0,4.9,3.9
2025-08-27T00:37:00.000+00:00,3.299,2.938,14.4,16,-3,0,-2090,-2090,-631.2,2090,0,0,4.3,4.1
2025-08-27T00:38:00.000+00:00,3.299,2.937,14.5,16,-3,0,-2090,-2090,-631.2,2090,0,0,4.4,4.4
2025-08-27T00:39:00.000+00:00,3.299,2.936,14.4,16,-3,0,-2090,-2090,-631.2,2090,0,0,4.4,4.3
2025-08-27T00:40:00.000+00:00,3.299,2.936,14.4,16,-3,0,-2090,-2090,-631.2,2090,0,0,4.2,4.7
2025-08-27T00:41:00.000+00:00,3.299,2.935,14.5,16,-3,0,-2090,-2090,-631.2,2090,0,0,4.2,4.7
2025-08-27T00:42:00.000+00:00,3.299,2.934,14.6,16,-4,0,-2090,-2090,-631.2,2090,0,0,5,4.7
2025-08-27T00:43:00.000+00:00,3.299,2.933,14.6,16,-3,0,-2090,-2090,-631.2,2090,0,0,4.1,4.4
2025-08-27T00:44:00.000+00:00,3.299,2.932,14.3,18,-4,0,-2090,-2090,-631.2,2090,0,0,4.1,3.7
2025-08-27T00:45:00.000+00:00,3.299,2.931,14.4,16,-3,0,-2090,-2090,-631.2,2090,0,0,4.4,4
2025-08-27T00:46:00.000+00:00,3.299,2.931,14.5,14,-3,0,-2090,-2090,-631.2,2090,0,0,4.5,4.2
2025-08-27T00:47:00.000+00:00,3.299,2.93,14.5,16,-3,0,-2090,-2090,-631.2,2090,0,0,5,4
2025-08-27T00:48:00.000+00:00,3.299,2.929,14.5,14,-3,0,-2090,-2090,-631.2,2090,0,0,3.9,4.4
2025-08-27T00:49:00.000+00:00,3.299,2.929,14.4,16,-3,0,-2090,-2090,-631.2,2090,0,0,4.5,4.3
2025-08-27T00:50:00.000+00:00,3.299,2.928,15,16,-3,0,-2090,-2090,-631.2,2090,0,0,4.2,5.2
2025-08-27T00:51:00.000+00:00,3.299,2.927,14.6,16,-2,0,-2090,-2090,-631.2,2090,0,0,4.9,4.6
2025-08-27T00:52:00.000+00:00,3.299,2.926,14.7,16,-3,0,-2090,-2090,-631.2,2090,0,0,4.4,4.9
2025-08-27T00:53:00.000+00:00,3.299,2.925,14.5,16,-3,0,-2090,-2090,-631.2,2090,0,0,4.8,4.5
2025-08-27T00:54:00.000+00:00,3.299,2.924,14.6,16,-3,0,-2090,-2090,-631.2,2090,0,0,4.1,4
2025-08-27T00:55:00.000+00:00,3.299,2.924,14.5,14,-4,0,-2090,-2090,-631.2,2090,0,0,4.3,4.7
2025-08-27T00:56:00.000+00:00,3.299,2.923,14.3,18,-3,0,-2090,-2090,-631.2,2090,0,0,4.7,4
2025-08-27T00:57:00.000+00:00,3.299,2.922,14.7,16,-3,0,-2090,-2090,-631.2,2090,0,0,4,4.6
2025-08-27T00:58:00.000+00:00,3.299,2.921,14.5,16,-4,0,-2090,-2090,-631.2,2090,0,0,4.8,4.4
2025-08-27T00:59:00.000+00:00,3.299,2.921,14.5,16,-3,0,-2090,-2090,-631.2,2090,0,0,4.2,3.9
2025-08-27T01:00:00.000+00:00,3.299,2.92,14.5,16,-3,0,-2090,-2090,-631.2,2090,0,0,4.7,4.6
2025-08-27T01:01:00.000+00:00,3.299,2.919,14.5,14,-4,0,-2090,-2090,-631.2,2090,0,0,4.1,4.9
2025-08-27T01:02:00.000+00:00,3.299,2.919,14.7,16,-3,0,-2090,-2090,-631.2,2090,0,0,5.2,4
2025-08-27T01:03:00.000+00:00,3.299,2.917,14.5,16,-3,0,-2090,-2090,-631.2,2090,0,0,4.4,4.4
2025-08-27T01:04:00.000+00:00,3.299,2.916,14.8,16,-3,0,-2090,-2090,-631.2,2090,0,0,4.6,4.2
2025-08-27T01:05:00.000+00:00,3.299,2.915,14.7,14,-3,0,-2090,-2090,-631.2,2090,0,0,4.6,4.5
2025-08-27T01:06:00.000+00:00,3.299,2.915,14.7,16,-3,0,-2090,-2090,-631.2,2090,0,0,4.7,4.4
2025-08-27T01:07:00.000+00:00,3.299,2.914,14.5,16,-3,0,-2090,-2090,-631.2,2090,0,0,4.2,4.4
2025-08-27T01:08:00.000+00:00,3.299,2.913,14.5,14,-2,0,-2090,-2090,-631.2,2090,0,0,5.8,4.7
2025-08-27T01:09:00.000+00:00,3.299,2.912,14.3,16,-4,0,-2090,-2090,-631.2,2090,0,0,4.7,4.4
2025-08-27T01:10:00.000+00:00,3.299,2.911,14.6,14,-3,0,-2090,-2090,-631.2,2090,0,0,4.3,4.7
2025-08-27T01:11:00.000+00:00,3.299,2.911,14.4,16,-3,0,-2090,-2090,-631.2,2090,0,0,4.8,4.6
2025-08-27T01:12:00.000+00:00,3.299,2.91,14.6,18,-4,0,-2090,-2090,-631.2,2090,0,0,4.3,5.1
2025-08-27T01:13:00.000+00:00,3.299,2.909,14.8,16,-3,0,-2090,-2090,-631.2,2090,0,0,4.2,4.3
2025-08-27T01:14:00.000+00:00,3.299,2.908,14.6,16,-4,0,-2090,-2090,-631.2,2090,0,0,3.9,4.6
2025-08-27T01:15:00.000+00:00,3.299,2.907,14.5,16,-3,0,-2090,-2090,-631.2,2090,0,0,3.9,4.3
2025-08-27T01:16:00.000+00:00,3.299,2.906,14.6,16,-3,0,-2090,-2090,-631.2,2090,0,0,5.6,4.8
2025-08-27T01:17:00.000+00:00,3.299,2.905,14.6,16,-4,0,-2090,-2090,-631.2,2090,0,0,4.3,4.7
2025-08-27T01:18:00.000+00:00,3.299,2.904,14.5,14,-3,0,-2090,-2090,-631.2,2090,0,0,3.9,5.3
2025-08-27T01:19:00.000+00:00,3.299,2.904,14.8,14,-3,0,-2090,-2090,-631.2,2090,0,0,4.4,4.5
2025-08-27T01:20:00.000+00:00,3.299,2.903,14.7,14,-3,0,-2090,-2090,-631.2,2090,0,0,4.6,4.8
2025-08-27T01:21:00.000+00:00,3.299,2.902,14.7,14,-3,0,-2090,-2090,-631.2,2090,0,0,4.6,4.5
2025-08-27T01:22:00.000+00:00,3.299,2.901,14.6,18,-3,0,-2090,-2090,-631.2,2090,0,0,4.9,4.4
2025-08-27T01:23:00.000+00:00,3.299,2.9,14.4,16,-3,0,-2090,-2090,-631.2,2090,0,0,5,4.4
2025-08-27T01:24:00.000+00:00,3.299,2.899,14.6,18,-3,0,-2090,-2090,-631.2,2090,0,0,4.8,5.7
2025-08-27T01:25:00.000+00:00,3.299,2.898,14.7,16,-3,0,-2090,-2090,-631.2,2090,0,0,4.2,3.8
2025-08-27T01:26:00.000+00:00,3.299,2.897,14.8,18,-3,0,-2090,-2090,-631.2,2090,0,0,4.4,4.7
2025-08-27T01:27:00.000+00:00,3.299,2.896,14.5,18,-3,0,-2090,-2090,-631.2,2090,0,0,4.4,4.6
2025-08-27T01:28:00.000+00:00,3.299,2.895,14.7,16,-3,0,-2090,-2090,-631.2,2090,0,0,5.2,4.6
2025-08-27T01:29:00.000+00:00,3.299,2.895,14.6,16,-3,0,-2090,-2090,-631.2,2090,0,0,3.9,5.3
2025-08-27T01:30:00.000+00:00,3.299,2.894,14.8,18,-3,0,-2090,-2090,-631.2,2090,0,0,4,5
2025-08-27T01:31:00.000+00:00,3.299,2.893,14.5,18,-3,0,-2090,-2090,-631.2,2090,0,0,4.3,4.3
2025-08-27T01:32:00.000+00:00,3.299,2.892,14.6,16,-3,0,-2090,-2090,-631.2,2090,0,0,4.4,4.6
2025-08-27T01:33:00.000+00:00,3.299,2.891,14.8,16,-3,0,-2090,-2090,-631.2,2090,0,0,4.3,3.8
2025-08-27T01:34:00.000+00:00,3.299,2.89,14.6,16,-3,0,-2090,-2090,-631.2,2090,0,0,4.5,4.6
2025-08-27T01:35:00.000+00:00,3.299,2.889,14.9,16,-3,0,-2090,-2090,-631.2,2090,0,0,4.1,4.7
2025-08-27T01:36:00.000+00:00,3.299,2.888,14.6,18,-3,0,-2090,-2090,-631.2,2090,0,0,4.2,3.9
2025-08-27T01:37:00.000+00:00,3.299,2.888,14.7,16,-3,0,-2090,-2090,-631.2,2090,0,0,4.3,4.6
2025-08-27T01:38:00.000+00:00,3.299,2.886,14.8,14,-4,0,-2090,-2090,-631.2,2090,0,0,4.6,4.7
2025-08-27T01:39:00.000+00:00,3.299,2.885,14.7,16,-3,0,-2090,-2090,-631.2,2090,0,0,4.6,4.1
2025-08-27T01:40:00.000+00:00,3.299,2.884,14.6,18,-3,0,-2090,-2090,-631.2,2090,0,0,4.1,4.6
2025-08-27T01:41:00.000+00:00,3.299,2.884,14.9,14,-3,0,-2090,-2090,-631.2,2090,0,0,4.5,4.4
2025-08-27T01:42:00.000+00:00,3.299,2.882,14.7,16,-3,0,-2090,-2090,-631.2,2090,0,0,4.9,4.7
2025-08-27T01:43:00.000+00:00,3.299,2.881,14.6,16,-3,0,-2090,-2090,-631.2,2090,0,0,4.5,4
2025-08-27T01:44:00.000+00:00,3.299,2.88,14.9,18,-3,0,-2090,-2090,-631.2,2090,0,0,4.7,5.3
2025-08-27T01:45:00.000+00:00,3.299,2.879,14.8,16,-3,0,-2090,-2090,-631.2,2090,0,0,4.4,4.1
2025-08-27T01:46:00.000+00:00,3.299,2.878,14.7,16,-3,0,-2090,-2090,-631.2,2090,0,0,3.8,4
2025-08-27T01:47:00.000+00:00,3.299,2.877,14.7,18,-3,0,-2090,-2090,-631.2,2090,0,0,3.9,4.7
2025-08-27T01:48:00.000+00:00,3.299,2.876,15,18,-2,0,-2090,-2090,-631.2,2090,0,0,4,4.7
2025-08-27T01:49:00.000+00:00,3.299,2.876,15,16,-3,0,-2090,-2090,-631.2,2090,0,0,4.6,4.1
2025-08-27T01:50:00.000+00:00,3.299,2.874,14.7,16,-3,0,-2090,-2090,-631.2,2090,0,0,4.5,4.2
2025-08-27T01:51:00.000+00:00,3.299,2.873,14.9,16,-3,0,-2090,-2090,-631.2,2090,0,0,5,4.3
2025-08-27T01:52:00.000+00:00,3.299,2.872,14.9,18,-2,0,-2090,-2090,-631.2,2090,0,0,5,4.8
2025-08-27T01:53:00.000+00:00,3.299,2.872,15,18,-3,0,-2090,-2090,-631.2,2090,0,0,4.4,4.1
2025-08-27T01:54:00.000+00:00,3.299,2.87,14.8,16,-3,0,-2090,-2090,-631.2,2090,0,0,4,3.8
2025-08-27T01:55:00.000+00:00,3.299,2.869,14.6,18,-3,0,-2090,-2090,-631.2,2090,0,0,4.5,3.5
2025-08-27T01:56:00.000+00:00,3.299,2.868,14.9,16,-3,0,-2090,-2090,-631.2,2090,0,0,4.2,4.8
2025-08-27T01:57:00.000+00:00,3.299,2.867,15,16,-3,0,-2090,-2090,-631.2,2090,0,0,4.2,4.3
2025-08-27T01:58:00.000+00:00,3.299,2.866,14.8,18,-4,0,-2090,-2090,-631.2,2090,0,0,4.4,4.6
2025-08-27T01:59:00.000+00:00,3.299,2.865,14.9,16,-3,0,-2090,-2090,-631.2,2090,0,0,4.6,4.6
2025-08-27T02:00:00.000+00:00,3.299,2.864,15,16,-2,0,-2090,-2090,-631.2,2090,0,0,4.4,4.4
2025-08-27T02:01:00.000+00:00,3.299,2.863,14.8,16,-4,0,-2090,-2090,-631.2,2090,0,0,4.6,3.9
2025-08-27T02:02:00.000+00:00,3.299,2.862,14.9,20,-3,0,-2090,-2090,-631.2,2090,0,0,4.1,4.3
2025-08-27T02:03:00.000+00:00,3.299,2.861,14.8,16,-4,0,-2090,-2090,-631.2,2090,0,0,4,4.7
2025-08-27T02:04:00.000+00:00,3.299,2.86,15,18,-3,0,-2090,-2090,-631.2,2090,0,0,4.3,4
2025-08-27T02:05:00.000+00:00,3.299,2.859,14.9,16,-3,0,-2090,-2090,-631.2,2090,0,0,4.8,4.5
2025-08-27T02:06:00.000+00:00,3.299,2.857,14.8,16,-3,0,-2090,-2090,-631.2,2090,0,0,4.1,4.7
2025-08-27T02:07:00.000+00:00,3.299,2.857,14.9,16,-4,0,-2090,-2090,-631.2,2090,0,0,4.4,5
2025-08-27T02:08:00.000+00:00,3.299,2.856,14.9,18,-3,0,-2090,-2090,-631.2,2090,0,0,4.5,4.7
2025-08-27T02:09:00.000+00:00,3.299,2.854,14.8,16,-3,0,-2090,-2090,-631.2,2090,0,0,4.4,4.9
2025-08-27T02:10:00.000+00:00,3.299,2.853,15,16,-3,0,-2090,-2090,-631.2,2090,0,0,4.4,4.7
2025-08-27T02:11:00.000+00:00,3.299,2.852,14.9,16,-3,0,-2090,-2090,-631.2,2090,0,0,3.9,4.4
2025-08-27T02:12:00.000+00:00,3.299,2.851,15,16,-2,0,-2090,-2090,-631.2,2090,0,0,4.5,4.3
2025-08-27T02:13:00.000+00:00,3.299,2.85,14.9,18,-3,0,-2090,-2090,-631.2,2090,0,0,5.3,4.1
2025-08-27T02:14:00.000+00:00,3.299,2.848,14.8,16,-3,0,-2090,-2090,-631.2,2090,0,0,4.1,4.8
2025-08-27T02:15:00.000+00:00,3.299,2.848,15.1,16,-3,0,-2090,-2090,-631.2,2090,0,0,4.7,4.3
2025-08-27T02:16:00.000+00:00,3.299,2.846,15.2,16,-3,0,-2090,-2090,-631.2,2090,0,0,4.8,4
2025-08-27T02:17:00.000+00:00,3.299,2.845,14.9,16,-3,0,-2090,-2090,-631.2,2090,0,0,5,4.6
2025-08-27T02:18:00.000+00:00,3.299,2.844,15,16,-3,0,-2090,-2090,-631.2,2090,0,0,4.5,3.7
2025-08-27T02:19:00.000+00:00,3.299,2.842,15.1,16,-3,0,-2090,-2090,-631.2,2090,0,0,5.1,3.8
2025-08-27T02:20:00.000+00:00,3.299,2.842,14.8,18,-3,0,-2090,-2090,-631.2,2090,0,0,4.1,4.2
2025-08-27T02:21:00.000+00:00,3.299,2.84,15,18,-3,0,-2090,-2090,-631.2,2090,0,0,4.7,4.2
2025-08-27T02:22:00.000+00:00,3.299,2.839,15,16,-4,0,-2090,-2090,-631.2,2090,0,0,5,4.3
2025-08-27T02:23:00.000+00:00,3.299,2.839,14.8,18,-3,0,-2090,-2090,-631.2,2090,0,0,3.8,4.2
2025-08-27T02:24:00.000+00:00,3.299,2.837,15.2,16,-4,0,-2090,-2090,-631.2,2090,0,0,4.5,4.2
2025-08-27T02:25:00.000+00:00,3.299,2.835,14.9,17,-3,0,-2090,-2090,-631.2,2090,0,0,4.2,4.2
2025-08-27T02:26:00.000+00:00,3.299,2.834,15.1,16,-3,0,-2090,-2090,-631.2,2090,0,0,4.1,5.6
2025-08-27T02:27:00.000+00:00,3.299,2.834,15.2,16,-3,0,-2090,-2090,-631.2,2090,0,0,4,4.5
2025-08-27T02:28:00.000+00:00,3.299,2.832,15.1,17,-3,0,-2090,-2090,-631.2,2090,0,0,4.3,4.7
2025-08-27T02:29:00.000+00:00,3.299,2.831,15.1,16,-3,0,-2090,-2090,-631.2,2090,0,0,4.7,4.9
2025-08-27T02:30:00.000+00:00,3.299,2.83,15,16,-3,0,-2090,-2090,-631.2,2090,0,0,4.1,4.6
2025-08-27T02:31:00.000+00:00,3.299,2.828,15,16,-2,0,-2090,-2090,-631.2,2090,0,0,4.5,4.4
2025-08-27T02:32:00.000+00:00,3.299,2.827,15,16,-4,0,-2090,-2090,-631.2,2090,0,0,4.8,4.1
2025-08-27T02:33:00.000+00:00,3.299,2.825,15,17,-3,0,-2090,-2090,-631.2,2090,0,0,4.3,4.5
2025-08-27T02:34:00.000+00:00,3.299,2.824,14.9,17,-4,0,-2090,-2090,-631.2,2090,0,0,4.9,4.3
2025-08-27T02:35:00.000+00:00,3.299,2.823,15.1,17,-2,0,-2090,-2090,-631.2,2090,0,0,4.2,4.5
2025-08-27T02:36:00.000+00:00,3.299,2.822,15.1,16,-3,0,-2090,-2090,-631.2,2090,0,0,5.2,4.6
2025-08-27T02:37:00.000+00:00,3.299,2.821,15,16,-3,0,-2090,-2090,-631.2,2090,0,0,4.5,3.9
2025-08-27T02:38:00.000+00:00,3.299,2.819,14.9,16,-3,0,-2090,-2090,-631.2,2090,0,0,4.2,4.5
2025-08-27T02:39:00.000+00:00,3.299,2.817,15.1,17,-3,0,-2090,-2090,-631.2,2090,0,0,4.1,5.3
2025-08-27T02:40:00.000+00:00,3.299,2.816,15.2,16,-3,0,-2090,-2090,-631.2,2090,0,0,4.7,4.2
2025-08-27T02:41:00.000+00:00,3.299,2.815,15.3,16,-3,0,-2090,-2090,-631.2,2090,0,0,4.7,4.6
2025-08-27T02:42:00.000+00:00,3.299,2.814,15.1,14,-3,0,-2090,-2090,-631.2,2090,0,0,4.4,4.6
2025-08-27T02:43:00.000+00:00,3.299,2.813,14.9,16,-3,0,-2090,-2090,-631.2,2090,0,0,4.6,3.7
2025-08-27T02:44:00.000+00:00,3.299,2.811,15.2,16,-3,0,-2090,-2090,-631.2,2090,0,0,4.6,5
2025-08-27T02:45:00.000+00:00,3.299,2.809,15.1,14,-3,0,-2090,-2090,-631.2,2090,0,0,4.7,4.3
2025-08-27T02:46:00.000+00:00,3.299,2.808,15.2,19,-3,0,-2090,-2090,-631.2,2090,0,0,4.7,4.2
2025-08-27T02:47:00.000+00:00,3.299,2.807,15.2,17,-3,0,-2090,-2090,-631.2,2090,0,0,4.6,4.5
2025-08-27T02:48:00.000+00:00,3.299,2.805,15.2,15,-3,0,-2090,-2090,-631.2,2090,0,0,4.5,4.4
2025-08-27T02:49:00.000+00:00,3.299,2.804,15.2,15,-3,0,-2090,-2090,-631.2,2090,0,0,5,4.9
2025-08-27T02:50:00.000+00:00,3.299,2.802,15.2,17,-3,0,-2090,-2090,-631.2,2090,0,0,4.8,4.3
2025-08-27T02:51:00.000+00:00,3.299,2.801,15.3,15,-3,0,-2090,-2090,-631.2,2090,0,0,4.2,4.9
2025-08-27T02:52:00.000+00:00,3.299,2.8,15.5,15,-3,0,-2090,-2090,-631.2,2090,0,0,4.3,4.3
2025-08-27T02:53:00.000+00:00,3.299,2.798,15.2,15,-2,0,-2090,-2090,-631.2,2090,0,0,5.1,4.7
2025-08-27T02:54:00.000+00:00,3.299,2.797,15.3,17,-3,0,-2090,-2090,-631.2,2090,0,0,4.1,4.6
2025-08-27T02:55:00.000+00:00,3.299,2.795,15.3,17,-3,0,-2090,-2090,-631.2,2090,0,0,4.9,4.7
2025-08-27T02:56:00.000+00:00,3.299,2.794,15.1,17,-3,0,-2090,-2090,-631.2,2090,0,0,4.9,4.3
2025-08-27T02:57:00.000+00:00,3.299,2.793,15.3,17,-4,0,-2090,-2090,-631.2,2090,0,0,3.8,4.3
2025-08-27T02:58:00.000+00:00,3.299,2.791,15.2,17,-3,0,-2090,-2090,-631.2,2090,0,0,4.7,4.8
2025-08-27T02:59:00.000+00:00,3.299,2.789,15.4,17,-3,0,-2090,0,0,223.9,0,0,4.7,4.4
2025-08-27T03:00:00.000+00:00,3.299,2.787,15.3,17,-3,0,-2090,-287.9,-287.9,1672,0,0,4.8,3.9
2025-08-27T03:01:00.000+00:00,3.299,2.785,15.3,19,-4,0,-2090,-287.9,-287.9,1672,0,0,4.4,4.6
2025-08-27T03:02:00.000+00:00,3.299,2.783,15,19,-3,0,-2090,-287.9,-287.9,1672,0,0,4.5,4.9
2025-08-27T03:03:00.000+00:00,3.299,2.781,15.4,17,-4,0,-2090,-287.9,-287.9,1672,0,0,4.2,4.2
2025-08-27T03:04:00.000+00:00,3.299,2.779,15.3,17,-3,0,-2090,-1672,-631.2,1672,0,0,4.7,4.4
2025-08-27T03:05:00.000+00:00,3.299,2.777,15.6,17,-3,0,-2090,0,0,1254,0,0,4.2,3.8
2025-08-27T03:06:00.000+00:00,3.299,2.789,15.4,13,0,0,0,0,0,150.3,0,0,4,4.8
2025-08-27T03:07:00.000+00:00,3.299,2.789,15.4,13,0,0,0,0,0,0,0,0,4,4.8
2025-08-27T03:08:00.000+00:00,3.299,2.789,15.4,13,0,0,0,0,0,0,0,0,4,4.8
2025-08-27T03:09:00.000+00:00,3.299,2.788,15.4,13,0,0,0,0,0,0,0,0,4,4.8
2025-08-27T03:10:00.000+00:00,3.299,2.789,15.4,13,0,0,0,0,0,0,0,0,4,4.8
2025-08-27T03:11:00.000+00:00,3.299,2.79,0,0,0,0,0,0,0,0,0,0,0,0
2025-08-27T03:12:00.000+00:00,3.299,2.79,0,0,0,0,0,0,0,0,0,0,0,0
2025-08-27T03:13:00.000+00:00,3.299,2.79,0,0,0,0,0,0,0,0,0,0,0,0
2025-08-27T03:14:00.000+00:00,3.299,2.789,0,0,0,0,0,0,0,0,0,0,0,0
2025-08-27T03:15:00.000+00:00,3.299,2.789,0,0,0,0,0,0,0,0,0,0,0,0
2025-08-27T03:16:00.000+00:00,3.299,2.79,0,0,0,0,0,0,0,0,0,0,0,0
2025-08-27T03:17:00.000+00:00,3.299,2.791,0,0,0,0,0,0,0,0,0,0,0,0
2025-08-27T03:18:00.000+00:00,3.299,2.791,0,0,0,0,0,0,0,0,0,0,0,0
2025-08-27T03:19:00.000+00:00,3.299,2.791,0,0,0,0,0,0,0,0,0,0,0,0
2025-08-27T03:20:00.000+00:00,3.299,2.79,0,0,0,0,0,0,0,0,0,0,0,0
2025-08-27T03:21:00.000+00:00,3.299,2.791,0,0,0,0,0,0,0,0,0,0,0,0
2025-08-27T03:22:00.000+00:00,3.299,2.791,0,0,0,0,0,0,0,0,0,0,0,0
2025-08-27T03:23:00.000+00:00,3.299,2.791,0,0,0,0,0,0,0,0,0,0,0,0
2025-08-27T03:24:00.000+00:00,3.299,2.791,0,0,0,0,0,0,0,0,0,0,0,0
2025-08-27T03:25:00.000+00:00,3.299,2.792,0,0,0,0,0,0,0,0,0,0,0,0
2025-08-27T03:26:00.000+00:00,3.299,2.792,0,0,0,0,0,0,0,0,0,0,0,0
2025-08-27T03:27:00.000+00:00,3.299,2.792,0,0,0,0,0,0,0,0,0,0,0,0
2025-08-27T03:28:00.000+00:00,3.299,2.792,0,0,0,0,0,0,0,0,0,0,0,0
2025-08-27T03:29:00.000+00:00,3.299,2.792,0,0,0,0,0,0,0,0,0,0,0,0
2025-08-27T03:30:00.000+00:00,3.299,2.792,0,0,0,0,0,0,0,0,0,0,0,0
2025-08-27T03:31:00.000+00:00,3.299,2.792,0,0,0,0,0,0,0,0,0,0,0,0
2025-08-27T03:32:00.000+00:00,3.299,2.792,0,0,0,0,0,0,0,0,0,0,0,0
2025-08-27T03:33:00.000+00:00,3.299,2.792,0,0,0,0,0,0,0,0,0,0,0,0
2025-08-27T03:34:00.000+00:00,3.299,2.792,0,0,0,0,0,0,0,0,0,0,0,0
2025-08-27T03:35:00.000+00:00,3.299,2.792,0,0,0,0,0,0,0,0,0,0,0,0
2025-08-27T03:36:00.000+00:00,3.299,2.793,0,0,0,0,0,0,0,0,0,0,0,0
2025-08-27T03:37:00.000+00:00,3.299,2.793,0,0,0,0,0,0,0,0,0,0,0,0
2025-08-27T03:38:00.000+00:00,3.299,2.792,0,0,0,0,0,0,0,0,0,0,0,0
2025-08-27T03:39:00.000+00:00,3.299,2.793,0,0,0,0,0,0,0,0,0,0,0,0
2025-08-27T03:40:00.000+00:00,3.299,2.793,0,0,0,0,0,0,0,0,0,0,0,0
2025-08-27T03:41:00.000+00:00,3.299,2.792,0,0,0,0,0,0,0,0,0,0,0,0
2025-08-27T03:42:00.000+00:00,3.299,2.792,0,0,0,0,0,0,0,0,0,0,0,0
2025-08-27T03:43:00.000+00:00,3.299,2.793,0,0,0,0,0,0,0,0,0,0,0,0
2025-08-27T03:44:00.000+00:00,3.299,2.792,0,0,0,0,0,0,0,0,0,0,0,0
2025-08-27T03:45:00.000+00:00,3.299,2.793,0,0,0,0,0,0,0,0,0,0,0,0
2025-08-27T03:46:00.000+00:00,3.299,2.793,0,0,0,0,0,0,0,0,0,0,0,0
2025-08-27T03:47:00.000+00:00,3.299,2.794,0,0,0,0,0,0,0,0,0,0,0,0
2025-08-27T03:48:00.000+00:00,3.299,2.794,0,0,0,0,0,0,0,0,0,0,0,0
2025-08-27T03:49:00.000+00:00,3.299,2.794,0,0,0,0,0,0,0,0,0,0,0,0
2025-08-27T03:50:00.000+00:00,3.299,2.794,0,0,0,0,0,0,0,0,0,0,0,0
2025-08-27T03:51:00.000+00:00,3.299,2.794,0,0,0,0,0,0,0,0,0,0,0,0
2025-08-27T03:52:00.000+00:00,3.299,2.794,0,0,0,0,0,0,0,0,0,0,0,0
2025-08-27T03:53:00.000+00:00,3.299,2.794,0,0,0,0,0,0,0,0,0,0,0,0
2025-08-27T03:54:00.000+00:00,3.299,2.793,0,0,0,0,0,0,0,0,0,0,0,0
2025-08-27T03:55:00.000+00:00,3.299,2.793,0,0,0,0,0,0,0,0,0,0,0,0
2025-08-27T03:56:00.000+00:00,3.299,2.793,0,0,0,0,0,0,0,0,0,0,0,0
2025-08-27T03:57:00.000+00:00,3.299,2.793,0,0,0,0,0,0,0,0,0,0,0,0
2025-08-27T03:58:00.000+00:00,3.299,2.794,0,0,0,0,0,0,0,0,0,0,0,0
2025-08-27T03:59:00.000+00:00,3.299,2.794,0,0,0,0,0,0,0,0,0,0,0,0
2025-08-27T04:00:00.000+00:00,3.299,2.794,0,0,0,0,0,0,0,0,0,0,0,0
2025-08-27T04:01:00.000+00:00,3.299,2.795,0,0,0,0,0,0,0,0,0,0,0,0
2025-08-27T04:02:00.000+00:00,3.299,2.795,0,0,0,0,0,0,0,0,0,0,0,0
2025-08-27T04:03:00.000+00:00,3.299,2.794,0,0,0,0,0,0,0,0,0,0,0,0
2025-08-27T04:04:00.000+00:00,3.299,2.794,0,0,0,0,0,0,0,0,0,0,0,0
2025-08-27T04:05:00.000+00:00,3.299,2.795,0,0,0,0,0,0,0,0,0,0,0,0
2025-08-27T04:06:00.000+00:00,3.299,2.795,0,0,0,0,0,0,0,0,0,0,0,0
2025-08-27T04:07:00.000+00:00,3.299,2.795,0,0,0,0,0,0,0,0,0,0,0,0
2025-08-27T04:08:00.000+00:00,3.299,2.795,0,0,0,0,0,0,0,0,0,0,0,0
2025-08-27T04:09:00.000+00:00,3.299,2.795,0,0,0,0,0,0,0,0,0,0,0,0
2025-08-27T04:10:00.000+00:00,3.299,2.795,0,0,0,0,0,0,0,0,0,0,0,0
2025-08-27T04:11:00.000+00:00,3.299,2.795,0,0,0,0,0,0,0,0,0,0,0,0
2025-08-27T04:12:00.000+00:00,3.299,2.795,0,0,0,0,0,0,0,0,0,0,0,0
2025-08-27T04:13:00.000+00:00,3.299,2.795,0,0,0,0,0,0,0,0,0,0,0,0
2025-08-27T04:14:00.000+00:00,3.299,2.795,0,0,0,0,0,0,0,0,0,0,0,0
2025-08-27T04:15:00.000+00:00,3.299,2.795,0,0,0,0,0,0,0,0,0,0,0,0
2025-08-27T04:16:00.000+00:00,3.299,2.794,0,0,0,0,0,0,0,0,0,0,0,0
2025-08-27T04:17:00.000+00:00,3.299,2.794,0,0,0,0,0,0,0,0,0,0,0,0
2025-08-27T04:18:00.000+00:00,3.299,2.794,0,0,0,0,0,0,0,0,0,0,0,0
2025-08-27T04:19:00.000+00:00,3.299,2.794,0,0,0,0,0,0,0,0,0,0,0,0
2025-08-27T04:20:00.000+00:00,3.299,2.795,0,0,0,0,0,0,0,0,0,0,0,0
2025-08-27T04:21:00.000+00:00,3.299,2.795,0,0,0,0,0,0,0,0,0,0,0,0
2025-08-27T04:22:00.000+00:00,3.299,2.795,0,0,0,0,0,0,0,0,0,0,0,0
2025-08-27T04:23:00.000+00:00,3.299,2.795,0,0,0,0,0,0,0,0,0,0,0,0
2025-08-27T04:24:00.000+00:00,3.299,2.795,0,0,0,0,0,0,0,0,0,0,0,0
2025-08-27T04:25:00.000+00:00,3.299,2.795,0,0,0,0,0,0,0,0,0,0,0,0
2025-08-27T04:26:00.000+00:00,3.299,2.795,0,0,0,0,0,0,0,0,0,0,0,0
2025-08-27T04:27:00.000+00:00,3.299,2.796,0,0,0,0,0,0,0,0,0,0,0,0
2025-08-27T04:28:00.000+00:00,3.299,2.795,0,0,0,0,0,0,0,0,0,0,0,0
2025-08-27T04:29:00.000+00:00,3.299,2.796,0,0,0,0,0,0,0,0,0,0,0,0
2025-08-27T04:30:00.000+00:00,3.299,2.796,0,0,0,0,0,0,0,0,0,0,0,0
2025-08-27T04:31:00.000+00:00,3.299,2.796,0,0,0,0,0,0,0,0,0,0,0,0
2025-08-27T04:32:00.000+00:00,3.299,2.796,0,0,0,0,0,0,0,0,0,0,0,0
2025-08-27T04:33:00.000+00:00,3.299,2.796,0,0,0,0,0,0,0,0,0,0,0,0
2025-08-27T04:34:00.000+00:00,3.299,2.795,0,0,0,0,0,0,0,0,0,0,0,0
2025-08-27T04:35:00.000+00:00,3.299,2.796,0,0,0,0,0,0,0,0,0,0,0,0
2025-08-27T04:36:00.000+00:00,3.299,2.796,0,0,0,0,0,0,0,0,0,0,0,0
2025-08-27T04:37:00.000+00:00,3.299,2.795,0,0,0,0,0,0,0,0,0,0,0,0
2025-08-27T04:38:00.000+00:00,3.299,2.796,0,0,0,0,0,0,0,0,0,0,0,0
2025-08-27T04:39:00.000+00:00,3.299,2.796,0,0,0,0,0,0,0,0,0,0,0,0
2025-08-27T04:40:00.000+00:00,3.299,2.795,0,0,0,0,0,0,0,0,0,0,0,0
2025-08-27T04:41:00.000+00:00,3.299,2.796,0,0,0,0,0,0,0,0,0,0,0,0
2025-08-27T04:42:00.000+00:00,3.299,2.796,0,0,0,0,0,0,0,0,0,0,0,0
2025-08-27T04:43:00.000+00:00,3.299,2.796,0,0,0,0,0,0,0,0,0,0,0,0
2025-08-27T04:44:00.000+00:00,3.299,2.796,0,0,0,0,0,0,0,0,0,0,0,0
2025-08-27T04:45:00.000+00:00,3.299,2.796,0,0,0,0,0,0,0,0,0,0,0,0
2025-08-27T04:46:00.000+00:00,3.299,2.797,0,0,0,0,0,0,0,0,0,0,0,0
2025-08-27T04:47:00.000+00:00,3.299,2.797,0,0,0,0,0,0,0,0,0,0,0,0
2025-08-27T04:48:00.000+00:00,3.299,2.797,0,0,0,0,0,0,0,0,0,0,0,0
2025-08-27T04:49:00.000+00:00,3.299,2.797,0,0,0,0,0,0,0,0,0,0,0,0
2025-08-27T04:50:00.000+00:00,3.299,2.796,0,0,0,0,0,0,0,0,0,0,0,0
2025-08-27T04:51:00.000+00:00,3.299,2.797,0,0,0,0,0,0,0,0,0,0,0,0
2025-08-27T04:52:00.000+00:00,3.299,2.797,0,0,0,0,0,0,0,0,0,0,0,0
2025-08-27T04:53:00.000+00:00,3.299,2.797,0,0,0,0,0,0,0,0,0,0,0,0
2025-08-27T04:54:00.000+00:00,3.299,2.797,0,0,0,0,0,0,0,0,0,0,0,0
2025-08-27T04:55:00.000+00:00,3.299,2.797,0,0,0,0,0,0,0,0,0,0,0,0
2025-08-27T04:56:00.000+00:00,3.299,2.797,0,0,0,0,0,0,0,0,0,0,0,0
2025-08-27T04:57:00.000+00:00,3.299,2.797,0,0,0,0,0,0,0,0,0,0,0,0
2025-08-27T04:58:00.000+00:00,3.299,2.796,0,0,0,0,0,0,0,0,0,0,0,0
2025-08-27T04:59:00.000+00:00,3.299,2.796,0,0,0,0,0,0,0,0,0,0,0,0
2025-08-27T05:00:00.000+00:00,3.299,2.796,0,0,0,0,0,0,0,0,0,0,0,0
2025-08-27T05:01:00.000+00:00,3.299,2.796,0,0,0,0,0,0,0,0,0,0,0,0
2025-08-27T05:02:00.000+00:00,3.299,2.796,0,0,0,0,0,0,0,0,0,0,0,0
2025-08-27T05:03:00.000+00:00,3.299,2.797,0,0,0,0,0,0,0,0,0,0,0,0
2025-08-27T05:04:00.000+00:00,3.299,2.796,0,0,0,0,0,0,0,0,0,0,0,0
2025-08-27T05:05:00.000+00:00,3.299,2.797,0,0,0,0,0,0,0,0,0,0,0,0
2025-08-27T05:06:00.000+00:00,3.299,2.797,0,0,0,0,0,0,0,0,0,0,0,0
2025-08-27T05:07:00.000+00:00,3.299,2.797,0,0,0,0,0,0,0,0,0,0,0,0
2025-08-27T05:08:00.000+00:00,3.299,2.797,0,0,0,0,0,0,0,0,0,0,0,0
2025-08-27T05:09:00.000+00:00,3.299,2.797,0,0,0,0,0,0,0,0,0,0,0,0
2025-08-27T05:10:00.000+00:00,3.299,2.798,0,0,0,0,0,0,0,0,0,0,0,0
2025-08-27T05:11:00.000+00:00,3.299,2.798,0,0,0,0,0,0,0,0,0,0,0,0
2025-08-27T05:12:00.000+00:00,3.299,2.798,0,0,0,0,0,0,0,0,0,0,0,0
2025-08-27T05:13:00.000+00:00,3.299,2.798,0,0,0,0,0,0,0,0,0,0,0,0
2025-08-27T05:14:00.000+00:00,3.299,2.798,0,0,0,0,0,0,0,0,0,0,0,0
2025-08-27T05:15:00.000+00:00,3.299,2.798,0,0,0,0,0,0,0,0,0,0,0,0
2025-08-27T05:16:00.000+00:00,3.299,2.798,0,0,0,0,0,0,0,0,0,0,0,0
2025-08-27T05:17:00.000+00:00,3.299,2.797,0,0,0,0,0,0,0,0,0,0,0,0
2025-08-27T05:18:00.000+00:00,3.299,2.798,0,0,0,0,0,0,0,0,0,0,0,0
2025-08-27T05:19:00.000+00:00,3.299,2.798,0,0,0,0,0,0,0,0,0,0,0,0
2025-08-27T05:20:00.000+00:00,3.299,2.798,0,0,0,0,0,0,0,0,0,0,0,0
2025-08-27T05:21:00.000+00:00,3.299,2.798,0,0,0,0,0,0,0,0,0,0,0,0
2025-08-27T05:22:00.000+00:00,3.299,2.798,0,0,0,0,0,0,0,0,0,0,0,0
2025-08-27T05:23:00.000+00:00,3.299,2.798,0,0,0,0,0,0,0,0,0,0,0,0
2025-08-27T05:24:00.000+00:00,3.299,2.797,0,0,0,0,0,0,0,0,0,0,0,0
2025-08-27T05:25:00.000+00:00,3.299,2.797,0,0,0,0,0,0,0,0,0,0,0,0
2025-08-27T05:26:00.000+00:00,3.299,2.797,0,0,0,0,0,0,0,0,0,0,0,0
2025-08-27T05:27:00.000+00:00,3.299,2.797,0,0,0,0,0,0,0,0,0,0,0,0
2025-08-27T05:28:00.000+00:00,3.299,2.797,0,0,0,0,0,0,0,0,0,0,0,0
2025-08-27T05:29:00.000+00:00,3.299,2.797,0,0,0,0,0,0,0,0,0,0,0,0
2025-08-27T05:30:00.000+00:00,3.299,2.798,0,0,0,0,0,0,0,0,0,0,0,0
2025-08-27T05:31:00.000+00:00,3.299,2.798,0,0,0,0,0,0,0,0,0,0,0,0
2025-08-27T05:32:00.000+00:00,3.299,2.797,0,0,0,0,0,0,0,0,0,0,0,0
2025-08-27T05:33:00.000+00:00,3.299,2.797,0,0,0,0,0,0,0,0,0,0,0,0
2025-08-27T05:34:00.000+00:00,3.299,2.798,0,0,0,0,0,0,0,0,0,0,0,0
2025-08-27T05:35:00.000+00:00,3.299,2.798,0,0,0,0,0,0,0,0,0,0,0,0
2025-08-27T05:36:00.000+00:00,3.299,2.798,0,0,0,0,0,0,0,0,0,0,0,0
2025-08-27T05:37:00.000+00:00,3.299,2.798,0,0,0,0,0,0,0,0,0,0,0,0
2025-08-27T05:38:00.000+00:00,3.299,2.799,0,0,0,0,0,0,0,0,0,0,0,0
2025-08-27T05:39:00.000+00:00,3.299,2.799,0,0,0,0,0,0,0,0,0,0,0,0
2025-08-27T05:40:00.000+00:00,3.299,2.799,0,0,0,0,0,0,0,0,0,0,0,0
2025-08-27T05:41:00.000+00:00,3.299,2.798,0,0,0,0,0,0,0,0,0,0,0,0
2025-08-27T05:42:00.000+00:00,3.299,2.799,0,0,0,0,0,0,0,0,0,0,0,0
2025-08-27T05:43:00.000+00:00,3.299,2.799,0,0,0,0,0,0,0,0,0,0,0,0
2025-08-27T05:44:00.000+00:00,3.299,2.799,0,0,0,0,0,0,0,0,0,0,0,0
2025-08-27T05:45:00.000+00:00,3.299,2.798,0,0,0,0,0,0,0,0,0,0,0,0
2025-08-27T05:46:00.000+00:00,3.299,2.799,0,0,0,0,0,0,0,0,0,0,0,0
2025-08-27T05:47:00.000+00:00,3.299,2.799,0,0,0,0,0,0,0,0,0,0,0,0
2025-08-27T05:48:00.000+00:00,3.299,2.799,0,0,0,0,0,0,0,0,0,0,0,0
2025-08-27T05:49:00.000+00:00,3.299,2.799,0,0,0,0,0,0,0,0,0,0,0,0
2025-08-27T05:50:00.000+00:00,3.299,2.799,0,0,0,0,0,0,0,0,0,0,0,0
2025-08-27T05:51:00.000+00:00,3.299,2.799,0,0,0,0,0,0,0,0,0,0,0,0
2025-08-27T05:52:00.000+00:00,3.299,2.798,0,0,0,0,0,0,0,0,0,0,0,0
2025-08-27T05:53:00.000+00:00,3.299,2.799,0,0,0,0,0,0,0,0,0,0,0,0
2025-08-27T05:54:00.000+00:00,3.299,2.799,0,0,0,0,0,0,0,0,0,0,0,0
2025-08-27T05:55:00.000+00:00,3.299,2.799,0,0,0,0,0,0,0,0,0,0,0,0
2025-08-27T05:56:00.000+00:00,3.299,2.799,0,0,0,0,0,0,0,0,0,0,0,0
2025-08-27T05:57:00.000+00:00,3.299,2.799,0,0,0,0,0,0,0,0,0,0,0,0
2025-08-27T05:58:00.000+00:00,3.299,2.799,0,0,0,0,0,0,0,0,0,0,0,0
2025-08-27T05:59:00.000+00:00,3.299,2.798,0,0,0,0,0,0,0,0,0,0,0,0
2025-08-27T06:00:00.000+00:00,3.299,2.798,0,0,0,0,0,0,0,0,0,0,0,0
2025-08-27T06:01:00.000+00:00,3.299,2.798,0,0,0,0,0,0,0,0,0,0,0,0
2025-08-27T06:02:00.000+00:00,3.299,2.798,0,0,0,0,0,0,0,0,0,0,0,0
2025-08-27T06:03:00.000+00:00,3.299,2.798,0,0,0,0,0,0,0,0,0,0,0,0
2025-08-27T06:04:00.000+00:00,3.299,2.798,0,0,0,0,0,0,0,0,0,0,0,0
2025-08-27T06:05:00.000+00:00,3.299,2.799,0,0,0,0,0,0,0,0,0,0,0,0
2025-08-27T06:06:00.000+00:00,3.299,2.798,0,0,0,0,0,0,0,0,0,0,0,0
2025-08-27T06:07:00.000+00:00,3.299,2.799,0,0,0,0,0,0,0,0,0,0,0,0
2025-08-27T06:08:00.000+00:00,3.299,2.799,0,0,0,0,0,0,0,0,0,0,0,0
2025-08-27T06:09:00.000+00:00,3.299,2.799,0,0,0,0,0,0,0,0,0,0,0,0
2025-08-27T06:10:00.000+00:00,3.299,2.798,0,0,0,0,0,0,0,0,0,0,0,0
2025-08-27T06:11:00.000+00:00,3.299,2.798,0,0,0,0,0,0,0,0,0,0,0,0
2025-08-27T06:12:00.000+00:00,3.299,2.799,0,0,0,0,0,0,0,0,0,0,0,0
2025-08-27T06:13:00.000+00:00,3.299,2.799,0,0,0,0,0,0,0,0,0,0,0,0
2025-08-27T06:14:00.000+00:00,3.299,2.799,0,0,0,0,0,0,0,0,0,0,0,0
2025-08-27T06:15:00.000+00:00,3.299,2.8,0,0,0,0,0,0,0,0,0,0,0,0
2025-08-27T06:16:00.000+00:00,3.299,2.799,0,0,0,0,0,0,0,0,0,0,0,0
2025-08-27T06:17:00.000+00:00,3.299,2.8,0,0,0,0,0,0,0,0,0,0,0,0
2025-08-27T06:18:00.000+00:00,3.299,2.8,0,0,0,0,0,0,0,0,0,0,0,0
2025-08-27T06:19:00.000+00:00,3.299,2.8,0,0,0,0,0,0,0,0,0,0,0,0
2025-08-27T06:20:00.000+00:00,3.299,2.8,0,0,0,0,0,0,0,0,0,0,0,0
2025-08-27T06:21:00.000+00:00,3.299,2.8,0,0,0,0,0,0,0,0,0,0,0,0
2025-08-27T06:22:00.000+00:00,3.299,2.8,0,0,0,0,0,0,0,0,0,0,0,0
2025-08-27T06:23:00.000+00:00,3.299,2.8,0,0,0,0,0,0,0,0,0,0,0,0
2025-08-27T06:24:00.000+00:00,3.299,2.8,0,0,0,0,0,0,0,0,0,0,0,0
2025-08-27T06:25:00.000+00:00,3.299,2.8,0,0,0,0,0,0,0,0,0,0,0,0
2025-08-27T06:26:00.000+00:00,3.299,2.8,0,0,0,0,0,0,0,0,0,0,0,0
2025-08-27T06:27:00.000+00:00,3.299,2.799,0,0,0,0,0,0,0,0,0,0,0,0
2025-08-27T06:28:00.000+00:00,3.299,2.8,0,0,0,0,0,0,0,0,0,0,0,0
2025-08-27T06:29:00.000+00:00,3.299,2.8,0,0,0,0,0,0,0,0,0,0,0,0
2025-08-27T06:30:00.000+00:00,3.299,2.8,0,0,0,0,0,0,0,0,0,0,0,0
2025-08-27T06:31:00.000+00:00,3.299,2.8,0,0,0,0,0,0,0,0,0,0,0,0
2025-08-27T06:32:00.000+00:00,3.299,2.8,0,0,0,0,0,0,0,0,0,0,0,0
2025-08-27T06:33:00.000+00:00,3.299,2.8,0,0,0,0,0,0,0,0,0,0,0,0
2025-08-27T06:34:00.000+00:00,3.299,2.799,0,0,0,0,0,0,0,0,0,0,0,0
2025-08-27T06:35:00.000+00:00,3.299,2.799,0,0,0,0,0,0,0,0,0,0,0,0
2025-08-27T06:36:00.000+00:00,3.299,2.8,0,0,0,0,0,0,0,0,0,0,0,0
2025-08-27T06:37:00.000+00:00,3.299,2.8,0,0,0,0,0,0,0,0,0,0,0,0
2025-08-27T06:38:00.000+00:00,3.299,2.799,0,0,0,0,0,0,0,0,0,0,0,0
2025-08-27T06:39:00.000+00:00,3.299,2.799,0,0,0,0,0,0,0,0,0,0,0,0
2025-08-27T06:40:00.000+00:00,3.299,2.8,0,0,0,0,0,0,0,0,0,0,0,0
2025-08-27T06:41:00.000+00:00,3.299,2.8,0,0,0,0,0,0,0,0,0,0,0,0
2025-08-27T06:42:00.000+00:00,3.299,2.799,0,0,0,0,0,0,0,0,0,0,0,0
2025-08-27T06:43:00.000+00:00,3.299,2.8,0,0,0,0,0,0,0,0,0,0,0,0
2025-08-27T06:44:00.000+00:00,3.299,2.8,0,0,0,0,0,0,0,0,0,0,0,0
2025-08-27T06:45:00.000+00:00,3.299,2.799,0,0,0,0,0,0,0,0,0,0,0,0
2025-08-27T06:46:00.000+00:00,3.299,2.8,0,0,0,0,0,0,0,0,0,0,0,0
2025-08-27T06:47:00.000+00:00,3.299,2.8,0,0,0,0,0,0,0,0,0,0,0,0
2025-08-27T06:48:00.000+00:00,3.299,2.799,0,0,0,0,0,0,0,0,0,0,0,0
2025-08-27T06:49:00.000+00:00,3.299,2.8,0,0,0,0,0,0,0,0,0,0,0,0
2025-08-27T06:50:00.000+00:00,3.299,2.8,0,0,0,0,0,0,0,0,0,0,0,0
2025-08-27T06:51:00.000+00:00,3.299,2.8,0,0,0,0,0,0,0,0,0,0,0,0
2025-08-27T06:52:00.000+00:00,3.299,2.8,0,0,0,0,0,0,0,0,0,0,0,0
2025-08-27T06:53:00.000+00:00,3.299,2.8,0,0,0,0,0,0,0,0,0,0,0,0
2025-08-27T06:54:00.000+00:00,3.299,2.8,0,0,0,0,0,0,0,0,0,0,0,0
2025-08-27T06:55:00.000+00:00,3.299,2.801,0,0,0,0,0,0,0,0,0,0,0,0
2025-08-27T06:56:00.000+00:00,3.299,2.8,0,0,0,0,0,0,0,0,0,0,0,0
2025-08-27T06:57:00.000+00:00,3.299,2.8,0,0,0,0,0,0,0,0,0,0,0,0
2025-08-27T06:58:00.000+00:00,3.299,2.8,0,0,0,0,0,0,0,0,0,0,0,0
2025-08-27T06:59:00.000+00:00,3.299,2.8,0,0,0,0,0,0,0,0,0,0,0,0
2025-08-27T07:00:00.000+00:00,3.299,2.8,0,0,0,0,0,0,0,0,0,0,0,0
2025-08-27T07:01:00.000+00:00,3.299,2.801,0,0,0,0,0,0,0,0,0,0,0,0
2025-08-27T07:02:00.000+00:00,3.299,2.801,0,0,0,0,0,0,0,0,0,0,0,0
2025-08-27T07:03:00.000+00:00,3.299,2.801,0,0,0,0,0,0,0,0,0,0,0,0
2025-08-27T07:04:00.000+00:00,3.299,2.801,0,0,0,0,0,0,0,0,0,0,0,0
2025-08-27T07:05:00.000+00:00,3.299,2.801,0,0,0,0,0,0,0,0,0,0,0,0
2025-08-27T07:06:00.000+00:00,3.299,2.801,0,0,0,0,0,0,0,0,0,0,0,0
2025-08-27T07:07:00.000+00:00,3.299,2.801,0,0,0,0,0,0,0,0,0,0,0,0
2025-08-27T07:08:00.000+00:00,3.299,2.801,0,0,0,0,0,0,0,0,0,0,0,0
2025-08-27T07:09:00.000+00:00,3.299,2.8,0,0,0,0,0,0,0,0,0,0,0,0
2025-08-27T07:10:00.000+00:00,3.299,2.801,0,0,0,0,0,0,0,0,0,0,0,0
2025-08-27T07:11:00.000+00:00,3.299,2.801,0,0,0,0,0,0,0,0,0,0,0,0
2025-08-27T07:12:00.000+00:00,3.299,2.801,0,0,0,0,0,0,0,0,0,0,0,0
2025-08-27T07:13:00.000+00:00,3.299,2.801,0,0,0,0,0,0,0,0,0,0,0,0
2025-08-27T07:14:00.000+00:00,3.299,2.801,0,0,0,0,0,0,0,0,0,0,0,0
2025-08-27T07:15:00.000+00:00,3.299,2.801,0,0,0,0,0,0,0,0,0,0,0,0
2025-08-27T07:16:00.000+00:00,3.299,2.801,0,0,0,0,0,0,0,0,0,0,0,0
2025-08-27T07:17:00.000+00:00,3.299,2.801,0,0,0,0,0,0,0,0,0,0,0,0
2025-08-27T07:18:00.000+00:00,3.299,2.801,0,0,0,0,0,0,0,0,0,0,0,0
2025-08-27T07:19:00.000+00:00,3.299,2.801,0,0,0,0,0,0,0,0,0,0,0,0
2025-08-27T07:20:00.000+00:00,3.299,2.801,0,0,0,0,0,0,0,0,0,0,0,0
2025-08-27T07:21:00.000+00:00,3.299,2.801,0,0,0,0,0,0,0,0,0,0,0,0
2025-08-27T07:22:00.000+00:00,3.299,2.801,0,0,0,0,0,0,0,0,0,0,0,0
2025-08-27T07:23:00.000+00:00,3.299,2.801,0,0,0,0,0,0,0,0,0,0,0,0
2025-08-27T07:24:00.000+00:00,3.299,2.801,0,0,0,0,0,0,0,0,0,0,0,0
2025-08-27T07:25:00.000+00:00,3.299,2.801,0,0,0,0,0,0,0,0,0,0,0,0
2025-08-27T07:26:00.000+00:00,3.299,2.8,0,0,0,0,0,0,0,0,0,0,0,0
2025-08-27T07:27:00.000+00:00,3.299,2.801,0,0,0,0,0,0,0,0,0,0,0,0
2025-08-27T07:28:00.000+00:00,3.299,2.801,0,0,0,0,0,0,0,0,0,0,0,0
2025-08-27T07:29:00.000+00:00,3.299,2.801,0,0,0,0,0,0,0,0,0,0,0,0
2025-08-27T07:30:00.000+00:00,3.299,2.801,0,0,0,0,0,0,0,0,0,0,0,0
2025-08-27T07:31:00.000+00:00,3.299,2.8,0,0,0,0,0,0,0,0,0,0,0,0
2025-08-27T07:32:00.000+00:00,3.299,2.8,0,0,0,0,0,0,0,0,0,0,0,0
2025-08-27T07:33:00.000+00:00,3.299,2.801,0,0,0,0,0,0,0,0,0,0,0,0
2025-08-27T07:34:00.000+00:00,3.299,2.8,0,0,0,0,0,0,0,0,0,0,0,0
2025-08-27T07:35:00.000+00:00,3.299,2.8,0,0,0,0,0,0,0,0,0,0,0,0
2025-08-27T07:36:00.000+00:00,3.299,2.801,0,0,0,0,0,0,0,0,0,0,0,0
2025-08-27T07:37:00.000+00:00,3.299,2.8,0,0,0,0,0,0,0,0,0,0,0,0
2025-08-27T07:38:00.000+00:00,3.299,2.801,0,0,0,0,0,0,0,0,0,0,0,0
2025-08-27T07:39:00.000+00:00,3.299,2.801,0,0,0,0,0,0,0,0,0,0,0,0
2025-08-27T07:40:00.000+00:00,3.299,2.801,0,0,0,0,0,0,0,0,0,0,0,0
2025-08-27T07:41:00.000+00:00,3.299,2.801,0,0,0,0,0,0,0,0,0,0,0,0
2025-08-27T07:42:00.000+00:00,3.299,2.801,0,0,0,0,0,0,0,0,0,0,0,0
2025-08-27T07:43:00.000+00:00,3.299,2.801,0,0,0,0,0,0,0,0,0,0,0,0
2025-08-27T07:44:00.000+00:00,3.299,2.801,0,0,0,0,0,0,0,0,0,0,0,0
2025-08-27T07:45:00.000+00:00,3.299,2.801,0,0,0,0,0,0,0,0,0,0,0,0
2025-08-27T07:46:00.000+00:00,3.299,2.801,0,0,0,0,0,0,0,0,0,0,0,0
2025-08-27T07:47:00.000+00:00,3.299,2.801,0,0,0,0,0,0,0,0,0,0,0,0
2025-08-27T07:48:00.000+00:00,3.299,2.801,0,0,0,0,0,0,0,0,0,0,0,0
2025-08-27T07:49:00.000+00:00,3.299,2.801,0,0,0,0,0,0,0,0,0,0,0,0
2025-08-27T07:50:00.000+00:00,3.299,2.802,0,0,0,0,0,0,0,0,0,0,0,0
2025-08-27T07:51:00.000+00:00,3.299,2.802,0,0,0,0,0,0,0,0,0,0,0,0
2025-08-27T07:52:00.000+00:00,3.299,2.802,0,0,0,0,0,0,0,0,0,0,0,0
2025-08-27T07:53:00.000+00:00,3.299,2.802,0,0,0,0,0,0,0,0,0,0,0,0
2025-08-27T07:54:00.000+00:00,3.299,2.802,0,0,0,0,0,0,0,0,0,0,0,0
2025-08-27T07:55:00.000+00:00,3.299,2.801,0,0,0,0,0,0,0,0,0,0,0,0
2025-08-27T07:56:00.000+00:00,3.299,2.801,0,0,0,0,0,0,0,0,0,0,0,0
2025-08-27T07:57:00.000+00:00,3.299,2.801,0,0,0,0,0,0,0,0,0,0,0,0
2025-08-27T07:58:00.000+00:00,3.299,2.801,0,0,0,0,0,0,0,0,0,0,0,0
2025-08-27T07:59:00.000+00:00,3.299,2.802,0,0,0,0,0,0,0,0,0,0,0,0
2025-08-27T08:00:00.000+00:00,3.299,2.802,0,0,0,0,0,0,0,0,0,0,0,0
2025-08-27T08:01:00.000+00:00,3.299,2.802,0,0,0,0,0,0,0,0,0,0,0,0
2025-08-27T08:02:00.000+00:00,3.299,2.802,0,0,0,0,0,0,0,0,0,0,0,0
2025-08-27T08:03:00.000+00:00,3.299,2.802,0,0,0,0,0,0,0,0,0,0,0,0
2025-08-27T08:04:00.000+00:00,3.299,2.802,0,0,0,0,0,0,0,0,0,0,0,0
2025-08-27T08:05:00.000+00:00,3.299,2.802,0,0,0,0,0,0,0,0,0,0,0,0
2025-08-27T08:06:00.000+00:00,3.299,2.802,0,0,0,0,0,0,0,0,0,0,0,0
2025-08-27T08:07:00.000+00:00,3.299,2.802,0,0,0,0,0,0,0,0,0,0,0,0
2025-08-27T08:08:00.000+00:00,3.299,2.802,0,0,0,0,0,0,0,0,0,0,0,0
2025-08-27T08:09:00.000+00:00,3.299,2.802,0,0,0,0,0,0,0,0,0,0,0,0
2025-08-27T08:10:00.000+00:00,3.299,2.801,0,0,0,0,0,0,0,0,0,0,0,0
2025-08-27T08:11:00.000+00:00,3.299,2.802,0,0,0,0,0,0,0,0,0,0,0,0
2025-08-27T08:12:00.000+00:00,3.299,2.802,0,0,0,0,0,0,0,0,0,0,0,0
2025-08-27T08:13:00.000+00:00,3.299,2.802,0,0,0,0,0,0,0,0,0,0,0,0
2025-08-27T08:14:00.000+00:00,3.299,2.802,0,0,0,0,0,0,0,0,0,0,0,0
2025-08-27T08:15:00.000+00:00,3.299,2.801,0,0,0,0,0,0,0,0,0,0,0,0
2025-08-27T08:16:00.000+00:00,3.299,2.802,0,0,0,0,0,0,0,0,0,0,0,0
2025-08-27T08:17:00.000+00:00,3.299,2.802,0,0,0,0,0,0,0,0,0,0,0,0
2025-08-27T08:18:00.000+00:00,3.299,2.801,0,0,0,0,0,0,0,0,0,0,0,0
2025-08-27T08:19:00.000+00:00,3.299,2.802,0,0,0,0,0,0,0,0,0,0,0,0
2025-08-27T08:20:00.000+00:00,3.299,2.802,0,0,0,0,0,0,0,0,0,0,0,0
2025-08-27T08:21:00.000+00:00,3.299,2.802,0,0,0,0,0,0,0,0,0,0,0,0
2025-08-27T08:22:00.000+00:00,3.299,2.802,0,0,0,0,0,0,0,0,0,0,0,0
2025-08-27T08:23:00.000+00:00,3.299,2.801,0,0,0,0,0,0,0,0,0,0,0,0
2025-08-27T08:24:00.000+00:00,3.299,2.802,0,0,0,0,0,0,0,0,0,0,0,0
2025-08-27T08:25:00.000+00:00,3.299,2.802,0,0,0,0,0,0,0,0,0,0,0,0
2025-08-27T08:26:00.000+00:00,3.299,2.801,0,0,0,0,0,0,0,0,0,0,0,0
2025-08-27T08:27:00.000+00:00,3.299,2.801,0,0,0,0,0,0,0,0,0,0,0,0
2025-08-27T08:28:00.000+00:00,3.299,2.802,0,0,0,0,0,0,0,0,0,0,0,0
2025-08-27T08:29:00.000+00:00,3.299,2.801,0,0,0,0,0,0,0,0,0,0,0,0
2025-08-27T08:30:00.000+00:00,3.299,2.802,0,0,0,0,0,0,0,0,0,0,0,0
2025-08-27T08:31:00.000+00:00,3.299,2.802,0,0,0,0,0,0,0,0,0,0,0,0
2025-08-27T08:32:00.000+00:00,3.299,2.801,0,0,0,0,0,0,0,0,0,0,0,0
2025-08-27T08:33:00.000+00:00,3.299,2.802,0,0,0,0,0,0,0,0,0,0,0,0
2025-08-27T08:34:00.000+00:00,3.299,2.801,0,0,0,0,0,0,0,0,0,0,0,0
2025-08-27T08:35:00.000+00:00,3.299,2.801,0,0,0,0,0,0,0,0,0,0,0,0
2025-08-27T08:36:00.000+00:00,3.299,2.801,0,0,0,0,0,0,0,0,0,0,0,0
2025-08-27T08:37:00.000+00:00,3.299,2.802,0,0,0,0,0,0,0,0,0,0,0,0
2025-08-27T08:38:00.000+00:00,3.299,2.802,0,0,0,0,0,0,0,0,0,0,0,0
2025-08-27T08:39:00.000+00:00,3.299,2.803,0,0,0,0,0,0,0,0,0,0,0,0
2025-08-27T08:40:00.000+00:00,3.299,2.802,0,0,0,0,0,0,0,0,0,0,0,0
2025-08-27T08:41:00.000+00:00,3.299,2.803,0,0,0,0,0,0,0,0,0,0,0,0
2025-08-27T08:42:00.000+00:00,3.299,2.803,0,0,0,0,0,0,0,0,0,0,0,0
2025-08-27T08:43:00.000+00:00,3.299,2.803,0,0,0,0,0,0,0,0,0,0,0,0
2025-08-27T08:44:00.000+00:00,3.299,2.803,0,0,0,0,0,0,0,0,0,0,0,0
2025-08-27T08:45:00.000+00:00,3.299,2.802,0,0,0,0,0,0,0,0,0,0,0,0
2025-08-27T08:46:00.000+00:00,3.299,2.802,0,0,0,0,0,0,0,0,0,0,0,0
2025-08-27T08:47:00.000+00:00,3.299,2.803,0,0,0,0,0,0,0,0,0,0,0,0
2025-08-27T08:48:00.000+00:00,3.299,2.803,0,0,0,0,0,0,0,0,0,0,0,0
2025-08-27T08:49:00.000+00:00,3.299,2.803,0,0,0,0,0,0,0,0,0,0,0,0
2025-08-27T08:50:00.000+00:00,3.299,2.803,0,0,0,0,0,0,0,0,0,0,0,0
2025-08-27T08:51:00.000+00:00,3.299,2.803,0,0,0,0,0,0,0,0,0,0,0,0
2025-08-27T08:52:00.000+00:00,3.299,2.803,0,0,0,0,0,0,0,0,0,0,0,0
2025-08-27T08:53:00.000+00:00,3.299,2.803,0,0,0,0,0,0,0,0,0,0,0,0
2025-08-27T08:54:00.000+00:00,3.299,2.803,0,0,0,0,0,0,0,0,0,0,0,0
2025-08-27T08:55:00.000+00:00,3.299,2.802,0,0,0,0,0,0,0,0,0,0,0,0
2025-08-27T08:56:00.000+00:00,3.299,2.802,0,0,0,0,0,0,0,0,0,0,0,0
2025-08-27T08:57:00.000+00:00,3.299,2.803,0,0,0,0,0,0,0,0,0,0,0,0
2025-08-27T08:58:00.000+00:00,3.299,2.803,0,0,0,0,0,0,0,0,0,0,0,0
2025-08-27T08:59:00.000+00:00,3.299,2.803,0,0,0,0,0,0,0,0,0,0,0,0
2025-08-27T09:00:00.000+00:00,3.299,2.802,0,0,0,0,0,0,0,0,0,0,0,0
2025-08-27T09:01:00.000+00:00,3.299,2.802,0,0,0,0,0,0,0,0,0,0,0,0
2025-08-27T09:02:00.000+00:00,3.299,2.803,0,0,0,0,0,0,0,0,0,0,0,0
2025-08-27T09:03:00.000+00:00,3.299,2.802,0,0,0,0,0,0,0,0,0,0,0,0
2025-08-27T09:04:00.000+00:00,3.299,2.803,0,0,0,0,0,0,0,0,0,0,0,0
2025-08-27T09:05:00.000+00:00,3.299,2.803,0,0,0,0,0,0,0,0,0,0,0,0
2025-08-27T09:06:00.000+00:00,3.299,2.803,0,0,0,0,0,0,0,0,0,0,0,0
2025-08-27T09:07:00.000+00:00,3.299,2.802,0,0,0,0,0,0,0,0,0,0,0,0
2025-08-27T09:08:00.000+00:00,3.299,2.801,0,0,0,0,0,0,0,0,0,0,0,0
2025-08-27T09:09:00.000+00:00,3.299,2.803,0,0,0,0,0,0,0,0,0,0,0,0
2025-08-27T09:10:00.000+00:00,3.299,2.803,0,0,0,0,0,0,0,0,0,0,0,0
2025-08-27T09:11:00.000+00:00,3.299,2.803,0,0,0,0,0,0,0,0,0,0,0,0
2025-08-27T09:12:00.000+00:00,3.299,2.803,0,0,0,0,0,0,0,0,0,0,0,0
2025-08-27T09:13:00.000+00:00,3.299,2.802,0,0,0,0,0,0,0,0,0,0,0,0
2025-08-27T09:14:00.000+00:00,3.299,2.802,0,0,0,0,0,0,0,0,0,0,0,0
2025-08-27T09:15:00.000+00:00,3.299,2.802,0,0,0,0,0,0,0,0,0,0,0,0
2025-08-27T09:16:00.000+00:00,3.299,2.803,0,0,0,0,0,0,0,0,0,0,0,0
2025-08-27T09:17:00.000+00:00,3.299,2.803,0,0,0,0,0,0,0,0,0,0,0,0
2025-08-27T09:18:00.000+00:00,3.299,2.803,0,0,0,0,0,0,0,0,0,0,0,0
2025-08-27T09:19:00.000+00:00,3.299,2.803,0,0,0,0,0,0,0,0,0,0,0,0
2025-08-27T09:20:00.000+00:00,3.299,2.802,0,0,0,0,0,0,0,0,0,0,0,0
2025-08-27T09:21:00.000+00:00,3.299,2.803,0,0,0,0,0,0,0,0,0,0,0,0
2025-08-27T09:22:00.000+00:00,3.299,2.803,0,0,0,0,0,0,0,0,0,0,0,0
2025-08-27T09:23:00.000+00:00,3.299,2.803,0,0,0,0,0,0,0,0,0,0,0,0
2025-08-27T09:24:00.000+00:00,3.299,2.803,0,0,0,0,0,0,0,0,0,0,0,0
2025-08-27T09:25:00.000+00:00,3.299,2.803,0,0,0,0,0,0,0,0,0,0,0,0
2025-08-27T09:26:00.000+00:00,3.299,2.803,0,0,0,0,0,0,0,0,0,0,0,0
2025-08-27T09:27:00.000+00:00,3.299,2.803,0,0,0,0,0,0,0,0,0,0,0,0
2025-08-27T09:28:00.000+00:00,3.299,2.802,0,0,0,0,0,0,0,0,0,0,0,0
2025-08-27T09:29:00.000+00:00,3.299,2.803,0,0,0,0,0,0,0,0,0,0,0,0
2025-08-27T09:30:00.000+00:00,3.299,2.802,0,0,0,0,0,0,0,0,0,0,0,0
2025-08-27T09:31:00.000+00:00,3.299,2.803,0,0,0,0,0,0,0,0,0,0,0,0
2025-08-27T09:32:00.000+00:00,3.299,2.802,0,0,0,0,0,0,0,0,0,0,0,0
2025-08-27T09:33:00.000+00:00,3.299,2.803,0,0,0,0,0,0,0,0,0,0,0,0
2025-08-27T09:34:00.000+00:00,3.299,2.804,0,0,0,0,0,0,0,0,0,0,0,0
2025-08-27T09:35:00.000+00:00,3.299,2.803,0,0,0,0,0,0,0,0,0,0,0,0
2025-08-27T09:36:00.000+00:00,3.299,2.803,0,0,0,0,0,0,0,0,0,0,0,0
2025-08-27T09:37:00.000+00:00,3.299,2.803,0,0,0,0,0,0,0,0,0,0,0,0
2025-08-27T09:38:00.000+00:00,3.299,2.803,0,0,0,0,0,0,0,0,0,0,0,0
2025-08-27T09:39:00.000+00:00,3.299,2.802,0,0,0,0,0,0,0,0,0,0,0,0
2025-08-27T09:40:00.000+00:00,3.299,2.803,0,0,0,0,0,0,0,0,0,0,0,0
2025-08-27T09:41:00.000+00:00,3.299,2.803,0,0,0,0,0,0,0,0,0,0,0,0
2025-08-27T09:42:00.000+00:00,3.299,2.804,0,0,0,0,0,0,0,0,0,0,0,0
2025-08-27T09:43:00.000+00:00,3.299,2.803,0,0,0,0,0,0,0,0,0,0,0,0
2025-08-27T09:44:00.000+00:00,3.299,2.804,0,0,0,0,0,0,0,0,0,0,0,0
2025-08-27T09:45:00.000+00:00,3.299,2.804,0,0,0,0,0,0,0,0,0,0,0,0
2025-08-27T09:46:00.000+00:00,3.299,2.803,0,0,0,0,0,0,0,0,0,0,0,0
2025-08-27T09:47:00.000+00:00,3.299,2.804,0,0,0,0,0,0,0,0,0,0,0,0
2025-08-27T09:48:00.000+00:00,3.299,2.804,0,0,0,0,0,0,0,0,0,0,0,0
2025-08-27T09:49:00.000+00:00,3.299,2.804,0,0,0,0,0,0,0,0,0,0,0,0
2025-08-27T09:50:00.000+00:00,3.299,2.804,0,0,0,0,0,0,0,0,0,0,0,0
2025-08-27T09:51:00.000+00:00,3.299,2.804,0,0,0,0,0,0,0,0,0,0,0,0
2025-08-27T09:52:00.000+00:00,3.299,2.804,0,0,0,0,0,0,0,0,0,0,0,0
2025-08-27T09:53:00.000+00:00,3.299,2.804,0,0,0,0,0,0,0,0,0,0,0,0
2025-08-27T09:54:00.000+00:00,3.299,2.804,0,0,0,0,0,0,0,0,0,0,0,0
2025-08-27T09:55:00.000+00:00,3.299,2.804,0,0,0,0,0,0,0,0,0,0,0,0
2025-08-27T09:56:00.000+00:00,3.299,2.804,0,0,0,0,0,0,0,0,0,0,0,0
2025-08-27T09:57:00.000+00:00,3.299,2.803,0,0,0,0,0,0,0,0,0,0,0,0
2025-08-27T09:58:00.000+00:00,3.299,2.804,0,0,0,0,0,0,0,0,0,0,0,0
2025-08-27T09:59:00.000+00:00,3.299,2.803,0,0,0,0,0,0,0,0,0,0,0,0
2025-08-27T10:00:00.000+00:00,3.299,2.803,0,0,0,0,0,0,0,0,0,0,0,0
2025-08-27T10:01:00.000+00:00,3.299,2.804,0,0,0,0,0,0,0,0,0,0,0,0
2025-08-27T10:02:00.000+00:00,3.299,2.804,0,0,0,0,0,0,0,0,0,0,0,0
2025-08-27T10:03:00.000+00:00,3.299,2.804,0,0,0,0,0,0,0,0,0,0,0,0
2025-08-27T10:04:00.000+00:00,3.299,2.804,0,0,0,0,0,0,0,0,0,0,0,0
2025-08-27T10:05:00.000+00:00,3.299,2.804,0,0,0,0,0,0,0,0,0,0,0,0
2025-08-27T10:06:00.000+00:00,3.299,2.804,0,0,0,0,0,0,0,0,0,0,0,0
2025-08-27T10:07:00.000+00:00,3.299,2.804,0,0,0,0,0,0,0,0,0,0,0,0
2025-08-27T10:08:00.000+00:00,3.299,2.804,0,0,0,0,0,0,0,0,0,0,0,0
2025-08-27T10:09:00.000+00:00,3.299,2.804,0,0,0,0,0,0,0,0,0,0,0,0
2025-08-27T10:10:00.000+00:00,3.299,2.804,0,0,0,0,0,0,0,0,0,0,0,0
2025-08-27T10:11:00.000+00:00,3.299,2.804,0,0,0,0,0,0,0,0,0,0,0,0
2025-08-27T10:12:00.000+00:00,3.299,2.804,0,0,0,0,0,0,0,0,0,0,0,0
2025-08-27T10:13:00.000+00:00,3.299,2.803,0,0,0,0,0,0,0,0,0,0,0,0
2025-08-27T10:14:00.000+00:00,3.299,2.804,0,0,0,0,0,0,0,0,0,0,0,0
2025-08-27T10:15:00.000+00:00,3.299,2.804,0,0,0,0,0,0,0,0,0,0,0,0
2025-08-27T10:16:00.000+00:00,3.299,2.804,0,0,0,0,0,0,0,0,0,0,0,0
2025-08-27T10:17:00.000+00:00,3.299,2.804,0,0,0,0,0,0,0,0,0,0,0,0
2025-08-27T10:18:00.000+00:00,3.299,2.804,0,0,0,0,0,0,0,0,0,0,0,0
2025-08-27T10:19:00.000+00:00,3.299,2.804,0,0,0,0,0,0,0,0,0,0,0,0
2025-08-27T10:20:00.000+00:00,3.299,2.804,0,0,0,0,0,0,0,0,0,0,0,0
2025-08-27T10:21:00.000+00:00,3.299,2.804,0,0,0,0,0,0,0,0,0,0,0,0
2025-08-27T10:22:00.000+00:00,3.299,2.804,0,0,0,0,0,0,0,0,0,0,0,0
2025-08-27T10:23:00.000+00:00,3.299,2.804,0,0,0,0,0,0,0,0,0,0,0,0
2025-08-27T10:24:00.000+00:00,3.299,2.804,0,0,0,0,0,0,0,0,0,0,0,0
2025-08-27T10:25:00.000+00:00,3.299,2.803,0,0,0,0,0,0,0,0,0,0,0,0
2025-08-27T10:26:00.000+00:00,3.299,2.804,0,0,0,0,0,0,0,0,0,0,0,0
2025-08-27T10:27:00.000+00:00,3.299,2.804,0,0,0,0,0,0,0,0,0,0,0,0
2025-08-27T10:28:00.000+00:00,3.299,2.804,0,0,0,0,0,0,0,0,0,0,0,0
2025-08-27T10:29:00.000+00:00,3.299,2.804,0,0,0,0,0,0,0,0,0,0,0,0
2025-08-27T10:30:00.000+00:00,3.299,2.804,0,0,0,0,0,0,0,0,0,0,0,0
2025-08-27T10:31:00.000+00:00,3.299,2.804,0,0,0,0,0,0,0,0,0,0,0,0
2025-08-27T10:32:00.000+00:00,3.299,2.803,0,0,0,0,0,0,0,0,0,0,0,0
2025-08-27T10:33:00.000+00:00,3.299,2.803,0,0,0,0,0,0,0,0,0,0,0,0
2025-08-27T10:34:00.000+00:00,3.299,2.803,0,0,0,0,0,0,0,0,0,0,0,0
2025-08-27T10:35:00.000+00:00,3.299,2.803,0,0,0,0,0,0,0,0,0,0,0,0
2025-08-27T10:36:00.000+00:00,3.299,2.804,0,0,0,0,0,0,0,0,0,0,0,0
2025-08-27T10:37:00.000+00:00,3.299,2.803,0,0,0,0,0,0,0,0,0,0,0,0
2025-08-27T10:38:00.000+00:00,3.299,2.804,0,0,0,0,0,0,0,0,0,0,0,0
2025-08-27T10:39:00.000+00:00,3.299,2.804,0,0,0,0,0,0,0,0,0,0,0,0
2025-08-27T10:40:00.000+00:00,3.299,2.804,0,0,0,0,0,0,0,0,0,0,0,0
2025-08-27T10:41:00.000+00:00,3.299,2.804,0,0,0,0,0,0,0,0,0,0,0,0
2025-08-27T10:42:00.000+00:00,3.299,2.804,0,0,0,0,0,0,0,0,0,0,0,0
2025-08-27T10:43:00.000+00:00,3.299,2.804,0,0,0,0,0,0,0,0,0,0,0,0
2025-08-27T10:44:00.000+00:00,3.299,2.804,0,0,0,0,0,0,0,0,0,0,0,0
2025-08-27T10:45:00.000+00:00,3.299,2.804,0,0,0,0,0,0,0,0,0,0,0,0
2025-08-27T10:46:00.000+00:00,3.299,2.804,0,0,0,0,0,0,0,0,0,0,0,0
2025-08-27T10:47:00.000+00:00,3.299,2.804,0,0,0,0,0,0,0,0,0,0,0,0
2025-08-27T10:48:00.000+00:00,3.299,2.804,0,0,0,0,0,0,0,0,0,0,0,0
2025-08-27T10:49:00.000+00:00,3.299,2.804,0,0,0,0,0,0,0,0,0,0,0,0
2025-08-27T10:50:00.000+00:00,3.299,2.804,0,0,0,0,0,0,0,0,0,0,0,0
2025-08-27T10:51:00.000+00:00,3.299,2.805,0,0,0,0,0,0,0,0,0,0,0,0
2025-08-27T10:52:00.000+00:00,3.299,2.804,0,0,0,0,0,0,0,0,0,0,0,0
2025-08-27T10:53:00.000+00:00,3.299,2.805,0,0,0,0,0,0,0,0,0,0,0,0
2025-08-27T10:54:00.000+00:00,3.299,2.805,0,0,0,0,0,0,0,0,0,0,0,0
2025-08-27T10:55:00.000+00:00,3.299,2.805,0,0,0,0,0,0,0,0,0,0,0,0
2025-08-27T10:56:00.000+00:00,3.299,2.804,0,0,0,0,0,0,0,0,0,0,0,0
2025-08-27T10:57:00.000+00:00,3.299,2.804,0,0,0,0,0,0,0,0,0,0,0,0
2025-08-27T10:58:00.000+00:00,3.299,2.804,0,0,0,0,0,0,0,0,0,0,0,0
2025-08-27T10:59:00.000+00:00,3.299,2.804,0,0,0,0,0,0,0,0,0,0,0,0
2025-08-27T11:00:00.000+00:00,3.299,2.804,0,0,0,0,0,0,0,0,0,0,0,0
2025-08-27T11:01:00.000+00:00,3.299,2.804,0,0,0,0,0,0,0,0,0,0,0,0
2025-08-27T11:02:00.000+00:00,3.299,2.804,0,0,0,0,0,0,0,0,0,0,0,0
2025-08-27T11:03:00.000+00:00,3.299,2.804,0,0,0,0,0,0,0,0,0,0,0,0
2025-08-27T11:04:00.000+00:00,3.299,2.804,0,0,0,0,0,0,0,0,0,0,0,0
2025-08-27T11:05:00.000+00:00,3.299,2.804,0,0,0,0,0,0,0,0,0,0,0,0
2025-08-27T11:06:00.000+00:00,3.299,2.804,0,0,0,0,0,0,0,0,0,0,0,0
2025-08-27T11:07:00.000+00:00,3.299,2.804,0,0,0,0,0,0,0,0,0,0,0,0
2025-08-27T11:08:00.000+00:00,3.299,2.804,0,0,0,0,0,0,0,0,0,0,0,0
2025-08-27T11:09:00.000+00:00,3.299,2.804,0,0,0,0,0,0,0,0,0,0,0,0
2025-08-27T11:10:00.000+00:00,3.299,2.805,0,0,0,0,0,0,0,0,0,0,0,0
2025-08-27T11:11:00.000+00:00,3.299,2.805,0,0,0,0,0,0,0,0,0,0,0,0
2025-08-27T11:12:00.000+00:00,3.299,2.805,0,0,0,0,0,0,0,0,0,0,0,0
2025-08-27T11:13:00.000+00:00,3.299,2.804,0,0,0,0,0,0,0,0,0,0,0,0
2025-08-27T11:14:00.000+00:00,3.299,2.805,0,0,0,0,0,0,0,0,0,0,0,0
2025-08-27T11:15:00.000+00:00,3.299,2.805,0,0,0,0,0,0,0,0,0,0,0,0
2025-08-27T11:16:00.000+00:00,3.299,2.805,0,0,0,0,0,0,0,0,0,0,0,0
2025-08-27T11:17:00.000+00:00,3.299,2.805,0,0,0,0,0,0,0,0,0,0,0,0
2025-08-27T11:18:00.000+00:00,3.299,2.805,0,0,0,0,0,0,0,0,0,0,0,0
2025-08-27T11:19:00.000+00:00,3.299,2.805,0,0,0,0,0,0,0,0,0,0,0,0
2025-08-27T11:20:00.000+00:00,3.299,2.805,0,0,0,0,0,0,0,0,0,0,0,0
2025-08-27T11:21:00.000+00:00,3.299,2.805,0,0,0,0,0,0,0,0,0,0,0,0
2025-08-27T11:22:00.000+00:00,3.299,2.805,0,0,0,0,0,0,0,0,0,0,0,0
2025-08-27T11:23:00.000+00:00,3.299,2.805,0,0,0,0,0,0,0,0,0,0,0,0
2025-08-27T11:24:00.000+00:00,3.299,2.805,0,0,0,0,0,0,0,0,0,0,0,0
2025-08-27T11:25:00.000+00:00,3.299,2.805,0,0,0,0,0,0,0,0,0,0,0,0
2025-08-27T11:26:00.000+00:00,3.299,2.805,0,0,0,0,0,0,0,0,0,0,0,0
2025-08-27T11:27:00.000+00:00,3.299,2.804,0,0,0,0,0,0,0,0,0,0,0,0
2025-08-27T11:28:00.000+00:00,3.299,2.805,0,0,0,0,0,0,0,0,0,0,0,0
2025-08-27T11:29:00.000+00:00,3.299,2.805,0,0,0,0,0,0,0,0,0,0,0,0
2025-08-27T11:30:00.000+00:00,3.299,2.805,0,0,0,0,0,0,0,0,0,0,0,0
2025-08-27T11:31:00.000+00:00,3.299,2.805,0,0,0,0,0,0,0,0,0,0,0,0
2025-08-27T11:32:00.000+00:00,3.299,2.805,0,0,0,0,0,0,0,0,0,0,0,0
2025-08-27T11:33:00.000+00:00,3.299,2.805,0,0,0,0,0,0,0,0,0,0,0,0
2025-08-27T11:34:00.000+00:00,3.299,2.805,0,0,0,0,0,0,0,0,0,0,0,0
2025-08-27T11:35:00.000+00:00,3.299,2.805,0,0,0,0,0,0,0,0,0,0,0,0
2025-08-27T11:36:00.000+00:00,3.299,2.805,0,0,0,0,0,0,0,0,0,0,0,0
2025-08-27T11:37:00.000+00:00,3.299,2.805,0,0,0,0,0,0,0,0,0,0,0,0
2025-08-27T11:38:00.000+00:00,3.299,2.805,0,0,0,0,0,0,0,0,0,0,0,0
2025-08-27T11:39:00.000+00:00,3.299,2.805,0,0,0,0,0,0,0,0,0,0,0,0
2025-08-27T11:40:00.000+00:00,3.299,2.805,0,0,0,0,0,0,0,0,0,0,0,0
2025-08-27T11:41:00.000+00:00,3.299,2.805,0,0,0,0,0,0,0,0,0,0,0,0
2025-08-27T11:42:00.000+00:00,3.299,2.805,0,0,0,0,0,0,0,0,0,0,0,0
2025-08-27T11:43:00.000+00:00,3.299,2.805,0,0,0,0,0,0,0,0,0,0,0,0
2025-08-27T11:44:00.000+00:00,3.299,2.805,0,0,0,0,0,0,0,0,0,0,0,0
2025-08-27T11:45:00.000+00:00,3.299,2.805,0,0,0,0,0,0,0,0,0,0,0,0
2025-08-27T11:46:00.000+00:00,3.299,2.805,0,0,0,0,0,0,0,0,0,0,0,0
2025-08-27T11:47:00.000+00:00,3.299,2.805,0,0,0,0,0,0,0,0,0,0,0,0
2025-08-27T11:48:00.000+00:00,3.299,2.805,0,0,0,0,0,0,0,0,0,0,0,0
2025-08-27T11:49:00.000+00:00,3.299,2.804,0,0,0,0,0,0,0,0,0,0,0,0
2025-08-27T11:50:00.000+00:00,3.299,2.804,0,0,0,0,0,0,0,0,0,0,0,0
2025-08-27T11:51:00.000+00:00,3.299,2.805,0,0,0,0,0,0,0,0,0,0,0,0
2025-08-27T11:52:00.000+00:00,3.299,2.805,0,0,0,0,0,0,0,0,0,0,0,0
2025-08-27T11:53:00.000+00:00,3.299,2.805,0,0,0,0,0,0,0,0,0,0,0,0
2025-08-27T11:54:00.000+00:00,3.299,2.804,0,0,0,0,0,0,0,0,0,0,0,0
2025-08-27T11:55:00.000+00:00,3.299,2.804,0,0,0,0,0,0,0,0,0,0,0,0
2025-08-27T11:56:00.000+00:00,3.299,2.805,0,0,0,0,0,0,0,0,0,0,0,0
2025-08-27T11:57:00.000+00:00,3.299,2.805,0,0,0,0,0,0,0,0,0,0,0,0
2025-08-27T11:58:00.000+00:00,3.299,2.805,0,0,0,0,0,0,0,0,0,0,0,0
2025-08-27T11:59:00.000+00:00,3.299,2.805,0,0,0,0,0,0,0,0,0,0,0,0
2025-08-27T12:00:00.000+00:00,3.299,2.805,0,0,0,0,0,0,0,0,0,0,0,0
2025-08-27T12:01:00.000+00:00,3.299,2.805,0,0,0,0,0,0,0,0,0,0,0,0
2025-08-27T12:02:00.000+00:00,3.299,2.805,0,0,0,0,0,0,0,0,0,0,0,0
2025-08-27T12:03:00.000+00:00,3.299,2.805,0,0,0,0,0,0,0,0,0,0,0,0
2025-08-27T12:04:00.000+00:00,3.299,2.804,0,0,0,0,0,0,0,0,0,0,0,0
2025-08-27T12:05:00.000+00:00,3.299,2.805,0,0,0,0,0,0,0,0,0,0,0,0
2025-08-27T12:06:00.000+00:00,3.299,2.805,0,0,0,0,0,0,0,0,0,0,0,0
2025-08-27T12:07:00.000+00:00,3.299,2.805,0,0,0,0,0,0,0,0,0,0,0,0
2025-08-27T12:08:00.000+00:00,3.299,2.804,0,0,0,0,0,0,0,0,0,0,0,0
2025-08-27T12:09:00.000+00:00,3.299,2.805,0,0,0,0,0,0,0,0,0,0,0,0
2025-08-27T12:10:00.000+00:00,3.299,2.805,0,0,0,0,0,0,0,0,0,0,0,0
2025-08-27T12:11:00.000+00:00,3.299,2.805,0,0,0,0,0,0,0,0,0,0,0,0
2025-08-27T12:12:00.000+00:00,3.299,2.805,0,0,0,0,0,0,0,0,0,0,0,0
2025-08-27T12:13:00.000+00:00,3.299,2.804,0,0,0,0,0,0,0,0,0,0,0,0
2025-08-27T12:14:00.000+00:00,3.299,2.804,0,0,0,0,0,0,0,0,0,0,0,0
2025-08-27T12:15:00.000+00:00,3.299,2.804,0,0,0,0,0,0,0,0,0,0,0,0
2025-08-27T12:16:00.000+00:00,3.299,2.804,0,0,0,0,0,0,0,0,0,0,0,0
2025-08-27T12:17:00.000+00:00,3.299,2.805,0,0,0,0,0,0,0,0,0,0,0,0
2025-08-27T12:18:00.000+00:00,3.299,2.805,0,0,0,0,0,0,0,0,0,0,0,0
2025-08-27T12:19:00.000+00:00,3.299,2.805,0,0,0,0,0,0,0,0,0,0,0,0
2025-08-27T12:20:00.000+00:00,3.299,2.804,0,0,0,0,0,0,0,0,0,0,0,0
2025-08-27T12:21:00.000+00:00,3.299,2.805,0,0,0,0,0,0,0,0,0,0,0,0
2025-08-27T12:22:00.000+00:00,3.299,2.805,0,0,0,0,0,0,0,0,0,0,0,0
2025-08-27T12:23:00.000+00:00,3.299,2.805,0,0,0,0,0,0,0,0,0,0,0,0
2025-08-27T12:24:00.000+00:00,3.299,2.805,0,0,0,0,0,0,0,0,0,0,0,0
2025-08-27T12:25:00.000+00:00,3.299,2.805,0,0,0,0,0,0,0,0,0,0,0,0
2025-08-27T12:26:00.000+00:00,3.299,2.804,0,0,0,0,0,0,0,0,0,0,0,0
2025-08-27T12:27:00.000+00:00,3.299,2.805,0,0,0,0,0,0,0,0,0,0,0,0
2025-08-27T12:28:00.000+00:00,3.299,2.805,0,0,0,0,0,0,0,0,0,0,0,0
2025-08-27T12:29:00.000+00:00,3.299,2.805,0,0,0,0,0,0,0,0,0,0,0,0
2025-08-27T12:30:00.000+00:00,3.299,2.805,0,0,0,0,0,0,0,0,0,0,0,0
2025-08-27T12:31:00.000+00:00,3.299,2.805,0,0,0,0,0,0,0,0,0,0,0,0
2025-08-27T12:32:00.000+00:00,3.299,2.805,0,0,0,0,0,0,0,0,0,0,0,0
2025-08-27T12:33:00.000+00:00,3.299,2.805,0,0,0,0,0,0,0,0,0,0,0,0
2025-08-27T12:34:00.000+00:00,3.299,2.805,0,0,0,0,0,0,0,0,0,0,0,0
2025-08-27T12:35:00.000+00:00,3.299,2.805,0,0,0,0,0,0,0,0,0,0,0,0
2025-08-27T12:36:00.000+00:00,3.299,2.805,0,0,0,0,0,0,0,0,0,0,0,0
2025-08-27T12:37:00.000+00:00,3.299,2.805,0,0,0,0,0,0,0,0,0,0,0,0
2025-08-27T12:38:00.000+00:00,3.299,2.804,0,0,0,0,0,0,0,0,0,0,0,0
2025-08-27T12:39:00.000+00:00,3.299,2.805,0,0,0,0,0,0,0,0,0,0,0,0
2025-08-27T12:40:00.000+00:00,3.299,2.805,0,0,0,0,0,0,0,0,0,0,0,0
2025-08-27T12:41:00.000+00:00,3.299,2.806,0,0,0,0,0,0,0,0,0,0,0,0
2025-08-27T12:42:00.000+00:00,3.299,2.806,0,0,0,0,0,0,0,0,0,0,0,0
2025-08-27T12:43:00.000+00:00,3.299,2.806,0,0,0,0,0,0,0,0,0,0,0,0
2025-08-27T12:44:00.000+00:00,3.299,2.806,0,0,0,0,0,0,0,0,0,0,0,0
2025-08-27T12:45:00.000+00:00,3.299,2.806,0,0,0,0,0,0,0,0,0,0,0,0
2025-08-27T12:46:00.000+00:00,3.299,2.805,0,0,0,0,0,0,0,0,0,0,0,0
2025-08-27T12:47:00.000+00:00,3.299,2.806,0,0,0,0,0,0,0,0,0,0,0,0
2025-08-27T12:48:00.000+00:00,3.299,2.805,0,0,0,0,0,0,0,0,0,0,0,0
2025-08-27T12:49:00.000+00:00,3.299,2.806,0,0,0,0,0,0,0,0,0,0,0,0
2025-08-27T12:50:00.000+00:00,3.299,2.806,0,0,0,0,0,0,0,0,0,0,0,0
2025-08-27T12:51:00.000+00:00,3.299,2.806,0,0,0,0,0,0,0,0,0,0,0,0
2025-08-27T12:52:00.000+00:00,3.299,2.805,0,0,0,0,0,0,0,0,0,0,0,0
2025-08-27T12:53:00.000+00:00,3.299,2.805,0,0,0,0,0,0,0,0,0,0,0,0
2025-08-27T12:54:00.000+00:00,3.299,2.806,0,0,0,0,0,0,0,0,0,0,0,0
2025-08-27T12:55:00.000+00:00,3.299,2.806,0,0,0,0,0,0,0,0,0,0,0,0
2025-08-27T12:56:00.000+00:00,3.299,2.806,0,0,0,0,0,0,0,0,0,0,0,0
2025-08-27T12:57:00.000+00:00,3.299,2.806,0,0,0,0,0,0,0,0,0,0,0,0
2025-08-27T12:58:00.000+00:00,3.299,2.806,0,0,0,0,0,0,0,0,0,0,0,0
2025-08-27T12:59:00.000+00:00,3.299,2.806,0,0,0,0,0,0,0,0,0,0,0,0
2025-08-27T13:00:00.000+00:00,3.299,2.805,0,0,0,0,0,0,0,0,0,0,0,0
2025-08-27T13:01:00.000+00:00,3.299,2.806,0,0,0,0,0,0,0,0,0,0,0,0
2025-08-27T13:02:00.000+00:00,3.299,2.806,0,0,0,0,0,0,0,0,0,0,0,0
2025-08-27T13:03:00.000+00:00,3.299,2.806,0,0,0,0,0,0,0,0,0,0,0,0
2025-08-27T13:04:00.000+00:00,3.299,2.806,0,0,0,0,0,0,0,0,0,0,0,0
2025-08-27T13:05:00.000+00:00,3.299,2.806,0,0,0,0,0,0,0,0,0,0,0,0
2025-08-27T13:06:00.000+00:00,3.299,2.805,0,0,0,0,0,0,0,0,0,0,0,0
2025-08-27T13:07:00.000+00:00,3.299,2.806,0,0,0,0,0,0,0,0,0,0,0,0
2025-08-27T13:08:00.000+00:00,3.299,2.806,0,0,0,0,0,0,0,0,0,0,0,0
2025-08-27T13:09:00.000+00:00,3.299,2.806,0,0,0,0,0,0,0,0,0,0,0,0
2025-08-27T13:10:00.000+00:00,3.299,2.805,0,0,0,0,0,0,0,0,0,0,0,0
2025-08-27T13:11:00.000+00:00,3.299,2.805,0,0,0,0,0,0,0,0,0,0,0,0
2025-08-27T13:12:00.000+00:00,3.299,2.805,0,0,0,0,0,0,0,0,0,0,0,0
2025-08-27T13:13:00.000+00:00,3.299,2.806,0,0,0,0,0,0,0,0,0,0,0,0
2025-08-27T13:14:00.000+00:00,3.299,2.806,0,0,0,0,0,0,0,0,0,0,0,0
2025-08-27T13:15:00.000+00:00,3.299,2.805,0,0,0,0,0,0,0,0,0,0,0,0
2025-08-27T13:16:00.000+00:00,3.299,2.806,0,0,0,0,0,0,0,0,0,0,0,0
2025-08-27T13:17:00.000+00:00,3.299,2.806,0,0,0,0,0,0,0,0,0,0,0,0
2025-08-27T13:18:00.000+00:00,3.299,2.806,0,0,0,0,0,0,0,0,0,0,0,0
2025-08-27T13:19:00.000+00:00,3.299,2.806,0,0,0,0,0,0,0,0,0,0,0,0
2025-08-27T13:20:00.000+00:00,3.299,2.806,0,0,0,0,0,0,0,0,0,0,0,0
2025-08-27T13:21:00.000+00:00,3.299,2.806,0,0,0,0,0,0,0,0,0,0,0,0
2025-08-27T13:22:00.000+00:00,3.299,2.805,0,0,0,0,0,0,0,0,0,0,0,0
2025-08-27T13:23:00.000+00:00,3.299,2.806,0,0,0,0,0,0,0,0,0,0,0,0
2025-08-27T13:24:00.000+00:00,3.299,2.806,0,0,0,0,0,0,0,0,0,0,0,0
2025-08-27T13:25:00.000+00:00,3.299,2.806,0,0,0,0,0,0,0,0,0,0,0,0
2025-08-27T13:26:00.000+00:00,3.299,2.805,0,0,0,0,0,0,0,0,0,0,0,0
2025-08-27T13:27:00.000+00:00,3.299,2.806,0,0,0,0,0,0,0,0,0,0,0,0
2025-08-27T13:28:00.000+00:00,3.299,2.806,0,0,0,0,0,0,0,0,0,0,0,0
2025-08-27T13:29:00.000+00:00,3.299,2.806,0,0,0,0,0,0,0,0,0,0,0,0
2025-08-27T13:30:00.000+00:00,3.299,2.806,0,0,0,0,0,0,0,0,0,0,0,0
2025-08-27T13:31:00.000+00:00,3.299,2.806,0,0,0,0,0,0,0,0,0,0,0,0
2025-08-27T13:32:00.000+00:00,3.299,2.806,0,0,0,0,0,0,0,0,0,0,0,0
2025-08-27T13:33:00.000+00:00,3.299,2.805,0,0,0,0,0,0,0,0,0,0,0,0
2025-08-27T13:34:00.000+00:00,3.299,2.806,0,0,0,0,0,0,0,0,0,0,0,0
2025-08-27T13:35:00.000+00:00,3.299,2.805,0,0,0,0,0,0,0,0,0,0,0,0
2025-08-27T13:36:00.000+00:00,3.299,2.806,0,0,0,0,0,0,0,0,0,0,0,0
2025-08-27T13:37:00.000+00:00,3.299,2.806,0,0,0,0,-11.2,0,0,0,0,0,0,0
2025-08-27T13:38:00.000+00:00,3.299,2.806,0,0,0,0,0,0,0,0,0,0,0,0
2025-08-27T13:39:00.000+00:00,3.299,2.806,0,0,0,0,0,0,0,0,0,0,0,0
2025-08-27T13:40:00.000+00:00,3.299,2.805,0,0,0,0,0,0,0,0,0,0,0,0
2025-08-27T13:41:00.000+00:00,3.299,2.805,0,0,0,0,0,0,0,0,0,0,0,0
2025-08-27T13:42:00.000+00:00,3.299,2.806,0,0,0,0,0,0,0,0,0,0,0,0
2025-08-27T13:43:00.000+00:00,3.299,2.806,0,0,0,0,0,0,0,0,0,0,0,0
2025-08-27T13:44:00.000+00:00,3.299,2.806,0,0,0,0,0,0,0,0,0,0,0,0
2025-08-27T13:45:00.000+00:00,3.299,2.806,0,0,0,0,0,0,0,0,0,0,0,0
2025-08-27T13:46:00.000+00:00,3.299,2.806,0,0,0,0,0,0,0,0,0,0,0,0
2025-08-27T13:47:00.000+00:00,3.299,2.805,0,0,0,0,0,0,0,0,0,0,0,0
2025-08-27T13:48:00.000+00:00,3.299,2.805,0,0,0,0,0,0,0,0,0,0,0,0
2025-08-27T13:49:00.000+00:00,3.299,2.805,0,0,0,0,0,0,0,0,0,0,0,0
2025-08-27T13:50:00.000+00:00,3.299,2.806,0,0,0,0,0,0,0,0,0,0,0,0
2025-08-27T13:51:00.000+00:00,3.299,2.806,0,0,0,0,0,0,0,0,0,0,0,0
2025-08-27T13:52:00.000+00:00,3.299,2.806,0,0,0,0,0,0,0,0,0,0,0,0
2025-08-27T13:53:00.000+00:00,3.299,2.805,0,0,0,0,0,0,0,0,0,0,0,0
2025-08-27T13:54:00.000+00:00,3.299,2.805,0,0,0,0,0,0,0,0,0,0,0,0
2025-08-27T13:55:00.000+00:00,3.299,2.806,0,0,0,0,0,0,0,0,0,0,0,0
2025-08-27T13:56:00.000+00:00,3.299,2.806,0,0,0,0,0,0,0,0,0,0,0,0
2025-08-27T13:57:00.000+00:00,3.299,2.806,0,0,0,0,0,0,0,0,0,0,0,0
2025-08-27T13:58:00.000+00:00,3.299,2.806,0,0,0,0,0,0,0,0,0,0,0,0
2025-08-27T13:59:00.000+00:00,3.299,2.806,0,0,0,0,0,0,0,0,0,0,0,0
2025-08-27T14:00:00.000+00:00,3.299,2.806,0,0,0,0,0,0,0,0,0,0,0,0
2025-08-27T14:00:22.000+00:00,3.299,2.806,0,0,0,0,0,0,0,0,0,0,0,0
