date_rec,device_id,_faultCount,_cloudConnected,UnitSt,UnitMode,UnitAlm1,UnitFlt1,UnitFlt2,UnitFlt3,UnitDiags,kWin,kVArin,kWcalc,kVArcalc,kWout,kVArout,DCIin,DCIout,OutVin,OutFin,OutVout,OutFout,DisMax,ChMax,DisCost,ChCost,TmpRet,TmpSup,TmpAmb,TmpEnc1,TmpEnc2,TmpEnc3,TmpEnc4,EncHumidity,PcsSt,PcsCmd,DCAOut,DCVOut,ACA,AphA,AphB,AphC,PPVphAB,PPVphBC,PPVphCA,PhVphA,PhVphB,PhVphC,kW,Hz,kVAr,kWH,kWHC,kWHD,DCA,DCV,DCkW,TmpCab,TmpSnk,PcsStVnd,PcsEvtVnd1,PcsEvtVnd2,PcsEvtVnd3,PcsEvtVnd4,PcsEvtVnd5,PcsEvtVnd6,PcsEvtVnd7,PcsEvtVnd8,BattStVnd,BattSt,BattCmd,BattV,BattP,BattA,SoC,SoCOnline,SOE,SOEOnline,SoH,BattAChLmt,BattADisLmt,BattPChLmt,BattPDisLmt,BattPChLmtEMS,BattPDisLmtEMS,BatEvtVnd1,BatEvtVnd2,BatEvtVnd3,BatEvtVnd4,BatEvtVnd5,BatEvtVnd6,BatEvtVnd7,BatEvtVnd8,CellVMax,CellVMin,CellVAvg,ModTmpMax,ModTmpMin,ModTmpAvg,BattStopReq,DCIR,_ConnStr,_EnabledStr,_TotalStr,_PcsAlmActive,_BattAlmActive,_StrAlmActive,_RunningPcsCnt,_TotalPcs,_RunningHVACCnt,_TotalHVAC,_UnitType,_StrEnergy,_UnitSRating,_UnitE,_QMax,_QMin,_HVACInhibitCnt,_ExhaustCnt,_StrSocDelta,_StrSocStdDev,_StrVDelta,_StrVDeltaOnline,_bms0St,_bms1St,_emcu0St,_emcu1St,_emcu2St,_emcu3St,_emcu4St,_emcu5St,_CusRole,_GenSel,_CurrFlt,_FltMod,_CurrWrn,_StartCondAll,_ACSw,_MVSw,_MVGenSw,_MVEarthSw,_MVFbErr,_PcsPModeVnd,_PcsQModeVnd,_SelModkWh,_SelModkVArh,_kVArh,_CommsTimeout,_HB,PcsEvtVnd9,PcsEvtVnd10,PcsEvtVnd11,PcsEvtVnd12,PcsEvtVnd13,PcsEvtVnd14,PcsEvtVnd15,PcsEvtVnd16,PcsEvtVnd17,_ACIR,_CustomBusbarPLmts.0.busbar_dis_limit,_CustomBusbarPLmts.0.busbar_ch_limit,_CustomBusbarPLmts.0.subbms_dis_limit,_CustomBusbarPLmts.0.subbms_ch_limit,_CustomBusbarPLmts.0.gain_param_val,_CustomBusbarPLmts.0.running,_CustomBusbarPLmts.0.busbar_delta_gain,_CustomBusbarPLmts.0.final_dis_limit,_CustomBusbarPLmts.0.final_ch_limit,_CustomBusbarPLmts.1.busbar_dis_limit,_CustomBusbarPLmts.1.busbar_ch_limit,_CustomBusbarPLmts.1.subbms_dis_limit,_CustomBusbarPLmts.1.subbms_ch_limit,_CustomBusbarPLmts.1.gain_param_val,_CustomBusbarPLmts.1.running,_CustomBusbarPLmts.1.busbar_delta_gain,_CustomBusbarPLmts.1.final_dis_limit,_CustomBusbarPLmts.1.final_ch_limit,_TotBusbarPDisLmt,_TotBusbarPChLmt,_bias_err,_BusbarPcmds.0,_BusbarPcmds.1,_CapacityTest
2026-01-27T21:02:14Z,REV_TW1_U_21,5,TRUE,2,1,0,0,1984,0,0,-3651,83.495,,,-3651,83.495,0,0,,,,,3543,-3663,1.41,0.69,,,,18,,,,,2,,,,59.43,59.4,59.1,59.8,34800,34900,34700,,,,-3562,59.9974,85,,127763,113212,,,,,,12,0,0,0,0,0,0,0,0,,2,,1146.3,-3407.95,-2973,14,14.06,2298.24,2260.62,100,-3516,3516,-3663.228,3543.228,,,0,0,0,0,0,0,,,3.379,3.328,3.347,27,11,23.666,,,47,48,48,FALSE,TRUE,FALSE,2,2,2,6,0,342,4200,16416,1500,-1500,0,0,44,17.876,87.9,4.2,999,999,999,999,999,999,999,999,2,1,0,0,0,1,2,1,1,0,0,8,1,0,0,-33567,0,5943,0,0,0,0,0,0,0,0,0,702.337,2098.74,2098.74,1815,1875,1145.9,TRUE,0,1815,-1875,2098.74,2098.74,1728.23,1788.23,1145.4,TRUE,0,1728.23,-1788.23,3543.23,-3663.23,FALSE,-1788,-1788,TRUE
2026-01-27T21:02:16Z,REV_TW1_U_21,5,TRUE,2,1,0,0,1984,0,2,-3663,86.649,,,-3651.92,86.649,0,0,,,,,3531,-3651,1.41,0.69,,,,18,,,,,2,,,,59.83,59.8,59.6,60.1,34800,34900,34700,,,,-3576,59.995,87,,127764,113212,,,,,,12,0,0,0,0,0,0,0,0,,2,,1146.4,-3428.88,-2991,14,14.06,2298.24,2260.62,100,-3506,3506,-3651.92,3531.92,,,0,0,0,0,0,0,,,3.378,3.328,3.347,27,11,23.666,,,47,48,48,FALSE,TRUE,FALSE,2,2,2,6,0,342,4200,16416,1500,-1500,0,0,44,17.876,87.9,4.2,999,999,999,999,999,999,999,999,2,1,0,0,0,1,2,1,1,0,0,8,1,0,0,-33567,0,5945,0,0,0,0,0,0,0,0,0,702.337,2096.64,2096.64,1815,1875,1146,TRUE,0,1815,-1875,2096.64,2096.64,1716.92,1776.92,1145.5,TRUE,0,1716.92,-1776.92,3531.92,-3651.92,FALSE,-1777,-1776.92,TRUE
2026-01-27T21:02:18Z,REV_TW1_U_21,5,TRUE,2,1,0,0,1984,0,0,-3651,89.86,,,-3651,89.86,0,0,,,,,3531,-3651,1.41,0.69,,,,18,,,,,2,,,,59.43,59.4,59.1,59.8,34800,34900,34700,,,,-3565,60.002,90,,127767,113212,,,,,,12,0,0,0,0,0,0,0,0,,2,,1146.4,-3427.74,-2990,14,14.06,2298.24,2260.62,100,-3506,3506,-3651.92,3531.92,,,0,0,0,0,0,0,,,3.379,3.329,3.347,27,11,23.666,,,47,48,48,FALSE,TRUE,FALSE,2,2,2,6,0,342,4200,16416,1500,-1500,0,0,44,18.009,88.8,4.2,999,999,999,999,999,999,999,999,2,1,0,0,0,1,2,1,1,0,0,8,1,0,0,-33567,0,5947,0,0,0,0,0,0,0,0,0,702.337,2100.84,2100.84,1815,1875,1146,TRUE,0,1815,-1875,2100,2100,1728.54,1788.54,1145.5,TRUE,0,1728.54,-1788.54,3543.54,-3663.54,FALSE,-1789,-1788.54,TRUE
2026-01-27T21:02:20Z,REV_TW1_U_21,5,TRUE,2,1,0,0,1984,0,0,-3652,92.79,,,-3652,92.79,0,0,,,,,3532,-3652,1.41,0.69,,,,18,,,,,2,,,,59.87,59.8,59.6,60.2,34800,34900,34700,,,,-3578,59.9981,93,,127767,113212,,,,,,12,0,0,0,0,0,0,0,0,,2,,1146.5,-3423.45,-2986,14,14.06,2298.24,2260.62,100,-3506,3506,-3652.075,3532.075,,,0,0,0,0,0,0,,,3.379,3.329,3.348,27,11,23.666,,,47,48,48,FALSE,TRUE,FALSE,2,2,2,6,0,342,4200,16416,1500,-1500,0,0,44,18.009,88.8,4.2,999,999,999,999,999,999,999,999,2,1,0,0,0,1,2,1,1,0,0,8,1,0,0,-33567,0,5949,0,0,0,0,0,0,0,0,0,702.337,2098.11,2098.11,1815,1875,1146.1,TRUE,0,1815,-1875,2098.11,2098.11,1717.23,1777.23,1145.7,TRUE,0,1717.23,-1777.23,3532.23,-3652.23,FALSE,-1777,-1777,TRUE
2026-01-27T21:02:22Z,REV_TW1_U_21,5,TRUE,2,1,0,0,1984,0,0,-3652,96.056,,,-3652,95.406,0,0,,,,,3543,-3663,1.41,0.69,,,,18,,,,,2,,,,59.47,59.4,59.2,59.8,34800,34900,34700,,,,-3562,59.9945,97,,127771,113212,,,,,,12,0,0,0,0,0,0,0,0,,2,,1146.6,-3416.87,-2980,14,14.06,2298.24,2260.62,100,-3516,3516,-3663.696,3543.696,,,0,0,0,0,0,0,,,3.38,3.329,3.348,27,11,23.666,,,47,48,48,FALSE,TRUE,FALSE,2,2,2,6,0,342,4200,16416,1500,-1500,0,0,44,18.009,88.8,4.2,999,999,999,999,999,999,999,999,2,1,0,0,0,1,2,1,1,0,0,8,1,0,0,-33567,0,5951,0,0,0,0,0,0,0,0,0,702.337,2097.69,2097.69,1815,1875,1146.2,TRUE,0,1815,-1875,2097.48,2097.48,1728.7,1788.7,1145.7,TRUE,0,1728.7,-1788.7,3543.7,-3663.7,FALSE,-1789,-1788.7,TRUE
2026-01-27T21:02:24Z,REV_TW1_U_21,5,TRUE,2,1,0,0,1984,0,0,-3663,99.481,,,-3663,99.481,0,0,,,,,3532,-3652,1.41,0.69,,,,18,,,,,2,,,,59.9,59.9,59.6,60.2,34800,34900,34700,,,,-3579,59.9986,101,,127771,113212,,,,,,12,0,0,0,0,0,0,0,0,,2,,1146.6,-3408.84,-2973,14,14.06,2298.24,2260.62,100,-3516,3516,-3663.696,3543.696,,,0,0,0,0,0,0,,,3.38,3.329,3.348,27,11,23.666,,,47,48,48,FALSE,TRUE,FALSE,2,2,2,6,0,342,4200,16416,1500,-1500,0,0,44,18.009,88.8,4.2,999,999,999,999,999,999,999,999,2,1,0,0,0,1,2,1,1,0,0,8,1,0,0,-33567,0,5953,0,0,0,0,0,0,0,0,0,702.337,2100.21,2100.21,1815,1875,1146.3,TRUE,0,1815,-1875,2100.21,2100.21,1717.38,1777.38,1145.8,TRUE,0,1717.38,-1777.38,3532.38,-3652.38,FALSE,-1789,-1788.7,TRUE
2026-01-27T21:02:26Z,REV_TW1_U_21,5,TRUE,2,1,0,0,1984,0,2,-3652,102.6,,,-3652.38,102.6,0,0,,,,,3532,-3652,1.41,0.69,,,,18,,,,,2,,,,59.5,59.5,59.2,59.8,34800,34900,34700,,,,-3565,59.9895,104,,127774,113212,,,,,,12,0,0,0,0,0,0,0,0,,2,,1146.8,-3433.52,-2994,14,14.06,2298.24,2260.62,100,-3506,3506,-3652.54,3532.54,,,0,0,0,0,0,0,,,3.38,3.33,3.348,27,11,23.666,,,47,48,48,FALSE,TRUE,FALSE,2,2,2,6,0,342,4200,16416,1500,-1500,0,0,44,18.009,88.8,4.2,999,999,999,999,999,999,999,999,2,1,0,0,0,1,2,1,1,0,0,8,1,0,0,-33567,0,5955,0,0,0,0,0,0,0,0,0,702.337,2099.16,2099.16,1815,1875,1146.3,TRUE,0,1815,-1875,2099.16,2099.16,1729.01,1789.01,1145.8,TRUE,0,1729.01,-1789.01,3544.01,-3664.01,FALSE,-1777,-1777,TRUE
2026-01-27T21:02:28Z,REV_TW1_U_21,5,TRUE,2,1,0,0,1984,0,0,-3664,106.053,,,-3664,106.053,0,0,,,,,3532,-3652,1.41,0.69,,,,18,,,,,2,,,,59.93,59.9,59.6,60.3,34800,34900,34700,,,,-3577,59.9961,107,,127775,113212,,,,,,12,0,0,0,0,0,0,0,0,,2,,1146.8,-3409.44,-2973,14,14.06,2298.24,2260.62,100,-3516,3516,-3664.008,3544.008,,,0,0,0,0,0,0,,,3.381,3.33,3.348,27,11,23.666,,,47,48,48,FALSE,TRUE,FALSE,2,2,2,6,0,342,4200,16416,1500,-1500,0,0,44,18.009,88.8,4.2,999,999,999,999,999,999,999,999,2,1,0,0,0,1,2,1,1,0,0,8,1,0,0,-33567,0,5957,0,0,0,0,0,0,0,0,0,702.337,2098.74,2098.74,1815,1875,1146.4,TRUE,0,1815,-1875,2098.74,2098.74,1717.54,1777.54,1146,TRUE,0,1717.54,-1777.54,3532.54,-3652.54,FALSE,-1789,-1789,TRUE
2026-01-27T21:02:30Z,REV_TW1_U_21,5,TRUE,2,1,0,0,1984,0,2,-3652,109.429,,,-3652.54,109.094,0,0,,,,,3544,-3664,1.41,0.69,,,,18,,,,,2,,,,59.5,59.5,59.2,59.8,34800,34900,34700,,,,-3564,59.9896,109,,127778,113212,,,,,,12,0,0,0,0,0,0,0,0,,2,,1146.9,-3423.5,-2985,14,14.06,2298.24,2260.62,100,-3516,3516,-3664.164,3544.164,,,0,0,0,0,0,0,,,3.381,3.33,3.349,27,11,23.666,,,47,48,48,FALSE,TRUE,FALSE,2,2,2,6,0,342,4200,16416,1500,-1500,0,0,44,18.009,88.8,4.2,999,999,999,999,999,999,999,999,2,1,0,0,0,1,2,1,1,0,0,8,1,0,0,-33567,0,5959,0,0,0,0,0,0,0,0,0,702.337,2097.9,2097.9,1815,1875,1146.4,TRUE,0,1815,-1875,2097.9,2097.9,1729.16,1789.16,1146,TRUE,0,1729.16,-1789.16,3544.16,-3664.16,FALSE,-1778,-1777.54,TRUE
2026-01-27T21:02:32Z,REV_TW1_U_21,5,TRUE,2,1,0,0,1984,0,0,-3652,112.52,,,-3652,112.52,0,0,,,,,3532,-3652,1.41,0.69,,,,18,,,,,2,,,,59.53,59.5,59.2,59.9,34800,34900,34700,,,,-3569,59.9969,114,,127779,113212,,,,,,12,0,0,0,0,0,0,0,0,,2,,1146.9,-3423.5,-2985,14,14.06,2298.24,2260.62,100,-3506,3506,-3652.695,3532.695,,,0,0,0,0,0,0,,,3.381,3.33,3.349,27,11,23.666,,,47,48,48,FALSE,TRUE,FALSE,2,2,2,6,0,342,4200,16416,1500,-1500,0,0,44,18.009,88.8,4.2,999,999,999,999,999,999,999,999,2,1,0,0,0,1,2,1,1,0,0,8,1,0,0,-33567,0,5961,0,0,0,0,0,0,0,0,0,702.337,2097.48,2097.48,1815,1875,1146.5,TRUE,0,1815,-1875,2097.48,2097.48,1740.79,1800.79,1146.1,TRUE,0,1740.79,-1800.79,3555.79,-3675.79,FALSE,-1778,-1777.7,TRUE
2026-01-27T21:02:34Z,REV_TW1_U_21,5,TRUE,2,1,0,0,1984,0,0,-3664,115.932,,,-3664,114.936,0,0,,,,,3544,-3664,1.41,0.69,,,,18,,,,,2,,,,59.9,59.9,59.6,60.2,34800,34900,34700,,,,-3592,59.9885,116,,127782,113212,,,,,,12,0,0,0,0,0,0,0,0,,2,,1147,-3412.33,-2975,14,14.06,2298.24,2260.62,100,-3516,3516,-3664.32,3544.3199999999997,,,0,0,0,0,0,0,,,3.381,3.33,3.349,27,11,23.666,,,47,48,48,FALSE,TRUE,FALSE,2,2,2,6,0,342,4200,16416,1500,-1500,0,0,44,18.009,88.8,4.2,999,999,999,999,999,999,999,999,2,1,0,0,0,1,2,1,1,0,0,8,1,0,0,-33567,0,5963,0,0,0,0,0,0,0,0,0,702.337,2097.69,2097.69,1815,1875,1146.6,TRUE,0,1815,-1875,2097.69,2097.69,1729.48,1789.48,1146.2,TRUE,0,1729.48,-1789.48,3544.48,-3664.48,FALSE,-1789,-1789,TRUE
2026-01-27T21:02:36Z,REV_TW1_U_21,5,TRUE,2,1,0,0,1984,0,0,-3653,118.95,,,-3653,118.373,0,0,,,,,3533,-3653,1.41,0.69,,,,18,,,,,2,,,,59.83,59.8,59.5,60.2,34800,34900,34700,,,,-3580,59.9924,120,,127783,113212,,,,,,12,0,0,0,0,0,0,0,0,,2,,1147.2,-3437.01,-2996,14,14.06,2298.24,2260.62,100,-3506,3506,-3653.16,3533.16,,,0,0,0,0,0,0,,,3.381,3.33,3.349,27,11,23.666,,,47,48,48,FALSE,TRUE,FALSE,2,2,2,6,0,342,4200,16416,1500,-1500,0,0,44,18.009,88.8,4.2,999,999,999,999,999,999,999,999,2,1,0,0,0,1,2,1,1,0,0,8,1,0,0,-33566,0,5965,0,0,0,0,0,0,0,0,0,702.337,2095.59,2095.59,1815,1875,1146.7,TRUE,0,1815,-1875,2095.59,2095.59,1718.16,1778.16,1146.2,TRUE,0,1718.16,-1778.16,3533.16,-3653.16,FALSE,-1778,-1778,TRUE
2026-01-27T21:02:38Z,REV_TW1_U_21,5,TRUE,2,1,0,0,1984,0,0,-3653,121.537,,,-3653,121.251,0,0,,,,,3544,-3664,1.405,0.695,,,,18,,,,,2,,,,59.53,59.5,59.2,59.9,34800,34900,34700,,,,-3562,59.9837,122,,127786,113212,,,,,,12,0,0,0,0,0,0,0,0,,2,,1147.2,-3412.92,-2975,14.5,14.57,2298.24,2342.7,100,-3516,3516,-3664.632,3544.632,,,0,0,0,0,0,0,,,3.381,3.33,3.35,27,11,23.666,,,47,48,48,FALSE,TRUE,FALSE,2,2,2,6,0,342,4200,16416,1500,-1500,0,0,44,18.009,88.8,4.2,999,999,999,999,999,999,999,999,2,1,0,0,0,1,2,1,1,0,0,8,1,0,0,-33566,0,5967,0,0,0,0,0,0,0,0,0,702.337,2099.16,2099.16,1815,1875,1146.7,TRUE,0,1815,-1875,2098.11,2098.11,1729.63,1789.63,1146.3,TRUE,0,1729.63,-1789.63,3544.63,-3664.63,FALSE,-1778,-1778,TRUE
2026-01-27T21:02:40Z,REV_TW1_U_21,5,TRUE,2,1,0,0,1984,0,0,-3664,124.234,,,-3664,123.973,0,0,,,,,3533,-3653,1.405,0.695,,,,18,,,,,2,,,,59.97,59.9,59.7,60.3,34800,34900,34700,,,,-3581,59.9918,123,,127787,113212,,,,,,12,0,0,0,0,0,0,0,0,,2,,1147.2,-3422.1,-2983,14.5,14.57,2380.32,2342.7,100,-3506,3506,-3653.16,3533.16,,,0,0,0,0,0,0,,,3.382,3.331,3.35,27,11,23.666,,,47,48,48,FALSE,TRUE,FALSE,2,2,2,6,0,342,4200,16416,1500,-1500,0,0,44,18.016,89.6,4.4,999,999,999,999,999,999,999,999,2,1,0,0,0,1,2,1,1,0,0,8,1,0,0,-33566,0,5969,0,0,0,0,0,0,0,0,0,702.337,2098.95,2098.95,1815,1875,1146.8,TRUE,0,1815,-1875,2098.95,2098.95,1718.16,1778.16,1146.4,TRUE,0,1718.16,-1778.16,3533.16,-3653.16,FALSE,-1790,-1789.63,TRUE
2026-01-27T21:02:42Z,REV_TW1_U_21,5,TRUE,2,1,0,0,1984,0,2,-3653,126.832,,,-3653.315,126.574,0,0,,,,,3544,-3664,1.405,0.695,,,,18,,,,,2,,,,59.53,59.5,59.2,59.9,34800,34900,34700,,,,-3567,59.9894,127,,127790,113212,,,,,,12,0,0,0,0,0,0,0,0,,2,,1147.4,-3429.58,-2989,14.5,14.57,2380.32,2342.7,100,-3516,3516,-3664.944,3544.9440000000004,,,0,0,0,0,0,0,,,3.382,3.331,3.35,27,11,23.666,,,47,48,48,FALSE,TRUE,FALSE,2,2,2,6,0,342,4200,16416,1500,-1500,0,0,44,18.016,89.6,4.4,999,999,999,999,999,999,999,999,2,1,0,0,0,1,2,1,1,0,0,8,1,0,0,-33566,0,5971,0,0,0,0,0,0,0,0,0,702.337,2097.06,2097.06,1815,1875,1146.8,TRUE,0,1815,-1875,2097.06,2097.06,1729.94,1789.94,1146.4,TRUE,0,1729.94,-1789.94,3544.94,-3664.94,FALSE,-1778,-1778,TRUE
2026-01-27T21:02:44Z,REV_TW1_U_21,5,TRUE,2,1,0,0,1984,0,0,-3664,128.125,,,-3664,127.869,0,0,,,,,3533,-3653,1.405,0.695,,,,18,,,,,2,,,,59.97,59.9,59.7,60.3,34800,34900,34700,,,,-3580,59.9893,128,,127791,113212,,,,,,12,0,0,0,0,0,0,0,0,,2,,1147.4,-3413.52,-2975,14.5,14.57,2380.32,2342.7,100,-3516,3516,-3664.944,3544.9440000000004,,,0,0,0,0,0,0,,,3.382,3.331,3.35,27,11,23.666,,,47,48,48,FALSE,TRUE,FALSE,2,2,2,6,0,342,4200,16416,1500,-1500,0,0,44,18.016,89.6,4.4,999,999,999,999,999,999,999,999,2,1,0,0,0,1,2,1,1,0,0,8,1,0,0,-33566,0,5973,0,0,0,0,0,0,0,0,0,702.337,2098.32,2098.32,1815,1875,1146.9,TRUE,0,1815,-1875,2098.32,2098.32,1718.47,1778.47,1146.5,TRUE,0,1718.47,-1778.47,3533.4700000000003,-3653.47,FALSE,-1790,-1789.94,TRUE
2026-01-27T21:02:46Z,REV_TW1_U_21,5,TRUE,2,1,0,0,1984,0,2,-3653,128.125,,,-3653.47,128.125,0,0,,,,,3533,-3653,1.405,0.695,,,,18,,,,,2,,,,59.53,59.5,59.2,59.9,34800,34900,34700,,,,-3566,59.9881,129,,127793,113212,,,,,,12,0,0,0,0,0,0,0,0,,2,,1147.5,-3437.91,-2996,14.5,14.57,2380.32,2342.7,100,-3506,3506,-3653.625,3533.625,,,0,0,0,0,0,0,,,3.382,3.331,3.35,27,11,23.666,,,47,48,48,FALSE,TRUE,FALSE,2,2,2,6,0,342,4200,16416,1500,-1500,0,0,44,18.016,89.6,4.4,999,999,999,999,999,999,999,999,2,1,0,0,0,1,2,1,1,0,0,8,1,0,0,-33566,0,5975,0,0,0,0,0,0,0,0,0,702.337,2099.79,2099.79,1815,1875,1146.9,TRUE,0,1815,-1875,2099.79,2099.79,1730.1,1790.1,1146.5,TRUE,0,1730.1,-1790.1,3545.1,-3665.1,FALSE,-1778,-1778,TRUE
2026-01-27T21:02:48Z,REV_TW1_U_21,5,TRUE,2,1,0,0,1984,0,0,-3665,128.125,,,-3665,128.125,0,0,,,,,3533,-3653,1.405,0.695,,,,18,,,,,2,,,,59.97,59.9,59.7,60.3,34800,34900,34700,,,,-3580,59.9956,128,,127795,113212,,,,,,12,0,0,0,0,0,0,0,0,,2,,1147.5,-3414.96,-2976,14.5,14.57,2380.32,2342.7,100,-3516,3516,-3665.1,3545.1000000000004,,,0,0,0,0,0,0,,,3.382,3.331,3.35,27,11,23.666,,,47,48,48,FALSE,TRUE,FALSE,2,2,2,6,0,342,4200,16416,1500,-1500,0,0,44,18.016,89.6,4.4,999,999,999,999,999,999,999,999,2,1,0,0,0,1,2,1,1,0,0,8,1,0,0,-33566,0,5977,0,0,0,0,0,0,0,0,0,702.337,2099.16,2099.16,1815,1875,1147,TRUE,0,1815,-1875,2099.16,2099.16,1718.62,1778.62,1146.6,TRUE,0,1718.62,-1778.62,3533.62,-3653.62,FALSE,-1790,-1790,TRUE
2026-01-27T21:02:50Z,REV_TW1_U_21,5,TRUE,2,1,0,0,1984,0,2,-3653,130.438,,,-3653.62,130.18,0,0,,,,,3545,-3665,1.405,0.695,,,,18,,,,,2,,,,59.6,59.6,59.3,59.9,34800,34900,34700,,,,-3569,59.9912,129,,127797,113212,,,,,,12,0,0,0,0,0,0,0,0,,2,,1147.6,-3431.32,-2990,14.5,14.57,2380.32,2342.7,100,-3516,3516,-3665.256,3545.256,,,0,0,0,0,0,0,,,3.383,3.332,3.351,27,11,23.666,,,47,48,48,FALSE,TRUE,FALSE,2,2,2,6,0,342,4200,16416,1500,-1500,0,0,44,18.016,89.6,4.4,999,999,999,999,999,999,999,999,2,1,0,0,0,1,2,1,1,0,0,8,1,0,0,-33566,0,5979,0,0,0,0,0,0,0,0,0,702.337,2097.06,2097.06,1815,1875,1147,TRUE,0,1815,-1875,2097.06,2097.06,1730.26,1790.26,1146.6,TRUE,0,1730.26,-1790.26,3545.26,-3665.26,FALSE,-1779,-1778.62,TRUE
2026-01-27T21:02:52Z,REV_TW1_U_21,5,TRUE,2,1,0,0,1984,0,0,-3665,131.732,,,-3665,131.732,0,0,,,,,3533,-3653,1.405,0.695,,,,18,,,,,2,,,,60,60,59.7,60.3,34900,34900,34800,,,,-3583,59.9918,131,,127799,113212,,,,,,12,0,0,0,0,0,0,0,0,,2,,1147.6,-3423.29,-2983,14.5,14.57,2380.32,2342.7,100,-3506,3506,-3653.78,3533.7799999999997,,,0,0,0,0,0,0,,,3.383,3.332,3.351,27,11,23.666,,,47,48,48,FALSE,TRUE,FALSE,2,2,2,6,0,342,4200,16416,1500,-1500,0,0,44,18.016,89.6,4.4,999,999,999,999,999,999,999,999,2,1,0,0,0,1,2,1,1,0,0,8,1,0,0,-33566,0,5981,0,0,0,0,0,0,0,0,0,702.337,2097.69,2097.69,1815,1875,1147.1,TRUE,0,1815,-1875,2098.32,2098.32,1718.93,1778.93,1146.7,TRUE,0,1718.93,-1778.93,3533.9300000000003,-3653.93,FALSE,-1790,-1790,TRUE
2026-01-27T21:02:54Z,REV_TW1_U_21,5,TRUE,2,1,0,0,1984,0,0,-3653,131.732,,,-3653,131.732,0,0,,,,,3533,-3653,1.4,0.7,,,,18,,,,,2,,,,59.63,59.6,59.4,59.9,34800,34900,34700,,,,-3570,59.9899,132,,127801,113212,,,,,,12,0,0,0,0,0,0,0,0,,2,,1147.7,-3436.21,-2994,15,15.06,2462.4,2421.36,100,-3506,3506,-3653.935,3533.935,,,0,0,0,0,0,0,,,3.383,3.332,3.351,27,11,23.666,,,47,48,48,FALSE,TRUE,FALSE,2,2,2,6,0,342,4200,16416,1500,-1500,0,0,44,18.016,89.6,4.4,999,999,999,999,999,999,999,999,2,1,0,0,0,1,2,1,1,0,0,8,1,0,0,-33566,0,5983,0,0,0,0,0,0,0,0,0,702.337,2099.16,2099.16,1815,1875,1147.1,TRUE,0,1815,-1875,2100.21,2100.21,1730.41,1790.41,1146.7,TRUE,0,1730.41,-1790.41,3545.41,-3665.41,FALSE,-1779,-1778.93,TRUE
2026-01-27T21:02:56Z,REV_TW1_U_21,5,TRUE,2,1,0,0,1984,0,0,-3665,131.732,,,-3665,131.732,0,0,,,,,3534,-3654,1.4,0.7,,,,18,,,,,2,,,,60,60,59.7,60.3,34800,34900,34700,,,,-3583,59.9915,131,,127803,113212,,,,,,12,0,0,0,0,0,0,0,0,,2,,1147.7,-3419,-2979,15,15.06,2462.4,2421.36,100,-3516,3516,-3665.412,3545.4120000000003,,,0,0,0,0,0,0,,,3.383,3.332,3.351,27,11,23.666,,,47,48,48,FALSE,TRUE,FALSE,2,2,2,6,0,342,4200,16416,1500,-1500,0,0,44,18.016,89.6,4.4,999,999,999,999,999,999,999,999,2,1,0,0,0,1,2,1,1,0,0,8,1,0,0,-33566,0,5985,0,0,0,0,0,0,0,0,0,702.337,2097.9,2097.9,1815,1875,1147.2,TRUE,0,1815,-1875,2099.58,2099.58,1719.09,1779.09,1146.9,TRUE,0,1719.09,-1779.09,3534.09,-3654.09,FALSE,-1790,-1790,TRUE
2026-01-27T21:02:58Z,REV_TW1_U_21,5,TRUE,2,1,0,0,1984,0,0,-3654,131.732,,,-3654,131.732,0,0,,,,,3534,-3654,1.4,0.7,,,,18,,,,,2,,,,59.63,59.6,59.3,60,34800,34900,34700,,,,-3567,59.9982,131,,127804,113212,,,,,,12,0,0,0,0,0,0,0,0,,2,,1147.8,-3439.96,-2997,15,15.06,2462.4,2421.36,100,-3506,3506,-3654.09,3534.09,,,0,0,0,0,0,0,,,3.384,3.332,3.351,27,11,23.666,,,47,48,48,FALSE,TRUE,FALSE,2,2,2,6,0,342,4200,16416,1500,-1500,0,0,44,18.016,89.6,4.4,999,999,999,999,999,999,999,999,2,1,0,0,0,1,2,1,1,0,0,8,1,0,0,-33565,0,5987,0,0,0,0,0,0,0,0,0,702.337,2098.74,2098.74,1815,1875,1147.2,TRUE,0,1815,-1875,2098.74,2098.74,1742.05,1802.05,1146.9,TRUE,0,1742.05,-1802.05,3557.05,-3677.05,FALSE,-1779,-1779,TRUE
2026-01-27T21:03:00Z,REV_TW1_U_21,5,TRUE,2,1,0,0,1984,0,2,-3665,131.732,,,-3642.61,131.732,0,0,,,,,3522,-3642,1.4,0.7,,,,18,,,,,2,,,,59.63,59.6,59.3,60,34800,34900,34800,,,,-3577,59.9941,133,,127807,113212,,,,,,12,0,0,0,0,0,0,0,0,,2,,1147.8,-3420.44,-2980,15,15.06,2462.4,2421.36,100,-3496,3496,-3642.612,3522.612,,,0,0,0,0,0,0,,,3.383,3.332,3.351,27,11,23.666,,,47,48,48,FALSE,TRUE,FALSE,2,2,2,6,0,342,4200,16416,1500,-1500,0,0,43,17.672,90.2,4.4,999,999,999,999,999,999,999,999,2,1,0,0,0,1,2,1,1,0,0,8,1,0,0,-33565,0,5989,0,0,0,0,0,0,0,0,0,702.337,2099.37,2099.37,1815,1875,1147.3,TRUE,0,1815,-1875,2099.37,2099.37,1707.61,1767.61,1146.9,TRUE,0,1707.61,-1767.61,3522.6099999999997,-3642.61,FALSE,-1768,-1767.61,TRUE
2026-01-27T21:03:02Z,REV_TW1_U_21,5,TRUE,2,1,0,0,1984,0,0,-3654,131.732,,,-3654,131.732,0,0,,,,,3534,-3654,1.4,0.7,,,,18,,,,,2,,,,59.7,59.7,59.4,60,34900,34900,34800,,,,-3584,59.9944,132,,127808,113212,,,,,,12,0,0,0,0,0,0,0,0,,2,,1147.9,-3417.3,-2977,15,15.06,2462.4,2421.36,100,-3506,3506,-3654.245,3534.2450000000003,,,0,0,0,0,0,0,,,3.384,3.332,3.352,27,11,23.666,,,47,48,48,FALSE,TRUE,FALSE,2,2,2,6,0,342,4200,16416,1500,-1500,0,0,43,17.672,90.2,4.4,999,999,999,999,999,999,999,999,2,1,0,0,0,1,2,1,1,0,0,8,1,0,0,-33565,0,5991,0,0,0,0,0,0,0,0,0,702.337,2098.32,2098.32,1815,1875,1147.3,TRUE,0,1815,-1875,2098.32,2098.32,1719.25,1779.25,1147,TRUE,0,1719.25,-1779.25,3534.25,-3654.25,FALSE,-1779,-1779,TRUE
2026-01-27T21:03:04Z,REV_TW1_U_21,5,TRUE,2,1,0,0,1984,0,0,-3665,131.732,,,-3665,131.732,0,0,,,,,3545,-3665,1.4,0.7,,,,18,,,,,2,,,,60.07,60,59.8,60.4,34800,34900,34700,,,,-3594,59.9916,130,,127811,113212,,,,,,12,0,0,0,0,0,0,0,0,,2,,1148,-3419.89,-2979,15,15.06,2462.4,2421.36,100,-3516,3516,-3665.88,3545.88,,,0,0,0,0,0,0,,,3.384,3.332,3.352,27,11,23.666,,,47,48,48,FALSE,TRUE,FALSE,2,2,2,6,0,342,4200,16416,1500,-1500,0,0,43,17.672,90.2,4.4,999,999,999,999,999,999,999,999,2,1,0,0,0,1,2,1,1,0,0,8,1,0,0,-33565,0,5993,0,0,0,0,0,0,0,0,0,702.337,2096.85,2096.85,1815,1875,1147.5,TRUE,0,1815,-1875,2097.27,2097.27,1730.88,1790.88,1147.1,TRUE,0,1730.88,-1790.88,3545.88,-3665.88,FALSE,-1791,-1790.88,TRUE
2026-01-27T21:03:06Z,REV_TW1_U_21,5,TRUE,2,1,0,0,1984,0,0,-3654,131.732,,,-3654,131.732,0,0,,,,,3534,-3654,1.4,0.7,,,,18,,,,,2,,,,59.73,59.7,59.4,60.1,34800,34900,34700,,,,-3582,59.9877,130,,127812,113212,,,,,,12,0,0,0,0,0,0,0,0,,2,,1148.1,-3442,-2998,15,15.06,2462.4,2421.36,100,-3506,3506,-3654.555,3534.555,,,0,0,0,0,0,0,,,3.385,3.333,3.352,27,11,23.666,,,47,48,48,FALSE,TRUE,FALSE,2,2,2,6,0,342,4200,16416,1500,-1500,0,0,43,17.672,90.2,4.4,999,999,999,999,999,999,999,999,2,1,0,0,0,1,2,1,1,0,0,8,1,0,0,-33565,0,5995,0,0,0,0,0,0,0,0,0,702.337,2098.95,2098.95,1815,1875,1147.4,TRUE,0,1815,-1875,2098.95,2098.95,1719.55,1779.55,1147.1,TRUE,0,1719.55,-1779.55,3534.55,-3654.55,FALSE,-1780,-1779.55,TRUE
2026-01-27T21:03:08Z,REV_TW1_U_21,5,TRUE,2,1,0,0,1984,0,0,-3654,131.732,,,-3654,131.732,0,0,,,,,3546,-3666,1.4,0.7,,,,18,,,,,2,,,,59.67,59.6,59.4,60,34800,34900,34700,,,,-3570,59.9912,129,,127815,113212,,,,,,12,0,0,0,0,0,0,0,0,,2,,1148.1,-3422.49,-2981,15,15.06,2462.4,2421.36,100,-3516,3516,-3666.036,3546.036,,,0,0,0,0,0,0,,,3.384,3.333,3.352,27,11,23.666,,,47,48,48,FALSE,TRUE,FALSE,2,2,2,6,0,342,4200,16416,1500,-1500,0,0,43,17.672,90.2,4.4,999,999,999,999,999,999,999,999,2,1,0,0,0,1,2,1,1,0,0,8,1,0,0,-33565,0,5997,0,0,0,0,0,0,0,0,0,702.337,2098.74,2098.74,1815,1875,1147.5,TRUE,0,1815,-1875,2098.11,2098.11,1731.04,1791.04,1147.1,TRUE,0,1731.04,-1791.04,3546.04,-3666.04,FALSE,-1780,-1779.55,TRUE
2026-01-27T21:03:10Z,REV_TW1_U_21,5,TRUE,2,1,0,0,1984,0,0,-3666,131.732,,,-3666,131.732,0,0,,,,,3534,-3654,1.4,0.7,,,,18,,,,,2,,,,60.03,60,59.7,60.4,34900,34900,34700,,,,-3582,59.9902,128,,127816,113212,,,,,,12,0,0,0,0,0,0,0,0,,2,,1148.1,-3427.08,-2985,15,15.06,2462.4,2421.36,100,-3506,3506,-3654.555,3534.555,,,0,0,0,0,0,0,,,3.384,3.333,3.352,27,11,23.666,,,47,48,48,FALSE,TRUE,FALSE,2,2,2,6,0,342,4200,16416,1500,-1500,0,0,43,17.672,90.2,4.4,999,999,999,999,999,999,999,999,2,1,0,0,0,1,2,1,1,0,0,8,1,0,0,-33565,0,5999,0,0,0,0,0,0,0,0,0,702.337,2098.74,2098.74,1815,1875,1147.6,TRUE,0,1815,-1875,2098.74,2098.74,1719.55,1779.55,1147.3,TRUE,0,1719.55,-1779.55,3534.55,-3654.55,FALSE,-1791,-1791,TRUE
2026-01-27T21:03:12Z,REV_TW1_U_21,5,TRUE,2,1,0,0,1984,0,0,-3654,131.732,,,-3654,131.732,0,0,,,,,3546,-3666,1.4,0.7,,,,18,,,,,2,,,,59.73,59.7,59.4,60.1,34800,34900,34700,,,,-3571,59.9883,128,,127819,113212,,,,,,12,0,0,0,0,0,0,0,0,,2,,1148.2,-3427.38,-2985,15,15.06,2462.4,2421.36,100,-3516,3516,-3666.192,3546.192,,,0,0,0,0,0,0,,,3.385,3.333,3.352,28,11,23.666,,,47,48,48,FALSE,TRUE,FALSE,2,2,2,6,0,342,4200,16416,1500,-1500,0,0,43,17.672,90.2,4.4,999,999,999,999,999,999,999,999,2,1,0,0,0,1,2,1,1,0,0,8,1,0,0,-33565,0,6001,0,0,0,0,0,0,0,0,0,702.337,2098.74,2098.74,1815,1875,1147.6,TRUE,0,1815,-1875,2098.74,2098.74,1731.19,1791.19,1147.2,TRUE,0,1731.19,-1791.19,3546.19,-3666.19,FALSE,-1780,-1779.71,TRUE
2026-01-27T21:03:14Z,REV_TW1_U_21,5,TRUE,2,1,0,0,1984,0,0,-3666,131.732,,,-3666,131.732,0,0,,,,,3534,-3654,1.4,0.7,,,,18,,,,,2,,,,60.07,60,59.8,60.4,34800,34900,34700,,,,-3586,59.9945,126,,127820,113212,,,,,,12,0,0,0,0,0,0,0,0,,2,,1148.2,-3426.23,-2984,15,15.06,2462.4,2421.36,100,-3516,3516,-3666.192,3546.192,,,0,0,0,0,0,0,,,3.385,3.333,3.352,28,11,23.666,,,47,48,48,FALSE,TRUE,FALSE,2,2,2,6,0,342,4200,16416,1500,-1500,0,0,43,17.672,90.2,4.4,999,999,999,999,999,999,999,999,2,1,0,0,0,1,2,1,1,0,0,8,1,0,0,-33565,0,6003,0,0,0,0,0,0,0,0,0,702.337,2098.11,2098.11,1815,1875,1147.7,TRUE,0,1815,-1875,2098.11,2098.11,1719.87,1779.87,1147.4,TRUE,0,1719.87,-1779.87,3534.87,-3654.87,FALSE,-1791,-1791,TRUE
2026-01-27T21:03:16Z,REV_TW1_U_21,5,TRUE,2,1,0,0,1984,0,0,-3654,131.732,,,-3654,131.732,0,0,,,,,3534,-3654,1.4,0.7,,,,17,,,,,2,,,,59.7,59.7,59.4,60,34900,34900,34700,,,,-3570,59.9972,128,,127823,113212,,,,,,12,0,0,0,0,0,0,0,0,,2,,1148.3,-3443.75,-2999,15,15.06,2462.4,2421.36,100,-3506,3506,-3654.865,3534.865,,,0,0,0,0,0,0,,,3.385,3.334,3.353,28,11,23.666,,,47,48,48,FALSE,TRUE,FALSE,2,2,2,6,0,342,4200,16416,1500,-1500,0,0,43,17.672,90.2,4.4,999,999,999,999,999,999,999,999,2,1,0,0,0,1,2,1,1,0,0,8,1,0,0,-33565,0,6005,0,0,0,0,0,0,0,0,0,702.337,2098.95,2098.95,1815,1875,1147.7,TRUE,0,1815,-1875,2098.95,2098.95,1731.35,1791.35,1147.3,TRUE,0,1731.35,-1791.35,3546.35,-3666.35,FALSE,-1780,-1779.87,TRUE
2026-01-27T21:03:18Z,REV_TW1_U_21,5,TRUE,2,1,0,0,1984,0,0,-3666,131.732,,,-3666,131.732,0,0,,,,,3523,-3643,1.4,0.7,,,,17,,,,,2,,,,60.07,60,59.8,60.4,34900,34900,34700,,,,-3584,60.0016,128,,127824,113212,,,,,,12,0,0,0,0,0,0,0,0,,2,,1148.3,-3423.08,-2981,15,15.06,2462.4,2421.36,100,-3516,3516,-3666.348,3546.348,,,0,0,0,0,0,0,,,3.385,3.334,3.353,28,11,23.666,,,47,48,48,FALSE,TRUE,FALSE,2,2,2,6,0,342,4200,16416,1500,-1500,0,0,43,17.672,90.2,4.4,999,999,999,999,999,999,999,999,2,1,0,0,0,1,2,1,1,0,0,8,1,0,0,-33565,0,6007,0,0,0,0,0,0,0,0,0,702.337,2098.11,2098.11,1815,1875,1147.7,TRUE,0,1815,-1875,2098.11,2098.11,1708.38,1768.38,1147.4,TRUE,0,1708.38,-1768.38,3523.38,-3643.38,FALSE,-1791,-1791,TRUE
2026-01-27T21:03:20Z,REV_TW1_U_21,5,TRUE,2,1,0,0,1984,0,0,-3643,131.732,,,-3643,131.732,0,0,,,,,3535,-3655,1.4,0.7,,,,17,,,,,2,,,,59.73,59.7,59.4,60.1,34900,34900,34700,,,,-3568,60.0024,129,,127827,113212,,,,,,12,0,0,0,0,0,0,0,0,,2,,1148.4,-3413.04,-2972,15,15.06,2462.4,2421.36,100,-3506,3506,-3655.02,3535.0200000000004,,,0,0,0,0,0,0,,,3.385,3.334,3.353,28,11,23.666,,,47,48,48,FALSE,TRUE,FALSE,2,2,2,6,0,342,4200,16416,1500,-1500,0,0,43,17.672,90.7,4.4,999,999,999,999,999,999,999,999,2,1,0,0,0,1,2,1,1,0,0,8,1,0,0,-33564,0,6009,0,0,0,0,0,0,0,0,0,702.337,2097.69,2097.69,1815,1875,1147.7,TRUE,0,1815,-1875,2097.69,2097.69,1720.02,1780.02,1147.4,TRUE,0,1720.02,-1780.02,3535.02,-3655.02,FALSE,-1780,-1780,TRUE
2026-01-27T21:03:22Z,REV_TW1_U_21,5,TRUE,2,1,0,0,1984,0,2,-3666,131.732,,,-3655.02,131.732,0,0,,,,,3535,-3655,1.4,0.7,,,,17,,,,,2,,,,59.9,59.9,59.6,60.2,34800,34900,34700,,,,-3582,60.0048,130,,127828,113212,,,,,,12,0,0,0,0,0,0,0,0,,2,,1148.4,-3432.57,-2989,15,15.06,2462.4,2421.36,100,-3506,3506,-3655.02,3535.0200000000004,,,0,0,0,0,0,0,,,3.385,3.334,3.353,28,11,23.666,,,47,48,48,FALSE,TRUE,FALSE,2,2,2,6,0,342,4200,16416,1500,-1500,0,0,43,17.672,90.7,4.4,999,999,999,999,999,999,999,999,2,1,0,0,0,1,2,1,1,0,0,8,1,0,0,-33564,0,6011,0,0,0,0,0,0,0,0,0,701.749,2098.32,2098.32,1815,1875,1147.8,TRUE,0,1815,-1875,2099.58,2099.58,1720.02,1780.02,1147.5,TRUE,0,1720.02,-1780.02,3535.02,-3655.02,FALSE,-1780,-1780,TRUE
2026-01-27T21:03:24Z,REV_TW1_U_21,5,TRUE,2,1,0,0,1984,0,0,-3643,131.732,,,-3643,131.732,0,0,,,,,3523,-3643,1.4,0.7,,,,17,,,,,2,,,,59.4,59.4,59.1,59.7,34800,34900,34700,,,,-3577,60.0015,130,,127831,113212,,,,,,12,0,0,0,0,0,0,0,0,,2,,1148.5,-3439.76,-2995,15,15.06,2462.4,2421.36,100,-3496,3496,-3643.69,3523.69,,,0,0,0,0,0,0,,,3.385,3.334,3.353,28,11,23.666,,,47,48,48,FALSE,TRUE,FALSE,2,2,2,6,0,342,4200,16416,1500,-1500,0,0,43,17.672,90.7,4.4,999,999,999,999,999,999,999,999,2,1,0,0,0,1,2,1,1,0,0,8,1,0,0,-33564,0,6013,0,0,0,0,0,0,0,0,0,701.749,2099.37,2099.37,1815,1875,1147.8,TRUE,0,1815,-1875,2099.37,2099.37,1754.63,1814.63,1147.5,TRUE,0,1754.63,-1814.63,3569.63,-3689.63,FALSE,-1769,-1768.69,TRUE
2026-01-27T21:03:26Z,REV_TW1_U_21,5,TRUE,2,1,0,0,1984,0,0,-3655,134.396,,,-3655,134.396,0,0,,,,,3535,-3655,1.4,0.7,,,,17,,,,,2,,,,59.73,59.7,59.4,60.1,34900,34900,34700,,,,-3582,60.0114,130,,127832,113212,,,,,,12,0,0,0,0,0,0,0,0,,2,,1148.5,-3401.86,-2962,15,15.06,2462.4,2421.36,100,-3506,3506,-3655.175,3535.175,,,0,0,0,0,0,0,,,3.385,3.334,3.353,28,11,23.666,,,47,48,48,FALSE,TRUE,FALSE,2,2,2,6,0,342,4200,16416,1500,-1500,0,0,43,17.672,90.7,4.4,999,999,999,999,999,999,999,999,2,1,0,0,0,1,2,1,1,0,0,8,1,0,0,-33564,0,6015,0,0,0,0,0,0,0,0,0,701.749,2097.27,2097.27,1815,1875,1147.9,TRUE,0,1815,-1875,2097.27,2097.27,1731.66,1791.66,1147.6,TRUE,0,1731.66,-1791.66,3546.66,-3666.66,FALSE,-1780,-1780,TRUE
2026-01-27T21:03:28Z,REV_TW1_U_21,5,TRUE,2,1,0,0,1984,0,0,-3666,136.963,,,-3666,136.119,0,0,,,,,3535,-3655,1.4,0.7,,,,17,,,,,2,,,,60.13,60.1,59.8,60.5,34800,34900,34700,,,,-3584,60.0081,130,,127835,113212,,,,,,12,0,0,0,0,0,0,0,0,,2,,1148.6,-3423.98,-2981,15,15.06,2462.4,2421.36,100,-3516,3516,-3666.816,3546.816,,,0,0,0,0,0,0,,,3.385,3.334,3.354,28,11,23.666,,,47,48,48,FALSE,TRUE,FALSE,2,2,2,6,0,342,4200,16416,1500,-1500,0,0,43,17.672,90.7,4.4,999,999,999,999,999,999,999,999,2,1,0,0,0,1,2,1,1,0,0,8,1,0,0,-33564,0,6017,0,0,0,0,0,0,0,0,0,701.749,2098.74,2098.74,1815,1875,1148,TRUE,0,1815,-1875,2098.74,2098.74,1720.33,1780.33,1147.7,TRUE,0,1720.33,-1780.33,3535.33,-3655.33,FALSE,-1792,-1791.82,TRUE
2026-01-27T21:03:30Z,REV_TW1_U_21,5,TRUE,2,1,0,0,1984,0,0,-3655,138.28,,,-3655,137.768,0,0,,,,,3535,-3655,1.4,0.7,,,,17,,,,,2,,,,59.73,59.7,59.4,60.1,34900,34900,34700,,,,-3571,60.0107,135,,127836,113212,,,,,,12,0,0,0,0,0,0,0,0,,2,,1148.6,-3446.95,-3001,15,15.06,2462.4,2421.36,100,-3506,3506,-3655.33,3535.33,,,0,0,0,0,0,0,,,3.386,3.334,3.354,28,11,23.666,,,47,48,48,FALSE,TRUE,FALSE,2,2,2,6,0,342,4200,16416,1500,-1500,0,0,43,17.672,90.7,4.4,999,999,999,999,999,999,999,999,2,1,0,0,0,1,2,1,1,0,0,8,1,0,0,-33564,0,6019,0,0,0,0,0,0,0,0,0,701.749,2096.85,2096.85,1815,1875,1148,TRUE,0,1815,-1875,2096.85,2096.85,1743.3,1803.3,1147.6,TRUE,0,1743.3,-1803.3,3558.3,-3678.3,FALSE,-1780,-1780,TRUE
2026-01-27T21:03:32Z,REV_TW1_U_21,5,TRUE,2,1,0,0,1984,0,0,-3666,153.378,,,-3666,153.378,0,0,,,,,3546,-3666,1.4,0.7,,,,17,,,,,2,,,,60.17,60.1,59.9,60.5,34900,34900,34800,,,,-3584,60.0111,139,,127839,113212,,,,,,12,0,0,0,0,0,0,0,0,,2,,1148.6,-3423.98,-2981,15,15.06,2462.4,2421.36,100,-3516,3516,-3666.816,3546.816,,,0,0,0,0,0,0,,,3.386,3.334,3.354,28,11,23.666,,,47,48,48,FALSE,TRUE,FALSE,2,2,2,6,0,342,4200,16416,1500,-1500,0,0,43,17.672,90.7,4.4,999,999,999,999,999,999,999,999,2,1,0,0,0,1,2,1,1,0,0,8,1,0,0,-33564,0,6021,0,0,0,0,0,0,0,0,0,701.749,2095.59,2095.59,1815,1875,1148.1,TRUE,0,1815,-1875,2095.59,2095.59,1731.82,1791.82,1147.8,TRUE,0,1731.82,-1791.82,3546.8199999999997,-3666.82,FALSE,-1792,-1791.82,TRUE
2026-01-27T21:03:34Z,REV_TW1_U_21,5,TRUE,2,1,0,0,1984,0,2,-3655,169.029,,,-3655.485,169.029,0,0,,,,,3535,-3655,1.4,0.7,,,,17,,,,,2,,,,59.77,59.7,59.5,60.1,34900,34900,34800,,,,-3576,60.0066,152,,127840,113212,,,,,,12,0,0,0,0,0,0,0,0,,2,,1148.7,-3447.25,-3001,15,15.06,2462.4,2421.36,100,-3506,3506,-3655.485,3535.485,,,0,0,0,0,0,0,,,3.386,3.334,3.354,28,11,23.666,,,47,48,48,FALSE,TRUE,FALSE,2,2,2,6,0,342,4200,16416,1500,-1500,0,0,43,17.672,90.7,4.4,999,999,999,999,999,999,999,999,2,1,0,0,0,1,2,1,1,0,0,8,1,0,0,-33564,0,6022,0,0,0,0,0,0,0,0,0,701.749,2096.85,2096.85,1815,1875,1148.1,TRUE,0,1815,-1875,2097.9,2097.9,1732.13,1792.13,1147.7,TRUE,0,1732.13,-1792.13,3547.13,-3667.13,FALSE,-1780,-1780,TRUE
2026-01-27T21:03:36Z,REV_TW1_U_21,5,TRUE,2,1,0,0,1984,0,0,-3666,183.876,,,-3666,183.876,0,0,,,,,3535,-3655,1.4,0.7,,,,17,,,,,2,,,,60.17,60.1,59.9,60.5,34900,34900,34800,,,,-3584,60.0037,171,,127843,113212,,,,,,12,0,0,0,0,0,0,0,0,,2,,1148.7,-3424.27,-2981,15,15.06,2462.4,2421.36,100,-3516,3516,-3666.972,3546.9719999999998,,,0,0,0,0,0,0,,,3.386,3.334,3.354,28,11,23.666,,,47,48,48,FALSE,TRUE,FALSE,2,2,2,6,0,342,4200,16416,1500,-1500,0,0,43,17.672,90.7,4.4,999,999,999,999,999,999,999,999,2,1,0,0,0,1,2,1,1,0,0,8,1,0,0,-33564,0,6025,0,0,0,0,0,0,0,0,0,701.749,2096.64,2096.64,1815,1875,1148.2,TRUE,0,1815,-1875,2097.06,2097.06,1720.64,1780.64,1147.8,TRUE,0,1720.64,-1780.64,3535.6400000000003,-3655.64,FALSE,-1792,-1791.97,TRUE
2026-01-27T21:03:38Z,REV_TW1_U_21,5,TRUE,2,1,0,0,1984,0,0,-3655,198.376,,,-3655,198.376,0,0,,,,,3535,-3655,1.4,0.7,,,,17,,,,,2,,,,59.77,59.7,59.5,60.1,34900,34900,34800,,,,-3571,60.0085,187,,127844,113212,,,,,,12,0,0,0,0,0,0,0,0,,2,,1148.8,-3447.55,-3001,15,15.06,2462.4,2421.36,100,-3506,3506,-3655.64,3535.6400000000003,,,0,0,0,0,0,0,,,3.387,3.334,3.354,28,11,23.666,,,47,48,48,FALSE,TRUE,FALSE,2,2,2,6,0,342,4200,16416,1500,-1500,0,0,43,17.672,90.7,4.4,999,999,999,999,999,999,999,999,2,1,0,0,0,1,2,1,1,0,0,8,1,0,0,-33564,0,6027,0,0,0,0,0,0,0,0,0,701.749,2095.17,2095.17,1815,1875,1148.1,TRUE,0,1815,-1875,2095.17,2095.17,1732.13,1792.13,1147.8,TRUE,0,1732.13,-1792.13,3547.13,-3667.13,FALSE,-1781,-1780.64,TRUE
2026-01-27T21:03:40Z,REV_TW1_U_21,5,TRUE,2,1,0,0,1984,0,0,-3667,211.702,,,-3667,211.702,0,0,,,,,3547,-3667,1.4,0.7,,,,17,,,,,2,,,,60.13,60.1,59.8,60.5,34900,34900,34800,,,,-3587,60.0083,201,,127847,113212,,,,,,12,0,0,0,0,0,0,0,0,,2,,1148.8,-3426.87,-2983,15,15.06,2462.4,2421.36,100,-3516,3516,-3667.128,3547.1279999999997,,,0,0,0,0,0,0,,,3.386,3.335,3.354,28,11,23.666,,,47,48,48,FALSE,TRUE,FALSE,2,2,2,6,0,342,4200,16416,1500,-1500,0,0,43,17.672,91.2,4.5,999,999,999,999,999,999,999,999,2,1,0,0,0,1,2,1,1,0,0,8,1,0,0,-33563,0,6029,0,0,0,0,0,0,0,0,0,701.749,2097.27,2097.27,1815,1875,1148.2,TRUE,0,1815,-1875,2097.27,2097.27,1732.13,1792.13,1147.9,TRUE,0,1732.13,-1792.13,3547.13,-3667.13,FALSE,-1792,-1792,TRUE
2026-01-27T21:03:42Z,REV_TW1_U_21,5,TRUE,2,1,0,0,1984,0,2,-3655,226.797,,,-3655.795,226.797,0,0,,,,,3558,-3678,1.4,0.7,,,,18,,,,,2,,,,59.8,59.8,59.5,60.1,34900,34900,34800,,,,-3575,59.9949,215,,127848,113212,,,,,,12,0,0,0,0,0,0,0,0,,2,,1148.9,-3447.85,-3001,15,15.06,2462.4,2421.36,100,-3526,3526,-3678.773,3558.773,,,0,0,0,0,0,0,,,3.387,3.335,3.354,28,11,23.666,,,47,48,48,FALSE,TRUE,FALSE,2,2,2,6,0,342,4200,16416,1500,-1500,0,0,43,17.672,91.2,4.5,999,999,999,999,999,999,999,999,2,1,0,0,0,1,2,1,1,0,0,8,1,0,0,-33563,0,6031,0,0,0,0,0,0,0,0,0,701.749,2096.01,2096.01,1815,1875,1148.2,TRUE,0,1815,-1875,2096.01,2096.01,1743.77,1803.77,1147.9,TRUE,0,1743.77,-1803.77,3558.77,-3678.77,FALSE,-1781,-1780.8,TRUE
2026-01-27T21:03:44Z,REV_TW1_U_21,5,TRUE,2,1,0,0,1984,0,2,-3667,241.305,,,-3667.28,241.305,0,0,,,,,3547,-3667,1.4,0.7,,,,18,,,,,2,,,,60.13,60.1,59.8,60.5,34900,34900,34800,,,,-3589,59.9961,230,,127851,113212,,,,,,12,0,0,0,0,0,0,0,0,,2,,1148.9,-3449,-3002,15,15.06,2462.4,2421.36,100,-3516,3516,-3667.284,3547.2840000000006,,,0,0,0,0,0,0,,,3.387,3.335,3.354,28,11,23.666,,,47,48,48,FALSE,TRUE,FALSE,2,2,2,6,0,342,4200,16416,1500,-1500,0,0,43,17.672,91.2,4.5,999,999,999,999,999,999,999,999,2,1,0,0,0,1,2,1,1,0,0,8,1,0,0,-33563,0,6033,0,0,0,0,0,0,0,0,0,701.749,2095.38,2095.38,1815,1875,1148.3,TRUE,0,1815,-1875,2095.38,2095.38,1732.28,1792.28,1148,TRUE,0,1732.28,-1792.28,3547.2799999999997,-3667.28,FALSE,-1792,-1792,TRUE
2026-01-27T21:03:46Z,REV_TW1_U_21,5,TRUE,2,1,0,0,1984,0,0,-3667,256.071,,,-3667,256.071,0,0,,,,,3547,-3667,1.4,0.7,,,,18,,,,,2,,,,60.17,60.1,59.9,60.5,34900,34900,34800,,,,-3590,59.9929,245,,127852,113212,,,,,,12,0,0,0,0,0,0,0,0,,2,,1149,-3448.15,-3001,15,15.06,2462.4,2421.36,100,-3516,3516,-3667.44,3547.44,,,0,0,0,0,0,0,,,3.387,3.335,3.355,28,11,23.666,,,47,48,48,FALSE,TRUE,FALSE,2,2,2,6,0,342,4200,16416,1500,-1500,0,0,43,17.672,91.2,4.5,999,999,999,999,999,999,999,999,2,1,0,0,0,1,2,1,1,0,0,8,1,0,0,-33563,0,6035,0,0,0,0,0,0,0,0,0,701.749,2094.96,2094.96,1815,1875,1148.4,TRUE,0,1815,-1875,2094.96,2094.96,1732.44,1792.44,1148.1,TRUE,0,1732.44,-1792.44,3547.44,-3667.44,FALSE,-1792,-1792,TRUE
2026-01-27T21:03:48Z,REV_TW1_U_21,5,TRUE,2,1,0,0,1984,0,2,-3655,269.464,,,-3655.95,269.464,0,0,,,,,3535,-3655,1.4,0.7,,,,17,,,,,2,,,,59.8,59.8,59.5,60.1,34900,35000,34800,,,,-3581,59.9895,259,,127855,113212,,,,,,12,0,0,0,0,0,0,0,0,,2,,1149,-3448.15,-3001,15,15.06,2462.4,2421.36,100,-3506,3506,-3655.95,3535.95,,,0,0,0,0,0,0,,,3.387,3.335,3.355,28,11,23.666,,,47,48,48,FALSE,TRUE,FALSE,2,2,2,6,0,342,4200,16416,1500,-1500,0,0,43,17.672,91.2,4.5,999,999,999,999,999,999,999,999,2,1,0,0,0,1,2,1,1,0,0,8,1,0,0,-33563,0,6037,0,0,0,0,0,0,0,0,0,701.749,2097.27,2097.27,1815,1875,1148.3,TRUE,0,1815,-1875,2097.27,2097.27,1732.44,1792.44,1148.1,TRUE,0,1732.44,-1792.44,3547.44,-3667.44,FALSE,-1781,-1780.95,TRUE
2026-01-27T21:03:50Z,REV_TW1_U_21,5,TRUE,2,1,0,0,1984,0,0,-3667,284.621,,,-3667,284.621,0,0,,,,,3547,-3667,1.4,0.7,,,,18,,,,,2,,,,60.17,60.1,59.9,60.5,34900,35000,34800,,,,-3584,59.9815,271,,127856,113212,,,,,,12,0,0,0,0,0,0,0,0,,2,,1149,-3427.47,-2983,15,15.06,2462.4,2421.36,100,-3516,3516,-3667.44,3547.44,,,0,0,0,0,0,0,,,3.387,3.336,3.355,28,11,23.666,,,47,48,48,FALSE,TRUE,FALSE,2,2,2,6,0,342,4200,16416,1500,-1500,0,0,43,17.672,91.2,4.5,999,999,999,999,999,999,999,999,2,1,0,0,0,1,2,1,1,0,0,8,1,0,0,-33563,0,6039,0,0,0,0,0,0,0,0,0,701.749,2095.38,2095.38,1815,1875,1148.4,TRUE,0,1815,-1875,2095.38,2095.38,1732.44,1792.44,1148.1,TRUE,0,1732.44,-1792.44,3547.44,-3667.44,FALSE,-1792,-1792,TRUE
2026-01-27T21:03:52Z,REV_TW1_U_21,5,TRUE,2,1,0,0,1984,0,0,-3679,300.032,,,-3679,300.032,0,0,,,,,3536,-3656,1.4,0.7,,,,18,,,,,2,,,,60.57,60.5,60.3,60.9,34900,35000,34800,,,,-3602,59.9826,287,,127859,113212,,,,,,12,0,0,0,0,0,0,0,0,,2,,1149.1,-3448.45,-3001,15,15.06,2462.4,2421.36,100,-3506,3506,-3656.105,3536.1049999999996,,,0,0,0,0,0,0,,,3.387,3.336,3.355,28,11,23.666,,,47,48,48,FALSE,TRUE,FALSE,2,2,2,6,0,342,4200,16416,1500,-1500,0,0,43,17.672,91.2,4.5,999,999,999,999,999,999,999,999,2,1,0,0,0,1,2,1,1,0,0,8,1,0,0,-33562,0,6041,0,0,0,0,0,0,0,0,0,701.749,2092.65,2092.65,1815,1875,1148.5,TRUE,0,1815,-1875,2092.65,2092.65,1721.1,1781.1,1148.3,TRUE,0,1721.1,-1781.1,3536.1,-3656.1,FALSE,-1804,-1804,TRUE
2026-01-27T21:03:54Z,REV_TW1_U_21,5,TRUE,2,1,0,0,1984,0,2,-3679,313.237,,,-3667.75,313.237,0,0,,,,,3547,-3667,1.4,0.7,,,,18,,,,,2,,,,60.3,60.3,60,60.6,34900,35000,34800,,,,-3610,59.9832,300,,127860,113212,,,,,,12,0,0,0,0,0,0,0,0,,2,,1149.2,-3471.73,-3021,15,15.06,2462.4,2421.36,100,-3516,3516,-3667.752,3547.752,,,0,0,0,0,0,0,,,3.388,3.336,3.355,28,11,23.666,,,47,48,48,FALSE,TRUE,FALSE,2,2,2,6,0,342,4200,16416,1500,-1500,0,0,43,17.672,91.2,4.5,999,999,999,999,999,999,999,999,2,1,0,0,0,1,2,1,1,0,0,8,1,0,0,-33562,0,6042,0,0,0,0,0,0,0,0,0,701.749,2094.12,2094.12,1815,1875,1148.6,TRUE,0,1815,-1875,2094.12,2094.12,1732.75,1792.75,1148.3,TRUE,0,1732.75,-1792.75,3547.75,-3667.75,FALSE,-1793,-1792.75,TRUE
2026-01-27T21:03:56Z,REV_TW1_U_21,5,TRUE,2,1,0,0,1984,0,0,-3667,328.23,,,-3667,328.23,0,0,,,,,3547,-3667,1.4,0.7,,,,18,,,,,2,,,,60.6,60.6,60.3,60.9,35000,35000,34900,,,,-3615,59.9717,315,,127863,113212,,,,,,12,0,0,0,0,0,0,0,0,,2,,1149.2,-3449.9,-3002,15,15.06,2462.4,2421.36,100,-3516,3516,-3667.752,3547.752,,,0,0,0,0,0,0,,,3.388,3.336,3.355,28,11,23.666,,,47,48,48,FALSE,TRUE,FALSE,2,2,2,6,0,342,4200,16416,1500,-1500,0,0,43,17.672,91.2,4.5,999,999,999,999,999,999,999,999,2,1,0,0,0,1,2,1,1,0,0,8,1,0,0,-33562,0,6045,0,0,0,0,0,0,0,0,0,701.749,2093.49,2093.49,1815,1875,1148.6,TRUE,0,1815,-1875,2093.49,2093.49,1732.91,1792.91,1148.4,TRUE,0,1732.91,-1792.91,3547.91,-3667.91,FALSE,-1804,-1804,TRUE
2026-01-27T21:03:58Z,REV_TW1_U_21,5,TRUE,2,1,0,0,1984,0,0,-3667,343.567,,,-3667,343.567,0,0,,,,,3559,-3679,1.4,0.7,,,,18,,,,,2,,,,60.63,60.6,60.3,61,35000,35000,34900,,,,-3615,59.9817,330,,127864,113212,,,,,,12,0,0,0,0,0,0,0,0,,2,,1149.3,-3472.04,-3021,15,15.06,2462.4,2421.36,100,-3526,3526,-3679.401,3559.401,,,0,0,0,0,0,0,,,3.388,3.335,3.355,28,11,23.666,,,47,48,48,FALSE,TRUE,FALSE,2,2,2,6,0,342,4200,16416,1500,-1500,0,0,43,17.672,91.2,4.5,999,999,999,999,999,999,999,999,2,1,0,0,0,1,2,1,1,0,0,8,1,0,0,-33562,0,6047,0,0,0,0,0,0,0,0,0,701.749,2091.18,2091.18,1815,1875,1148.7,TRUE,0,1815,-1875,2091.18,2091.18,1744.4,1804.4,1148.4,TRUE,0,1744.4,-1804.4,3559.4,-3679.4,FALSE,-1804,-1804,TRUE
2026-01-27T21:04:00Z,REV_TW1_U_21,5,TRUE,2,1,0,0,1984,0,2,-3668,357.279,,,-3668.06,357.279,0,0,,,,,3548,-3668,1.4,0.7,,,,18,,,,,2,,,,60.3,60.3,60,60.6,35000,35000,34900,,,,-3604,59.9837,344,,127867,113212,,,,,,12,0,0,0,0,0,0,0,0,,2,,1149.4,-3468.89,-3018,15,15.06,2462.4,2421.36,100,-3516,3516,-3668.064,3548.0640000000003,,,0,0,0,0,0,0,,,3.388,3.336,3.356,28,11,23.666,,,47,48,48,FALSE,TRUE,FALSE,2,2,2,6,0,342,4200,16416,1500,-1500,0,0,43,17.672,91.7,4.5,999,999,999,999,999,999,999,999,2,1,0,0,0,1,2,1,1,0,0,8,1,0,0,-33562,0,6048,0,0,0,0,0,0,0,0,0,701.749,2089.71,2089.71,1815,1875,1148.7,TRUE,0,1815,-1875,2089.71,2089.71,1744.56,1804.56,1148.4,TRUE,0,1744.56,-1804.56,3559.56,-3679.56,FALSE,-1793,-1793,TRUE
2026-01-27T21:04:02Z,REV_TW1_U_21,5,TRUE,2,1,0,0,1984,0,0,-3679,372.048,,,-3679,372.048,0,0,,,,,3548,-3668,1.4,0.7,,,,18,,,,,2,,,,60.67,60.6,60.4,61,35000,35000,34900,,,,-3608,59.9752,360,,127868,113212,,,,,,12,0,0,0,0,0,0,0,0,,2,,1149.4,-3450.5,-3002,15,15.06,2462.4,2421.36,100,-3516,3516,-3668.064,3548.0640000000003,,,0,0,0,0,0,0,,,3.388,3.336,3.356,28,11,23.666,,,47,48,48,FALSE,TRUE,FALSE,2,2,3,6,0,342,4200,16416,1500,-1500,0,0,43,17.672,91.7,4.5,999,999,999,999,999,999,999,999,2,1,0,0,0,1,2,1,1,0,0,8,1,0,0,-33561,0,6051,0,0,0,0,0,0,0,0,0,701.749,2090.13,2090.13,1815,1875,1148.7,TRUE,0,1815,-1875,2090.13,2090.13,1733.06,1793.06,1148.5,TRUE,0,1733.06,-1793.06,3548.06,-3668.06,FALSE,-1805,-1804.56,TRUE
2026-01-27T21:04:04Z,REV_TW1_U_21,5,TRUE,2,1,0,0,1984,0,2,-3679,386.298,,,-3668.06,386.298,0,0,,,,,3548,-3668,1.4,0.7,,,,18,,,,,2,,,,60.33,60.3,60,60.7,35000,35000,34900,,,,-3602,59.9826,377,,127871,113212,,,,,,12,0,0,0,0,0,0,0,0,,2,,1149.4,-3451.65,-3003,15,15.06,2462.4,2421.36,100,-3516,3516,-3668.064,3548.0640000000003,,,0,0,0,0,0,0,,,3.388,3.336,3.356,28,11,23.666,,,47,48,48,FALSE,TRUE,FALSE,2,2,3,6,0,342,4200,16416,1500,-1500,0,0,43,17.672,91.7,4.5,999,999,999,999,999,999,999,999,2,1,0,0,0,1,2,1,1,0,0,8,1,0,0,-33561,0,6053,0,0,0,0,0,0,0,0,0,701.749,2091.18,2091.18,1815,1875,1148.7,TRUE,0,1815,-1875,2090.13,2090.13,1733.06,1793.06,1148.5,TRUE,0,1733.06,-1793.06,3548.06,-3668.06,FALSE,-1793,-1793,TRUE
2026-01-27T21:04:06Z,REV_TW1_U_21,5,TRUE,2,1,0,0,1984,0,0,-3668,399.754,,,-3668,399.754,0,0,,,,,3559,-3679,1.4,0.7,,,,18,,,,,2,,,,60.33,60.3,60,60.7,35000,35000,34900,,,,-3594,59.9787,391,,127872,113212,,,,,,12,0,0,0,0,0,0,0,0,,2,,1149.4,-3450.5,-3002,15,15.06,2462.4,2421.36,100,-3526,3526,-3679.558,3559.558,,,0,0,0,0,0,0,,,3.388,3.337,3.356,28,11,23.666,,,47,48,48,FALSE,TRUE,FALSE,2,2,3,6,0,342,4200,16416,1500,-1500,0,0,43,17.672,91.7,4.5,999,999,999,999,999,999,999,999,2,1,0,0,0,1,2,1,1,0,0,8,1,0,0,-33561,0,6054,0,0,0,0,0,0,0,0,0,701.749,2088.87,2088.87,1815,1875,1148.7,TRUE,0,1815,-1875,2088.87,2088.87,1744.56,1804.56,1148.5,TRUE,0,1744.56,-1804.56,3559.56,-3679.56,FALSE,-1793,-1793,TRUE
2026-01-27T21:04:08Z,REV_TW1_U_21,5,TRUE,2,1,0,0,1984,0,0,-3679,414.779,,,-3679,414.779,0,0,,,,,3559,-3679,1.4,0.7,,,,18,,,,,2,,,,60.73,60.7,60.4,61.1,35000,35000,34900,,,,-3611,59.9724,407,,127875,113212,,,,,,12,0,0,0,0,0,0,0,0,,2,,1149.4,-3451.65,-3003,15,15.06,2462.4,2421.36,100,-3526,3526,-3679.558,3559.558,,,0,0,0,0,0,0,,,3.388,3.337,3.356,28,11,23.666,,,47,48,48,FALSE,TRUE,FALSE,2,2,3,6,0,342,4200,16416,1500,-1500,0,0,43,17.672,91.7,4.5,999,999,999,999,999,999,999,999,2,1,0,0,0,1,2,1,1,0,0,8,1,0,0,-33561,0,6057,0,0,0,0,0,0,0,0,0,701.749,2089.08,2089.08,1815,1875,1148.9,TRUE,0,1815,-1875,2089.08,2089.08,1744.72,1804.72,1148.6,TRUE,0,1744.72,-1804.72,3559.7200000000003,-3679.72,FALSE,-1805,-1804.56,TRUE
2026-01-27T21:04:10Z,REV_TW1_U_21,5,TRUE,2,1,0,0,1984,0,0,-3679,430.119,,,-3679,430.119,0,0,,,,,3559,-3679,1.4,0.7,,,,18,,,,,2,,,,60.73,60.7,60.4,61.1,35000,35000,34900,,,,-3617,59.9791,423,,127876,113212,,,,,,12,0,0,0,0,0,0,0,0,,2,,1149.5,-3473.79,-3022,15,15.06,2462.4,2421.36,100,-3526,3526,-3679.715,3559.715,,,0,0,0,0,0,0,,,3.388,3.337,3.356,28,11,23.666,,,47,48,48,FALSE,TRUE,FALSE,2,2,3,6,0,342,4200,16416,1500,-1500,0,0,43,17.672,91.7,4.5,999,999,999,999,999,999,999,999,2,1,0,0,0,1,2,1,1,0,0,8,1,0,0,-33560,0,6059,0,0,0,0,0,0,0,0,0,701.749,2088.87,2088.87,1815,1875,1148.9,TRUE,0,1815,-1875,2088.87,2088.87,1744.87,1804.87,1148.6,TRUE,0,1744.87,-1804.87,3559.87,-3679.87,FALSE,-1805,-1804.72,TRUE
2026-01-27T21:04:12Z,REV_TW1_U_21,5,TRUE,2,1,0,0,1984,0,2,-3668,443.316,,,-3668.38,443.316,0,0,,,,,3559,-3679,1.4,0.7,,,,18,,,,,2,,,,60.37,60.3,60.1,60.7,35000,35100,34900,,,,-3605,59.9819,436,,127879,113212,,,,,,12,0,0,0,0,0,0,0,0,,2,,1149.6,-3474.09,-3022,15,15.06,2462.4,2421.36,100,-3526,3526,-3679.872,3559.872,,,0,0,0,0,0,0,,,3.389,3.336,3.356,28,11,23.666,,,47,48,48,FALSE,TRUE,FALSE,2,2,3,6,0,342,4200,16416,1500,-1500,0,0,43,17.672,91.7,4.5,999,999,999,999,999,999,999,999,2,1,0,0,0,1,2,1,1,0,0,8,1,0,0,-33560,0,6060,0,0,0,0,0,0,0,0,0,701.749,2088.66,2088.66,1815,1875,1148.9,TRUE,0,1815,-1875,2088.66,2088.66,1744.87,1804.87,1148.6,TRUE,0,1744.87,-1804.87,3559.87,-3679.87,FALSE,-1793,-1793,TRUE
2026-01-27T21:04:14Z,REV_TW1_U_21,5,TRUE,2,1,0,0,1984,0,0,-3679,458.215,,,-3679,458.215,0,0,,,,,3548,-3668,1.4,0.7,,,,18,,,,,2,,,,60.8,60.8,60.5,61.1,35000,35100,34900,,,,-3611,59.9738,452,,127880,113212,,,,,,12,0,0,0,0,0,0,0,0,,2,,1149.6,-3466.04,-3015,15,15.06,2462.4,2421.36,100,-3516,3516,-3668.376,3548.3759999999997,,,0,0,0,0,0,0,,,3.388,3.337,3.356,28,11,23.666,,,47,48,48,FALSE,TRUE,FALSE,2,2,3,6,0,342,4200,16416,1500,-1500,0,0,43,17.672,91.7,4.5,999,999,999,999,999,999,999,999,2,1,0,0,0,1,2,1,1,0,0,8,1,0,0,-33560,0,6062,0,0,0,0,0,0,0,0,0,701.749,2085.72,2085.72,1815,1875,1148.9,TRUE,0,1815,-1875,2085.72,2085.72,1733.38,1793.38,1148.7,TRUE,0,1733.38,-1793.38,3548.38,-3668.38,FALSE,-1805,-1804.87,TRUE
2026-01-27T21:04:16Z,REV_TW1_U_21,5,TRUE,2,1,0,0,1984,0,0,-3679,473.242,,,-3679,473.242,0,0,,,,,3560,-3680,1.4,0.7,,,,18,,,,,2,,,,60.77,60.7,60.5,61.1,35000,35100,34900,,,,-3617,59.9869,470,,127883,113212,,,,,,12,0,0,0,0,0,0,0,0,,2,,1149.7,-3475.54,-3023,15,15.06,2462.4,2421.36,100,-3526,3526,-3680.029,3560.029,,,0,0,0,0,0,0,,,3.389,3.337,3.356,28,11,23.666,,,47,48,48,FALSE,TRUE,FALSE,2,2,3,6,0,342,4200,16416,1500,-1500,0,0,43,17.672,91.7,4.5,999,999,999,999,999,999,999,999,2,1,0,0,0,1,2,1,1,0,0,8,1,0,0,-33560,0,6065,0,0,0,0,0,0,0,0,0,701.749,2085.72,2085.72,1815,1875,1149,TRUE,0,1815,-1875,2086.98,2086.98,1745.03,1805.03,1148.7,TRUE,0,1745.03,-1805.03,3560.0299999999997,-3680.03,FALSE,-1805,-1805,TRUE
2026-01-27T21:04:18Z,REV_TW1_U_21,5,TRUE,2,1,0,0,1984,0,0,-3680,486.374,,,-3680,486.374,0,0,,,,,3560,-3680,1.4,0.7,,,,17,,,,,2,,,,60.8,60.8,60.5,61.1,35000,35100,34900,,,,-3618,59.9885,481,,127884,113212,,,,,,12,0,0,0,0,0,0,0,0,,2,,1149.7,-3474.39,-3022,15,15.06,2462.4,2421.36,100,-3526,3526,-3680.029,3560.029,,,0,0,0,0,0,0,,,3.389,3.337,3.357,28,11,23.666,,,47,48,48,FALSE,TRUE,FALSE,2,2,3,6,0,342,4200,16416,1500,-1500,0,0,43,17.672,91.7,4.5,999,999,999,999,999,999,999,999,2,1,0,0,0,1,2,1,1,0,0,8,1,0,0,-33559,0,6066,0,0,0,0,0,0,0,0,0,701.749,2084.88,2084.88,1815,1875,1149,TRUE,0,1815,-1875,2084.88,2084.88,1745.03,1805.03,1148.8,TRUE,0,1745.03,-1805.03,3560.0299999999997,-3680.03,FALSE,-1805,-1805,TRUE
2026-01-27T21:04:20Z,REV_TW1_U_21,5,TRUE,2,1,0,0,1984,0,0,-3680,501.262,,,-3680,501.262,0,0,,,,,3560,-3680,1.4,0.7,,,,18,,,,,2,,,,60.83,60.8,60.5,61.2,35100,35100,34900,,,,-3616,59.9894,497,,127887,113212,,,,,,12,0,0,0,0,0,0,0,0,,2,,1149.7,-3475.54,-3023,15,15.06,2462.4,2421.36,100,-3526,3526,-3680.029,3560.029,,,0,0,0,0,0,0,,,3.389,3.337,3.357,28,11,23.666,,,47,48,48,FALSE,TRUE,FALSE,2,2,3,6,0,342,4200,16416,1500,-1500,0,0,44,17.752,92.1,4.6,999,999,999,999,999,999,999,999,2,1,0,0,0,1,2,1,1,0,0,8,1,0,0,-33559,0,6069,0,0,0,0,0,0,0,0,0,701.749,2085.72,2085.72,1815,1875,1149.1,TRUE,0,1815,-1875,2084.88,2084.88,1745.03,1805.03,1148.8,TRUE,0,1745.03,-1805.03,3560.0299999999997,-3680.03,FALSE,-1805,-1805,TRUE
2026-01-27T21:04:22Z,REV_TW1_U_21,5,TRUE,2,1,0,0,1984,0,0,-3680,516.602,,,-3680,516.602,0,0,,,,,3560,-3680,1.4,0.7,,,,17,,,,,2,,,,60.87,60.8,60.6,61.2,35100,35100,35000,,,,-3617,59.9859,512,,127888,113212,,,,,,12,0,0,0,0,0,0,0,0,,2,,1149.8,-3473.55,-3021,15,15.06,2462.4,2421.36,100,-3526,3526,-3680.186,3560.186,,,0,0,0,0,0,0,,,3.389,3.338,3.357,28,11,23.666,,,47,48,48,FALSE,TRUE,FALSE,2,2,3,6,0,342,4200,16416,1500,-1500,0,0,44,17.752,92.1,4.6,999,999,999,999,999,999,999,999,2,1,0,0,0,1,2,1,1,0,0,8,1,0,0,-33559,0,6071,0,0,0,0,0,0,0,0,0,701.749,2084.04,2084.04,1815,1875,1149.1,TRUE,0,1815,-1875,2085.09,2085.09,1745.19,1805.19,1148.8,TRUE,0,1745.19,-1805.19,3560.19,-3680.19,FALSE,-1805,-1805,TRUE
2026-01-27T21:04:24Z,REV_TW1_U_21,5,TRUE,2,1,0,0,1984,0,0,-3680,529.673,,,-3680,529.673,0,0,,,,,3560,-3680,1.4,0.7,,,,17,,,,,2,,,,60.9,60.9,60.6,61.2,35100,35100,35000,,,,-3618,59.9865,524,,127891,113212,,,,,,12,0,0,0,0,0,0,0,0,,2,,1149.8,-3473.55,-3021,15,15.06,2462.4,2421.36,100,-3526,3526,-3680.186,3560.186,,,0,0,0,0,0,0,,,3.389,3.338,3.357,28,11,23.666,,,47,48,48,FALSE,TRUE,FALSE,2,2,3,6,0,342,4200,16416,1500,-1500,0,0,44,17.752,92.1,4.6,999,999,999,999,999,999,999,999,2,1,0,0,0,1,2,1,1,0,0,8,1,0,0,-33558,0,6072,0,0,0,0,0,0,0,0,0,701.749,2084.46,2084.46,1815,1875,1149.1,TRUE,0,1815,-1875,2084.46,2084.46,1745.19,1805.19,1148.9,TRUE,0,1745.19,-1805.19,3560.19,-3680.19,FALSE,-1805,-1805,TRUE
2026-01-27T21:04:26Z,REV_TW1_U_21,5,TRUE,2,1,0,0,1984,0,0,-3680,544.822,,,-3680,544.822,0,0,,,,,3560,-3680,1.4,0.7,,,,18,,,,,2,,,,60.93,60.9,60.6,61.3,35100,35100,35000,,,,-3615,59.987,540,,127892,113212,,,,,,12,0,0,0,0,0,0,0,0,,2,,1149.8,-3473.55,-3021,15,15.06,2462.4,2421.36,100,-3526,3526,-3680.186,3560.186,,,0,0,0,0,0,0,,,3.389,3.337,3.357,28,11,23.666,,,47,48,48,FALSE,TRUE,FALSE,2,2,3,6,0,342,4200,16416,1500,-1500,0,0,44,17.752,92.1,4.6,999,999,999,999,999,999,999,999,2,1,0,0,0,1,2,1,1,0,0,8,1,0,0,-33558,0,6075,0,0,0,0,0,0,0,0,0,701.749,2081.73,2081.73,1815,1875,1149.1,TRUE,0,1815,-1875,2081.73,2081.73,1745.34,1805.34,1148.9,TRUE,0,1745.34,-1805.34,3560.34,-3680.34,FALSE,-1805,-1805,TRUE
2026-01-27T21:04:28Z,REV_TW1_U_21,5,TRUE,2,1,0,0,1984,0,0,-3680,559.589,,,-3680,559.589,0,0,,,,,3560,-3680,1.395,0.705,,,,17,,,,,2,,,,60.93,60.9,60.6,61.3,35100,35100,35000,,,,-3615,59.9896,554,,127895,113212,,,,,,12,0,0,0,0,0,0,0,0,,2,,1149.9,-3475,-3022,15.5,15.57,2462.4,2503.44,100,-3526,3526,-3680.343,3560.3430000000003,,,0,0,0,0,0,0,,,3.389,3.338,3.357,28,11,23.666,,,47,48,48,FALSE,TRUE,FALSE,2,2,3,6,0,342,4200,16416,1500,-1500,0,0,44,17.752,92.1,4.6,999,999,999,999,999,999,999,999,2,1,0,0,0,1,2,1,1,0,0,8,1,0,0,-33558,0,6077,0,0,0,0,0,0,0,0,0,701.749,2080.47,2080.47,1815,1875,1149.2,TRUE,0,1815,-1875,2080.47,2080.47,1745.34,1805.34,1148.9,TRUE,0,1745.34,-1805.34,3560.34,-3680.34,FALSE,-1805,-1805,TRUE
2026-01-27T21:04:30Z,REV_TW1_U_21,5,TRUE,2,1,0,0,1984,0,0,-3680,572.981,,,-3680,572.981,0,0,,,,,3560,-3680,1.395,0.705,,,,17,,,,,2,,,,60.97,60.9,60.7,61.3,35100,35100,35000,,,,-3616,59.9875,567,,127896,113212,,,,,,12,0,0,0,0,0,0,0,0,,2,,1149.9,-3475,-3022,15.5,15.57,2544.48,2503.44,100,-3526,3526,-3680.343,3560.3430000000003,,,0,0,0,0,0,0,,,3.39,3.338,3.357,28,11,23.666,,,47,48,48,FALSE,TRUE,FALSE,2,2,3,6,0,342,4200,16416,1500,-1500,0,0,44,17.752,92.1,4.6,999,999,999,999,999,999,999,999,2,1,0,0,0,1,2,1,1,0,0,8,1,0,0,-33557,0,6078,0,0,0,0,0,0,0,0,0,701.749,2080.26,2080.26,1815,1875,1149.2,TRUE,0,1815,-1875,2079.84,2079.84,1745.34,1805.34,1149,TRUE,0,1745.34,-1805.34,3560.34,-3680.34,FALSE,-1805,-1805,TRUE
2026-01-27T21:04:32Z,REV_TW1_U_21,5,TRUE,2,1,0,0,1984,0,0,-3680,588.387,,,-3680,588.387,0,0,,,,,3560,-3680,1.395,0.705,,,,17,,,,,2,,,,60.97,60.9,60.7,61.3,35100,35100,35000,,,,-3616,59.9946,583,,127899,113212,,,,,,12,0,0,0,0,0,0,0,0,,2,,1149.9,-3473.85,-3021,15.5,15.57,2544.48,2503.44,100,-3526,3526,-3680.343,3560.3430000000003,,,0,0,0,0,0,0,,,3.39,3.338,3.357,28,11,23.666,,,47,48,48,FALSE,TRUE,FALSE,2,2,3,6,0,342,4200,16416,1500,-1500,0,0,44,17.752,92.1,4.6,999,999,999,999,999,999,999,999,2,1,0,0,0,1,2,1,1,0,0,8,1,0,0,-33557,0,6081,0,0,0,0,0,0,0,0,0,701.749,2079.84,2079.84,1815,1875,1149.3,TRUE,0,1815,-1875,2079.84,2079.84,1745.5,1805.5,1149,TRUE,0,1745.5,-1805.5,3560.5,-3680.5,FALSE,-1805,-1805,TRUE
2026-01-27T21:04:34Z,REV_TW1_U_21,5,TRUE,2,1,0,0,1984,0,0,-3680,604.05,,,-3680,604.05,0,0,,,,,3560,-3680,1.395,0.705,,,,17,,,,,2,,,,61.03,61,60.7,61.4,35100,35200,35000,,,,-3616,59.9989,597,,127900,113212,,,,,,12,0,0,0,0,0,0,0,0,,2,,1150,-3474.15,-3021,15.5,15.57,2544.48,2503.44,100,-3526,3526,-3680.5,3560.5,,,0,0,0,0,0,0,,,3.39,3.338,3.357,28,11,23.666,,,47,48,48,FALSE,TRUE,FALSE,2,2,3,6,0,342,4200,16416,1500,-1500,0,0,44,17.752,92.1,4.6,999,999,999,999,999,999,999,999,2,1,0,0,0,1,2,1,1,0,0,8,1,0,0,-33557,0,6083,0,0,0,0,0,0,0,0,0,701.749,2077.32,2077.32,1815,1875,1149.3,TRUE,0,1815,-1875,2077.32,2077.32,1745.5,1805.5,1149.1,TRUE,0,1745.5,-1805.5,3560.5,-3680.5,FALSE,-1806,-1805.5,TRUE
2026-01-27T21:04:36Z,REV_TW1_U_21,5,TRUE,2,1,0,0,1984,0,0,-3680,617.644,,,-3680,617.644,0,0,,,,,3560,-3680,1.395,0.705,,,,17,,,,,2,,,,61.1,61.1,60.8,61.4,35100,35200,35000,,,,-3618,60.0055,611,,127903,113212,,,,,,12,0,0,0,0,0,0,0,0,,2,,1150,-3475.3,-3022,15.5,15.57,2544.48,2503.44,100,-3526,3526,-3680.5,3560.5,,,0,0,0,0,0,0,,,3.39,3.338,3.357,28,11,23.666,,,47,48,48,FALSE,TRUE,FALSE,2,2,3,6,0,342,4200,16416,1500,-1500,0,0,44,17.752,92.1,4.6,999,999,999,999,999,999,999,999,2,1,0,0,0,1,2,1,1,0,0,8,1,0,0,-33556,0,6084,0,0,0,0,0,0,0,0,0,701.749,2077.11,2077.11,1815,1875,1149.3,TRUE,0,1815,-1875,2077.11,2077.11,1745.5,1805.5,1149.1,TRUE,0,1745.5,-1805.5,3560.5,-3680.5,FALSE,-1806,-1805.5,TRUE
2026-01-27T21:04:38Z,REV_TW1_U_21,5,TRUE,2,1,0,0,1984,0,2,-3669,632.799,,,-3669.16,632.799,0,0,,,,,3549,-3669,1.395,0.705,,,,17,,,,,2,,,,60.7,60.7,60.4,61,35100,35200,35000,,,,-3605,60.0028,627,,127904,113212,,,,,,12,0,0,0,0,0,0,0,0,,2,,1150.1,-3474.45,-3021,15.5,15.57,2544.48,2503.44,100,-3516,3516,-3669.156,3549.156,,,0,0,0,0,0,0,,,3.39,3.338,3.358,28,11,23.666,,,47,48,48,FALSE,TRUE,FALSE,2,2,3,6,0,342,4200,16416,1500,-1500,0,0,44,17.752,92.1,4.6,999,999,999,999,999,999,999,999,2,1,0,0,0,1,2,1,1,0,0,8,1,0,0,-33556,0,6086,0,0,0,0,0,0,0,0,0,701.749,2075.22,2075.22,1815,1875,1149.3,TRUE,0,1815,-1875,2075.22,2075.22,1757.16,1817.16,1149.1,TRUE,0,1757.16,-1817.16,3572.16,-3692.16,FALSE,-1794,-1794,TRUE
2026-01-27T21:04:40Z,REV_TW1_U_21,5,TRUE,2,1,0,0,1984,0,0,-3680,647.821,,,-3680,647.821,0,0,,,,,3549,-3669,1.395,0.705,,,,17,,,,,2,,,,61.17,61.1,60.9,61.5,35100,35200,35000,,,,-3609,59.9962,641,,127907,113212,,,,,,12,0,0,0,0,0,0,0,0,,2,,1150.1,-3452.6,-3002,15.5,15.57,2544.48,2503.44,100,-3526,3526,-3680.657,3560.6569999999997,,,0,0,0,0,0,0,,,3.39,3.338,3.358,28,11,23.666,,,47,48,48,FALSE,TRUE,FALSE,2,2,3,6,0,342,4200,16416,1500,-1500,0,0,44,17.598,92.4,4.6,999,999,999,999,999,999,999,999,2,1,0,0,0,1,2,1,1,0,0,8,1,0,0,-33556,0,6089,0,0,0,0,0,0,0,0,0,701.749,2074.38,2074.38,1815,1875,1149.4,TRUE,0,1815,-1875,2074.38,2074.38,1734,1794,1149.2,TRUE,0,1734,-1794,3549,-3669,FALSE,-1806,-1805.66,TRUE
2026-01-27T21:04:42Z,REV_TW1_U_21,5,TRUE,2,1,0,0,1984,0,0,-3669,661.529,,,-3669,661.529,0,0,,,,,3560,-3680,1.395,0.705,,,,17,,,,,2,,,,61.13,61.1,60.8,61.5,35100,35200,35000,,,,-3605,59.9956,652,,127908,113212,,,,,,12,0,0,0,0,0,0,0,0,,2,,1150.1,-3464.1,-3012,15.5,15.57,2544.48,2503.44,100,-3526,3526,-3680.657,3560.6569999999997,,,0,0,0,0,0,0,,,3.39,3.338,3.358,28,11,23.666,,,47,48,48,FALSE,TRUE,FALSE,2,2,3,6,0,342,4200,16416,1500,-1500,0,0,44,17.598,92.4,4.6,999,999,999,999,999,999,999,999,2,1,0,0,0,1,2,1,1,0,0,8,1,0,0,-33555,0,6090,0,0,0,0,0,0,0,0,0,701.749,2072.07,2072.07,1815,1875,1149.4,TRUE,0,1815,-1875,2072.07,2072.07,1745.66,1805.66,1149.2,TRUE,0,1745.66,-1805.66,3560.66,-3680.66,FALSE,-1806,-1805.66,TRUE
2026-01-27T21:04:44Z,REV_TW1_U_21,5,TRUE,2,1,0,0,1984,0,0,-3680,676.552,,,-3680,676.552,0,0,,,,,3560,-3680,1.395,0.705,,,,18,,,,,2,,,,61.2,61.2,60.9,61.5,35200,35200,35100,,,,-3615,59.9908,669,,127911,113212,,,,,,12,0,0,0,0,0,0,0,0,,2,,1150.1,-3476.75,-3023,15.5,15.57,2544.48,2503.44,100,-3526,3526,-3680.657,3560.6569999999997,,,0,0,0,0,0,0,,,3.39,3.339,3.358,28,11,23.666,,,47,48,48,FALSE,TRUE,FALSE,2,2,3,6,0,342,4200,16416,1500,-1500,0,0,44,17.598,92.4,4.6,999,999,999,999,999,999,999,999,2,1,0,0,0,1,2,1,1,0,0,8,1,0,0,-33555,0,6092,0,0,0,0,0,0,0,0,0,701.749,2072.28,2072.28,1815,1875,1149.4,TRUE,0,1815,-1875,2071.44,2071.44,1745.66,1805.66,1149.2,TRUE,0,1745.66,-1805.66,3560.66,-3680.66,FALSE,-1806,-1805.66,TRUE
2026-01-27T21:04:46Z,REV_TW1_U_21,5,TRUE,2,1,0,0,1984,0,0,-3680,691.383,,,-3680,691.383,0,0,,,,,3560,-3680,1.395,0.705,,,,18,,,,,2,,,,61.23,61.2,60.9,61.6,35200,35200,35100,,,,-3617,59.9842,686,,127912,113212,,,,,,12,0,0,0,0,0,0,0,0,,2,,1150.2,-3475.9,-3022,15.5,15.57,2544.48,2503.44,100,-3526,3526,-3680.814,3560.8140000000003,,,0,0,0,0,0,0,,,3.39,3.339,3.358,28,11,23.666,,,47,48,48,FALSE,TRUE,FALSE,2,2,3,6,0,342,4200,16416,1500,-1500,0,0,44,17.598,92.4,4.6,999,999,999,999,999,999,999,999,2,1,0,0,0,1,2,1,1,0,0,8,1,0,0,-33554,0,6095,0,0,0,0,0,0,0,0,0,701.749,2070.18,2070.18,1815,1875,1149.4,TRUE,0,1815,-1875,2070.18,2070.18,1745.81,1805.81,1149.2,TRUE,0,1745.81,-1805.81,3560.81,-3680.81,FALSE,-1806,-1805.81,TRUE
2026-01-27T21:04:48Z,REV_TW1_U_21,5,TRUE,2,1,0,0,1984,0,0,-3680,704.773,,,-3680,704.773,0,0,,,,,3560,-3680,1.395,0.705,,,,17,,,,,2,,,,61.3,61.3,61,61.6,35200,35200,35100,,,,-3615,59.9857,695,,127915,113212,,,,,,12,0,0,0,0,0,0,0,0,,2,,1150.2,-3477.05,-3023,15.5,15.57,2544.48,2503.44,100,-3526,3526,-3680.814,3560.8140000000003,,,0,0,0,0,0,0,,,3.391,3.339,3.358,28,11,23.666,,,47,48,48,FALSE,TRUE,FALSE,2,2,3,6,0,342,4200,16416,1500,-1500,0,0,44,17.598,92.4,4.6,999,999,999,999,999,999,999,999,2,1,0,0,0,1,2,1,1,0,0,8,1,0,0,-33554,0,6096,0,0,0,0,0,0,0,0,0,701.749,2068.71,2068.71,1815,1875,1149.5,TRUE,0,1815,-1875,2068.71,2068.71,1745.81,1805.81,1149.3,TRUE,0,1745.81,-1805.81,3560.81,-3680.81,FALSE,-1806,-1805.81,TRUE
2026-01-27T21:04:50Z,REV_TW1_U_21,5,TRUE,2,1,0,0,1984,0,0,-3680,719.801,,,-3680,719.801,0,0,,,,,3560,-3680,1.395,0.705,,,,18,,,,,2,,,,61.3,61.3,61,61.6,35200,35200,35100,,,,-3617,59.9822,711,,127916,113212,,,,,,12,0,0,0,0,0,0,0,0,,2,,1150.2,-3477.05,-3023,15.5,15.57,2544.48,2503.44,100,-3526,3526,-3680.814,3560.8140000000003,,,0,0,0,0,0,0,,,3.391,3.338,3.358,28,11,23.666,,,47,48,48,FALSE,TRUE,FALSE,2,2,3,6,0,342,4200,16416,1500,-1500,0,0,44,17.598,92.4,4.6,999,999,999,999,999,999,999,999,2,1,0,0,0,1,2,1,1,0,0,8,1,0,0,-33554,0,6098,0,0,0,0,0,0,0,0,0,701.749,2069.55,2069.55,1815,1875,1149.5,TRUE,0,1815,-1875,2068.5,2068.5,1745.97,1805.97,1149.3,TRUE,0,1745.97,-1805.97,3560.9700000000003,-3680.97,FALSE,-1806,-1805.81,TRUE
2026-01-27T21:04:52Z,REV_TW1_U_21,5,TRUE,2,1,0,0,1984,0,0,-3680,734.759,,,-3680,734.759,0,0,,,,,3560,-3680,1.395,0.705,,,,18,,,,,2,,,,61.33,61.3,61,61.7,35200,35200,35100,,,,-3616,59.9673,725,,127919,113212,,,,,,12,0,0,0,0,0,0,0,0,,2,,1150.3,-3476.21,-3022,15.5,15.57,2544.48,2503.44,100,-3526,3526,-3680.971,3560.971,,,0,0,0,0,0,0,,,3.391,3.339,3.358,28,11,23.666,,,47,48,48,FALSE,TRUE,FALSE,2,2,3,6,0,342,4200,16416,1500,-1500,0,0,44,17.598,92.4,4.6,999,999,999,999,999,999,999,999,2,1,0,0,0,1,2,1,1,0,0,8,1,0,0,-33553,0,6101,0,0,0,0,0,0,0,0,0,701.749,2066.19,2066.19,1815,1875,1149.6,TRUE,0,1815,-1875,2066.19,2066.19,1745.97,1805.97,1149.3,TRUE,0,1745.97,-1805.97,3560.9700000000003,-3680.97,FALSE,-1806,-1805.97,TRUE
2026-01-27T21:04:54Z,REV_TW1_U_21,5,TRUE,2,1,0,0,1984,0,0,-3680,749.85,,,-3680,749.85,0,0,,,,,3560,-3680,1.395,0.705,,,,18,,,,,2,,,,61.37,61.3,61.1,61.7,35200,35200,35100,,,,-3619,59.9678,736,,127920,113212,,,,,,12,0,0,0,0,0,0,0,0,,2,,1150.3,-3477.36,-3023,15.5,15.57,2544.48,2503.44,100,-3526,3526,-3680.971,3560.971,,,0,0,0,0,0,0,,,3.391,3.339,3.358,28,11,23.834,,,47,48,48,FALSE,TRUE,FALSE,2,2,3,6,0,342,4200,16416,1500,-1500,0,0,44,17.598,92.4,4.6,999,999,999,999,999,999,999,999,2,1,0,0,0,1,2,1,1,0,0,8,1,0,0,-33553,0,6102,0,0,0,0,0,0,0,0,0,701.749,2066.61,2066.61,1815,1875,1149.6,TRUE,0,1815,-1875,2066.61,2066.61,1745.97,1805.97,1149.4,TRUE,0,1745.97,-1805.97,3560.9700000000003,-3680.97,FALSE,-1806,-1805.97,TRUE
2026-01-27T21:04:56Z,REV_TW1_U_21,5,TRUE,2,1,0,0,1984,0,0,-3680,763.31,,,-3680,763.31,0,0,,,,,3560,-3680,1.395,0.705,,,,18,,,,,2,,,,61.4,61.4,61.1,61.7,35200,35200,35100,,,,-3620,59.9643,753,,127923,113212,,,,,,12,0,0,0,0,0,0,0,0,,2,,1150.3,-3476.21,-3022,15.5,15.57,2544.48,2503.44,100,-3526,3526,-3680.971,3560.971,,,0,0,0,0,0,0,,,3.391,3.339,3.358,28,11,23.834,,,47,48,48,FALSE,TRUE,FALSE,2,2,3,6,0,342,4200,16416,1500,-1500,0,0,44,17.598,92.4,4.6,999,999,999,999,999,999,999,999,2,1,0,0,0,1,2,1,1,0,0,8,1,0,0,-33552,0,6104,0,0,0,0,0,0,0,0,0,701.749,2064.51,2064.51,1815,1875,1149.6,TRUE,0,1815,-1875,2064.51,2064.51,1745.97,1805.97,1149.4,TRUE,0,1745.97,-1805.97,3560.9700000000003,-3680.97,FALSE,-1806,-1805.97,TRUE
2026-01-27T21:04:58Z,REV_TW1_U_21,5,TRUE,2,1,0,0,1984,0,0,-3681,778.398,,,-3681,778.398,0,0,,,,,3561,-3681,1.395,0.705,,,,18,,,,,2,,,,61.43,61.4,61.1,61.8,35200,35200,35100,,,,-3622,59.9657,769,,127924,113212,,,,,,12,0,0,0,0,0,0,0,0,,2,,1150.4,-3476.51,-3022,15.5,15.57,2544.48,2503.44,100,-3526,3526,-3681.128,3561.1280000000006,,,0,0,0,0,0,0,,,3.391,3.338,3.359,28,11,23.834,,,47,48,48,FALSE,TRUE,FALSE,2,2,3,6,0,342,4200,16416,1500,-1500,0,0,44,17.598,92.4,4.6,999,999,999,999,999,999,999,999,2,1,0,0,0,1,2,1,1,0,0,8,1,0,0,-33552,0,6106,0,0,0,0,0,0,0,0,0,701.749,2064.51,2064.51,1815,1875,1149.6,TRUE,0,1815,-1875,2064.51,2064.51,1746.13,1806.13,1149.4,TRUE,0,1746.13,-1806.13,3561.13,-3681.13,FALSE,-1806,-1806,TRUE
2026-01-27T21:05:00Z,REV_TW1_U_21,5,TRUE,2,1,0,0,1984,0,0,-3681,793.235,,,-3681,793.235,0,0,,,,,3561,-3681,1.395,0.705,,,,18,,,,,2,,,,61.5,61.5,61.2,61.8,35200,35200,35100,,,,-3619,59.9629,778,,127927,113212,,,,,,12,0,0,0,0,0,0,0,0,,2,,1150.4,-3477.66,-3023,15.5,15.57,2544.48,2503.44,100,-3526,3526,-3681.128,3561.1280000000006,,,0,0,0,0,0,0,,,3.391,3.339,3.359,28,11,23.834,,,47,48,48,FALSE,TRUE,FALSE,2,2,3,6,0,342,4200,16416,1500,-1500,0,0,44,17.598,92.8,4.6,999,999,999,999,999,999,999,999,2,1,0,0,0,1,2,1,1,0,0,8,1,0,0,-33551,0,6108,0,0,0,0,0,0,0,0,0,701.749,2062.83,2062.83,1815,1875,1149.7,TRUE,0,1815,-1875,2063.88,2063.88,1746.13,1806.13,1149.5,TRUE,0,1746.13,-1806.13,3561.13,-3681.13,FALSE,-1806,-1806,TRUE
2026-01-27T21:05:02Z,REV_TW1_U_21,5,TRUE,2,1,0,0,1984,0,0,-3681,806.694,,,-3681,806.694,0,0,,,,,3561,-3681,1.395,0.705,,,,18,,,,,2,,,,61.53,61.5,61.2,61.9,35200,35300,35100,,,,-3621,59.9641,796,,127928,113212,,,,,,12,0,0,0,0,0,0,0,0,,2,,1150.4,-3476.51,-3022,15.5,15.57,2544.48,2503.44,100,-3526,3526,-3681.128,3561.1280000000006,,,0,0,0,0,0,0,,,3.391,3.339,3.359,28,11,23.834,,,47,48,48,FALSE,TRUE,FALSE,2,2,3,6,0,342,4200,16416,1500,-1500,0,0,44,17.598,92.8,4.6,999,999,999,999,999,999,999,999,2,1,0,0,0,1,2,1,1,0,0,8,1,0,0,-33551,0,6110,0,0,0,0,0,0,0,0,0,701.749,2058.42,2058.42,1815,1875,1149.7,TRUE,0,1815,-1875,2058.42,2058.42,1746.13,1806.13,1149.5,TRUE,0,1746.13,-1806.13,3561.13,-3681.13,FALSE,-1806,-1806,TRUE
2026-01-27T21:05:04Z,REV_TW1_U_21,5,TRUE,2,1,0,0,1984,0,0,-3692,822.04,,,-3692,822.04,0,0,,,,,3561,-3681,1.395,0.705,,,,18,,,,,2,,,,61.97,62,61.6,62.3,35200,35300,35100,,,,-3637,59.9724,814,,127931,113212,,,,,,12,0,0,0,0,0,0,0,0,,2,,1150.5,-3475.66,-3021,15.5,15.57,2544.48,2503.44,100,-3526,3526,-3681.285,3561.285,,,0,0,0,0,0,0,,,3.391,3.339,3.359,28,11,23.834,,,47,48,48,FALSE,TRUE,FALSE,2,2,3,6,0,342,4200,16416,1500,-1500,0,0,44,17.598,92.8,4.6,999,999,999,999,999,999,999,999,2,1,0,0,0,1,2,1,1,0,0,8,1,0,0,-33551,0,6113,0,0,0,0,0,0,0,0,0,701.749,2058.63,2058.63,1815,1875,1149.7,TRUE,0,1815,-1875,2058.63,2058.63,1746.29,1806.29,1149.6,TRUE,0,1746.29,-1806.29,3561.29,-3681.29,FALSE,-1818,-1817.79,TRUE
2026-01-27T21:05:06Z,REV_TW1_U_21,5,TRUE,2,1,0,0,1984,0,2,-3692,836.806,,,-3681.285,836.806,0,0,,,,,3561,-3681,1.395,0.705,,,,18,,,,,2,,,,61.6,61.6,61.3,61.9,35200,35300,35100,,,,-3624,59.9701,827,,127932,113212,,,,,,12,0,0,0,0,0,0,0,0,,2,,1150.5,-3477.96,-3023,15.5,15.57,2544.48,2503.44,100,-3526,3526,-3681.285,3561.285,,,0,0,0,0,0,0,,,3.392,3.339,3.359,28,11,23.834,,,47,48,48,FALSE,TRUE,FALSE,2,2,3,6,0,342,4200,16416,1500,-1500,0,0,44,17.598,92.8,4.6,999,999,999,999,999,999,999,999,2,1,0,0,0,1,2,1,1,0,0,8,1,0,0,-33550,0,6114,0,0,0,0,0,0,0,0,0,701.749,2058.21,2058.21,1815,1875,1149.7,TRUE,0,1815,-1875,2058.21,2058.21,1746.29,1806.29,1149.5,TRUE,0,1746.29,-1806.29,3561.29,-3681.29,FALSE,-1806,-1806,TRUE
2026-01-27T21:05:08Z,REV_TW1_U_21,5,TRUE,2,1,0,0,1984,0,0,-3681,849.618,,,-3681,849.618,0,0,,,,,3561,-3681,1.395,0.705,,,,18,,,,,2,,,,61.63,61.6,61.3,62,35200,35300,35100,,,,-3621,59.9765,846,,127935,113212,,,,,,12,0,0,0,0,0,0,0,0,,2,,1150.5,-3476.81,-3022,15.5,15.57,2544.48,2503.44,100,-3526,3526,-3681.285,3561.285,,,0,0,0,0,0,0,,,3.391,3.339,3.359,28,11,23.834,,,47,48,48,FALSE,TRUE,FALSE,2,2,3,6,0,342,4200,16416,1500,-1500,0,0,44,17.598,92.8,4.6,999,999,999,999,999,999,999,999,2,1,0,0,0,1,2,1,1,0,0,8,1,0,0,-33550,0,6116,0,0,0,0,0,0,0,0,0,701.749,2057.37,2057.37,1815,1875,1149.8,TRUE,0,1815,-1875,2057.37,2057.37,1746.29,1806.29,1149.6,TRUE,0,1746.29,-1806.29,3561.29,-3681.29,FALSE,-1806,-1806,TRUE
2026-01-27T21:05:10Z,REV_TW1_U_21,5,TRUE,2,1,0,0,1984,0,0,-3681,864.893,,,-3681,864.893,0,0,,,,,3561,-3681,1.395,0.705,,,,18,,,,,2,,,,61.7,61.7,61.4,62,35300,35300,35200,,,,-3619,59.976,862,,127936,113212,,,,,,12,0,0,0,0,0,0,0,0,,2,,1150.5,-3475.66,-3021,15.5,15.57,2544.48,2503.44,100,-3526,3526,-3681.285,3561.285,,,0,0,0,0,0,0,,,3.391,3.339,3.359,28,11,23.834,,,47,48,48,FALSE,TRUE,FALSE,2,2,3,6,0,342,4200,16416,1500,-1500,0,0,44,17.598,92.8,4.6,999,999,999,999,999,999,999,999,2,1,0,0,0,1,2,1,1,0,0,8,1,0,0,-33549,0,6118,0,0,0,0,0,0,0,0,0,701.749,2056.53,2056.53,1815,1875,1149.8,TRUE,0,1815,-1875,2056.53,2056.53,1746.44,1806.44,1149.6,TRUE,0,1746.44,-1806.44,3561.44,-3681.44,FALSE,-1806,-1806,TRUE
2026-01-27T21:05:12Z,REV_TW1_U_21,5,TRUE,2,1,0,0,1984,0,0,-3681,880.495,,,-3681,880.495,0,0,,,,,3561,-3681,1.395,0.705,,,,18,,,,,2,,,,61.77,61.8,61.4,62.1,35300,35300,35200,,,,-3617,59.978,873,,127939,113212,,,,,,12,0,0,0,0,0,0,0,0,,2,,1150.6,-3477.11,-3022,15.5,15.57,2544.48,2503.44,100,-3526,3526,-3681.442,3561.442,,,0,0,0,0,0,0,,,3.392,3.34,3.359,28,11,23.834,,,47,48,48,FALSE,TRUE,FALSE,2,2,3,6,0,342,4200,16416,1500,-1500,0,0,44,17.598,92.8,4.6,999,999,999,999,999,999,999,999,2,1,0,0,0,1,2,1,1,0,0,8,1,0,0,-33549,0,6120,0,0,0,0,0,0,0,0,0,701.749,2051.91,2051.91,1815,1875,1149.8,TRUE,0,1815,-1875,2053.17,2053.17,1746.44,1806.44,1149.6,TRUE,0,1746.44,-1806.44,3561.44,-3681.44,FALSE,-1806,-1806,TRUE
2026-01-27T21:05:14Z,REV_TW1_U_21,5,TRUE,2,1,0,0,1984,0,0,-3692,895.776,,,-3692,895.776,0,0,,,,,3572,-3692,1.395,0.705,,,,18,,,,,2,,,,62.2,62.2,61.9,62.5,35300,35300,35200,,,,-3627,59.9808,889,,127940,113212,,,,,,12,0,0,0,0,0,0,0,0,,2,,1150.6,-3477.11,-3022,15.5,15.57,2544.48,2503.44,100,-3536,3536,-3692.948,3572.948,,,0,0,0,0,0,0,,,3.391,3.339,3.359,28,11,23.834,,,47,48,48,FALSE,TRUE,FALSE,2,2,3,6,0,342,4200,16416,1500,-1500,0,0,44,17.598,92.8,4.6,999,999,999,999,999,999,999,999,2,1,0,0,0,1,2,1,1,0,0,8,1,0,0,-33548,0,6122,0,0,0,0,0,0,0,0,0,701.749,2050.86,2050.86,1815,1875,1149.9,TRUE,0,1815,-1875,2050.86,2050.86,1757.95,1817.95,1149.7,TRUE,0,1757.95,-1817.95,3572.95,-3692.95,FALSE,-1818,-1817.95,TRUE
2026-01-27T21:05:16Z,REV_TW1_U_21,5,TRUE,2,1,0,0,1984,0,0,-3692,909.489,,,-3692,909.489,0,0,,,,,3573,-3693,1.395,0.705,,,,18,,,,,2,,,,62.27,62.2,62,62.6,35300,35300,35200,,,,-3641,59.9847,907,,127943,113212,,,,,,12,0,0,0,0,0,0,0,0,,2,,1150.7,-3499.28,-3041,15.5,15.57,2544.48,2503.44,100,-3536,3536,-3693.106,3573.1059999999998,,,0,0,0,0,0,0,,,3.392,3.34,3.359,28,11,23.834,,,47,48,48,FALSE,TRUE,FALSE,2,2,3,6,0,342,4200,16416,1500,-1500,0,0,44,17.598,92.8,4.6,999,999,999,999,999,999,999,999,2,1,0,0,0,1,2,1,1,0,0,8,1,0,0,-33548,0,6124,0,0,0,0,0,0,0,0,0,701.749,2050.02,2050.02,1815,1875,1149.9,TRUE,0,1815,-1875,2050.02,2050.02,1758.11,1818.11,1149.8,TRUE,0,1758.11,-1818.11,3573.1099999999997,-3693.11,FALSE,-1818,-1818,TRUE
2026-01-27T21:05:18Z,REV_TW1_U_21,5,TRUE,2,1,0,0,1984,0,2,-3693,924.508,,,-3681.599,924.508,0,0,,,,,3561,-3681,1.395,0.705,,,,18,,,,,2,,,,62.1,62.1,61.8,62.4,35300,35300,35200,,,,-3638,59.9809,920,,127944,113212,,,,,,12,0,0,0,0,0,0,0,0,,2,,1150.7,-3498.13,-3040,15.5,15.57,2544.48,2503.44,100,-3526,3526,-3681.599,3561.599,,,0,0,0,0,0,0,,,3.392,3.34,3.359,28,11,23.834,,,47,48,48,FALSE,TRUE,FALSE,2,2,3,6,0,342,4200,16416,1500,-1500,0,0,44,17.598,92.8,4.6,999,999,999,999,999,999,999,999,2,1,0,0,0,1,2,1,1,0,0,8,1,0,0,-33547,0,6126,0,0,0,0,0,0,0,0,0,701.749,2048.13,2048.13,1815,1875,1150,TRUE,0,1815,-1875,2048.13,2048.13,1746.6,1806.6,1149.8,TRUE,0,1746.6,-1806.6,3561.6,-3681.6,FALSE,-1807,-1806.6,TRUE
2026-01-27T21:05:20Z,REV_TW1_U_21,5,TRUE,2,1,0,0,1984,0,0,-3681,939.529,,,-3681,939.529,0,0,,,,,3561,-3681,1.395,0.705,,,,18,,,,,2,,,,62.3,62.3,62,62.6,35300,35300,35200,,,,-3625,59.9842,933,,127947,113212,,,,,,12,0,0,0,0,0,0,0,0,,2,,1150.7,-3477.42,-3022,15.5,15.57,2544.48,2503.44,100,-3536,3536,-3693.106,3573.1059999999998,,,0,0,0,0,0,0,,,3.392,3.34,3.36,28,11,23.834,,,47,48,48,FALSE,TRUE,FALSE,2,2,3,6,0,342,4200,16416,1500,-1500,0,0,44,17.73,93.1,4.6,999,999,999,999,999,999,999,999,2,1,0,0,0,1,2,1,1,0,0,8,1,0,0,-33546,0,6128,0,0,0,0,0,0,0,0,0,701.749,2046.03,2046.03,1815,1875,1150,TRUE,0,1815,-1875,2046.03,2046.03,1746.6,1806.6,1149.8,TRUE,0,1746.6,-1806.6,3561.6,-3681.6,FALSE,-1818,-1818,TRUE
2026-01-27T21:05:22Z,REV_TW1_U_21,5,TRUE,2,1,0,0,1984,0,0,-3681,954.736,,,-3681,954.736,0,0,,,,,3573,-3693,1.395,0.705,,,,17,,,,,2,,,,62.4,62.4,62.1,62.7,35300,35300,35200,,,,-3641,59.9855,950,,127948,113212,,,,,,12,0,0,0,0,0,0,0,0,,2,,1150.7,-3499.28,-3041,15.5,15.57,2544.48,2503.44,100,-3536,3536,-3693.106,3573.1059999999998,,,0,0,0,0,0,0,,,3.392,3.34,3.36,28,11,23.834,,,47,48,48,FALSE,TRUE,FALSE,2,2,3,6,0,342,4200,16416,1500,-1500,0,0,44,17.73,93.1,4.6,999,999,999,999,999,999,999,999,2,1,0,0,0,1,2,1,1,0,0,8,1,0,0,-33546,0,6130,0,0,0,0,0,0,0,0,0,701.749,2045.82,2045.82,1815,1875,1150,TRUE,0,1815,-1875,2044.56,2044.56,1758.26,1818.26,1149.9,TRUE,0,1758.26,-1818.26,3573.26,-3693.26,FALSE,-1818,-1818,TRUE
2026-01-27T21:05:24Z,REV_TW1_U_21,5,TRUE,2,1,0,0,1984,0,0,-3681,968.314,,,-3681,968.314,0,0,,,,,3573,-3693,1.395,0.705,,,,17,,,,,2,,,,62.43,62.4,62.1,62.8,35300,35400,35200,,,,-3641,59.9826,965,,127951,113212,,,,,,12,0,0,0,0,0,0,0,0,,2,,1150.8,-3499.58,-3041,15.5,15.57,2544.48,2503.44,100,-3536,3536,-3693.264,3573.264,,,0,0,0,0,0,0,,,3.392,3.34,3.36,28,11,23.834,,,47,48,48,FALSE,TRUE,FALSE,2,2,3,6,0,342,4200,16416,1500,-1500,0,0,44,17.73,93.1,4.6,999,999,999,999,999,999,999,999,2,1,0,0,0,1,2,1,1,0,0,8,1,0,0,-33545,0,6132,0,0,0,0,0,0,0,0,0,701.749,2043.51,2043.51,1815,1875,1150,TRUE,0,1815,-1875,2043.51,2043.51,1758.26,1818.26,1149.9,TRUE,0,1758.26,-1818.26,3573.26,-3693.26,FALSE,-1818,-1818,TRUE
2026-01-27T21:05:26Z,REV_TW1_U_21,5,TRUE,2,1,0,0,1984,0,0,-3693,984.257,,,-3693,984.257,0,0,,,,,3573,-3693,1.395,0.705,,,,17,,,,,2,,,,62.5,62.5,62.2,62.8,35300,35400,35200,,,,-3642,59.9787,979,,127952,113212,,,,,,12,0,0,0,0,0,0,0,0,,2,,1150.8,-3498.43,-3040,15.5,15.57,2544.48,2503.44,100,-3536,3536,-3693.264,3573.264,,,0,0,0,0,0,0,,,3.392,3.341,3.36,28,11,23.834,,,47,48,48,FALSE,TRUE,FALSE,2,2,3,6,0,342,4200,16416,1500,-1500,0,0,44,17.73,93.1,4.6,999,999,999,999,999,999,999,999,2,1,0,0,0,1,2,1,1,0,0,8,1,0,0,-33545,0,6134,0,0,0,0,0,0,0,0,0,701.749,2041.83,2041.83,1815,1875,1150.1,TRUE,0,1815,-1875,2041.83,2041.83,1758.26,1818.26,1149.9,TRUE,0,1758.26,-1818.26,3573.26,-3693.26,FALSE,-1818,-1818,TRUE
2026-01-27T21:05:28Z,REV_TW1_U_21,5,TRUE,2,1,0,0,1984,0,0,-3693,998.444,,,-3693,998.444,0,0,,,,,3573,-3693,1.395,0.705,,,,17,,,,,2,,,,62.53,62.5,62.2,62.9,35300,35400,35200,,,,-3641,59.9869,993,,127955,113212,,,,,,12,0,0,0,0,0,0,0,0,,2,,1150.9,-3498.74,-3040,15.5,15.57,2544.48,2503.44,100,-3536,3536,-3693.422,3573.4220000000005,,,0,0,0,0,0,0,,,3.392,3.34,3.36,28,11,23.834,,,47,48,48,FALSE,TRUE,FALSE,2,2,3,6,0,342,4200,16416,1500,-1500,0,0,44,17.73,93.1,4.6,999,999,999,999,999,999,999,999,2,1,0,0,0,1,2,1,1,0,0,8,1,0,0,-33544,0,6136,0,0,0,0,0,0,0,0,0,701.749,2039.31,2039.31,1815,1875,1150.1,TRUE,0,1815,-1875,2039.31,2039.31,1758.42,1818.42,1149.9,TRUE,0,1758.42,-1818.42,3573.42,-3693.42,FALSE,-1818,-1818,TRUE
2026-01-27T21:05:30Z,REV_TW1_U_21,5,TRUE,2,1,0,0,1984,0,0,-3693,1012.355,,,-3693,1012.355,0,0,,,,,3573,-3693,1.395,0.705,,,,17,,,,,2,,,,62.63,62.6,62.3,63,35300,35400,35200,,,,-3643,59.9817,1009,,127956,113212,,,,,,12,0,0,0,0,0,0,0,0,,2,,1150.9,-3498.74,-3040,15.5,15.57,2544.48,2503.44,100,-3536,3536,-3693.422,3573.4220000000005,,,0,0,0,0,0,0,,,3.392,3.34,3.36,28,11,23.834,,,47,48,48,FALSE,TRUE,FALSE,2,2,3,6,0,342,4200,16416,1500,-1500,0,0,44,17.73,93.1,4.6,999,999,999,999,999,999,999,999,2,1,0,0,0,1,2,1,1,0,0,8,1,0,0,-33544,0,6138,0,0,0,0,0,0,0,0,0,701.749,2037.84,2037.84,1815,1875,1150.1,TRUE,0,1815,-1875,2037.84,2037.84,1758.42,1818.42,1150,TRUE,0,1758.42,-1818.42,3573.42,-3693.42,FALSE,-1818,-1818,TRUE
2026-01-27T21:05:32Z,REV_TW1_U_21,5,TRUE,2,1,0,0,1984,0,0,-3693,1027.273,,,-3693,1027.273,0,0,,,,,3573,-3693,1.395,0.705,,,,17,,,,,2,,,,62.63,62.6,62.3,63,35400,35400,35200,,,,-3643,59.9824,1020,,127959,113212,,,,,,12,0,0,0,0,0,0,0,0,,2,,1150.9,-3499.89,-3041,15.5,15.57,2544.48,2503.44,100,-3536,3536,-3693.422,3573.4220000000005,,,0,0,0,0,0,0,,,3.392,3.341,3.36,28,11,23.834,,,47,48,48,FALSE,TRUE,FALSE,2,2,3,6,0,342,4200,16416,1500,-1500,0,0,44,17.73,93.1,4.6,999,999,999,999,999,999,999,999,2,1,0,0,0,1,2,1,1,0,0,8,1,0,0,-33543,0,6140,0,0,0,0,0,0,0,0,0,701.749,2036.37,2036.37,1815,1875,1150.2,TRUE,0,1815,-1875,2036.37,2036.37,1758.42,1818.42,1150,TRUE,0,1758.42,-1818.42,3573.42,-3693.42,FALSE,-1818,-1818,TRUE
2026-01-27T21:05:34Z,REV_TW1_U_21,5,TRUE,2,1,0,0,1984,0,2,-3693,1042.037,,,-3682.07,1042.037,0,0,,,,,3562,-3682,1.395,0.705,,,,17,,,,,2,,,,62.43,62.4,62.1,62.8,35400,35400,35300,,,,-3635,59.9843,1034,,127960,113212,,,,,,12,0,0,0,0,0,0,0,0,,2,,1151,-3499.04,-3040,15.5,15.57,2544.48,2503.44,100,-3526,3526,-3682.07,3562.0699999999997,,,0,0,0,0,0,0,,,3.392,3.341,3.36,28,11,23.834,,,47,48,48,FALSE,TRUE,FALSE,2,2,3,6,0,342,4200,16416,1500,-1500,0,0,44,17.73,93.1,4.6,999,999,999,999,999,999,999,999,2,1,0,0,0,1,2,1,1,0,0,8,1,0,0,-33542,0,6142,0,0,0,0,0,0,0,0,0,701.749,2033.85,2033.85,1815,1875,1150.2,TRUE,0,1815,-1875,2033.85,2033.85,1747.07,1807.07,1150,TRUE,0,1747.07,-1807.07,3562.0699999999997,-3682.07,FALSE,-1807,-1807,TRUE
2026-01-27T21:05:36Z,REV_TW1_U_21,5,TRUE,2,1,0,0,1984,0,0,-3693,1056.389,,,-3693,1056.389,0,0,,,,,3573,-3693,1.395,0.705,,,,17,,,,,2,,,,62.77,62.8,62.4,63.1,35400,35400,35300,,,,-3634,59.9875,1050,,127963,113212,,,,,,12,0,0,0,0,0,0,0,0,,2,,1151,-3478.32,-3022,15.5,15.57,2544.48,2503.44,100,-3536,3536,-3693.58,3573.58,,,0,0,0,0,0,0,,,3.392,3.341,3.36,28,11,23.834,,,47,48,48,FALSE,TRUE,FALSE,2,2,3,6,0,342,4200,16416,1500,-1500,0,0,44,17.73,93.1,4.6,999,999,999,999,999,999,999,999,2,1,0,0,0,1,2,1,1,0,0,8,1,0,0,-33542,0,6144,0,0,0,0,0,0,0,0,0,701.749,2031.75,2031.75,1815,1875,1150.2,TRUE,0,1815,-1875,2031.75,2031.75,1758.58,1818.58,1150,TRUE,0,1758.58,-1818.58,3573.58,-3693.58,FALSE,-1819,-1818.58,TRUE
2026-01-27T21:05:38Z,REV_TW1_U_21,5,TRUE,2,1,0,0,1984,0,0,-3670,1071.814,,,-3670,1071.814,0,0,,,,,3573,-3693,1.39,0.71,,,,17,,,,,2,,,,62.83,62.8,62.5,63.2,35400,35400,35300,,,,-3643,59.9875,1061,,127964,113212,,,,,,12,0,0,0,0,0,0,0,0,,2,,1151,-3499.04,-3040,16,16.06,2544.48,2582.1,100,-3536,3536,-3693.58,3573.58,,,0,0,0,0,0,0,,,3.393,3.341,3.36,28,11,23.834,,,47,48,48,FALSE,TRUE,FALSE,2,2,3,6,0,342,4200,16416,1500,-1500,0,0,44,17.73,93.1,4.6,999,999,999,999,999,999,999,999,2,1,0,0,0,1,2,1,1,0,0,8,1,0,0,-33541,0,6146,0,0,0,0,0,0,0,0,0,701.749,2029.02,2029.02,1815,1875,1150.2,TRUE,0,1815,-1875,2028.6,2028.6,1758.58,1818.58,1150.1,TRUE,0,1758.58,-1818.58,3573.58,-3693.58,FALSE,-1819,-1818.58,TRUE
2026-01-27T21:05:40Z,REV_TW1_U_21,5,TRUE,2,1,0,0,1984,0,0,-3693,1086.746,,,-3693,1086.746,0,0,,,,,3573,-3693,1.39,0.71,,,,17,,,,,2,,,,62.9,62.9,62.6,63.2,35400,35400,35300,,,,-3644,59.9867,1079,,127967,113212,,,,,,12,0,0,0,0,0,0,0,0,,2,,1151,-3500.19,-3041,16,16.06,2626.56,2582.1,100,-3536,3536,-3693.58,3573.58,,,0,0,0,0,0,0,,,3.392,3.341,3.36,28,11,23.834,,,47,48,48,FALSE,TRUE,FALSE,2,2,3,6,0,342,4200,16416,1500,-1500,0,0,43,17.549,93.4,4.6,999,999,999,999,999,999,999,999,2,1,0,0,0,1,2,1,1,0,0,8,1,0,0,-33541,0,6148,0,0,0,0,0,0,0,0,0,701.749,2027.55,2027.55,1815,1875,1150.3,TRUE,0,1815,-1875,2027.55,2027.55,1758.58,1818.58,1150.1,TRUE,0,1758.58,-1818.58,3573.58,-3693.58,FALSE,-1819,-1818.58,TRUE
2026-01-27T21:05:42Z,REV_TW1_U_21,5,TRUE,2,1,0,0,1984,0,0,-3682,1101.187,,,-3682,1101.187,0,0,,,,,3562,-3682,1.39,0.71,,,,17,,,,,2,,,,62.6,62.6,62.3,62.9,35400,35400,35300,,,,-3629,59.9781,1092,,127968,113212,,,,,,12,0,0,0,0,0,0,0,0,,2,,1151.1,-3499.34,-3040,16,16.06,2626.56,2582.1,100,-3526,3526,-3682.227,3562.227,,,0,0,0,0,0,0,,,3.393,3.341,3.36,28,11,23.834,,,47,48,48,FALSE,TRUE,FALSE,2,2,3,6,0,342,4200,16416,1500,-1500,0,0,43,17.549,93.4,4.6,999,999,999,999,999,999,999,999,2,1,0,0,0,1,2,1,1,0,0,8,1,0,0,-33540,0,6150,0,0,0,0,0,0,0,0,0,701.749,2023.77,2023.77,1815,1875,1150.2,TRUE,0,1815,-1875,2023.77,2023.77,1747.23,1807.23,1150.1,TRUE,0,1747.23,-1807.23,3562.23,-3682.23,FALSE,-1807,-1807,TRUE
2026-01-27T21:05:44Z,REV_TW1_U_21,5,TRUE,2,1,0,0,1984,0,0,-3693,1114.763,,,-3693,1114.763,0,0,,,,,3573,-3693,1.39,0.71,,,,17,,,,,2,,,,62.97,63,62.6,63.3,35400,35400,35300,,,,-3631,59.9779,1103,,127971,113212,,,,,,12,0,0,0,0,0,0,0,0,,2,,1151.1,-3476.32,-3020,16,16.06,2626.56,2582.1,100,-3536,3536,-3693.738,3573.738,,,0,0,0,0,0,0,,,3.392,3.341,3.36,28,11,23.834,,,47,48,48,FALSE,TRUE,FALSE,2,2,3,6,0,342,4200,16416,1500,-1500,0,0,43,17.549,93.4,4.6,999,999,999,999,999,999,999,999,2,1,0,0,0,1,2,1,1,0,0,8,1,0,0,-33539,0,6152,0,0,0,0,0,0,0,0,0,701.749,2023.77,2023.77,1815,1875,1150.3,TRUE,0,1815,-1875,2023.77,2023.77,1758.74,1818.74,1150.1,TRUE,0,1758.74,-1818.74,3573.74,-3693.74,FALSE,-1819,-1818.74,TRUE
2026-01-27T21:05:46Z,REV_TW1_U_21,5,TRUE,2,1,0,0,1984,0,0,-3682,1130.053,,,-3682,1130.053,0,0,,,,,3573,-3693,1.39,0.71,,,,17,,,,,2,,,,63.1,63.1,62.8,63.4,35400,35400,35300,,,,-3643,59.9771,1119,,127972,113212,,,,,,12,0,0,0,0,0,0,0,0,,2,,1151.1,-3499.34,-3040,16,16.06,2626.56,2582.1,100,-3536,3536,-3693.738,3573.738,,,0,0,0,0,0,0,,,3.393,3.341,3.361,28,11,23.834,,,47,48,48,FALSE,TRUE,FALSE,2,2,3,6,0,342,4200,16416,1500,-1500,0,0,43,17.549,93.4,4.6,999,999,999,999,999,999,999,999,2,1,0,0,0,1,2,1,1,0,0,8,1,0,0,-33539,0,6154,0,0,0,0,0,0,0,0,0,701.749,2021.67,2021.67,1815,1875,1150.3,TRUE,0,1815,-1875,2021.67,2021.67,1758.74,1818.74,1150.2,TRUE,0,1758.74,-1818.74,3573.74,-3693.74,FALSE,-1819,-1818.74,TRUE
2026-01-27T21:05:48Z,REV_TW1_U_21,5,TRUE,2,1,0,0,1984,0,0,-3682,1145.823,,,-3682,1145.823,0,0,,,,,3573,-3693,1.39,0.71,,,,17,,,,,2,,,,63.33,63.3,63,63.7,35400,35400,35300,,,,-3641,59.9711,1134,,127975,113212,,,,,,12,0,0,0,0,0,0,0,0,,2,,1151.1,-3500.5,-3041,16,16.06,2626.56,2582.1,100,-3543,3546,-3701.7957,3585.249,,,0,0,0,0,0,0,,,3.393,3.341,3.361,28,11,23.834,,,47,48,48,FALSE,TRUE,FALSE,2,2,3,6,0,342,4200,16416,1500,-1500,0,0,43,17.549,93.4,4.6,999,999,999,999,999,999,999,999,2,1,0,0,0,1,2,1,1,0,0,8,1,0,0,-33538,0,6156,0,0,0,0,0,0,0,0,0,701.749,2020.83,2020.83,1815,1875,1150.4,TRUE,0,1815,-1875,2020.83,2020.83,1758.74,1818.74,1150.2,TRUE,0,1758.74,-1818.74,3573.74,-3693.74,FALSE,-1827,-1826.8,TRUE
2026-01-27T21:05:50Z,REV_TW1_U_21,5,TRUE,2,1,0,0,1984,0,0,-3693,1159.217,,,-3693,1159.217,0,0,,,,,3573,-3693,1.39,0.71,,,,17,,,,,2,,,,63.2,63.2,62.9,63.5,35400,35400,35300,,,,-3645,59.9731,1146,,127976,113212,,,,,,12,0,0,0,0,0,0,0,0,,2,,1151.1,-3515.46,-3054,16,16.06,2626.56,2582.1,100,-3536,3536,-3693.738,3573.738,,,0,0,0,0,0,0,,,3.393,3.341,3.361,28,11,23.834,,,47,48,48,FALSE,TRUE,FALSE,2,2,3,6,0,342,4200,16416,1500,-1500,0,0,43,17.549,93.4,4.6,999,999,999,999,999,999,999,999,2,1,0,0,0,1,2,1,1,0,0,8,1,0,0,-33537,0,6158,0,0,0,0,0,0,0,0,0,701.749,2017.68,2017.68,1815,1875,1150.4,TRUE,0,1815,-1875,2017.68,2017.68,1758.9,1818.9,1150.2,TRUE,0,1758.9,-1818.9,3573.9,-3693.9,FALSE,-1819,-1818.74,TRUE
2026-01-27T21:05:52Z,REV_TW1_U_21,5,TRUE,2,1,0,0,1984,0,0,-3693,1175.5,,,-3693,1175.5,0,0,,,,,3573,-3693,1.39,0.71,,,,17,,,,,2,,,,63.27,63.2,63,63.6,35400,35500,35300,,,,-3649,59.974,1162,,127979,113212,,,,,,12,0,0,0,0,0,0,0,0,,2,,1151.2,-3498.5,-3039,16,16.06,2626.56,2582.1,100,-3536,3536,-3693.896,3573.8959999999997,,,0,0,0,0,0,0,,,3.393,3.341,3.361,28,11,23.834,,,47,48,48,FALSE,TRUE,FALSE,2,2,3,6,0,342,4200,16416,1500,-1500,0,0,43,17.549,93.4,4.6,999,999,999,999,999,999,999,999,2,1,0,0,0,1,2,1,1,0,0,8,1,0,0,-33537,0,6160,0,0,0,0,0,0,0,0,0,701.749,2016.63,2016.63,1815,1875,1150.4,TRUE,0,1815,-1875,2016.63,2016.63,1758.9,1818.9,1150.3,TRUE,0,1758.9,-1818.9,3573.9,-3693.9,FALSE,-1819,-1818.9,TRUE
2026-01-27T21:05:54Z,REV_TW1_U_21,5,TRUE,2,1,0,0,1984,0,0,-3682,1190.2,,,-3682,1190.2,0,0,,,,,3573,-3693,1.39,0.71,,,,17,,,,,2,,,,63,63,62.7,63.3,35400,35500,35300,,,,-3641,59.9753,1178,,127980,113212,,,,,,12,0,0,0,0,0,0,0,0,,2,,1151.2,-3499.65,-3040,16,16.06,2626.56,2582.1,100,-3536,3536,-3693.896,3573.8959999999997,,,0,0,0,0,0,0,,,3.393,3.341,3.361,28,11,23.834,,,47,48,48,FALSE,TRUE,FALSE,2,2,3,6,0,342,4200,16416,1500,-1500,0,0,43,17.549,93.4,4.6,999,999,999,999,999,999,999,999,2,1,0,0,0,1,2,1,1,0,0,8,1,0,0,-33536,0,6162,0,0,0,0,0,0,0,0,0,701.749,2013.69,2013.69,1815,1875,1150.4,TRUE,0,1815,-1875,2013.69,2013.69,1758.9,1818.9,1150.2,TRUE,0,1758.9,-1818.9,3573.9,-3693.9,FALSE,-1819,-1818.9,TRUE
2026-01-27T21:05:56Z,REV_TW1_U_21,5,TRUE,2,1,0,0,1984,0,0,-3682,1203.59,,,-3682,1203.59,0,0,,,,,3562,-3682,1.39,0.71,,,,17,,,,,2,,,,63.03,63,62.7,63.4,35400,35500,35300,,,,-3635,59.9772,1195,,127983,113212,,,,,,12,0,0,0,0,0,0,0,0,,2,,1151.2,-3498.5,-3039,16,16.06,2626.56,2582.1,100,-3526,3526,-3682.384,3562.384,,,0,0,0,0,0,0,,,3.393,3.342,3.361,28,11,23.834,,,47,48,48,FALSE,TRUE,FALSE,2,2,3,6,0,342,4200,16416,1500,-1500,0,0,43,17.549,93.4,4.6,999,999,999,999,999,999,999,999,2,1,0,0,0,1,2,1,1,0,0,8,1,0,0,-33535,0,6164,0,0,0,0,0,0,0,0,0,701.749,2010.96,2010.96,1815,1875,1150.4,TRUE,0,1815,-1875,2012.43,2012.43,1747.38,1807.38,1150.3,TRUE,0,1747.38,-1807.38,3562.38,-3682.38,FALSE,-1807,-1807,TRUE
2026-01-27T21:05:58Z,REV_TW1_U_21,5,TRUE,2,1,0,0,1984,0,2,-3694,1218.102,,,-3693.896,1218.102,0,0,,,,,3573,-3693,1.39,0.71,,,,17,,,,,2,,,,63.47,63.5,63.1,63.8,35400,35500,35300,,,,-3635,59.9761,1211,,127984,113212,,,,,,12,0,0,0,0,0,0,0,0,,2,,1151.2,-3475.47,-3019,16,16.06,2626.56,2582.1,100,-3536,3536,-3693.896,3573.8959999999997,,,0,0,0,0,0,0,,,3.393,3.341,3.361,28,11,23.834,,,47,48,48,FALSE,TRUE,FALSE,2,2,3,6,0,342,4200,16416,1500,-1500,0,0,43,17.549,93.4,4.6,999,999,999,999,999,999,999,999,2,1,0,0,0,1,2,1,1,0,0,8,1,0,0,-33535,0,6166,0,0,0,0,0,0,0,0,0,701.749,2009.91,2009.91,1815,1875,1150.4,TRUE,0,1815,-1875,2009.91,2009.91,1758.9,1818.9,1150.3,TRUE,0,1758.9,-1818.9,3573.9,-3693.9,FALSE,-1819,-1818.9,TRUE
2026-01-27T21:06:00Z,REV_TW1_U_21,5,TRUE,2,1,0,0,1984,0,0,-3682,1218.442,,,-3682,1218.956,0,0,,,,,3562,-3682,1.39,0.71,,,,17,,,,,2,,,,63.17,63.2,62.8,63.5,35500,35500,35300,,,,-3637,59.9785,1223,,127987,113212,,,,,,12,0,0,0,0,0,0,0,0,,2,,1151.3,-3498.8,-3039,16,16.06,2626.56,2582.1,100,-3526,3526,-3682.541,3562.541,,,0,0,0,0,0,0,,,3.394,3.342,3.361,28,11,23.834,,,47,48,48,FALSE,TRUE,FALSE,2,2,3,6,0,342,4200,16416,1500,-1500,0,0,43,17.549,93.6,4.6,999,999,999,999,999,999,999,999,2,1,0,0,0,1,2,1,1,0,0,8,1,0,0,-33534,0,6168,0,0,0,0,0,0,0,0,0,701.749,2009.49,2009.49,1815,1875,1150.4,TRUE,0,1815,-1875,2009.49,2009.49,1770.57,1827.11,1150.3,TRUE,0,1770.57,-1827.11,3585.5699999999997,-3702.11,FALSE,-1808,-1807.54,TRUE
2026-01-27T21:06:02Z,REV_TW1_U_21,5,TRUE,2,1,0,0,1984,0,0,-3694,1218.442,,,-3694,1218.442,0,0,,,,,3574,-3694,1.39,0.71,,,,17,,,,,2,,,,63.43,63.4,63.1,63.8,35400,35500,35300,,,,-3629,59.9704,1220,,127988,113212,,,,,,12,0,0,0,0,0,0,0,0,,2,,1151.3,-3479.23,-3022,16,16.06,2626.56,2582.1,100,-3536,3536,-3694.054,3574.054,,,0,0,0,0,0,0,,,3.393,3.342,3.361,28,11,23.834,,,47,48,48,FALSE,TRUE,FALSE,2,2,3,6,0,342,4200,16416,1500,-1500,0,0,43,17.549,93.6,4.6,999,999,999,999,999,999,999,999,2,1,0,0,0,1,2,1,1,0,0,8,1,0,0,-33533,0,6170,0,0,0,0,0,0,0,0,0,701.749,2008.02,2008.02,1815,1875,1150.5,TRUE,0,1815,-1875,2008.44,2008.44,1759.05,1819.05,1150.3,TRUE,0,1759.05,-1819.05,3574.05,-3694.05,FALSE,-1819,-1819,TRUE
2026-01-27T21:06:04Z,REV_TW1_U_21,5,TRUE,2,1,0,0,1984,0,0,-3682,1218.442,,,-3682,1218.442,0,0,,,,,3562,-3682,1.39,0.71,,,,16,,,,,2,,,,63.17,63.2,62.8,63.5,35400,35500,35300,,,,-3631,59.9723,1224,,127991,113212,,,,,,12,0,0,0,0,0,0,0,0,,2,,1151.3,-3498.8,-3039,16,16.06,2626.56,2582.1,100,-3526,3526,-3682.541,3562.541,,,0,0,0,0,0,0,,,3.393,3.342,3.361,28,11,23.834,,,47,48,48,FALSE,TRUE,FALSE,2,2,3,6,0,342,4200,16416,1500,-1500,0,0,43,17.549,93.6,4.6,999,999,999,999,999,999,999,999,2,1,0,0,0,1,2,1,1,0,0,8,1,0,0,-33532,0,6172,0,0,0,0,0,0,0,0,0,701.749,2008.23,2008.23,1815,1875,1150.5,TRUE,0,1815,-1875,2008.23,2008.23,1747.54,1807.54,1150.4,TRUE,0,1747.54,-1807.54,3562.54,-3682.54,FALSE,-1808,-1807.54,TRUE
2026-01-27T21:06:06Z,REV_TW1_U_21,5,TRUE,2,1,0,0,1984,0,0,-3694,1219.871,,,-3694,1219.299,0,0,,,,,3574,-3694,1.39,0.71,,,,16,,,,,2,,,,63.33,63.3,63,63.7,35400,35500,35300,,,,-3624,59.9632,1222,,127992,113212,,,,,,12,0,0,0,0,0,0,0,0,,2,,1151.3,-3479.23,-3022,16,16.06,2626.56,2582.1,100,-3536,3536,-3694.054,3574.054,,,0,0,0,0,0,0,,,3.393,3.342,3.361,28,11,23.834,,,47,48,48,FALSE,TRUE,FALSE,2,2,3,6,0,342,4200,16416,1500,-1500,0,0,43,17.549,93.6,4.6,999,999,999,999,999,999,999,999,2,1,0,0,0,1,2,1,1,0,0,8,1,0,0,-33532,0,6174,0,0,0,0,0,0,0,0,0,701.749,2006.76,2006.76,1815,1875,1150.5,TRUE,0,1815,-1875,2006.76,2006.76,1759.05,1819.05,1150.4,TRUE,0,1759.05,-1819.05,3574.05,-3694.05,FALSE,-1819,-1819,TRUE
2026-01-27T21:06:08Z,REV_TW1_U_21,5,TRUE,2,1,0,0,1984,0,0,-3694,1222.432,,,-3694,1221.92,0,0,,,,,3562,-3682,1.39,0.71,,,,16,,,,,2,,,,63.47,63.4,63.2,63.8,35400,35500,35300,,,,-3642,59.9642,1226,,127995,113212,,,,,,12,0,0,0,0,0,0,0,0,,2,,1151.4,-3499.1,-3039,16,16.06,2626.56,2582.1,100,-3536,3536,-3694.212,3574.2120000000004,,,0,0,0,0,0,0,,,3.394,3.342,3.361,28,11,23.834,,,47,48,48,FALSE,TRUE,FALSE,2,2,3,6,0,342,4200,16416,1500,-1500,0,0,43,17.549,93.6,4.6,999,999,999,999,999,999,999,999,2,1,0,0,0,1,2,1,1,0,0,8,1,0,0,-33531,0,6176,0,0,0,0,0,0,0,0,0,701.749,2009.28,2009.28,1815,1875,1150.6,TRUE,0,1815,-1875,2007.18,2007.18,1747.7,1807.7,1150.4,TRUE,0,1747.7,-1807.7,3562.7,-3682.7,FALSE,-1819,-1819,TRUE
2026-01-27T21:06:10Z,REV_TW1_U_21,5,TRUE,2,1,0,0,1984,0,0,-3682,1222.432,,,-3682,1222.432,0,0,,,,,3574,-3694,1.39,0.71,,,,16,,,,,2,,,,63.37,63.3,63.1,63.7,35400,35500,35300,,,,-3628,59.9615,1226,,127996,113212,,,,,,12,0,0,0,0,0,0,0,0,,2,,1151.4,-3487.59,-3029,16,16.06,2626.56,2582.1,100,-3536,3536,-3694.212,3574.2120000000004,,,0,0,0,0,0,0,,,3.393,3.342,3.361,28,11,23.834,,,47,48,48,FALSE,TRUE,FALSE,2,2,3,6,0,342,4200,16416,1500,-1500,0,0,43,17.549,93.6,4.6,999,999,999,999,999,999,999,999,2,1,0,0,0,1,2,1,1,0,0,8,1,0,0,-33530,0,6178,0,0,0,0,0,0,0,0,0,701.749,2009.07,2009.07,1815,1875,1150.5,TRUE,0,1815,-1875,2009.07,2009.07,1759.21,1819.21,1150.4,TRUE,0,1759.21,-1819.21,3574.21,-3694.21,FALSE,-1819,-1819,TRUE
2026-01-27T21:06:12Z,REV_TW1_U_21,5,TRUE,2,1,0,0,1984,0,0,-3682,1222.432,,,-3682,1222.432,0,0,,,,,3562,-3682,1.39,0.71,,,,16,,,,,2,,,,63.23,63.2,62.9,63.6,35400,35500,35300,,,,-3633,59.9595,1227,,127999,113212,,,,,,12,0,0,0,0,0,0,0,0,,2,,1151.4,-3499.1,-3039,16,16.06,2626.56,2582.1,100,-3526,3526,-3682.698,3562.6980000000003,,,0,0,0,0,0,0,,,3.394,3.342,3.361,28,11,23.834,,,47,48,48,FALSE,TRUE,FALSE,2,2,3,6,0,342,4200,16416,1500,-1500,0,0,43,17.549,93.6,4.6,999,999,999,999,999,999,999,999,2,1,0,0,0,1,2,1,1,0,0,8,1,0,0,-33530,0,6180,0,0,0,0,0,0,0,0,0,701.749,2006.76,2006.76,1815,1875,1150.6,TRUE,0,1815,-1875,2006.76,2006.76,1747.7,1807.7,1150.5,TRUE,0,1747.7,-1807.7,3562.7,-3682.7,FALSE,-1808,-1807.7,TRUE
2026-01-27T21:06:14Z,REV_TW1_U_21,5,TRUE,2,1,0,0,1984,0,0,-3694,1222.432,,,-3694,1222.432,0,0,,,,,3574,-3694,1.39,0.71,,,,16,,,,,2,,,,63.5,63.5,63.2,63.8,35400,35500,35300,,,,-3632,59.9672,1224,,128000,113212,,,,,,12,0,0,0,0,0,0,0,0,,2,,1151.4,-3477.23,-3020,16,16.06,2626.56,2582.1,100,-3536,3536,-3694.212,3574.2120000000004,,,0,0,0,0,0,0,,,3.394,3.342,3.362,28,11,23.834,,,47,48,48,FALSE,TRUE,FALSE,2,2,3,6,0,342,4200,16416,1500,-1500,0,0,43,17.549,93.6,4.6,999,999,999,999,999,999,999,999,2,1,0,0,0,1,2,1,1,0,0,8,1,0,0,-33529,0,6182,0,0,0,0,0,0,0,0,0,701.749,2008.44,2008.44,1815,1875,1150.6,TRUE,0,1815,-1875,2008.44,2008.44,1759.21,1819.21,1150.5,TRUE,0,1759.21,-1819.21,3574.21,-3694.21,FALSE,-1819,-1819,TRUE
2026-01-27T21:06:16Z,REV_TW1_U_21,5,TRUE,2,1,0,0,1984,0,0,-3682,1222.432,,,-3682,1222.432,0,0,,,,,3562,-3682,1.385,0.715,,,,16,,,,,2,,,,63.17,63.2,62.8,63.5,35400,35500,35300,,,,-3630,59.9655,1223,,128003,113212,,,,,,12,0,0,0,0,0,0,0,0,,2,,1151.5,-3500.56,-3040,16.5,16.57,2708.64,2664.18,100,-3526,3526,-3682.855,3562.855,,,0,0,0,0,0,0,,,3.394,3.342,3.362,28,11,23.834,,,47,48,48,FALSE,TRUE,FALSE,2,2,3,6,0,342,4200,16416,1500,-1500,0,0,43,17.549,93.6,4.6,999,999,999,999,999,999,999,999,2,1,0,0,0,1,2,1,1,0,0,8,1,0,0,-33528,0,6184,0,0,0,0,0,0,0,0,0,701.749,2007.6,2007.6,1815,1875,1150.6,TRUE,0,1815,-1875,2007.6,2007.6,1747.86,1807.86,1150.5,TRUE,0,1747.86,-1807.86,3562.8599999999997,-3682.86,FALSE,-1808,-1807.86,TRUE
2026-01-27T21:06:18Z,REV_TW1_U_21,5,TRUE,2,1,0,0,1984,0,0,-3694,1223.734,,,-3694,1223.477,0,0,,,,,3574,-3694,1.385,0.715,,,,16,,,,,2,,,,63.47,63.4,63.2,63.8,35400,35500,35300,,,,-3630,59.9654,1220,,128004,113212,,,,,,12,0,0,0,0,0,0,0,0,,2,,1151.5,-3479.83,-3022,16.5,16.57,2708.64,2664.18,100,-3536,3536,-3694.37,3574.37,,,0,0,0,0,0,0,,,3.394,3.342,3.362,28,11,23.834,,,47,48,48,FALSE,TRUE,FALSE,2,2,3,6,0,342,4200,16416,1500,-1500,0,0,43,17.549,93.6,4.6,999,999,999,999,999,999,999,999,2,1,0,0,0,1,2,1,1,0,0,8,1,0,0,-33528,0,6186,0,0,0,0,0,0,0,0,0,701.749,2006.97,2006.97,1815,1875,1150.7,TRUE,0,1815,-1875,2006.97,2006.97,1759.37,1819.37,1150.6,TRUE,0,1759.37,-1819.37,3574.37,-3694.37,FALSE,-1819,-1819,TRUE
2026-01-27T21:06:20Z,REV_TW1_U_21,5,TRUE,2,1,0,0,1984,0,0,-3682,1223.734,,,-3682,1223.734,0,0,,,,,3574,-3694,1.385,0.715,,,,16,,,,,2,,,,63.17,63.2,62.8,63.5,35400,35500,35300,,,,-3633,59.9632,1223,,128007,113212,,,,,,12,0,0,0,0,0,0,0,0,,2,,1151.5,-3500.56,-3040,16.5,16.57,2708.64,2664.18,100,-3536,3536,-3694.37,3574.37,,,0,0,0,0,0,0,,,3.394,3.343,3.362,28,11,23.834,,,47,48,48,FALSE,TRUE,FALSE,2,2,3,6,0,342,4200,16416,1500,-1500,0,0,43,17.394,93.9,4.7,999,999,999,999,999,999,999,999,2,1,0,0,0,1,2,1,1,0,0,8,1,0,0,-33527,0,6188,0,0,0,0,0,0,0,0,0,701.749,2006.55,2006.55,1815,1875,1150.7,TRUE,0,1815,-1875,2006.55,2006.55,1759.37,1819.37,1150.6,TRUE,0,1759.37,-1819.37,3574.37,-3694.37,FALSE,-1819,-1819,TRUE
2026-01-27T21:06:22Z,REV_TW1_U_21,5,TRUE,2,1,0,0,1984,0,0,-3694,1223.734,,,-3694,1223.734,0,0,,,,,3586,-3702,1.385,0.715,,,,16,,,,,2,,,,63.57,63.6,63.2,63.9,35400,35500,35300,,,,-3648,59.9692,1222,,128008,113212,,,,,,12,0,0,0,0,0,0,0,0,,2,,1151.6,-3499.71,-3039,16.5,16.57,2708.64,2664.18,100,-3543,3546,-3702.5892,3586.044,,,0,0,0,0,0,0,,,3.394,3.342,3.362,28,11,23.834,,,47,48,48,FALSE,TRUE,FALSE,2,2,3,6,0,342,4200,16416,1500,-1500,0,0,43,17.394,93.9,4.7,999,999,999,999,999,999,999,999,2,1,0,0,0,1,2,1,1,0,0,8,1,0,0,-33526,0,6190,0,0,0,0,0,0,0,0,0,701.749,2006.13,2006.13,1815,1875,1150.7,TRUE,0,1815,-1875,2006.13,2006.13,1771.04,1827.59,1150.6,TRUE,0,1771.04,-1827.59,3586.04,-3702.59,FALSE,-1828,-1827.59,TRUE
2026-01-27T21:06:24Z,REV_TW1_U_21,5,TRUE,2,1,0,0,1984,0,0,-3683,1222.431,,,-3683,1222.687,0,0,,,,,3574,-3694,1.385,0.715,,,,16,,,,,2,,,,63.63,63.6,63.3,64,35400,35500,35300,,,,-3660,59.9652,1225,,128011,113212,,,,,,12,0,0,0,0,0,0,0,0,,2,,1151.6,-3514.68,-3052,16.5,16.57,2708.64,2664.18,100,-3536,3536,-3694.528,3574.528,,,0,0,0,0,0,0,,,3.394,3.343,3.362,28,11,24,,,47,48,48,FALSE,TRUE,FALSE,2,2,3,6,0,342,4200,16416,1500,-1500,0,0,43,17.394,93.9,4.7,999,999,999,999,999,999,999,999,2,1,0,0,0,1,2,1,1,0,0,8,1,0,0,-33525,0,6192,0,0,0,0,0,0,0,0,0,701.749,2010.33,2010.33,1815,1875,1150.8,TRUE,0,1815,-1875,2009.49,2009.49,1759.53,1819.53,1150.7,TRUE,0,1759.53,-1819.53,3574.5299999999997,-3694.53,FALSE,-1820,-1819.53,TRUE
2026-01-27T21:06:26Z,REV_TW1_U_21,5,TRUE,2,1,0,0,1984,0,2,-3694,1222.172,,,-3683.01,1222.172,0,0,,,,,3563,-3683,1.385,0.715,,,,16,,,,,2,,,,63.53,63.5,63.2,63.9,35400,35500,35300,,,,-3648,59.9668,1223,,128012,113212,,,,,,12,0,0,0,0,0,0,0,0,,2,,1151.6,-3500.86,-3040,16.5,16.57,2708.64,2664.18,100,-3526,3526,-3683.012,3563.0119999999997,,,0,0,0,0,0,0,,,3.394,3.342,3.362,28,11,24,,,47,48,48,FALSE,TRUE,FALSE,2,2,3,6,0,342,4200,16416,1500,-1500,0,0,43,17.394,93.9,4.7,999,999,999,999,999,999,999,999,2,1,0,0,0,1,2,1,1,0,0,8,1,0,0,-33525,0,6194,0,0,0,0,0,0,0,0,0,701.749,2007.6,2007.6,1815,1875,1150.8,TRUE,0,1815,-1875,2007.6,2007.6,1748.01,1808.01,1150.7,TRUE,0,1748.01,-1808.01,3563.01,-3683.01,FALSE,-1808,-1808,TRUE
2026-01-27T21:06:28Z,REV_TW1_U_21,5,TRUE,2,1,0,0,1984,0,2,-3702,1222.172,,,-3694.686,1222.172,0,0,,,,,3574,-3694,1.385,0.715,,,,17,,,,,2,,,,63.53,63.5,63.2,63.9,35400,35500,35300,,,,-3654,59.9667,1225,,128015,113212,,,,,,12,0,0,0,0,0,0,0,0,,2,,1151.7,-3517.29,-3054,16.5,16.57,2708.64,2664.18,100,-3536,3536,-3694.686,3574.686,,,0,0,0,0,0,0,,,3.394,3.342,3.362,28,11,24,,,47,48,48,FALSE,TRUE,FALSE,2,2,3,6,0,342,4200,16416,1500,-1500,0,0,43,17.394,93.9,4.7,999,999,999,999,999,999,999,999,2,1,0,0,0,1,2,1,1,0,0,8,1,0,0,-33524,0,6196,0,0,0,0,0,0,0,0,0,701.749,2007.81,2007.81,1815,1875,1150.8,TRUE,0,1815,-1875,2007.81,2007.81,1759.69,1819.69,1150.7,TRUE,0,1759.69,-1819.69,3574.69,-3694.69,FALSE,-1820,-1819.69,TRUE
2026-01-27T21:06:30Z,REV_TW1_U_21,5,TRUE,2,1,0,0,1984,0,0,-3694,1222.172,,,-3694,1222.172,0,0,,,,,3586,-3702,1.385,0.715,,,,16,,,,,2,,,,63.53,63.5,63.2,63.9,35400,35500,35300,,,,-3648,59.9659,1225,,128016,113212,,,,,,12,0,0,0,0,0,0,0,0,,2,,1151.7,-3502.32,-3041,16.5,16.57,2708.64,2664.18,100,-3543,3546,-3702.7479,3586.203,,,0,0,0,0,0,0,,,3.394,3.342,3.362,28,11,24,,,47,48,48,FALSE,TRUE,FALSE,2,2,3,6,0,342,4200,16416,1500,-1500,0,0,43,17.394,93.9,4.7,999,999,999,999,999,999,999,999,2,1,0,0,0,1,2,1,1,0,0,8,1,0,0,-33523,0,6198,0,0,0,0,0,0,0,0,0,701.749,2008.02,2008.02,1815,1875,1150.8,TRUE,0,1815,-1875,2008.02,2008.02,1771.2,1827.75,1150.7,TRUE,0,1771.2,-1827.75,3586.2,-3702.75,FALSE,-1828,-1827.75,TRUE
2026-01-27T21:06:32Z,REV_TW1_U_21,5,TRUE,2,1,0,0,1984,0,0,-3694,1208.329,,,-3694,1208.329,0,0,,,,,3574,-3694,1.385,0.715,,,,17,,,,,2,,,,63.53,63.5,63.2,63.9,35400,35500,35300,,,,-3658,59.9697,1223,,128019,113212,,,,,,12,0,0,0,0,0,0,0,0,,2,,1151.7,-3517.29,-3054,16.5,16.57,2708.64,2664.18,100,-3536,3536,-3694.686,3574.686,,,0,0,0,0,0,0,,,3.395,3.343,3.362,28,11,24,,,47,48,48,FALSE,TRUE,FALSE,2,2,3,6,0,342,4200,16416,1500,-1500,0,0,43,17.394,93.9,4.7,999,999,999,999,999,999,999,999,2,1,0,0,0,1,2,1,1,0,0,8,1,0,0,-33523,0,6200,0,0,0,0,0,0,0,0,0,701.749,2010.54,2010.54,1815,1875,1150.9,TRUE,0,1815,-1875,2010.54,2010.54,1759.69,1819.69,1150.8,TRUE,0,1759.69,-1819.69,3574.69,-3694.69,FALSE,-1820,-1819.69,TRUE
2026-01-27T21:06:34Z,REV_TW1_U_21,5,TRUE,2,1,0,0,1984,0,0,-3702,1192.691,,,-3702,1192.691,0,0,,,,,3586,-3702,1.385,0.715,,,,17,,,,,2,,,,63.67,63.6,63.4,64,35400,35500,35300,,,,-3654,59.9707,1205,,128020,113212,,,,,,12,0,0,0,0,0,0,0,0,,2,,1151.7,-3502.32,-3041,16.5,16.57,2708.64,2664.18,100,-3543,3546,-3702.7479,3586.203,,,0,0,0,0,0,0,,,3.395,3.343,3.362,28,11,24,,,47,48,48,FALSE,TRUE,FALSE,2,2,3,6,0,342,4200,16416,1500,-1500,0,0,43,17.394,93.9,4.7,999,999,999,999,999,999,999,999,2,1,0,0,0,1,2,1,1,0,0,8,1,0,0,-33522,0,6202,0,0,0,0,0,0,0,0,0,701.465,2010.54,2010.54,1815,1875,1150.8,TRUE,0,1815,-1875,2010.54,2010.54,1771.2,1827.75,1150.8,TRUE,0,1771.2,-1827.75,3586.2,-3702.75,FALSE,-1828,-1827.75,TRUE
2026-01-27T21:06:36Z,REV_TW1_U_21,5,TRUE,2,1,0,0,1984,0,0,-3694,1177.976,,,-3694,1177.976,0,0,,,,,3574,-3694,1.38,0.72,,,,17,,,,,2,,,,63.43,63.4,63.1,63.8,35400,35500,35300,,,,-3657,59.9716,1197,,128023,113212,,,,,,12,0,0,0,0,0,0,0,0,,2,,1151.8,-3517.6,-3054,17,17.06,2790.72,2742.84,100,-3536,3536,-3694.844,3574.844,,,0,0,0,0,0,0,,,3.395,3.343,3.362,28,11,24,,,47,48,48,FALSE,TRUE,FALSE,2,2,3,6,0,342,4200,16416,1500,-1500,0,0,43,17.394,93.9,4.7,999,999,999,999,999,999,999,999,2,1,0,0,0,1,2,1,1,0,0,8,1,0,0,-33521,0,6204,0,0,0,0,0,0,0,0,0,701.465,2014.74,2014.74,1815,1875,1150.9,TRUE,0,1815,-1875,2014.95,2014.95,1782.88,1827.91,1150.8,TRUE,0,1782.88,-1827.91,3597.88,-3702.91,FALSE,-1820,-1819.84,TRUE
2026-01-27T21:06:38Z,REV_TW1_U_21,5,TRUE,2,1,0,0,1984,0,0,-3702,1164.024,,,-3702,1164.024,0,0,,,,,3586,-3702,1.38,0.72,,,,17,,,,,2,,,,63.53,63.5,63.2,63.9,35400,35500,35300,,,,-3649,59.974,1178,,128024,113212,,,,,,12,0,0,0,0,0,0,0,0,,2,,1151.8,-3502.62,-3041,17,17.06,2790.72,2742.84,100,-3543,3546,-3702.9066,3586.362,,,0,0,0,0,0,0,,,3.395,3.343,3.362,28,11,24,,,47,48,48,FALSE,TRUE,FALSE,2,2,3,6,0,342,4200,16416,1500,-1500,0,0,43,17.394,93.9,4.7,999,999,999,999,999,999,999,999,2,1,0,0,0,1,2,1,1,0,0,8,1,0,0,-33521,0,6206,0,0,0,0,0,0,0,0,0,701.465,2016.21,2016.21,1815,1875,1150.9,TRUE,0,1815,-1875,2015.79,2015.79,1771.36,1827.91,1150.8,TRUE,0,1771.36,-1827.91,3586.3599999999997,-3702.91,FALSE,-1828,-1827.91,TRUE
2026-01-27T21:06:40Z,REV_TW1_U_21,5,TRUE,2,1,0,0,1984,0,0,-3694,1150.992,,,-3694,1150.992,0,0,,,,,3574,-3694,1.38,0.72,,,,17,,,,,2,,,,63.27,63.3,62.9,63.6,35400,35400,35300,,,,-3651,59.9695,1164,,128027,113212,,,,,,12,0,0,0,0,0,0,0,0,,2,,1151.8,-3518.75,-3055,17,17.06,2790.72,2742.84,100,-3536,3536,-3694.844,3574.844,,,0,0,0,0,0,0,,,3.395,3.343,3.363,28,11,24,,,47,48,48,FALSE,TRUE,FALSE,2,2,3,6,0,342,4200,16416,1500,-1500,0,0,43,17.381,94.2,4.7,999,999,999,999,999,999,999,999,2,1,0,0,0,1,2,1,1,0,0,8,1,0,0,-33520,0,6208,0,0,0,0,0,0,0,0,0,701.465,2017.89,2017.89,1815,1875,1151,TRUE,0,1815,-1875,2017.89,2017.89,1759.84,1819.84,1150.9,TRUE,0,1759.84,-1819.84,3574.84,-3694.84,FALSE,-1820,-1819.84,TRUE
2026-01-27T21:06:42Z,REV_TW1_U_21,5,TRUE,2,1,0,0,1984,0,2,-3703,1137.735,,,-3702.9066,1137.735,0,0,,,,,3586,-3702,1.38,0.72,,,,17,,,,,2,,,,63.43,63.4,63.1,63.8,35400,35400,35300,,,,-3655,59.9724,1148,,128028,113212,,,,,,12,0,0,0,0,0,0,0,0,,2,,1151.8,-3503.78,-3042,17,17.06,2790.72,2742.84,100,-3543,3546,-3702.9066,3586.362,,,0,0,0,0,0,0,,,3.395,3.343,3.363,28,11,24,,,47,48,48,FALSE,TRUE,FALSE,2,2,3,6,0,342,4200,16416,1500,-1500,0,0,43,17.381,94.2,4.7,999,999,999,999,999,999,999,999,2,1,0,0,0,1,2,1,1,0,0,8,1,0,0,-33519,0,6210,0,0,0,0,0,0,0,0,0,701.465,2018.52,2018.52,1815,1875,1150.9,TRUE,0,1815,-1875,2018.73,2018.73,1771.36,1827.91,1150.9,TRUE,0,1771.36,-1827.91,3586.3599999999997,-3702.91,FALSE,-1828,-1827.91,TRUE
2026-01-27T21:06:44Z,REV_TW1_U_21,5,TRUE,2,1,0,0,1984,0,0,-3695,1123.624,,,-3695,1123.624,0,0,,,,,3575,-3695,1.38,0.72,,,,17,,,,,2,,,,63.17,63.2,62.8,63.5,35400,35400,35300,,,,-3653,59.972,1136,,128031,113212,,,,,,12,0,0,0,0,0,0,0,0,,2,,1151.9,-3519.05,-3055,17,17.06,2790.72,2742.84,100,-3536,3536,-3695.002,3575.0020000000004,,,0,0,0,0,0,0,,,3.395,3.343,3.363,28,11,24,,,47,48,48,FALSE,TRUE,FALSE,2,2,3,6,0,342,4200,16416,1500,-1500,0,0,43,17.381,94.2,4.7,999,999,999,999,999,999,999,999,2,1,0,0,0,1,2,1,1,0,0,8,1,0,0,-33519,0,6212,0,0,0,0,0,0,0,0,0,701.465,2023.56,2023.56,1815,1875,1151,TRUE,0,1815,-1875,2023.56,2023.56,1760,1820,1150.9,TRUE,0,1760,-1820,3575,-3695,FALSE,-1820,-1820,TRUE
2026-01-27T21:06:46Z,REV_TW1_U_21,5,TRUE,2,1,0,0,1984,0,0,-3703,1109.312,,,-3703,1109.312,0,0,,,,,3586,-3703,1.38,0.72,,,,17,,,,,2,,,,63.33,63.3,63,63.7,35400,35400,35300,,,,-3654,59.9675,1119,,128032,113212,,,,,,12,0,0,0,0,0,0,0,0,,2,,1151.9,-3505.23,-3043,17,17.06,2790.72,2742.84,100,-3543,3546,-3703.0653,3586.521,,,0,0,0,0,0,0,,,3.395,3.343,3.363,28,11,24,,,47,48,48,FALSE,TRUE,FALSE,2,2,3,6,0,342,4200,16416,1500,-1500,0,0,43,17.381,94.2,4.7,999,999,999,999,999,999,999,999,2,1,0,0,0,1,2,1,1,0,0,8,1,0,0,-33518,0,6214,0,0,0,0,0,0,0,0,0,701.465,2024.19,2024.19,1815,1875,1151.1,TRUE,0,1815,-1875,2024.19,2024.19,1771.52,1828.07,1151,TRUE,0,1771.52,-1828.07,3586.52,-3703.07,FALSE,-1828,-1828,TRUE
2026-01-27T21:06:48Z,REV_TW1_U_21,5,TRUE,2,1,0,0,1984,0,0,-3695,1096.374,,,-3695,1096.374,0,0,,,,,3575,-3695,1.38,0.72,,,,17,,,,,2,,,,63.03,63,62.7,63.4,35400,35400,35300,,,,-3653,59.9691,1103,,128035,113212,,,,,,12,0,0,0,0,0,0,0,0,,2,,1151.9,-3520.21,-3056,17,17.06,2790.72,2742.84,100,-3536,3536,-3695.002,3575.0020000000004,,,0,0,0,0,0,0,,,3.395,3.343,3.363,28,11,24,,,47,48,48,FALSE,TRUE,FALSE,2,2,3,6,0,342,4200,16416,1500,-1500,0,0,43,17.381,94.2,4.7,999,999,999,999,999,999,999,999,2,1,0,0,0,1,2,1,1,0,0,8,1,0,0,-33517,0,6216,0,0,0,0,0,0,0,0,0,701.465,2028.18,2028.18,1815,1875,1151,TRUE,0,1815,-1875,2025.45,2025.45,1760,1820,1151,TRUE,0,1760,-1820,3575,-3695,FALSE,-1820,-1820,TRUE
2026-01-27T21:06:50Z,REV_TW1_U_21,5,TRUE,2,1,0,0,1984,0,0,-3695,1081.937,,,-3695,1081.937,0,0,,,,,3575,-3695,1.38,0.72,,,,17,,,,,2,,,,63.3,63.3,63,63.6,35400,35400,35300,,,,-3660,59.9666,1090,,128036,113212,,,,,,12,0,0,0,0,0,0,0,0,,2,,1151.9,-3510.99,-3048,17,17.06,2790.72,2742.84,100,-3536,3536,-3695.002,3575.0020000000004,,,0,0,0,0,0,0,,,3.395,3.343,3.363,28,11,24,,,47,48,48,FALSE,TRUE,FALSE,2,2,3,6,0,342,4200,16416,1500,-1500,0,0,43,17.381,94.2,4.7,999,999,999,999,999,999,999,999,2,1,0,0,0,1,2,1,1,0,0,8,1,0,0,-33517,0,6218,0,0,0,0,0,0,0,0,0,701.465,2028.39,2028.39,1815,1875,1151.1,TRUE,0,1815,-1875,2028.39,2028.39,1760.16,1820.16,1151,TRUE,0,1760.16,-1820.16,3575.16,-3695.16,FALSE,-1828,-1828,TRUE
2026-01-27T21:06:52Z,REV_TW1_U_21,5,TRUE,2,1,0,0,1984,0,0,-3695,1067.624,,,-3695,1067.624,0,0,,,,,3586,-3703,1.38,0.72,,,,17,,,,,2,,,,62.93,62.9,62.6,63.3,35400,35400,35300,,,,-3651,59.9675,1076,,128039,113212,,,,,,12,0,0,0,0,0,0,0,0,,2,,1152,-3504.38,-3042,17,17.06,2790.72,2742.84,100,-3543,3546,-3703.224,3586.6800000000003,,,0,0,0,0,0,0,,,3.395,3.343,3.363,28,11,24,,,47,48,48,FALSE,TRUE,FALSE,2,2,3,6,0,342,4200,16416,1500,-1500,0,0,43,17.381,94.2,4.7,999,999,999,999,999,999,999,999,2,1,0,0,0,1,2,1,1,0,0,8,1,0,0,-33516,0,6220,0,0,0,0,0,0,0,0,0,701.465,2029.23,2029.23,1815,1875,1151.1,TRUE,0,1815,-1875,2029.23,2029.23,1771.68,1828.22,1151,TRUE,0,1771.68,-1828.22,3586.6800000000003,-3703.22,FALSE,-1820,-1820,TRUE
2026-01-27T21:06:54Z,REV_TW1_U_21,5,TRUE,2,1,0,0,1984,0,0,-3695,1054.491,,,-3695,1054.491,0,0,,,,,3575,-3695,1.38,0.72,,,,17,,,,,2,,,,62.97,62.9,62.7,63.3,35400,35400,35300,,,,-3659,59.9643,1063,,128040,113212,,,,,,12,0,0,0,0,0,0,0,0,,2,,1152,-3520.51,-3056,17,17.06,2790.72,2742.84,100,-3536,3536,-3695.16,3575.16,,,0,0,0,0,0,0,,,3.396,3.344,3.363,28,11,24,,,47,48,48,FALSE,TRUE,FALSE,2,2,3,6,0,342,4200,16416,1500,-1500,0,0,43,17.381,94.2,4.7,999,999,999,999,999,999,999,999,2,1,0,0,0,1,2,1,1,0,0,8,1,0,0,-33515,0,6222,0,0,0,0,0,0,0,0,0,701.465,2033.01,2033.01,1815,1875,1151.1,TRUE,0,1815,-1875,2032.17,2032.17,1760.16,1820.16,1151.1,TRUE,0,1760.16,-1820.16,3575.16,-3695.16,FALSE,-1820,-1820,TRUE
2026-01-27T21:06:56Z,REV_TW1_U_21,5,TRUE,2,1,0,0,1984,0,0,-3703,1039.71,,,-3703,1039.71,0,0,,,,,3586,-3703,1.38,0.72,,,,16,,,,,2,,,,63.07,63,62.8,63.4,35300,35400,35200,,,,-3653,59.9637,1048,,128043,113212,,,,,,12,0,0,0,0,0,0,0,0,,2,,1152,-3504.38,-3042,17,17.06,2790.72,2742.84,100,-3543,3546,-3703.224,3586.6800000000003,,,0,0,0,0,0,0,,,3.395,3.343,3.363,28,11,24,,,47,48,48,FALSE,TRUE,FALSE,2,2,3,6,0,342,4200,16416,1500,-1500,0,0,43,17.381,94.2,4.7,999,999,999,999,999,999,999,999,2,1,0,0,0,1,2,1,1,0,0,8,1,0,0,-33515,0,6224,0,0,0,0,0,0,0,0,0,701.465,2031.75,2031.75,1815,1875,1151.1,TRUE,0,1815,-1875,2031.75,2031.75,1771.68,1828.22,1151.1,TRUE,0,1771.68,-1828.22,3586.6800000000003,-3703.22,FALSE,-1828,-1828,TRUE
2026-01-27T21:06:58Z,REV_TW1_U_21,5,TRUE,2,1,0,0,1984,0,2,-3695,1025.071,,,-3695.16,1025.071,0,0,,,,,3575,-3695,1.38,0.72,,,,17,,,,,2,,,,63.03,63,62.7,63.4,35300,35400,35200,,,,-3655,59.9653,1033,,128044,113212,,,,,,12,0,0,0,0,0,0,0,0,,2,,1152,-3506.69,-3044,17,17.06,2790.72,2742.84,100,-3543,3546,-3703.224,3586.6800000000003,,,0,0,0,0,0,0,,,3.395,3.344,3.363,28,11,24,,,47,48,48,FALSE,TRUE,FALSE,2,2,3,6,0,342,4200,16416,1500,-1500,0,0,43,17.381,94.2,4.7,999,999,999,999,999,999,999,999,2,1,0,0,0,1,2,1,1,0,0,8,1,0,0,-33514,0,6226,0,0,0,0,0,0,0,0,0,701.465,2034.9,2034.9,1815,1875,1151.2,TRUE,0,1815,-1875,2034.69,2034.69,1760.16,1820.16,1151.1,TRUE,0,1760.16,-1820.16,3575.16,-3695.16,FALSE,-1828,-1828,TRUE
2026-01-27T21:07:00Z,REV_TW1_U_21,5,TRUE,2,1,0,0,1984,0,0,-3695,1010.742,,,-3695,1010.742,0,0,,,,,3575,-3695,1.38,0.72,,,,17,,,,,2,,,,62.77,62.7,62.5,63.1,35300,35400,35200,,,,-3651,59.9629,1024,,128047,113212,,,,,,12,0,0,0,0,0,0,0,0,,2,,1152.1,-3512.75,-3049,17,17.06,2790.72,2742.84,100,-3536,3536,-3695.318,3575.3179999999998,,,0,0,0,0,0,0,,,3.395,3.344,3.363,28,11,24,,,47,48,48,FALSE,TRUE,FALSE,2,2,3,6,0,342,4200,16416,1500,-1500,0,0,43,17.381,94.2,4.7,999,999,999,999,999,999,999,999,2,1,0,0,0,1,2,1,1,0,0,8,1,0,0,-33514,0,6228,0,0,0,0,0,0,0,0,0,701.465,2037.63,2037.63,1815,1875,1151.1,TRUE,0,1815,-1875,2037.63,2037.63,1771.84,1828.38,1151.1,TRUE,0,1771.84,-1828.38,3586.84,-3703.38,FALSE,-1820,-1820,TRUE
2026-01-27T21:07:02Z,REV_TW1_U_21,5,TRUE,2,1,0,0,1984,0,0,-3703,994.824,,,-3703,994.824,0,0,,,,,3575,-3695,1.38,0.72,,,,16,,,,,2,,,,62.93,62.9,62.6,63.3,35300,35400,35200,,,,-3659,59.963,1007,,128048,113212,,,,,,12,0,0,0,0,0,0,0,0,,2,,1152.1,-3521.97,-3057,17,17.06,2790.72,2742.84,100,-3536,3536,-3695.318,3575.3179999999998,,,0,0,0,0,0,0,,,3.396,3.344,3.363,28,11,24,,,47,48,48,FALSE,TRUE,FALSE,2,2,3,6,0,342,4200,16416,1500,-1500,0,0,43,17.259,94.4,4.7,999,999,999,999,999,999,999,999,2,1,0,0,0,1,2,1,1,0,0,8,1,0,0,-33513,0,6230,0,0,0,0,0,0,0,0,0,701.465,2039.1,2039.1,1815,1875,1151.2,TRUE,0,1815,-1875,2039.1,2039.1,1760.32,1820.32,1151.2,TRUE,0,1760.32,-1820.32,3575.3199999999997,-3695.32,FALSE,-1828,-1828,TRUE
2026-01-27T21:07:04Z,REV_TW1_U_21,5,TRUE,2,1,0,0,1984,0,0,-3703,981.437,,,-3703,981.437,0,0,,,,,3586,-3703,1.38,0.72,,,,17,,,,,2,,,,62.9,62.9,62.6,63.2,35300,35300,35200,,,,-3654,59.9626,994,,128051,113212,,,,,,12,0,0,0,0,0,0,0,0,,2,,1152.1,-3509.3,-3046,17,17.06,2790.72,2742.84,100,-3543,3546,-3703.3827,3586.839,,,0,0,0,0,0,0,,,3.396,3.344,3.363,28,11,24,,,47,48,48,FALSE,TRUE,FALSE,2,2,3,6,0,342,4200,16416,1500,-1500,0,0,43,17.259,94.4,4.7,999,999,999,999,999,999,999,999,2,1,0,0,0,1,2,1,1,0,0,8,1,0,0,-33512,0,6232,0,0,0,0,0,0,0,0,0,701.465,2039.94,2039.94,1815,1875,1151.2,TRUE,0,1815,-1875,2039.94,2039.94,1771.84,1828.38,1151.2,TRUE,0,1771.84,-1828.38,3586.84,-3703.38,FALSE,-1828,-1828,TRUE
2026-01-27T21:07:06Z,REV_TW1_U_21,5,TRUE,2,1,0,0,1984,0,0,-3695,966.999,,,-3695,966.999,0,0,,,,,3575,-3695,1.38,0.72,,,,16,,,,,2,,,,62.8,62.8,62.5,63.1,35300,35300,35200,,,,-3660,59.9632,985,,128052,113212,,,,,,12,0,0,0,0,0,0,0,0,,2,,1152.1,-3521.97,-3057,17,17.06,2790.72,2742.84,100,-3536,3536,-3695.318,3575.3179999999998,,,0,0,0,0,0,0,,,3.396,3.344,3.363,28,11,24,,,47,48,48,FALSE,TRUE,FALSE,2,2,3,6,0,342,4200,16416,1500,-1500,0,0,43,17.259,94.4,4.7,999,999,999,999,999,999,999,999,2,1,0,0,0,1,2,1,1,0,0,8,1,0,0,-33512,0,6233,0,0,0,0,0,0,0,0,0,701.465,2042.25,2042.25,1815,1875,1151.2,TRUE,0,1815,-1875,2042.67,2042.67,1760.32,1820.32,1151.2,TRUE,0,1760.32,-1820.32,3575.3199999999997,-3695.32,FALSE,-1820,-1820,TRUE
2026-01-27T21:07:08Z,REV_TW1_U_21,5,TRUE,2,1,0,0,1984,0,2,-3703,952.562,,,-3695.476,952.562,0,0,,,,,3575,-3695,1.38,0.72,,,,16,,,,,2,,,,62.6,62.6,62.3,62.9,35300,35300,35200,,,,-3653,59.9561,968,,128055,113212,,,,,,12,0,0,0,0,0,0,0,0,,2,,1152.2,-3521.12,-3056,17,17.06,2790.72,2742.84,100,-3536,3536,-3695.476,3575.476,,,0,0,0,0,0,0,,,3.396,3.344,3.363,28,11,24,,,47,48,48,FALSE,TRUE,FALSE,2,2,3,6,0,342,4200,16416,1500,-1500,0,0,43,17.259,94.4,4.7,999,999,999,999,999,999,999,999,2,1,0,0,0,1,2,1,1,0,0,8,1,0,0,-33511,0,6236,0,0,0,0,0,0,0,0,0,701.465,2043.09,2043.09,1815,1875,1151.2,TRUE,0,1815,-1875,2043.09,2043.09,1772,1828.54,1151.2,TRUE,0,1772,-1828.54,3587,-3703.54,FALSE,-1829,-1828.54,TRUE
2026-01-27T21:07:10Z,REV_TW1_U_21,5,TRUE,2,1,0,0,1984,0,2,-3703,939.488,,,-3695.476,939.488,0,0,,,,,3575,-3695,1.38,0.72,,,,16,,,,,2,,,,62.5,62.5,62.2,62.8,35300,35300,35200,,,,-3655,59.9624,953,,128056,113212,,,,,,12,0,0,0,0,0,0,0,0,,2,,1152.2,-3516.51,-3052,17,17.06,2790.72,2742.84,100,-3536,3536,-3695.476,3575.476,,,0,0,0,0,0,0,,,3.396,3.344,3.363,28,11,24,,,47,48,48,FALSE,TRUE,FALSE,2,2,3,6,0,342,4200,16416,1500,-1500,0,0,43,17.259,94.4,4.7,999,999,999,999,999,999,999,999,2,1,0,0,0,1,2,1,1,0,0,8,1,0,0,-33511,0,6238,0,0,0,0,0,0,0,0,0,701.465,2043.3,2043.3,1815,1875,1151.3,TRUE,0,1815,-1875,2043.3,2043.3,1760.48,1820.48,1151.3,TRUE,0,1760.48,-1820.48,3575.48,-3695.48,FALSE,-1820,-1820,TRUE
2026-01-27T21:07:12Z,REV_TW1_U_21,5,TRUE,2,1,0,0,1984,0,2,-3695,924.595,,,-3695.476,924.595,0,0,,,,,3586,-3703,1.38,0.72,,,,16,,,,,2,,,,62.43,62.4,62.1,62.8,35300,35300,35200,,,,-3648,59.9569,939,,128059,113212,,,,,,12,0,0,0,0,0,0,0,0,,2,,1152.2,-3507.3,-3044,17,17.06,2790.72,2742.84,100,-3543,3546,-3703.5414,3586.998,,,0,0,0,0,0,0,,,3.396,3.344,3.364,28,11,24,,,47,48,48,FALSE,TRUE,FALSE,2,2,3,6,0,342,4200,16416,1500,-1500,0,0,43,17.259,94.4,4.7,999,999,999,999,999,999,999,999,2,1,0,0,0,1,2,1,1,0,0,8,1,0,0,-33510,0,6240,0,0,0,0,0,0,0,0,0,701.465,2047.92,2047.92,1815,1875,1151.3,TRUE,0,1815,-1875,2047.92,2047.92,1772,1828.54,1151.2,TRUE,0,1772,-1828.54,3587,-3703.54,FALSE,-1820,-1820,TRUE
2026-01-27T21:07:14Z,REV_TW1_U_21,5,TRUE,2,1,0,0,1984,0,0,-3703,910.087,,,-3703,910.087,0,0,,,,,3586,-3703,1.38,0.72,,,,16,,,,,2,,,,62.73,62.7,62.4,63.1,35300,35300,35200,,,,-3662,59.9655,922,,128060,113212,,,,,,12,0,0,0,0,0,0,0,0,,2,,1152.2,-3523.43,-3058,17,17.06,2790.72,2742.84,100,-3543,3546,-3703.5414,3586.998,,,0,0,0,0,0,0,,,3.396,3.344,3.364,28,11,24,,,47,48,48,FALSE,TRUE,FALSE,2,2,3,6,0,342,4200,16416,1500,-1500,0,0,43,17.259,94.4,4.7,999,999,999,999,999,999,999,999,2,1,0,0,0,1,2,1,1,0,0,8,1,0,0,-33510,0,6242,0,0,0,0,0,0,0,0,0,701.465,2049.18,2049.18,1815,1875,1151.3,TRUE,0,1815,-1875,2049.18,2049.18,1772,1828.54,1151.3,TRUE,0,1772,-1828.54,3587,-3703.54,FALSE,-1829,-1828.54,TRUE
2026-01-27T21:07:16Z,REV_TW1_U_21,5,TRUE,2,1,0,0,1984,0,0,-3695,897.087,,,-3695,897.087,0,0,,,,,3575,-3695,1.38,0.72,,,,16,,,,,2,,,,62.33,62.3,62,62.7,35300,35300,35200,,,,-3655,59.9635,902,,128063,113212,,,,,,12,0,0,0,0,0,0,0,0,,2,,1152.3,-3523.73,-3058,17,17.06,2790.72,2742.84,100,-3536,3536,-3695.634,3575.634,,,0,0,0,0,0,0,,,3.396,3.344,3.364,28,11,24,,,47,48,48,FALSE,TRUE,FALSE,2,2,3,6,0,342,4200,16416,1500,-1500,0,0,43,17.259,94.4,4.7,999,999,999,999,999,999,999,999,2,1,0,0,0,1,2,1,1,0,0,8,1,0,0,-33509,0,6244,0,0,0,0,0,0,0,0,0,701.465,2050.86,2050.86,1815,1875,1151.3,TRUE,0,1815,-1875,2050.86,2050.86,1760.63,1820.63,1151.3,TRUE,0,1760.63,-1820.63,3575.63,-3695.63,FALSE,-1820,-1820,TRUE
2026-01-27T21:07:18Z,REV_TW1_U_21,5,TRUE,2,1,0,0,1984,0,0,-3703,882.707,,,-3703,882.707,0,0,,,,,3575,-3695,1.38,0.72,,,,16,,,,,2,,,,62.63,62.6,62.3,63,35200,35300,35100,,,,-3661,59.9665,890,,128064,113212,,,,,,12,0,0,0,0,0,0,0,0,,2,,1152.3,-3514.51,-3050,17,17.06,2790.72,2742.84,100,-3536,3536,-3695.634,3575.634,,,0,0,0,0,0,0,,,3.396,3.344,3.364,28,11,24,,,47,48,48,FALSE,TRUE,FALSE,2,2,3,6,0,342,4200,16416,1500,-1500,0,0,43,17.259,94.4,4.7,999,999,999,999,999,999,999,999,2,1,0,0,0,1,2,1,1,0,0,8,1,0,0,-33509,0,6246,0,0,0,0,0,0,0,0,0,701.465,2052.54,2052.54,1815,1875,1151.4,TRUE,0,1815,-1875,2052.54,2052.54,1760.63,1820.63,1151.4,TRUE,0,1760.63,-1820.63,3575.63,-3695.63,FALSE,-1829,-1828.7,TRUE
2026-01-27T21:07:20Z,REV_TW1_U_21,5,TRUE,2,1,0,0,1984,0,0,-3695,868.457,,,-3695,868.457,0,0,,,,,3587,-3703,1.38,0.72,,,,16,,,,,2,,,,62.33,62.3,62,62.7,35200,35300,35100,,,,-3650,59.9645,874,,128067,113212,,,,,,12,0,0,0,0,0,0,0,0,,2,,1152.3,-3517.97,-3053,17,17.06,2790.72,2742.84,100,-3543,3546,-3703.7001,3587.157,,,0,0,0,0,0,0,,,3.397,3.345,3.364,28,11,24,,,47,48,48,FALSE,TRUE,FALSE,2,2,3,6,0,342,4200,16416,1500,-1500,0,0,43,17.259,94.4,4.7,999,999,999,999,999,999,999,999,2,1,0,0,0,1,2,1,1,0,0,8,1,0,0,-33508,0,6248,0,0,0,0,0,0,0,0,0,701.465,2052.12,2052.12,1815,1875,1151.4,TRUE,0,1815,-1875,2052.12,2052.12,1772.16,1828.7,1151.4,TRUE,0,1772.16,-1828.7,3587.16,-3703.7,FALSE,-1821,-1820.63,TRUE
2026-01-27T21:07:22Z,REV_TW1_U_21,5,TRUE,2,1,0,0,1984,0,0,-3703,854.145,,,-3703,854.145,0,0,,,,,3575,-3695,1.38,0.72,,,,16,,,,,2,,,,62.53,62.5,62.2,62.9,35200,35300,35100,,,,-3663,59.9728,861,,128068,113212,,,,,,12,0,0,0,0,0,0,0,0,,2,,1152.3,-3524.89,-3059,17,17.06,2790.72,2742.84,100,-3536,3536,-3695.634,3575.634,,,0,0,0,0,0,0,,,3.396,3.344,3.364,28,11,24,,,47,48,48,FALSE,TRUE,FALSE,2,2,3,6,0,342,4200,16416,1500,-1500,0,0,43,17.259,94.6,4.7,999,999,999,999,999,999,999,999,2,1,0,0,0,1,2,1,1,0,0,8,1,0,0,-33508,0,6250,0,0,0,0,0,0,0,0,0,701.465,2052.12,2052.12,1815,1875,1151.4,TRUE,0,1815,-1875,2052.12,2052.12,1760.63,1820.63,1151.4,TRUE,0,1760.63,-1820.63,3575.63,-3695.63,FALSE,-1829,-1828.7,TRUE
2026-01-27T21:07:24Z,REV_TW1_U_21,5,TRUE,2,1,0,0,1984,0,0,-3703,840.82,,,-3703,840.82,0,0,,,,,3598,-3703,1.38,0.72,,,,16,,,,,2,,,,62.43,62.4,62.1,62.8,35200,35300,35100,,,,-3658,59.9717,849,,128071,113212,,,,,,12,0,0,0,0,0,0,0,0,,2,,1152.4,-3511.36,-3047,17,17.06,2790.72,2742.84,100,-3543,3556,-3703.8588,3598.84,,,0,0,0,0,0,0,,,3.396,3.345,3.364,28,11,24,,,47,48,48,FALSE,TRUE,FALSE,2,2,3,6,0,342,4200,16416,1500,-1500,0,0,43,17.259,94.6,4.7,999,999,999,999,999,999,999,999,2,1,0,0,0,1,2,1,1,0,0,8,1,0,0,-33507,0,6252,0,0,0,0,0,0,0,0,0,701.465,2056.11,2056.11,1815,1875,1151.4,TRUE,0,1815,-1875,2056.11,2056.11,1783.84,1828.86,1151.4,TRUE,0,1783.84,-1828.86,3598.84,-3703.86,FALSE,-1829,-1828.86,TRUE
2026-01-27T21:07:26Z,REV_TW1_U_21,5,TRUE,2,1,0,0,1984,0,0,-3695,825.661,,,-3695,825.661,0,0,,,,,3587,-3703,1.38,0.72,,,,16,,,,,2,,,,62.2,62.2,61.9,62.5,35200,35300,35100,,,,-3659,59.9715,837,,128072,113212,,,,,,12,0,0,0,0,0,0,0,0,,2,,1152.4,-3526.34,-3060,17,17.06,2790.72,2742.84,100,-3543,3546,-3703.8588,3587.3160000000003,,,0,0,0,0,0,0,,,3.397,3.345,3.364,28,11,24,,,47,48,48,FALSE,TRUE,FALSE,2,2,3,6,0,342,4200,16416,1500,-1500,0,0,43,17.259,94.6,4.7,999,999,999,999,999,999,999,999,2,1,0,0,0,1,2,1,1,0,0,8,1,0,0,-33507,0,6254,0,0,0,0,0,0,0,0,0,701.465,2058.42,2058.42,1815,1875,1151.4,TRUE,0,1815,-1875,2058.42,2058.42,1772.32,1828.86,1151.4,TRUE,0,1772.32,-1828.86,3587.3199999999997,-3703.86,FALSE,-1821,-1820.79,TRUE
2026-01-27T21:07:28Z,REV_TW1_U_21,5,TRUE,2,1,0,0,1984,0,0,-3703,812.592,,,-3703,812.592,0,0,,,,,3575,-3695,1.38,0.72,,,,16,,,,,2,,,,62.43,62.4,62.1,62.8,35200,35200,35100,,,,-3661,59.9638,822,,128075,113212,,,,,,12,0,0,0,0,0,0,0,0,,2,,1152.4,-3526.34,-3060,17,17.06,2790.72,2742.84,100,-3536,3536,-3695.792,3575.7920000000004,,,0,0,0,0,0,0,,,3.396,3.345,3.364,28,11,24,,,47,48,48,FALSE,TRUE,FALSE,2,2,3,6,0,342,4200,16416,1500,-1500,0,0,43,17.259,94.6,4.7,999,999,999,999,999,999,999,999,2,1,0,0,0,1,2,1,1,0,0,8,1,0,0,-33506,0,6256,0,0,0,0,0,0,0,0,0,701.465,2058.63,2058.63,1815,1875,1151.5,TRUE,0,1815,-1875,2058.63,2058.63,1760.79,1820.79,1151.5,TRUE,0,1760.79,-1820.79,3575.79,-3695.79,FALSE,-1829,-1828.86,TRUE
2026-01-27T21:07:30Z,REV_TW1_U_21,5,TRUE,2,1,0,0,1984,0,0,-3695,797.757,,,-3695,797.757,0,0,,,,,3587,-3703,1.375,0.725,,,,16,,,,,2,,,,62.17,62.2,61.8,62.5,35200,35200,35100,,,,-3652,59.9594,809,,128076,113212,,,,,,12,0,0,0,0,0,0,0,0,,2,,1152.4,-3518.28,-3053,17.5,17.55,2790.72,2821.5,100,-3543,3546,-3703.8588,3587.3160000000003,,,0,0,0,0,0,0,,,3.397,3.345,3.364,28,11,24,,,47,48,48,FALSE,TRUE,FALSE,2,2,3,6,0,342,4200,16416,1500,-1500,0,0,43,17.259,94.6,4.7,999,999,999,999,999,999,999,999,2,1,0,0,0,1,2,1,1,0,0,8,1,0,0,-33506,0,6258,0,0,0,0,0,0,0,0,0,701.465,2060.73,2060.73,1815,1875,1151.5,TRUE,0,1815,-1875,2060.73,2060.73,1772.32,1828.86,1151.5,TRUE,0,1772.32,-1828.86,3587.3199999999997,-3703.86,FALSE,-1821,-1820.79,TRUE
2026-01-27T21:07:32Z,REV_TW1_U_21,5,TRUE,2,1,0,0,1984,0,0,-3695,783.181,,,-3695,783.181,0,0,,,,,3598,-3703,1.375,0.725,,,,16,,,,,2,,,,62.2,62.2,61.9,62.5,35200,35200,35100,,,,-3656,59.9541,799,,128079,113212,,,,,,12,0,0,0,0,0,0,0,0,,2,,1152.4,-3526.34,-3060,17.5,17.55,2872.8,2821.5,100,-3543,3556,-3703.8588,3598.84,,,0,0,0,0,0,0,,,3.397,3.345,3.364,28,11,24,,,47,48,48,FALSE,TRUE,FALSE,2,2,3,6,0,342,4200,16416,1500,-1500,0,0,43,17.259,94.6,4.7,999,999,999,999,999,999,999,999,2,1,0,0,0,1,2,1,1,0,0,8,1,0,0,-33505,0,6260,0,0,0,0,0,0,0,0,0,701.465,2063.25,2063.25,1815,1875,1151.5,TRUE,0,1815,-1875,2063.25,2063.25,1783.84,1828.86,1151.5,TRUE,0,1783.84,-1828.86,3598.84,-3703.86,FALSE,-1821,-1820.79,TRUE
2026-01-27T21:07:34Z,REV_TW1_U_21,5,TRUE,2,1,0,0,1984,0,0,-3704,767.768,,,-3703,767.768,0,0,,,,,3575,-3695,1.375,0.725,,,,16,,,,,2,,,,62.3,62.3,62,62.6,35200,35200,35100,,,,-3657,59.9534,783,,128080,113212,,,,,,12,0,0,0,0,0,0,0,0,,2,,1152.5,-3525.5,-3059,17.5,17.55,2872.8,2821.5,100,-3536,3536,-3695.95,3575.95,,,0,0,0,0,0,0,,,3.397,3.345,3.364,28,11,24,,,47,48,48,FALSE,TRUE,FALSE,2,2,3,6,0,342,4200,16416,1500,-1500,0,0,43,17.259,94.6,4.7,999,999,999,999,999,999,999,999,2,1,0,0,0,1,2,1,1,0,0,8,1,0,0,-33505,0,6262,0,0,0,0,0,0,0,0,0,701.465,2061.57,2061.57,1815,1875,1151.5,TRUE,0,1815,-1875,2061.57,2061.57,1760.95,1820.95,1151.5,TRUE,0,1760.95,-1820.95,3575.95,-3695.95,FALSE,-1829,-1828.86,TRUE
2026-01-27T21:07:36Z,REV_TW1_U_21,5,TRUE,2,1,0,0,1984,0,0,-3704,753.28,,,-3704,753.28,0,0,,,,,3599,-3704,1.375,0.725,,,,16,,,,,2,,,,62.23,62.2,61.9,62.6,35200,35200,35100,,,,-3656,59.9546,767,,128083,113212,,,,,,12,0,0,0,0,0,0,0,0,,2,,1152.5,-3512.82,-3048,17.5,17.55,2872.8,2821.5,100,-3543,3556,-3704.0175,3599,,,0,0,0,0,0,0,,,3.397,3.345,3.364,28,11,24,,,47,48,48,FALSE,TRUE,FALSE,2,2,3,6,0,342,4200,16416,1500,-1500,0,0,43,17.259,94.6,4.7,999,999,999,999,999,999,999,999,2,1,0,0,0,1,2,1,1,0,0,8,1,0,0,-33504,0,6264,0,0,0,0,0,0,0,0,0,701.465,2063.88,2063.88,1815,1875,1151.5,TRUE,0,1815,-1875,2063.88,2063.88,1784,1829.02,1151.5,TRUE,0,1784,-1829.02,3599,-3704.02,FALSE,-1829,-1829,TRUE
2026-01-27T21:07:38Z,REV_TW1_U_21,5,TRUE,2,1,0,0,1984,0,0,-3704,736.128,,,-3704,736.128,0,0,,,,,3599,-3704,1.375,0.725,,,,16,,,,,2,,,,62.23,62.2,61.9,62.6,35200,35200,35100,,,,-3663,59.9585,748,,128084,113212,,,,,,12,0,0,0,0,0,0,0,0,,2,,1152.5,-3527.8,-3061,17.5,17.55,2872.8,2821.5,100,-3543,3556,-3704.0175,3599,,,0,0,0,0,0,0,,,3.397,3.345,3.364,28,11,24,,,47,48,48,FALSE,TRUE,FALSE,2,2,3,6,0,342,4200,16416,1500,-1500,0,0,43,17.259,94.6,4.7,999,999,999,999,999,999,999,999,2,1,0,0,0,1,2,1,1,0,0,8,1,0,0,-33504,0,6266,0,0,0,0,0,0,0,0,0,701.465,2064.72,2064.72,1815,1875,1151.6,TRUE,0,1815,-1875,2064.72,2064.72,1784,1829.02,1151.6,TRUE,0,1784,-1829.02,3599,-3704.02,FALSE,-1829,-1829,TRUE
2026-01-27T21:07:40Z,REV_TW1_U_21,5,TRUE,2,1,0,0,1984,0,0,-3704,718.821,,,-3704,718.821,0,0,,,,,3599,-3704,1.375,0.725,,,,16,,,,,2,,,,62.2,62.2,61.9,62.5,35200,35200,35100,,,,-3664,59.9566,732,,128087,113212,,,,,,12,0,0,0,0,0,0,0,0,,2,,1152.5,-3526.65,-3060,17.5,17.55,2872.8,2821.5,100,-3543,3556,-3704.0175,3599,,,0,0,0,0,0,0,,,3.397,3.345,3.364,28,11,24,,,47,48,48,FALSE,TRUE,FALSE,2,2,3,6,0,342,4200,16416,1500,-1500,0,0,43,17.259,94.6,4.7,999,999,999,999,999,999,999,999,2,1,0,0,0,1,2,1,1,0,0,8,1,0,0,-33503,0,6268,0,0,0,0,0,0,0,0,0,701.465,2069.34,2069.34,1815,1875,1151.6,TRUE,0,1815,-1875,2069.34,2069.34,1784.16,1829.18,1151.6,TRUE,0,1784.16,-1829.18,3599.16,-3704.18,FALSE,-1829,-1829,TRUE
2026-01-27T21:07:42Z,REV_TW1_U_21,5,TRUE,2,1,0,0,1984,0,0,-3704,703.335,,,-3704,703.335,0,0,,,,,3599,-3704,1.375,0.725,,,,16,,,,,2,,,,62.13,62.1,61.8,62.5,35200,35200,35100,,,,-3665,59.965,713,,128088,113212,,,,,,12,0,0,0,0,0,0,0,0,,2,,1152.6,-3528.11,-3061,17.5,17.55,2872.8,2821.5,100,-3543,3556,-3704.1762,3599.16,,,0,0,0,0,0,0,,,3.397,3.345,3.365,28,11,24,,,47,48,48,FALSE,TRUE,FALSE,2,2,3,6,0,342,4200,16416,1500,-1500,0,0,42,17.045,94.9,4.8,999,999,999,999,999,999,999,999,2,1,0,0,0,1,2,1,1,0,0,8,1,0,0,-33503,0,6270,0,0,0,0,0,0,0,0,0,701.465,2069.34,2069.34,1815,1875,1151.6,TRUE,0,1815,-1875,2069.34,2069.34,1784.16,1829.18,1151.6,TRUE,0,1784.16,-1829.18,3599.16,-3704.18,FALSE,-1829,-1829,TRUE
2026-01-27T21:07:44Z,REV_TW1_U_21,5,TRUE,2,1,0,0,1984,0,0,-3704,685.922,,,-3704,685.922,0,0,,,,,3599,-3704,1.375,0.725,,,,16,,,,,2,,,,62.13,62.1,61.8,62.5,35200,35200,35100,,,,-3666,59.9629,694,,128091,113212,,,,,,12,0,0,0,0,0,0,0,0,,2,,1152.6,-3528.11,-3061,17.5,17.55,2872.8,2821.5,100,-3543,3556,-3704.1762,3599.16,,,0,0,0,0,0,0,,,3.398,3.345,3.365,28,11,24,,,47,48,48,FALSE,TRUE,FALSE,2,2,3,6,0,342,4200,16416,1500,-1500,0,0,42,17.045,94.9,4.8,999,999,999,999,999,999,999,999,2,1,0,0,0,1,2,1,1,0,0,8,1,0,0,-33503,0,6272,0,0,0,0,0,0,0,0,0,701.465,2069.76,2069.76,1815,1875,1151.6,TRUE,0,1815,-1875,2069.76,2069.76,1784.16,1829.18,1151.7,TRUE,0,1784.16,-1829.18,3599.16,-3704.18,FALSE,-1829,-1829,TRUE
2026-01-27T21:07:46Z,REV_TW1_U_21,5,TRUE,2,1,0,0,1984,0,0,-3704,668.075,,,-3704,668.075,0,0,,,,,3599,-3704,1.375,0.725,,,,16,,,,,2,,,,62.07,62,61.8,62.4,35100,35200,35000,,,,-3665,59.9667,679,,128092,113212,,,,,,12,0,0,0,0,0,0,0,0,,2,,1152.6,-3526.96,-3060,17.5,17.55,2872.8,2821.5,100,-3543,3556,-3704.1762,3599.16,,,0,0,0,0,0,0,,,3.397,3.345,3.365,28,11,24,,,47,48,48,FALSE,TRUE,FALSE,2,2,3,6,0,342,4200,16416,1500,-1500,0,0,42,17.045,94.9,4.8,999,999,999,999,999,999,999,999,2,1,0,0,0,1,2,1,1,0,0,8,1,0,0,-33502,0,6273,0,0,0,0,0,0,0,0,0,701.465,2072.49,2072.49,1815,1875,1151.7,TRUE,0,1815,-1875,2072.49,2072.49,1784.16,1829.18,1151.7,TRUE,0,1784.16,-1829.18,3599.16,-3704.18,FALSE,-1829,-1829,TRUE
2026-01-27T21:07:48Z,REV_TW1_U_21,5,TRUE,2,1,0,0,1984,0,0,-3704,652.017,,,-3704,652.017,0,0,,,,,3599,-3704,1.37,0.73,,,,16,,,,,2,,,,62.03,62,61.7,62.4,35100,35200,35000,,,,-3667,59.9631,659,,128095,113212,,,,,,12,0,0,0,0,0,0,0,0,,2,,1152.6,-3528.11,-3061,18,18.06,2872.8,2903.58,100,-3543,3556,-3704.1762,3599.16,,,0,0,0,0,0,0,,,3.397,3.345,3.365,28,11,24,,,47,48,48,FALSE,TRUE,FALSE,2,2,3,6,0,342,4200,16416,1500,-1500,0,0,42,17.045,94.9,4.8,999,999,999,999,999,999,999,999,2,1,0,0,0,1,2,1,1,0,0,8,1,0,0,-33502,0,6276,0,0,0,0,0,0,0,0,0,701.465,2074.8,2074.8,1815,1875,1151.7,TRUE,0,1815,-1875,2074.8,2074.8,1784.16,1829.18,1151.7,TRUE,0,1784.16,-1829.18,3599.16,-3704.18,FALSE,-1829,-1829,TRUE
2026-01-27T21:07:50Z,REV_TW1_U_21,5,TRUE,2,1,0,0,1984,0,0,-3704,634.349,,,-3704,634.349,0,0,,,,,3599,-3704,1.37,0.73,,,,16,,,,,2,,,,62,62,61.7,62.3,35100,35200,35000,,,,-3668,59.9703,642,,128096,113212,,,,,,12,0,0,0,0,0,0,0,0,,2,,1152.7,-3528.41,-3061,18,18.06,2872.8,2903.58,100,-3543,3556,-3704.3349,3599.3199999999997,,,0,0,0,0,0,0,,,3.398,3.345,3.365,28,11,24,,,47,48,48,FALSE,TRUE,FALSE,2,2,3,6,0,342,4200,16416,1500,-1500,0,0,42,17.045,94.9,4.8,999,999,999,999,999,999,999,999,2,1,0,0,0,1,2,1,1,0,0,8,1,0,0,-33501,0,6278,0,0,0,0,0,0,0,0,0,701.465,2073.96,2073.96,1815,1875,1151.7,TRUE,0,1815,-1875,2073.96,2073.96,1784.32,1829.33,1151.7,TRUE,0,1784.32,-1829.33,3599.3199999999997,-3704.33,FALSE,-1829,-1829,TRUE
2026-01-27T21:07:52Z,REV_TW1_U_21,5,TRUE,2,1,0,0,1984,0,0,-3704,616.469,,,-3704,616.469,0,0,,,,,3599,-3704,1.37,0.73,,,,16,,,,,2,,,,61.93,61.9,61.6,62.3,35100,35200,35000,,,,-3666,59.9632,629,,128099,113212,,,,,,12,0,0,0,0,0,0,0,0,,2,,1152.7,-3527.26,-3060,18,18.06,2954.88,2903.58,100,-3543,3556,-3704.3349,3599.3199999999997,,,0,0,0,0,0,0,,,3.398,3.345,3.365,28,11,24,,,47,48,48,FALSE,TRUE,FALSE,2,2,3,6,0,342,4200,16416,1500,-1500,0,0,42,17.045,94.9,4.8,999,999,999,999,999,999,999,999,2,1,0,0,0,1,2,1,1,0,0,8,1,0,0,-33501,0,6279,0,0,0,0,0,0,0,0,0,701.465,2075.43,2075.43,1815,1875,1151.7,TRUE,0,1815,-1875,2075.43,2075.43,1784.32,1829.33,1151.7,TRUE,0,1784.32,-1829.33,3599.3199999999997,-3704.33,FALSE,-1829,-1829,TRUE
2026-01-27T21:07:54Z,REV_TW1_U_21,5,TRUE,2,1,0,0,1984,0,0,-3704,600.5,,,-3704,600.5,0,0,,,,,3599,-3704,1.37,0.73,,,,16,,,,,2,,,,61.93,61.9,61.6,62.3,35100,35100,35000,,,,-3663,59.9681,612,,128100,113212,,,,,,12,0,0,0,0,0,0,0,0,,2,,1152.7,-3528.41,-3061,18,18.06,2954.88,2903.58,100,-3543,3556,-3704.3349,3599.3199999999997,,,0,0,0,0,0,0,,,3.398,3.345,3.365,28,11,24,,,47,48,48,FALSE,TRUE,FALSE,2,2,3,6,0,342,4200,16416,1500,-1500,0,0,42,17.045,94.9,4.8,999,999,999,999,999,999,999,999,2,1,0,0,0,1,2,1,1,0,0,8,1,0,0,-33501,0,6282,0,0,0,0,0,0,0,0,0,701.465,2077.53,2077.53,1815,1875,1151.7,TRUE,0,1815,-1875,2077.53,2077.53,1784.32,1829.33,1151.8,TRUE,0,1784.32,-1829.33,3599.3199999999997,-3704.33,FALSE,-1829,-1829,TRUE
2026-01-27T21:07:56Z,REV_TW1_U_21,5,TRUE,2,1,0,0,1984,0,0,-3704,582.75,,,-3704,582.75,0,0,,,,,3599,-3704,1.37,0.73,,,,16,,,,,2,,,,61.9,61.9,61.6,62.2,35100,35100,35000,,,,-3667,59.9668,600,,128103,113212,,,,,,12,0,0,0,0,0,0,0,0,,2,,1152.7,-3528.41,-3061,18,18.06,2954.88,2903.58,100,-3543,3556,-3704.3349,3599.3199999999997,,,0,0,0,0,0,0,,,3.398,3.345,3.365,28,11,24,,,47,48,48,FALSE,TRUE,FALSE,2,2,3,6,0,342,4200,16416,1500,-1500,0,0,42,17.045,94.9,4.8,999,999,999,999,999,999,999,999,2,1,0,0,0,1,2,1,1,0,0,8,1,0,0,-33500,0,6283,0,0,0,0,0,0,0,0,0,701.465,2079.42,2079.42,1815,1875,1151.8,TRUE,0,1815,-1875,2079.42,2079.42,1784.32,1829.33,1151.8,TRUE,0,1784.32,-1829.33,3599.3199999999997,-3704.33,FALSE,-1829,-1829,TRUE
2026-01-27T21:07:58Z,REV_TW1_U_21,5,TRUE,2,1,0,0,1984,0,0,-3704,565.416,,,-3704,565.416,0,0,,,,,3599,-3704,1.37,0.73,,,,16,,,,,2,,,,61.9,61.9,61.6,62.2,35100,35100,35000,,,,-3662,59.966,582,,128104,113212,,,,,,12,0,0,0,0,0,0,0,0,,2,,1152.8,-3527.57,-3060,18,18.06,2954.88,2903.58,100,-3543,3556,-3704.4936,3599.48,,,0,0,0,0,0,0,,,3.398,3.345,3.365,28,11,24,,,47,48,48,FALSE,TRUE,FALSE,2,2,3,6,0,342,4200,16416,1500,-1500,0,0,42,17.045,94.9,4.8,999,999,999,999,999,999,999,999,2,1,0,0,0,1,2,1,1,0,0,8,1,0,0,-33500,0,6285,0,0,0,0,0,0,0,0,0,701.465,2078.37,2078.37,1815,1875,1151.8,TRUE,0,1815,-1875,2078.37,2078.37,1784.48,1829.49,1151.8,TRUE,0,1784.48,-1829.49,3599.48,-3704.49,FALSE,-1829,-1829,TRUE
2026-01-27T21:08:00Z,REV_TW1_U_21,5,TRUE,2,1,0,0,1984,0,0,-3704,550.087,,,-3704,550.087,0,0,,,,,3599,-3704,1.37,0.73,,,,16,,,,,2,,,,61.83,61.8,61.5,62.2,35100,35100,35000,,,,-3660,59.9611,564,,128107,113212,,,,,,12,0,0,0,0,0,0,0,0,,2,,1152.8,-3525.26,-3058,18,18.06,2954.88,2903.58,100,-3543,3556,-3704.4936,3599.48,,,0,0,0,0,0,0,,,3.398,3.346,3.365,28,11,24,,,47,48,48,FALSE,TRUE,FALSE,2,2,3,6,0,342,4200,16416,1500,-1500,0,0,42,17.045,94.9,4.8,999,999,999,999,999,999,999,999,2,1,0,0,0,1,2,1,1,0,0,8,1,0,0,-33500,0,6288,0,0,0,0,0,0,0,0,0,701.465,2079.84,2079.84,1815,1875,1151.8,TRUE,0,1815,-1875,2079.84,2079.84,1784.48,1829.49,1151.8,TRUE,0,1784.48,-1829.49,3599.48,-3704.49,FALSE,-1829,-1829,TRUE
2026-01-27T21:08:02Z,REV_TW1_U_21,5,TRUE,2,1,0,0,1984,0,0,-3704,533.438,,,-3704,533.438,0,0,,,,,3599,-3704,1.37,0.73,,,,17,,,,,2,,,,61.83,61.8,61.5,62.2,35100,35100,35000,,,,-3664,59.9607,547,,128108,113212,,,,,,12,0,0,0,0,0,0,0,0,,2,,1152.8,-3528.72,-3061,18,18.06,2954.88,2903.58,100,-3543,3556,-3704.4936,3599.48,,,0,0,0,0,0,0,,,3.398,3.346,3.365,28,11,24,,,47,48,48,FALSE,TRUE,FALSE,2,2,3,6,0,342,4200,16416,1500,-1500,0,0,42,16.887,95.1,4.8,999,999,999,999,999,999,999,999,2,1,0,0,0,1,2,1,1,0,0,8,1,0,0,-33499,0,6290,0,0,0,0,0,0,0,0,0,701.465,2080.05,2080.05,1815,1875,1151.8,TRUE,0,1815,-1875,2080.05,2080.05,1784.48,1829.49,1151.9,TRUE,0,1784.48,-1829.49,3599.48,-3704.49,FALSE,-1829,-1829,TRUE
2026-01-27T21:08:04Z,REV_TW1_U_21,5,TRUE,2,1,0,0,1984,0,0,-3704,518.161,,,-3704,518.161,0,0,,,,,3599,-3704,1.37,0.73,,,,17,,,,,2,,,,61.8,61.8,61.5,62.1,35100,35100,35000,,,,-3661,59.9591,533,,128111,113212,,,,,,12,0,0,0,0,0,0,0,0,,2,,1152.8,-3528.72,-3061,18,18.06,2954.88,2903.58,100,-3543,3556,-3704.4936,3599.48,,,0,0,0,0,0,0,,,3.398,3.345,3.365,28,11,24,,,47,48,48,FALSE,TRUE,FALSE,2,2,3,6,0,342,4200,16416,1500,-1500,0,0,42,16.887,95.1,4.8,999,999,999,999,999,999,999,999,2,1,0,0,0,1,2,1,1,0,0,8,1,0,0,-33499,0,6291,0,0,0,0,0,0,0,0,0,701.465,2081.73,2081.73,1815,1875,1151.8,TRUE,0,1815,-1875,2081.52,2081.52,1784.48,1829.49,1151.9,TRUE,0,1784.48,-1829.49,3599.48,-3704.49,FALSE,-1829,-1829,TRUE
2026-01-27T21:08:06Z,REV_TW1_U_21,5,TRUE,2,1,0,0,1984,0,0,-3704,503.926,,,-3704,503.926,0,0,,,,,3599,-3704,1.37,0.73,,,,16,,,,,2,,,,61.8,61.8,61.5,62.1,35100,35100,35000,,,,-3664,59.9606,515,,128112,113212,,,,,,12,0,0,0,0,0,0,0,0,,2,,1152.8,-3528.72,-3061,18,18.06,2954.88,2903.58,100,-3543,3556,-3704.4936,3599.48,,,0,0,0,0,0,0,,,3.398,3.346,3.365,28,11,24,,,47,48,48,FALSE,TRUE,FALSE,2,2,3,6,0,342,4200,16416,1500,-1500,0,0,42,16.887,95.1,4.8,999,999,999,999,999,999,999,999,2,1,0,0,0,1,2,1,1,0,0,8,1,0,0,-33499,0,6294,0,0,0,0,0,0,0,0,0,701.465,2084.88,2084.88,1815,1875,1151.9,TRUE,0,1815,-1875,2084.88,2084.88,1784.48,1829.49,1151.9,TRUE,0,1784.48,-1829.49,3599.48,-3704.49,FALSE,-1829,-1829,TRUE
2026-01-27T21:08:08Z,REV_TW1_U_21,5,TRUE,2,1,0,0,1984,0,0,-3704,487.427,,,-3704,487.427,0,0,,,,,3599,-3704,1.37,0.73,,,,17,,,,,2,,,,61.73,61.7,61.4,62.1,35100,35100,34900,,,,-3664,59.965,495,,128115,113212,,,,,,12,0,0,0,0,0,0,0,0,,2,,1152.9,-3529.03,-3061,18,18.06,2954.88,2903.58,100,-3543,3556,-3704.6523,3599.6400000000003,,,0,0,0,0,0,0,,,3.398,3.346,3.365,28,11,24,,,47,48,48,FALSE,TRUE,FALSE,2,2,3,6,0,342,4200,16416,1500,-1500,0,0,42,16.887,95.1,4.8,999,999,999,999,999,999,999,999,2,1,0,0,0,1,2,1,1,0,0,8,1,0,0,-33498,0,6296,0,0,0,0,0,0,0,0,0,701.465,2086.14,2086.14,1815,1875,1151.8,TRUE,0,1815,-1875,2086.14,2086.14,1784.64,1829.65,1151.9,TRUE,0,1784.64,-1829.65,3599.6400000000003,-3704.65,FALSE,-1829,-1829,TRUE
2026-01-27T21:08:10Z,REV_TW1_U_21,5,TRUE,2,1,0,0,1984,0,0,-3704,473.575,,,-3704,473.575,0,0,,,,,3599,-3704,1.37,0.73,,,,17,,,,,2,,,,61.77,61.7,61.5,62.1,35000,35100,34900,,,,-3665,59.9675,481,,128116,113212,,,,,,12,0,0,0,0,0,0,0,0,,2,,1152.9,-3529.03,-3061,18,18.06,2954.88,2903.58,100,-3543,3556,-3704.6523,3599.6400000000003,,,0,0,0,0,0,0,,,3.399,3.346,3.365,28,11,24,,,47,48,48,FALSE,TRUE,FALSE,2,2,3,6,0,342,4200,16416,1500,-1500,0,0,42,16.887,95.1,4.8,999,999,999,999,999,999,999,999,2,1,0,0,0,1,2,1,1,0,0,8,1,0,0,-33498,0,6297,0,0,0,0,0,0,0,0,0,701.465,2085.3,2085.3,1815,1875,1151.9,TRUE,0,1815,-1875,2085.3,2085.3,1784.64,1829.65,1152,TRUE,0,1784.64,-1829.65,3599.6400000000003,-3704.65,FALSE,-1830,-1829.65,TRUE
2026-01-27T21:08:12Z,REV_TW1_U_21,5,TRUE,2,1,0,0,1984,0,0,-3704,458.745,,,-3704,458.745,0,0,,,,,3599,-3704,1.37,0.73,,,,17,,,,,2,,,,61.73,61.7,61.4,62.1,35000,35100,34900,,,,-3667,59.9625,465,,128119,113212,,,,,,12,0,0,0,0,0,0,0,0,,2,,1152.9,-3530.18,-3062,18,18.06,2954.88,2903.58,100,-3543,3556,-3704.6523,3599.6400000000003,,,0,0,0,0,0,0,,,3.399,3.346,3.365,28,11,24,,,47,48,48,FALSE,TRUE,FALSE,2,2,3,6,0,342,4200,16416,1500,-1500,0,0,42,16.887,95.1,4.8,999,999,999,999,999,999,999,999,2,1,0,0,0,1,2,1,1,0,0,8,1,0,0,-33498,0,6299,0,0,0,0,0,0,0,0,0,701.465,2085.09,2085.09,1815,1875,1151.9,TRUE,0,1815,-1875,2085.09,2085.09,1784.64,1829.65,1152,TRUE,0,1784.64,-1829.65,3599.6400000000003,-3704.65,FALSE,-1830,-1829.65,TRUE
2026-01-27T21:08:14Z,REV_TW1_U_21,5,TRUE,2,1,0,0,1984,0,0,-3704,444.174,,,-3704,444.174,0,0,,,,,3599,-3704,1.37,0.73,,,,17,,,,,2,,,,61.77,61.7,61.5,62.1,35000,35100,34900,,,,-3671,59.9662,449,,128120,113212,,,,,,12,0,0,0,0,0,0,0,0,,2,,1152.9,-3530.18,-3062,18,18.06,2954.88,2903.58,100,-3543,3556,-3704.6523,3599.6400000000003,,,0,0,0,0,0,0,,,3.399,3.346,3.365,28,11,24,,,47,48,48,FALSE,TRUE,FALSE,2,2,3,6,0,342,4200,16416,1500,-1500,0,0,42,16.887,95.1,4.8,999,999,999,999,999,999,999,999,2,1,0,0,0,1,2,1,1,0,0,8,1,0,0,-33498,0,6302,0,0,0,0,0,0,0,0,0,701.465,2088.66,2088.66,1815,1875,1151.9,TRUE,0,1815,-1875,2088.66,2088.66,1784.64,1829.65,1152,TRUE,0,1784.64,-1829.65,3599.6400000000003,-3704.65,FALSE,-1830,-1829.65,TRUE
2026-01-27T21:08:16Z,REV_TW1_U_21,5,TRUE,2,1,0,0,1984,0,0,-3704,431.174,,,-3704,431.174,0,0,,,,,3599,-3704,1.37,0.73,,,,17,,,,,2,,,,61.73,61.7,61.4,62.1,35000,35000,34900,,,,-3670,59.9628,439,,128123,113212,,,,,,12,0,0,0,0,0,0,0,0,,2,,1153,-3530.49,-3062,18,18.06,2954.88,2903.58,100,-3543,3556,-3704.811,3599.8,,,0,0,0,0,0,0,,,3.399,3.346,3.366,28,11,24,,,47,48,48,FALSE,TRUE,FALSE,2,2,3,6,0,342,4200,16416,1500,-1500,0,0,42,16.887,95.1,4.8,999,999,999,999,999,999,999,999,2,1,0,0,0,1,2,1,1,0,0,8,1,0,0,-33497,0,6303,0,0,0,0,0,0,0,0,0,701.465,2089.29,2089.29,1815,1875,1152,TRUE,0,1815,-1875,2089.29,2089.29,1784.8,1829.81,1152,TRUE,0,1784.8,-1829.81,3599.8,-3704.81,FALSE,-1830,-1829.65,TRUE
2026-01-27T21:08:18Z,REV_TW1_U_21,5,TRUE,2,1,0,0,1984,0,0,-3704,416.4,,,-3704,416.4,0,0,,,,,3599,-3704,1.37,0.73,,,,17,,,,,2,,,,61.73,61.7,61.4,62.1,35000,35000,34900,,,,-3669,59.9674,425,,128124,113212,,,,,,12,0,0,0,0,0,0,0,0,,2,,1153,-3531.64,-3063,18,18.06,2954.88,2903.58,100,-3543,3556,-3704.811,3599.8,,,0,0,0,0,0,0,,,3.399,3.346,3.366,28,11,24,,,47,48,48,FALSE,TRUE,FALSE,2,2,3,6,0,342,4200,16416,1500,-1500,0,0,42,16.887,95.1,4.8,999,999,999,999,999,999,999,999,2,1,0,0,0,1,2,1,1,0,0,8,1,0,0,-33497,0,6305,0,0,0,0,0,0,0,0,0,701.465,2088.03,2088.03,1815,1875,1151.9,TRUE,0,1815,-1875,2088.03,2088.03,1784.8,1829.81,1152,TRUE,0,1784.8,-1829.81,3599.8,-3704.81,FALSE,-1830,-1829.81,TRUE
2026-01-27T21:08:20Z,REV_TW1_U_21,5,TRUE,2,1,0,0,1984,0,0,-3704,401.889,,,-3704,401.889,0,0,,,,,3599,-3704,1.37,0.73,,,,17,,,,,2,,,,61.73,61.7,61.4,62.1,35000,35000,34900,,,,-3667,59.9712,411,,128127,113212,,,,,,12,0,0,0,0,0,0,0,0,,2,,1153,-3531.64,-3063,18,18.06,2954.88,2903.58,100,-3543,3556,-3704.811,3599.8,,,0,0,0,0,0,0,,,3.399,3.346,3.366,28,11,24,,,47,48,48,FALSE,TRUE,FALSE,2,2,3,6,0,342,4200,16416,1500,-1500,0,0,42,16.887,95.1,4.8,999,999,999,999,999,999,999,999,2,1,0,0,0,1,2,1,1,0,0,8,1,0,0,-33497,0,6308,0,0,0,0,0,0,0,0,0,701.465,2089.08,2089.08,1815,1875,1152,TRUE,0,1815,-1875,2089.08,2089.08,1784.8,1829.81,1152.1,TRUE,0,1784.8,-1829.81,3599.8,-3704.81,FALSE,-1830,-1829.81,TRUE
2026-01-27T21:08:22Z,REV_TW1_U_21,5,TRUE,2,1,0,0,1984,0,0,-3704,388.752,,,-3704,388.752,0,0,,,,,3599,-3704,1.37,0.73,,,,17,,,,,2,,,,61.7,61.7,61.4,62,35000,35000,34900,,,,-3668,59.9677,400,,128128,113212,,,,,,12,0,0,0,0,0,0,0,0,,2,,1153,-3531.64,-3063,18,18.06,2954.88,2903.58,100,-3543,3556,-3704.811,3599.8,,,0,0,0,0,0,0,,,3.399,3.346,3.366,28,11,24,,,47,48,48,FALSE,TRUE,FALSE,2,2,3,6,0,342,4200,16416,1500,-1500,0,0,42,17.018,95.3,4.8,999,999,999,999,999,999,999,999,2,1,0,0,0,1,2,1,1,0,0,8,1,0,0,-33496,0,6309,0,0,0,0,0,0,0,0,0,701.465,2090.55,2090.55,1815,1875,1152,TRUE,0,1815,-1875,2090.55,2090.55,1784.8,1829.81,1152.1,TRUE,0,1784.8,-1829.81,3599.8,-3704.81,FALSE,-1830,-1829.81,TRUE
2026-01-27T21:08:24Z,REV_TW1_U_21,5,TRUE,2,1,0,0,1984,0,0,-3704,374.11,,,-3704,374.11,0,0,,,,,3599,-3704,1.37,0.73,,,,17,,,,,2,,,,61.67,61.6,61.4,62,35000,35000,34900,,,,-3665,59.9723,386,,128131,113212,,,,,,12,0,0,0,0,0,0,0,0,,2,,1153.1,-3531.95,-3063,18,18.06,2954.88,2903.58,100,-3543,3556,-3704.9697,3599.96,,,0,0,0,0,0,0,,,3.399,3.346,3.366,28,11,24,,,47,48,48,FALSE,TRUE,FALSE,2,2,3,6,0,342,4200,16416,1500,-1500,0,0,42,17.018,95.3,4.8,999,999,999,999,999,999,999,999,2,1,0,0,0,1,2,1,1,0,0,8,1,0,0,-33496,0,6311,0,0,0,0,0,0,0,0,0,701.465,2090.13,2090.13,1815,1875,1152,TRUE,0,1815,-1875,2090.13,2090.13,1784.96,1829.97,1152.1,TRUE,0,1784.96,-1829.97,3599.96,-3704.97,FALSE,-1830,-1829.81,TRUE
2026-01-27T21:08:26Z,REV_TW1_U_21,5,TRUE,2,1,0,0,1984,0,0,-3704,361.172,,,-3704,361.172,0,0,,,,,3599,-3704,1.37,0.73,,,,17,,,,,2,,,,61.7,61.7,61.4,62,35000,35000,34900,,,,-3664,59.9732,372,,128132,113212,,,,,,12,0,0,0,0,0,0,0,0,,2,,1153.1,-3530.79,-3062,18,18.06,2954.88,2903.58,100,-3543,3556,-3704.9697,3599.96,,,0,0,0,0,0,0,,,3.399,3.346,3.366,28,11,24,,,47,48,48,FALSE,TRUE,FALSE,2,2,3,6,0,342,4200,16416,1500,-1500,0,0,42,17.018,95.3,4.8,999,999,999,999,999,999,999,999,2,1,0,0,0,1,2,1,1,0,0,8,1,0,0,-33496,0,6314,0,0,0,0,0,0,0,0,0,701.465,2090.13,2090.13,1815,1875,1152,TRUE,0,1815,-1875,2091.39,2091.39,1784.96,1829.97,1152.1,TRUE,0,1784.96,-1829.97,3599.96,-3704.97,FALSE,-1830,-1829.97,TRUE
2026-01-27T21:08:28Z,REV_TW1_U_21,5,TRUE,2,1,0,0,1984,0,0,-3704,346.534,,,-3704,346.534,0,0,,,,,3599,-3704,1.37,0.73,,,,17,,,,,2,,,,61.67,61.6,61.4,62,35000,35000,34900,,,,-3666,59.9746,360,,128135,113212,,,,,,12,0,0,0,0,0,0,0,0,,2,,1153.1,-3529.64,-3061,18,18.06,2954.88,2903.58,100,-3543,3556,-3704.9697,3599.96,,,0,0,0,0,0,0,,,3.399,3.346,3.366,28,11,24,,,47,48,48,FALSE,TRUE,FALSE,2,2,3,6,0,342,4200,16416,1500,-1500,0,0,42,17.018,95.3,4.8,999,999,999,999,999,999,999,999,2,1,0,0,0,1,2,1,1,0,0,8,1,0,0,-33496,0,6315,0,0,0,0,0,0,0,0,0,701.465,2091.18,2091.18,1815,1875,1152.1,TRUE,0,1815,-1875,2091.18,2091.18,1784.96,1829.97,1152.1,TRUE,0,1784.96,-1829.97,3599.96,-3704.97,FALSE,-1830,-1829.97,TRUE
2026-01-27T21:08:30Z,REV_TW1_U_21,5,TRUE,2,1,0,0,1984,0,0,-3704,332.027,,,-3704,332.027,0,0,,,,,3599,-3704,1.37,0.73,,,,17,,,,,2,,,,61.67,61.6,61.4,62,35000,35000,34900,,,,-3663,59.9639,344,,128136,113212,,,,,,12,0,0,0,0,0,0,0,0,,2,,1153.1,-3533.1,-3064,18,18.06,2954.88,2903.58,100,-3543,3556,-3704.9697,3599.96,,,0,0,0,0,0,0,,,3.399,3.347,3.366,28,11,24,,,47,48,48,FALSE,TRUE,FALSE,2,2,3,6,0,342,4200,16416,1500,-1500,0,0,42,17.018,95.3,4.8,999,999,999,999,999,999,999,999,2,1,0,0,0,1,2,1,1,0,0,8,1,0,0,-33496,0,6317,0,0,0,0,0,0,0,0,0,701.465,2092.65,2092.65,1815,1875,1152.1,TRUE,0,1815,-1875,2092.65,2092.65,1784.96,1829.97,1152.2,TRUE,0,1784.96,-1829.97,3599.96,-3704.97,FALSE,-1830,-1829.97,TRUE
2026-01-27T21:08:32Z,REV_TW1_U_21,5,TRUE,2,1,0,0,1984,0,0,-3704,317.777,,,-3704,317.777,0,0,,,,,3599,-3704,1.37,0.73,,,,17,,,,,2,,,,61.63,61.6,61.3,62,34900,35000,34800,,,,-3665,59.9676,330,,128139,113212,,,,,,12,0,0,0,0,0,0,0,0,,2,,1153.1,-3530.79,-3062,18,18.06,2954.88,2903.58,100,-3543,3556,-3704.9697,3599.96,,,0,0,0,0,0,0,,,3.399,3.346,3.366,28,11,24,,,47,48,48,FALSE,TRUE,FALSE,2,2,3,6,0,342,4200,16416,1500,-1500,0,0,42,17.018,95.3,4.8,999,999,999,999,999,999,999,999,2,1,0,0,0,1,2,1,1,0,0,8,1,0,0,-33495,0,6320,0,0,0,0,0,0,0,0,0,701.465,2093.28,2093.28,1815,1875,1152.1,TRUE,0,1815,-1875,2093.28,2093.28,1784.96,1829.97,1152.2,TRUE,0,1784.96,-1829.97,3599.96,-3704.97,FALSE,-1830,-1829.97,TRUE
2026-01-27T21:08:34Z,REV_TW1_U_21,5,TRUE,2,1,0,0,1984,0,0,-3705,304.84,,,-3704,304.84,0,0,,,,,3600,-3705,1.37,0.73,,,,17,,,,,2,,,,61.63,61.6,61.3,62,34900,35000,34800,,,,-3664,59.9606,317,,128140,113212,,,,,,12,0,0,0,0,0,0,0,0,,2,,1153.2,-3533.4,-3064,18,18.06,2954.88,2903.58,100,-3543,3556,-3705.1284,3600.12,,,0,0,0,0,0,0,,,3.399,3.346,3.366,28,11,24,,,47,48,48,FALSE,TRUE,FALSE,2,2,3,6,0,342,4200,16416,1500,-1500,0,0,42,17.018,95.3,4.8,999,999,999,999,999,999,999,999,2,1,0,0,0,1,2,1,1,0,0,8,1,0,0,-33495,0,6321,0,0,0,0,0,0,0,0,0,701.465,2092.02,2092.02,1815,1875,1152.1,TRUE,0,1815,-1875,2092.02,2092.02,1785.12,1830.13,1152.2,TRUE,0,1785.12,-1830.13,3600.12,-3705.13,FALSE,-1830,-1830,TRUE
2026-01-27T21:08:36Z,REV_TW1_U_21,5,TRUE,2,1,0,0,1984,0,0,-3705,290.079,,,-3705,290.079,0,0,,,,,3600,-3705,1.37,0.73,,,,17,,,,,2,,,,61.63,61.6,61.3,62,34900,35000,34800,,,,-3664,59.9651,298,,128143,113212,,,,,,12,0,0,0,0,0,0,0,0,,2,,1153.2,-3532.25,-3063,18,18.06,2954.88,2903.58,100,-3543,3556,-3705.1284,3600.12,,,0,0,0,0,0,0,,,3.399,3.346,3.366,28,11,24,,,47,48,48,FALSE,TRUE,FALSE,2,2,3,6,0,342,4200,16416,1500,-1500,0,0,42,17.018,95.3,4.8,999,999,999,999,999,999,999,999,2,1,0,0,0,1,2,1,1,0,0,8,1,0,0,-33495,0,6324,0,0,0,0,0,0,0,0,0,701.465,2093.49,2093.49,1815,1875,1152.1,TRUE,0,1815,-1875,2093.49,2093.49,1785.12,1830.13,1152.2,TRUE,0,1785.12,-1830.13,3600.12,-3705.13,FALSE,-1830,-1830,TRUE
2026-01-27T21:08:38Z,REV_TW1_U_21,5,TRUE,2,1,0,0,1984,0,0,-3705,276.809,,,-3705,276.809,0,0,,,,,3600,-3705,1.37,0.73,,,,17,,,,,2,,,,61.63,61.6,61.3,62,34900,35000,34800,,,,-3667,59.9665,287,,128144,113212,,,,,,12,0,0,0,0,0,0,0,0,,2,,1153.2,-3532.25,-3063,18,18.06,2954.88,2903.58,100,-3543,3556,-3705.1284,3600.12,,,0,0,0,0,0,0,,,3.399,3.346,3.366,28,11,24,,,47,48,48,FALSE,TRUE,FALSE,2,2,3,6,0,342,4200,16416,1500,-1500,0,0,42,17.018,95.3,4.8,999,999,999,999,999,999,999,999,2,1,0,0,0,1,2,1,1,0,0,8,1,0,0,-33495,0,6325,0,0,0,0,0,0,0,0,0,701.465,2095.17,2095.17,1815,1875,1152.1,TRUE,0,1815,-1875,2095.17,2095.17,1785.12,1830.13,1152.2,TRUE,0,1785.12,-1830.13,3600.12,-3705.13,FALSE,-1830,-1830,TRUE
2026-01-27T21:08:40Z,REV_TW1_U_21,5,TRUE,2,1,0,0,1984,0,0,-3705,262.179,,,-3705,262.179,0,0,,,,,3600,-3705,1.37,0.73,,,,17,,,,,2,,,,61.63,61.6,61.3,62,34900,35000,34800,,,,-3666,59.9595,270,,128147,113212,,,,,,12,0,0,0,0,0,0,0,0,,2,,1153.2,-3533.4,-3064,18,18.06,2954.88,2903.58,100,-3543,3556,-3705.1284,3600.12,,,0,0,0,0,0,0,,,3.4,3.347,3.366,28,11,24,,,47,48,48,FALSE,TRUE,FALSE,2,2,3,6,0,342,4200,16416,1500,-1500,0,0,42,17.018,95.3,4.8,999,999,999,999,999,999,999,999,2,1,0,0,0,1,2,1,1,0,0,8,1,0,0,-33495,0,6327,0,0,0,0,0,0,0,0,0,701.465,2093.28,2093.28,1815,1875,1152.1,TRUE,0,1815,-1875,2093.28,2093.28,1785.12,1830.13,1152.3,TRUE,0,1785.12,-1830.13,3600.12,-3705.13,FALSE,-1830,-1830,TRUE
2026-01-27T21:08:42Z,REV_TW1_U_21,5,TRUE,2,1,0,0,1984,0,0,-3705,247.528,,,-3705,247.528,0,0,,,,,3600,-3705,1.37,0.73,,,,17,,,,,2,,,,61.63,61.6,61.3,62,34900,34900,34800,,,,-3664,59.9705,253,,128148,113212,,,,,,12,0,0,0,0,0,0,0,0,,2,,1153.2,-3533.4,-3064,18,18.06,2954.88,2903.58,100,-3543,3556,-3705.1284,3600.12,,,0,0,0,0,0,0,,,3.399,3.346,3.366,28,11,24,,,47,48,48,FALSE,TRUE,FALSE,2,2,3,6,0,342,4200,16416,1500,-1500,0,0,42,17.055,95.6,5,999,999,999,999,999,999,999,999,2,1,0,0,0,1,2,1,1,0,0,8,1,0,0,-33494,0,6329,0,0,0,0,0,0,0,0,0,701.465,2093.91,2093.91,1815,1875,1152.2,TRUE,0,1815,-1875,2093.91,2093.91,1785.12,1830.13,1152.3,TRUE,0,1785.12,-1830.13,3600.12,-3705.13,FALSE,-1830,-1830,TRUE
2026-01-27T21:08:44Z,REV_TW1_U_21,5,TRUE,2,1,0,0,1984,0,0,-3705,234.528,,,-3705,234.528,0,0,,,,,3600,-3705,1.37,0.73,,,,17,,,,,2,,,,61.63,61.6,61.3,62,34900,34900,34800,,,,-3669,59.9695,241,,128151,113212,,,,,,12,0,0,0,0,0,0,0,0,,2,,1153.3,-3533.71,-3064,18,18.06,2954.88,2903.58,100,-3543,3556,-3705.2871,3600.2799999999997,,,0,0,0,0,0,0,,,3.399,3.347,3.366,28,11,24,,,47,48,48,FALSE,TRUE,FALSE,2,2,3,6,0,342,4200,16416,1500,-1500,0,0,42,17.055,95.6,5,999,999,999,999,999,999,999,999,2,1,0,0,0,1,2,1,1,0,0,8,1,0,0,-33494,0,6331,0,0,0,0,0,0,0,0,0,701.465,2096.43,2096.43,1815,1875,1152.2,TRUE,0,1815,-1875,2096.43,2096.43,1785.28,1830.29,1152.3,TRUE,0,1785.28,-1830.29,3600.2799999999997,-3705.29,FALSE,-1830,-1830,TRUE
2026-01-27T21:08:46Z,REV_TW1_U_21,5,TRUE,2,1,0,0,1984,0,0,-3705,219.633,,,-3705,219.633,0,0,,,,,3600,-3705,1.37,0.73,,,,17,,,,,2,,,,61.63,61.6,61.3,62,34900,34900,34800,,,,-3666,59.9673,226,,128152,113212,,,,,,12,0,0,0,0,0,0,0,0,,2,,1153.3,-3532.56,-3063,18,18.06,2954.88,2903.58,100,-3543,3556,-3705.2871,3600.2799999999997,,,0,0,0,0,0,0,,,3.4,3.346,3.366,28,11,24,,,47,48,48,FALSE,TRUE,FALSE,2,2,3,6,0,342,4200,16416,1500,-1500,0,0,42,17.055,95.6,5,999,999,999,999,999,999,999,999,2,1,0,0,0,1,2,1,1,0,0,8,1,0,0,-33494,0,6333,0,0,0,0,0,0,0,0,0,701.465,2095.38,2095.38,1815,1875,1152.2,TRUE,0,1815,-1875,2095.38,2095.38,1785.28,1830.29,1152.3,TRUE,0,1785.28,-1830.29,3600.2799999999997,-3705.29,FALSE,-1830,-1830,TRUE
2026-01-27T21:08:48Z,REV_TW1_U_21,5,TRUE,2,1,0,0,1984,0,0,-3705,204.932,,,-3705,204.932,0,0,,,,,3600,-3705,1.37,0.73,,,,17,,,,,2,,,,61.63,61.6,61.3,62,34900,34900,34800,,,,-3669,59.9686,212,,128155,113212,,,,,,12,0,0,0,0,0,0,0,0,,2,,1153.3,-3532.56,-3063,18,18.06,2954.88,2903.58,100,-3543,3556,-3705.2871,3600.2799999999997,,,0,0,0,0,0,0,,,3.4,3.347,3.367,28,11,24,,,47,48,48,FALSE,TRUE,FALSE,2,2,3,6,0,342,4200,16416,1500,-1500,0,0,42,17.055,95.6,5,999,999,999,999,999,999,999,999,2,1,0,0,0,1,2,1,1,0,0,8,1,0,0,-33494,0,6336,0,0,0,0,0,0,0,0,0,701.465,2095.38,2095.38,1815,1875,1152.2,TRUE,0,1815,-1875,2095.38,2095.38,1785.28,1830.29,1152.4,TRUE,0,1785.28,-1830.29,3600.2799999999997,-3705.29,FALSE,-1830,-1830,TRUE
2026-01-27T21:08:50Z,REV_TW1_U_21,5,TRUE,2,1,0,0,1984,0,0,-3705,192.057,,,-3705,192.057,0,0,,,,,3600,-3705,1.37,0.73,,,,17,,,,,2,,,,61.63,61.6,61.3,62,34900,34900,34800,,,,-3667,59.9707,200,,128156,113212,,,,,,12,0,0,0,0,0,0,0,0,,2,,1153.3,-3532.56,-3063,18,18.06,2954.88,2903.58,100,-3543,3556,-3705.2871,3600.2799999999997,,,0,0,0,0,0,0,,,3.4,3.347,3.367,28,11,24,,,47,48,48,FALSE,TRUE,FALSE,2,2,3,6,0,342,4200,16416,1500,-1500,0,0,42,17.055,95.6,5,999,999,999,999,999,999,999,999,2,1,0,0,0,1,2,1,1,0,0,8,1,0,0,-33494,0,6337,0,0,0,0,0,0,0,0,0,701.465,2096.64,2096.64,1815,1875,1152.2,TRUE,0,1815,-1875,2096.64,2096.64,1785.28,1830.29,1152.4,TRUE,0,1785.28,-1830.29,3600.2799999999997,-3705.29,FALSE,-1830,-1830,TRUE
2026-01-27T21:08:52Z,REV_TW1_U_21,5,TRUE,2,1,0,0,1984,0,0,-3705,177.745,,,-3705,177.745,0,0,,,,,3600,-3705,1.365,0.735,,,,17,,,,,2,,,,61.63,61.6,61.3,62,34900,34900,34800,,,,-3666,59.977,187,,128159,113212,,,,,,12,0,0,0,0,0,0,0,0,,2,,1153.3,-3533.71,-3064,18.5,18.55,3036.96,2982.24,100,-3543,3556,-3705.2871,3600.2799999999997,,,0,0,0,0,0,0,,,3.4,3.347,3.367,28,11,24,,,47,48,48,FALSE,TRUE,FALSE,2,2,3,6,0,342,4200,16416,1500,-1500,0,0,42,17.055,95.6,5,999,999,999,999,999,999,999,999,2,1,0,0,0,1,2,1,1,0,0,8,1,0,0,-33494,0,6339,0,0,0,0,0,0,0,0,0,701.465,2097.06,2097.06,1815,1875,1152.2,TRUE,0,1815,-1875,2097.06,2097.06,1785.28,1830.29,1152.4,TRUE,0,1785.28,-1830.29,3600.2799999999997,-3705.29,FALSE,-1830,-1830,TRUE
2026-01-27T21:08:54Z,REV_TW1_U_21,5,TRUE,2,1,0,0,1984,0,0,-3705,163.495,,,-3705,163.495,0,0,,,,,3600,-3705,1.365,0.735,,,,18,,,,,2,,,,61.63,61.6,61.3,62,34900,34900,34800,,,,-3668,59.9737,174,,128160,113212,,,,,,12,0,0,0,0,0,0,0,0,,2,,1153.4,-3534.02,-3064,18.5,18.55,3036.96,2982.24,100,-3543,3556,-3705.4458,3600.4400000000005,,,0,0,0,0,0,0,,,3.4,3.347,3.367,28,11,24,,,47,48,48,FALSE,TRUE,FALSE,2,2,3,6,0,342,4200,16416,1500,-1500,0,0,42,17.055,95.6,5,999,999,999,999,999,999,999,999,2,1,0,0,0,1,2,1,1,0,0,8,1,0,0,-33494,0,6341,0,0,0,0,0,0,0,0,0,701.465,2098.32,2098.32,1815,1875,1152.3,TRUE,0,1815,-1875,2098.32,2098.32,1785.44,1830.45,1152.4,TRUE,0,1785.44,-1830.45,3600.44,-3705.45,FALSE,-1830,-1830,TRUE
2026-01-27T21:08:56Z,REV_TW1_U_21,5,TRUE,2,1,0,0,1984,0,0,-3705,150.557,,,-3705,150.557,0,0,,,,,3600,-3705,1.365,0.735,,,,18,,,,,2,,,,61.67,61.6,61.4,62,34900,34900,34800,,,,-3668,59.9792,164,,128163,113212,,,,,,12,0,0,0,0,0,0,0,0,,2,,1153.4,-3534.02,-3064,18.5,18.55,3036.96,2982.24,100,-3543,3556,-3705.4458,3600.4400000000005,,,0,0,0,0,0,0,,,3.4,3.347,3.367,28,11,24,,,47,48,48,FALSE,TRUE,FALSE,2,2,3,6,0,342,4200,16416,1500,-1500,0,0,42,17.055,95.6,5,999,999,999,999,999,999,999,999,2,1,0,0,0,1,2,1,1,0,0,8,1,0,0,-33493,0,6343,0,0,0,0,0,0,0,0,0,701.465,2098.53,2098.53,1815,1875,1152.3,TRUE,0,1815,-1875,2096.43,2096.43,1785.44,1830.45,1152.5,TRUE,0,1785.44,-1830.45,3600.44,-3705.45,FALSE,-1830,-1830,TRUE
2026-01-27T21:08:58Z,REV_TW1_U_21,5,TRUE,2,1,0,0,1984,0,0,-3705,136.049,,,-3705,136.049,0,0,,,,,3600,-3705,1.365,0.735,,,,17,,,,,2,,,,61.63,61.6,61.3,62,34800,34900,34700,,,,-3662,59.9826,147,,128164,113212,,,,,,12,0,0,0,0,0,0,0,0,,2,,1153.4,-3532.86,-3063,18.5,18.55,3036.96,2982.24,100,-3543,3556,-3705.4458,3600.4400000000005,,,0,0,0,0,0,0,,,3.4,3.347,3.367,28,11,24,,,47,48,48,FALSE,TRUE,FALSE,2,2,3,6,0,342,4200,16416,1500,-1500,0,0,42,17.055,95.6,5,999,999,999,999,999,999,999,999,2,1,0,0,0,1,2,1,1,0,0,8,1,0,0,-33493,0,6345,0,0,0,0,0,0,0,0,0,701.465,2096.64,2096.64,1815,1875,1152.3,TRUE,0,1815,-1875,2096.64,2096.64,1785.44,1830.45,1152.5,TRUE,0,1785.44,-1830.45,3600.44,-3705.45,FALSE,-1830,-1830,TRUE
2026-01-27T21:09:00Z,REV_TW1_U_21,5,TRUE,2,1,0,0,1984,0,0,-3705,122.612,,,-3705,122.612,0,0,,,,,3600,-3705,1.365,0.735,,,,18,,,,,2,,,,61.63,61.6,61.3,62,34800,34900,34700,,,,-3666,59.9714,134,,128167,113212,,,,,,12,0,0,0,0,0,0,0,0,,2,,1153.4,-3532.86,-3063,18.5,18.55,3036.96,2982.24,100,-3543,3556,-3705.4458,3600.4400000000005,,,0,0,0,0,0,0,,,3.4,3.347,3.367,28,11,24,,,47,48,48,FALSE,TRUE,FALSE,2,2,3,6,0,342,4200,16416,1500,-1500,0,0,42,17.055,95.6,5,999,999,999,999,999,999,999,999,2,1,0,0,0,1,2,1,1,0,0,8,1,0,0,-33493,0,6347,0,0,0,0,0,0,0,0,0,701.465,2098.53,2098.53,1815,1875,1152.3,TRUE,0,1815,-1875,2098.53,2098.53,1785.44,1830.45,1152.5,TRUE,0,1785.44,-1830.45,3600.44,-3705.45,FALSE,-1830,-1830,TRUE
2026-01-27T21:09:02Z,REV_TW1_U_21,5,TRUE,2,1,0,0,1984,0,0,-3705,107.911,,,-3705,107.911,0,0,,,,,3600,-3705,1.365,0.735,,,,18,,,,,2,,,,61.67,61.7,61.4,62,34800,34900,34700,,,,-3664,59.9711,120,,128168,113212,,,,,,12,0,0,0,0,0,0,0,0,,2,,1153.4,-3535.17,-3065,18.5,18.55,3036.96,2982.24,100,-3543,3566,-3705.4458,3611.974,,,0,0,0,0,0,0,,,3.4,3.347,3.367,28,11,24,,,47,48,48,FALSE,TRUE,FALSE,2,2,3,6,0,342,4200,16416,1500,-1500,0,0,41,16.84,95.8,5,999,999,999,999,999,999,999,999,2,1,0,0,0,1,2,1,1,0,0,8,1,0,0,-33493,0,6350,0,0,0,0,0,0,0,0,0,701.465,2098.53,2098.53,1815,1875,1152.3,TRUE,0,1815,-1875,2097.48,2097.48,1785.6,1830.6,1152.5,TRUE,0,1785.6,-1830.6,3600.6,-3705.6,FALSE,-1831,-1830.6,TRUE
2026-01-27T21:09:04Z,REV_TW1_U_21,5,TRUE,2,1,0,0,1984,0,0,-3705,94.911,,,-3705,94.911,0,0,,,,,3600,-3705,1.365,0.735,,,,18,,,,,2,,,,61.7,61.6,61.4,62.1,34800,34900,34700,,,,-3668,59.9666,108,,128171,113212,,,,,,12,0,0,0,0,0,0,0,0,,2,,1153.5,-3534.32,-3064,18.5,18.55,3036.96,2982.24,100,-3543,3556,-3705.6045,3600.6000000000004,,,0,0,0,0,0,0,,,3.401,3.347,3.367,28,11,24,,,47,48,48,FALSE,TRUE,FALSE,2,2,3,6,0,342,4200,16416,1500,-1500,0,0,41,16.84,95.8,5,999,999,999,999,999,999,999,999,2,1,0,0,0,1,2,1,1,0,0,8,1,0,0,-33493,0,6351,0,0,0,0,0,0,0,0,0,701.465,2099.37,2099.37,1815,1875,1152.4,TRUE,0,1815,-1875,2099.37,2099.37,1785.6,1830.6,1152.6,TRUE,0,1785.6,-1830.6,3600.6,-3705.6,FALSE,-1831,-1830.6,TRUE
2026-01-27T21:09:06Z,REV_TW1_U_21,5,TRUE,2,1,0,0,1984,0,0,-3705,80.599,,,-3705,80.599,0,0,,,,,3600,-3705,1.365,0.735,,,,18,,,,,2,,,,61.73,61.7,61.4,62.1,34800,34800,34700,,,,-3667,59.9618,91,,128172,113212,,,,,,12,0,0,0,0,0,0,0,0,,2,,1153.5,-3536.63,-3066,18.5,18.55,3036.96,2982.24,100,-3543,3566,-3705.6045,3612.135,,,0,0,0,0,0,0,,,3.401,3.348,3.367,28,11,24,,,47,48,48,FALSE,TRUE,FALSE,2,2,3,6,0,342,4200,16416,1500,-1500,0,0,41,16.84,95.8,5,999,999,999,999,999,999,999,999,2,1,0,0,0,1,2,1,1,0,0,8,1,0,0,-33493,0,6354,0,0,0,0,0,0,0,0,0,701.465,2100.21,2100.21,1815,1875,1152.4,TRUE,0,1815,-1875,2100.21,2100.21,1785.6,1830.6,1152.6,TRUE,0,1785.6,-1830.6,3600.6,-3705.6,FALSE,-1831,-1830.6,TRUE
2026-01-27T21:09:08Z,REV_TW1_U_21,5,TRUE,2,1,0,0,1984,0,0,-3705,67.599,,,-3705,67.599,0,0,,,,,3600,-3705,1.365,0.735,,,,18,,,,,2,,,,61.73,61.7,61.4,62.1,34800,34800,34700,,,,-3667,59.9669,79,,128175,113212,,,,,,12,0,0,0,0,0,0,0,0,,2,,1153.5,-3536.63,-3066,18.5,18.55,3036.96,2982.24,100,-3543,3556,-3705.6045,3600.6000000000004,,,0,0,0,0,0,0,,,3.401,3.347,3.367,28,11,24,,,47,48,48,FALSE,TRUE,FALSE,2,2,3,6,0,342,4200,16416,1500,-1500,0,0,41,16.84,95.8,5,999,999,999,999,999,999,999,999,2,1,0,0,0,1,2,1,1,0,0,8,1,0,0,-33493,0,6355,0,0,0,0,0,0,0,0,0,701.465,2099.79,2099.79,1815,1875,1152.4,TRUE,0,1815,-1875,2099.79,2099.79,1785.6,1830.6,1152.6,TRUE,0,1785.6,-1830.6,3600.6,-3705.6,FALSE,-1831,-1830.6,TRUE
2026-01-27T21:09:10Z,REV_TW1_U_21,5,TRUE,2,1,0,0,1984,0,0,-3705,53.224,,,-3705,53.224,0,0,,,,,3600,-3705,1.365,0.735,,,,18,,,,,2,,,,61.73,61.7,61.4,62.1,34800,34800,34700,,,,-3668,59.9631,62,,128176,113212,,,,,,12,0,0,0,0,0,0,0,0,,2,,1153.5,-3536.63,-3066,18.5,18.55,3036.96,2982.24,100,-3543,3556,-3705.6045,3600.6000000000004,,,0,0,0,0,0,0,,,3.401,3.347,3.367,28,11,24,,,47,48,48,FALSE,TRUE,FALSE,2,2,3,6,0,342,4200,16416,1500,-1500,0,0,41,16.84,95.8,5,999,999,999,999,999,999,999,999,2,1,0,0,0,1,2,1,1,0,0,8,1,0,0,-33493,0,6357,0,0,0,0,0,0,0,0,0,701.465,2098.11,2098.11,1815,1875,1152.4,TRUE,0,1815,-1875,2098.74,2098.74,1797.13,1830.6,1152.6,TRUE,0,1797.13,-1830.6,3612.13,-3705.6,FALSE,-1831,-1830.6,TRUE
2026-01-27T21:09:12Z,REV_TW1_U_21,5,TRUE,2,1,0,0,1984,0,0,-3705,38.974,,,-3705,38.974,0,0,,,,,3600,-3705,1.365,0.735,,,,18,,,,,2,,,,61.73,61.7,61.4,62.1,34800,34800,34700,,,,-3668,59.9631,50,,128179,113212,,,,,,12,0,0,0,0,0,0,0,0,,2,,1153.6,-3536.94,-3066,18.5,18.55,3036.96,2982.24,100,-3543,3556,-3705.7632,3600.7599999999998,,,0,0,0,0,0,0,,,3.401,3.347,3.367,28,11,24,,,47,48,48,FALSE,TRUE,FALSE,2,2,3,6,0,342,4200,16416,1500,-1500,0,0,41,16.84,95.8,5,999,999,999,999,999,999,999,999,2,1,0,0,0,1,2,1,1,0,0,8,1,0,0,-33493,0,6359,0,0,0,0,0,0,0,0,0,701.465,2097.9,2097.9,1815,1875,1152.4,TRUE,0,1815,-1875,2097.9,2097.9,1785.76,1830.76,1152.6,TRUE,0,1785.76,-1830.76,3600.76,-3705.76,FALSE,-1831,-1830.76,TRUE
2026-01-27T21:09:14Z,REV_TW1_U_21,5,TRUE,2,1,0,0,1984,0,0,-3705,24.338,,,-3705,24.338,0,0,,,,,3600,-3705,1.365,0.735,,,,18,,,,,2,,,,61.77,61.7,61.5,62.1,34800,34800,34700,,,,-3666,59.9669,29,,128180,113212,,,,,,12,0,0,0,0,0,0,0,0,,2,,1153.6,-3535.78,-3065,18.5,18.55,3036.96,2982.24,100,-3543,3556,-3705.7632,3600.7599999999998,,,0,0,0,0,0,0,,,3.401,3.348,3.367,28,11,24,,,47,48,48,FALSE,TRUE,FALSE,2,2,3,6,0,342,4200,16416,1500,-1500,0,0,41,16.84,95.8,5,999,999,999,999,999,999,999,999,2,1,0,0,0,1,2,1,1,0,0,8,1,0,0,-33493,0,6361,0,0,0,0,0,0,0,0,0,701.465,2098.53,2098.53,1815,1875,1152.4,TRUE,0,1815,-1875,2098.53,2098.53,1785.76,1830.76,1152.7,TRUE,0,1785.76,-1830.76,3600.76,-3705.76,FALSE,-1831,-1830.76,TRUE
2026-01-27T21:09:16Z,REV_TW1_U_21,5,TRUE,2,1,0,0,1984,0,0,-3705,10.622,,,-3705,10.622,0,0,,,,,3600,-3705,1.365,0.735,,,,18,,,,,2,,,,61.73,61.7,61.4,62.1,34800,34800,34700,,,,-3669,59.9624,17,,128183,113212,,,,,,12,0,0,0,0,0,0,0,0,,2,,1153.6,-3535.78,-3065,18.5,18.55,3036.96,2982.24,100,-3543,3556,-3705.7632,3600.7599999999998,,,0,0,0,0,0,0,,,3.401,3.347,3.367,28,11,24,,,47,48,48,FALSE,TRUE,FALSE,2,2,3,6,0,342,4200,16416,1500,-1500,0,0,41,16.84,95.8,5,999,999,999,999,999,999,999,999,2,1,0,0,0,1,2,1,1,0,0,8,1,0,0,-33493,0,6363,0,0,0,0,0,0,0,0,0,701.465,2098.74,2098.74,1815,1875,1152.4,TRUE,0,1815,-1875,2098.74,2098.74,1785.76,1830.76,1152.7,TRUE,0,1785.76,-1830.76,3600.76,-3705.76,FALSE,-1831,-1830.76,TRUE
2026-01-27T21:09:18Z,REV_TW1_U_21,5,TRUE,2,1,0,0,1984,0,0,-3705,-4.142,,,-3705,-4.142,0,0,,,,,3600,-3705,1.365,0.735,,,,18,,,,,2,,,,61.8,61.8,61.5,62.1,34800,34800,34700,,,,-3666,59.966,3,,128185,113212,,,,,,12,0,0,0,0,0,0,0,0,,2,,1153.6,-3535.78,-3065,18.5,18.55,3036.96,2982.24,100,-3543,3556,-3705.7632,3600.7599999999998,,,0,0,0,0,0,0,,,3.401,3.348,3.367,28,11,24,,,47,48,48,FALSE,TRUE,FALSE,2,2,3,6,0,342,4200,16416,1500,-1500,0,0,41,16.84,95.8,5,999,999,999,999,999,999,999,999,2,1,0,0,0,1,2,1,1,0,0,8,1,0,0,-33493,0,6365,0,0,0,0,0,0,0,0,0,701.465,2097.48,2097.48,1815,1875,1152.5,TRUE,0,1815,-1875,2096.85,2096.85,1785.76,1830.76,1152.7,TRUE,0,1785.76,-1830.76,3600.76,-3705.76,FALSE,-1831,-1830.76,TRUE
2026-01-27T21:09:20Z,REV_TW1_U_21,5,TRUE,2,1,0,0,1984,0,0,-3705,-18.913,,,-3705,-18.913,0,0,,,,,3600,-3705,1.365,0.735,,,,18,,,,,2,,,,61.83,61.8,61.5,62.2,34700,34800,34600,,,,-3670,59.9672,-12,,128187,113212,,,,,,12,0,0,0,0,0,0,0,0,,2,,1153.6,-3536.94,-3066,18.5,18.55,3036.96,2982.24,100,-3543,3556,-3705.7632,3600.7599999999998,,,0,0,0,0,0,0,,,3.401,3.348,3.367,28,11,24,,,47,48,48,FALSE,TRUE,FALSE,2,2,3,6,0,342,4200,16416,1500,-1500,0,0,41,16.84,95.8,5,999,999,999,999,999,999,999,999,2,1,0,0,0,1,2,1,1,0,0,8,1,0,0,-33493,0,6367,0,0,0,0,0,0,0,0,0,701.465,2098.95,2098.95,1815,1875,1152.5,TRUE,0,1815,-1875,2098.95,2098.95,1785.92,1830.92,1152.7,TRUE,0,1785.92,-1830.92,3600.92,-3705.92,FALSE,-1831,-1830.76,TRUE
2026-01-27T21:09:22Z,REV_TW1_U_21,5,TRUE,2,1,0,0,1984,0,0,-3705,-32.231,,,-3705,-32.231,0,0,,,,,3600,-3705,1.365,0.735,,,,18,,,,,2,,,,61.83,61.8,61.5,62.2,34700,34800,34600,,,,-3670,59.9646,-26,,128189,113212,,,,,,12,0,0,0,0,0,0,0,0,,2,,1153.7,-3534.94,-3064,18.5,18.55,3036.96,2982.24,100,-3543,3556,-3705.9219,3600.92,,,0,0,0,0,0,0,,,3.401,3.348,3.367,28,11,24,,,47,48,48,FALSE,TRUE,FALSE,2,2,3,6,0,342,4200,16416,1500,-1500,0,0,42,17.045,96,5,999,999,999,999,999,999,999,999,2,1,0,0,0,1,2,1,1,0,0,8,1,0,0,-33493,0,6369,0,0,0,0,0,0,0,0,0,701.465,2098.53,2098.53,1815,1875,1152.5,TRUE,0,1815,-1875,2098.53,2098.53,1785.92,1830.92,1152.7,TRUE,0,1785.92,-1830.92,3600.92,-3705.92,FALSE,-1831,-1830.92,TRUE
2026-01-27T21:09:24Z,REV_TW1_U_21,5,TRUE,2,1,0,0,1984,0,0,-3705,-46.734,,,-3705,-46.734,0,0,,,,,3600,-3705,1.365,0.735,,,,18,,,,,2,,,,61.83,61.8,61.5,62.2,34700,34800,34600,,,,-3668,59.9644,-37,,128191,113212,,,,,,12,0,0,0,0,0,0,0,0,,2,,1153.7,-3534.94,-3064,18.5,18.55,3036.96,2982.24,100,-3543,3556,-3705.9219,3600.92,,,0,0,0,0,0,0,,,3.401,3.348,3.367,28,11,24,,,47,48,48,FALSE,TRUE,FALSE,2,2,3,6,0,342,4200,16416,1500,-1500,0,0,42,17.045,96,5,999,999,999,999,999,999,999,999,2,1,0,0,0,1,2,1,1,0,0,8,1,0,0,-33493,0,6371,0,0,0,0,0,0,0,0,0,701.465,2097.06,2097.06,1815,1875,1152.5,TRUE,0,1815,-1875,2097.06,2097.06,1785.92,1830.92,1152.8,TRUE,0,1785.92,-1830.92,3600.92,-3705.92,FALSE,-1831,-1830.92,TRUE
2026-01-27T21:09:26Z,REV_TW1_U_21,5,TRUE,2,1,0,0,1984,0,0,-3705,-60.922,,,-3705,-60.922,0,0,,,,,3600,-3705,1.365,0.735,,,,18,,,,,2,,,,61.83,61.8,61.5,62.2,34700,34800,34600,,,,-3665,59.9745,-49,,128193,113212,,,,,,12,0,0,0,0,0,0,0,0,,2,,1153.7,-3534.94,-3064,18.5,18.55,3036.96,2982.24,100,-3543,3556,-3705.9219,3600.92,,,0,0,0,0,0,0,,,3.401,3.348,3.368,28,11,24,,,47,48,48,FALSE,TRUE,FALSE,2,2,3,6,0,342,4200,16416,1500,-1500,0,0,42,17.045,96,5,999,999,999,999,999,999,999,999,2,1,0,0,0,1,2,1,1,0,0,8,1,0,0,-33493,0,6373,0,0,0,0,0,0,0,0,0,701.465,2097.48,2097.48,1815,1875,1152.5,TRUE,0,1815,-1875,2097.48,2097.48,1785.92,1830.92,1152.8,TRUE,0,1785.92,-1830.92,3600.92,-3705.92,FALSE,-1831,-1830.92,TRUE
2026-01-27T21:09:28Z,REV_TW1_U_21,5,TRUE,2,1,0,0,1984,0,0,-3705,-75.683,,,-3705,-75.683,0,0,,,,,3600,-3705,1.365,0.735,,,,18,,,,,2,,,,61.9,61.9,61.6,62.2,34700,34700,34600,,,,-3669,59.9677,-60,,128195,113212,,,,,,12,0,0,0,0,0,0,0,0,,2,,1153.7,-3536.09,-3065,18.5,18.55,3036.96,2982.24,100,-3543,3566,-3705.9219,3612.4570000000003,,,0,0,0,0,0,0,,,3.401,3.348,3.368,28,11,24,,,47,48,48,FALSE,TRUE,FALSE,2,2,3,6,0,342,4200,16416,1500,-1500,0,0,42,17.045,96,5,999,999,999,999,999,999,999,999,2,1,0,0,0,1,2,1,1,0,0,8,1,0,0,-33493,0,6375,0,0,0,0,0,0,0,0,0,701.465,2098.74,2098.74,1815,1875,1152.5,TRUE,0,1815,-1875,2098.74,2098.74,1785.92,1830.92,1152.8,TRUE,0,1785.92,-1830.92,3600.92,-3705.92,FALSE,-1831,-1830.92,TRUE
2026-01-27T21:09:30Z,REV_TW1_U_21,5,TRUE,2,1,0,0,1984,0,0,-3705,-88.813,,,-3705,-88.813,0,0,,,,,3600,-3705,1.365,0.735,,,,18,,,,,2,,,,61.9,61.8,61.6,62.3,34700,34700,34600,,,,-3668,59.9701,-70,,128197,113212,,,,,,12,0,0,0,0,0,0,0,0,,2,,1153.7,-3536.09,-3065,18.5,18.55,3036.96,2982.24,100,-3543,3556,-3705.9219,3600.92,,,0,0,0,0,0,0,,,3.401,3.348,3.368,28,11,24,,,47,48,48,FALSE,TRUE,FALSE,2,2,3,6,0,342,4200,16416,1500,-1500,0,0,42,17.045,96,5,999,999,999,999,999,999,999,999,2,1,0,0,0,1,2,1,1,0,0,8,1,0,0,-33493,0,6377,0,0,0,0,0,0,0,0,0,701.465,2097.69,2097.69,1815,1875,1152.5,TRUE,0,1815,-1875,2097.27,2097.27,1786.08,1831.08,1152.8,TRUE,0,1786.08,-1831.08,3601.08,-3706.08,FALSE,-1831,-1830.92,TRUE
2026-01-27T21:09:32Z,REV_TW1_U_21,5,TRUE,2,1,0,0,1984,0,0,-3706,-103.26,,,-3706,-103.26,0,0,,,,,3601,-3706,1.365,0.735,,,,18,,,,,2,,,,61.93,61.9,61.6,62.3,34700,34700,34600,,,,-3667,59.978,-87,,128199,113212,,,,,,12,0,0,0,0,0,0,0,0,,2,,1153.8,-3536.4,-3065,18.5,18.55,3036.96,2982.24,100,-3543,3556,-3706.0806,3601.08,,,0,0,0,0,0,0,,,3.402,3.348,3.368,28,11,24,,,47,48,48,FALSE,TRUE,FALSE,2,2,3,6,0,342,4200,16416,1500,-1500,0,0,42,17.045,96,5,999,999,999,999,999,999,999,999,2,1,0,0,0,1,2,1,1,0,0,8,1,0,0,-33493,0,6379,0,0,0,0,0,0,0,0,0,701.465,2098.11,2098.11,1815,1875,1152.6,TRUE,0,1815,-1875,2098.11,2098.11,1786.08,1831.08,1152.8,TRUE,0,1786.08,-1831.08,3601.08,-3706.08,FALSE,-1831,-1831,TRUE
2026-01-27T21:09:34Z,REV_TW1_U_21,5,TRUE,2,1,0,0,1984,0,0,-3706,-117.768,,,-3706,-117.768,0,0,,,,,3601,-3706,1.365,0.735,,,,18,,,,,2,,,,61.93,61.9,61.6,62.3,34700,34700,34600,,,,-3665,59.9698,-101,,128201,113212,,,,,,12,0,0,0,0,0,0,0,0,,2,,1153.8,-3537.55,-3066,18.5,18.55,3036.96,2982.24,100,-3543,3556,-3706.0806,3601.08,,,0,0,0,0,0,0,,,3.402,3.348,3.368,28,11,24,,,47,48,48,FALSE,TRUE,FALSE,2,2,3,6,0,342,4200,16416,1500,-1500,0,0,42,17.045,96,5,999,999,999,999,999,999,999,999,2,1,0,0,0,1,2,1,1,0,0,8,1,0,0,-33493,0,6381,0,0,0,0,0,0,0,0,0,701.465,2097.69,2097.69,1815,1875,1152.6,TRUE,0,1815,-1875,2097.69,2097.69,1786.08,1831.08,1152.9,TRUE,0,1786.08,-1831.08,3601.08,-3706.08,FALSE,-1831,-1831,TRUE
2026-01-27T21:09:36Z,REV_TW1_U_21,5,TRUE,2,1,0,0,1984,0,0,-3706,-132.081,,,-3706,-132.081,0,0,,,,,3601,-3706,1.36,0.74,,,,18,,,,,2,,,,61.97,61.9,61.7,62.3,34700,34700,34600,,,,-3666,59.9792,-111,,128203,113212,,,,,,12,0,0,0,0,0,0,0,0,,2,,1153.8,-3537.55,-3066,19,19.06,3036.96,3064.32,100,-3543,3556,-3706.0806,3601.08,,,0,0,0,0,0,0,,,3.402,3.348,3.368,28,11,24,,,47,48,48,FALSE,TRUE,FALSE,2,2,3,6,0,342,4200,16416,1500,-1500,0,0,42,17.045,96,5,999,999,999,999,999,999,999,999,2,1,0,0,0,1,2,1,1,0,0,8,1,0,0,-33493,0,6383,0,0,0,0,0,0,0,0,0,701.465,2097.48,2097.48,1815,1875,1152.6,TRUE,0,1815,-1875,2097.48,2097.48,1786.08,1831.08,1152.9,TRUE,0,1786.08,-1831.08,3601.08,-3706.08,FALSE,-1831,-1831,TRUE
2026-01-27T21:09:38Z,REV_TW1_U_21,5,TRUE,2,1,0,0,1984,0,0,-3706,-144.893,,,-3706,-144.893,0,0,,,,,3612,-3706,1.36,0.74,,,,18,,,,,2,,,,62,62,61.7,62.3,34700,34700,34600,,,,-3666,59.9714,-128,,128205,113212,,,,,,12,0,0,0,0,0,0,0,0,,2,,1153.8,-3537.55,-3066,19,19.06,3119.04,3064.32,100,-3543,3566,-3706.0806,3612.618,,,0,0,0,0,0,0,,,3.402,3.348,3.368,28,11,24,,,47,48,48,FALSE,TRUE,FALSE,2,2,3,6,0,342,4200,16416,1500,-1500,0,0,42,17.045,96,5,999,999,999,999,999,999,999,999,2,1,0,0,0,1,2,1,1,0,0,8,1,0,0,-33493,0,6385,0,0,0,0,0,0,0,0,0,701.465,2096.01,2096.01,1815,1875,1152.6,TRUE,0,1815,-1875,2096.01,2096.01,1797.78,1831.24,1152.9,TRUE,0,1797.78,-1831.24,3612.7799999999997,-3706.24,FALSE,-1831,-1831,TRUE
2026-01-27T21:09:40Z,REV_TW1_U_21,5,TRUE,2,1,0,0,1984,0,0,-3706,-159.206,,,-3706,-159.206,0,0,,,,,3601,-3706,1.36,0.74,,,,18,,,,,2,,,,62.03,62,61.7,62.4,34700,34700,34500,,,,-3668,59.9745,-143,,128207,113212,,,,,,12,0,0,0,0,0,0,0,0,,2,,1153.9,-3536.7,-3065,19,19.06,3119.04,3064.32,100,-3543,3556,-3706.2393,3601.2400000000002,,,0,0,0,0,0,0,,,3.402,3.348,3.368,28,11,24,,,47,48,48,FALSE,TRUE,FALSE,2,2,3,6,0,342,4200,16416,1500,-1500,0,0,42,17.045,96,5,999,999,999,999,999,999,999,999,2,1,0,0,0,1,2,1,1,0,0,8,1,0,0,-33493,0,6387,0,0,0,0,0,0,0,0,0,701.465,2096.43,2096.43,1815,1875,1152.7,TRUE,0,1815,-1875,2096.43,2096.43,1786.24,1831.24,1152.9,TRUE,0,1786.24,-1831.24,3601.24,-3706.24,FALSE,-1831,-1831,TRUE
2026-01-27T21:09:42Z,REV_TW1_U_21,5,TRUE,2,1,0,0,1984,0,0,-3706,-173.518,,,-3706,-173.518,0,0,,,,,3601,-3706,1.36,0.74,,,,18,,,,,2,,,,62.03,62,61.7,62.4,34700,34700,34600,,,,-3669,59.9769,-156,,128209,113212,,,,,,12,0,0,0,0,0,0,0,0,,2,,1153.9,-3537.86,-3066,19,19.06,3119.04,3064.32,100,-3543,3556,-3706.2393,3601.2400000000002,,,0,0,0,0,0,0,,,3.402,3.348,3.368,28,11,24,,,47,48,48,FALSE,TRUE,FALSE,2,2,3,6,0,342,4200,16416,1500,-1500,0,0,42,16.887,96.2,5.1,999,999,999,999,999,999,999,999,2,1,0,0,0,1,2,1,1,0,0,8,1,0,0,-33493,0,6389,0,0,0,0,0,0,0,0,0,701.465,2098.11,2098.11,1815,1875,1152.6,TRUE,0,1815,-1875,2098.11,2098.11,1786.24,1831.24,1152.9,TRUE,0,1786.24,-1831.24,3601.24,-3706.24,FALSE,-1831,-1831,TRUE
2026-01-27T21:09:44Z,REV_TW1_U_21,5,TRUE,2,1,0,0,1984,0,0,-3706,-186.331,,,-3706,-186.331,0,0,,,,,3601,-3706,1.36,0.74,,,,18,,,,,2,,,,62.07,62,61.8,62.4,34600,34700,34500,,,,-3668,59.9667,-173,,128211,113212,,,,,,12,0,0,0,0,0,0,0,0,,2,,1153.9,-3537.86,-3066,19,19.06,3119.04,3064.32,100,-3543,3556,-3706.2393,3601.2400000000002,,,0,0,0,0,0,0,,,3.402,3.348,3.368,28,11,24,,,47,48,48,FALSE,TRUE,FALSE,2,2,3,6,0,342,4200,16416,1500,-1500,0,0,42,16.887,96.2,5.1,999,999,999,999,999,999,999,999,2,1,0,0,0,1,2,1,1,0,0,8,1,0,0,-33493,0,6391,0,0,0,0,0,0,0,0,0,701.465,2097.69,2097.69,1815,1875,1152.7,TRUE,0,1815,-1875,2097.69,2097.69,1797.78,1831.24,1153,TRUE,0,1797.78,-1831.24,3612.7799999999997,-3706.24,FALSE,-1831,-1831,TRUE
2026-01-27T21:09:46Z,REV_TW1_U_21,5,TRUE,2,1,0,0,1984,0,0,-3706,-200.643,,,-3706,-200.643,0,0,,,,,3612,-3706,1.355,0.745,,,,18,,,,,2,,,,62.13,62.1,61.8,62.5,34600,34700,34500,,,,-3666,59.9776,-185,,128214,113212,,,,,,12,0,0,0,0,0,0,0,0,,2,,1153.9,-3536.7,-3065,19.5,19.55,3119.04,3142.98,100,-3543,3566,-3706.2393,3612.7790000000005,,,0,0,0,0,0,0,,,3.402,3.348,3.368,28,11,24,,,47,48,48,FALSE,TRUE,FALSE,2,2,3,6,0,342,4200,16416,1500,-1500,0,0,42,16.887,96.2,5.1,999,999,999,999,999,999,999,999,2,1,0,0,0,1,2,1,1,0,0,8,1,0,0,-33493,0,6393,0,0,0,0,0,0,0,0,0,701.465,2096.01,2096.01,1815,1875,1152.7,TRUE,0,1815,-1875,2096.85,2096.85,1797.78,1831.24,1153,TRUE,0,1797.78,-1831.24,3612.7799999999997,-3706.24,FALSE,-1831,-1831,TRUE
2026-01-27T21:09:48Z,REV_TW1_U_21,5,TRUE,2,1,0,0,1984,0,0,-3706,-214.956,,,-3706,-214.956,0,0,,,,,3601,-3706,1.355,0.745,,,,18,,,,,2,,,,62.13,62.1,61.8,62.5,34600,34700,34500,,,,-3665,59.9739,-203,,128215,113212,,,,,,12,0,0,0,0,0,0,0,0,,2,,1154,-3539.32,-3067,19.5,19.55,3201.12,3142.98,100,-3543,3566,-3706.398,3612.94,,,0,0,0,0,0,0,,,3.402,3.348,3.368,28,11,24,,,47,48,48,FALSE,TRUE,FALSE,2,2,3,6,0,342,4200,16416,1500,-1500,0,0,42,16.887,96.2,5.1,999,999,999,999,999,999,999,999,2,1,0,0,0,1,2,1,1,0,0,8,1,0,0,-33493,0,6395,0,0,0,0,0,0,0,0,0,701.465,2095.8,2095.8,1815,1875,1152.7,TRUE,0,1815,-1875,2094.96,2094.96,1786.4,1831.4,1153,TRUE,0,1786.4,-1831.4,3601.4,-3706.4,FALSE,-1831,-1831,TRUE
2026-01-27T21:09:50Z,REV_TW1_U_21,5,TRUE,2,1,0,0,1984,0,0,-3706,-229.206,,,-3706,-229.206,0,0,,,,,3601,-3706,1.355,0.745,,,,18,,,,,2,,,,62.17,62.1,61.9,62.5,34600,34600,34500,,,,-3671,59.9791,-218,,128218,113212,,,,,,12,0,0,0,0,0,0,0,0,,2,,1154,-3537.01,-3065,19.5,19.55,3201.12,3142.98,100,-3543,3556,-3706.398,3601.4,,,0,0,0,0,0,0,,,3.402,3.348,3.368,28,11,24,,,47,48,48,FALSE,TRUE,FALSE,2,2,3,6,0,342,4200,16416,1500,-1500,0,0,42,16.887,96.2,5.1,999,999,999,999,999,999,999,999,2,1,0,0,0,1,2,1,1,0,0,8,1,0,0,-33493,0,6397,0,0,0,0,0,0,0,0,0,701.465,2096.64,2096.64,1815,1875,1152.7,TRUE,0,1815,-1875,2096.64,2096.64,1786.4,1831.4,1153,TRUE,0,1786.4,-1831.4,3601.4,-3706.4,FALSE,-1831,-1831,TRUE
2026-01-27T21:09:52Z,REV_TW1_U_21,5,TRUE,2,1,0,0,1984,0,0,-3706,-242.081,,,-3706,-242.081,0,0,,,,,3601,-3706,1.355,0.745,,,,18,,,,,2,,,,62.23,62.2,61.9,62.6,34600,34600,34500,,,,-3669,59.9767,-234,,128219,113212,,,,,,12,0,0,0,0,0,0,0,0,,2,,1154,-3537.01,-3065,19.5,19.55,3201.12,3142.98,100,-3543,3556,-3706.398,3601.4,,,0,0,0,0,0,0,,,3.402,3.348,3.368,28,11,24,,,47,48,48,FALSE,TRUE,FALSE,2,2,3,6,0,342,4200,16416,1500,-1500,0,0,42,16.887,96.2,5.1,999,999,999,999,999,999,999,999,2,1,0,0,0,1,2,1,1,0,0,8,1,0,0,-33493,0,6399,0,0,0,0,0,0,0,0,0,701.465,2094.12,2094.12,1815,1875,1152.7,TRUE,0,1815,-1875,2094.12,2094.12,1809.48,1831.4,1153.1,TRUE,0,1809.48,-1831.4,3624.48,-3706.4,FALSE,-1831,-1831,TRUE
2026-01-27T21:09:54Z,REV_TW1_U_21,5,TRUE,2,1,0,0,1984,0,0,-3706,-256.518,,,-3706,-256.518,0,0,,,,,3601,-3706,1.355,0.745,,,,18,,,,,2,,,,62.23,62.2,61.9,62.6,34600,34600,34500,,,,-3670,59.9778,-245,,128222,113212,,,,,,12,0,0,0,0,0,0,0,0,,2,,1154,-3538.16,-3066,19.5,19.55,3201.12,3142.98,100,-3543,3556,-3706.398,3601.4,,,0,0,0,0,0,0,,,3.403,3.349,3.368,28,11,24,,,47,48,48,FALSE,TRUE,FALSE,2,2,3,6,0,342,4200,16416,1500,-1500,0,0,42,16.887,96.2,5.1,999,999,999,999,999,999,999,999,2,1,0,0,0,1,2,1,1,0,0,8,1,0,0,-33493,0,6401,0,0,0,0,0,0,0,0,0,701.465,2096.01,2096.01,1815,1875,1152.8,TRUE,0,1815,-1875,2096.01,2096.01,1797.94,1831.4,1153.1,TRUE,0,1797.94,-1831.4,3612.94,-3706.4,FALSE,-1831,-1831,TRUE
2026-01-27T21:09:56Z,REV_TW1_U_21,5,TRUE,2,1,0,0,1984,0,0,-3706,-270.831,,,-3706,-270.831,0,0,,,,,3612,-3706,1.355,0.745,,,,18,,,,,2,,,,62.23,62.2,61.9,62.6,34600,34600,34500,,,,-3671,59.9841,-259,,128223,113212,,,,,,12,0,0,0,0,0,0,0,0,,2,,1154,-3538.16,-3066,19.5,19.55,3201.12,3142.98,100,-3543,3566,-3706.398,3612.94,,,0,0,0,0,0,0,,,3.402,3.348,3.368,28,11,24,,,47,48,48,FALSE,TRUE,FALSE,2,2,3,6,0,342,4200,16416,1500,-1500,0,0,42,16.887,96.2,5.1,999,999,999,999,999,999,999,999,2,1,0,0,0,1,2,1,1,0,0,8,1,0,0,-33493,0,6403,0,0,0,0,0,0,0,0,0,701.465,2094.75,2094.75,1815,1875,1152.7,TRUE,0,1815,-1875,2094.75,2094.75,1797.94,1831.4,1153.1,TRUE,0,1797.94,-1831.4,3612.94,-3706.4,FALSE,-1831,-1831,TRUE
2026-01-27T21:09:58Z,REV_TW1_U_21,5,TRUE,2,1,0,0,1984,0,0,-3706,-283.706,,,-3706,-283.706,0,0,,,,,3601,-3706,1.355,0.745,,,,18,,,,,2,,,,62.33,62.3,62,62.7,34600,34600,34500,,,,-3670,59.9743,-276,,128226,113212,,,,,,12,0,0,0,0,0,0,0,0,,2,,1154.1,-3538.47,-3066,19.5,19.55,3201.12,3142.98,100,-3543,3556,-3706.5567,3601.5599999999995,,,0,0,0,0,0,0,,,3.403,3.349,3.368,28,11,24,,,47,48,48,FALSE,TRUE,FALSE,2,2,3,6,0,342,4200,16416,1500,-1500,0,0,42,16.887,96.2,5.1,999,999,999,999,999,999,999,999,2,1,0,0,0,1,2,1,1,0,0,8,1,0,0,-33493,0,6405,0,0,0,0,0,0,0,0,0,701.465,2093.49,2093.49,1815,1875,1152.8,TRUE,0,1815,-1875,2093.49,2093.49,1786.56,1831.56,1153.1,TRUE,0,1786.56,-1831.56,3601.56,-3706.56,FALSE,-1832,-1831.56,TRUE
2026-01-27T21:10:00Z,REV_TW1_U_21,5,TRUE,2,1,0,0,1984,0,0,-3706,-298.206,,,-3706,-298.206,0,0,,,,,3613,-3706,1.355,0.745,,,,18,,,,,2,,,,62.33,62.3,62,62.7,34600,34600,34500,,,,-3673,59.9801,-285,,128227,113212,,,,,,12,0,0,0,0,0,0,0,0,,2,,1154.1,-3538.47,-3066,19.5,19.55,3201.12,3142.98,100,-3543,3566,-3706.5567,3613.1009999999997,,,0,0,0,0,0,0,,,3.403,3.349,3.368,28,11,24,,,47,48,48,FALSE,TRUE,FALSE,2,2,3,6,0,342,4200,16416,1500,-1500,0,0,42,16.887,96.2,5.1,999,999,999,999,999,999,999,999,2,1,0,0,0,1,2,1,1,0,0,8,1,0,0,-33493,0,6407,0,0,0,0,0,0,0,0,0,701.465,2093.91,2093.91,1815,1875,1152.8,TRUE,0,1815,-1875,2093.91,2093.91,1798.1,1831.56,1153.1,TRUE,0,1798.1,-1831.56,3613.1,-3706.56,FALSE,-1832,-1831.56,TRUE
2026-01-27T21:10:02Z,REV_TW1_U_21,5,TRUE,2,1,0,0,1984,0,0,-3706,-311.206,,,-3706,-311.206,0,0,,,,,3601,-3706,1.355,0.745,,,,18,,,,,2,,,,62.37,62.3,62.1,62.7,34600,34600,34500,,,,-3669,59.9738,-300,,128230,113212,,,,,,12,0,0,0,0,0,0,0,0,,2,,1154.1,-3539.62,-3067,19.5,19.55,3201.12,3142.98,100,-3543,3566,-3706.5567,3613.1009999999997,,,0,0,0,0,0,0,,,3.403,3.349,3.369,28,11,24,,,47,48,48,FALSE,TRUE,FALSE,2,2,3,6,0,342,4200,16416,1500,-1500,0,0,41,16.551,96.4,5.1,999,999,999,999,999,999,999,999,2,1,0,0,0,1,2,1,1,0,0,8,1,0,0,-33493,0,6409,0,0,0,0,0,0,0,0,0,701.465,2091.6,2091.6,1815,1875,1152.8,TRUE,0,1815,-1875,2091.6,2091.6,1786.56,1831.56,1153.1,TRUE,0,1786.56,-1831.56,3601.56,-3706.56,FALSE,-1832,-1831.56,TRUE
2026-01-27T21:10:04Z,REV_TW1_U_21,5,TRUE,2,1,0,0,1984,0,0,-3706,-325.456,,,-3706,-325.456,0,0,,,,,3613,-3706,1.355,0.745,,,,18,,,,,2,,,,62.43,62.4,62.1,62.8,34600,34600,34500,,,,-3674,59.9721,-309,,128231,113212,,,,,,12,0,0,0,0,0,0,0,0,,2,,1154.1,-3538.47,-3066,19.5,19.55,3201.12,3142.98,100,-3543,3566,-3706.5567,3613.1009999999997,,,0,0,0,0,0,0,,,3.403,3.349,3.369,28,11,24,,,47,48,48,FALSE,TRUE,FALSE,2,2,3,6,0,342,4200,16416,1500,-1500,0,0,41,16.551,96.4,5.1,999,999,999,999,999,999,999,999,2,1,0,0,0,1,2,1,1,0,0,8,1,0,0,-33493,0,6411,0,0,0,0,0,0,0,0,0,701.465,2094.33,2094.33,1815,1875,1152.8,TRUE,0,1815,-1875,2094.96,2094.96,1798.1,1831.56,1153.2,TRUE,0,1798.1,-1831.56,3613.1,-3706.56,FALSE,-1832,-1831.56,TRUE
2026-01-27T21:10:06Z,REV_TW1_U_21,5,TRUE,2,1,0,0,1984,0,0,-3706,-339.831,,,-3706,-339.831,0,0,,,,,3624,-3706,1.355,0.745,,,,18,,,,,2,,,,62.43,62.4,62.1,62.8,34500,34600,34400,,,,-3673,59.9654,-325,,128234,113212,,,,,,12,0,0,0,0,0,0,0,0,,2,,1154.1,-3539.62,-3067,19.5,19.55,3201.12,3142.98,100,-3543,3576,-3706.5567,3624.642,,,0,0,0,0,0,0,,,3.403,3.349,3.369,28,11,24,,,47,48,48,FALSE,TRUE,FALSE,2,2,3,6,0,342,4200,16416,1500,-1500,0,0,41,16.551,96.4,5.1,999,999,999,999,999,999,999,999,2,1,0,0,0,1,2,1,1,0,0,8,1,0,0,-33493,0,6413,0,0,0,0,0,0,0,0,0,701.465,2092.86,2092.86,1815,1875,1152.8,TRUE,0,1815,-1875,2092.86,2092.86,1809.64,1831.56,1153.2,TRUE,0,1809.64,-1831.56,3624.6400000000003,-3706.56,FALSE,-1832,-1831.56,TRUE
2026-01-27T21:10:08Z,REV_TW1_U_21,5,TRUE,2,1,0,0,1984,0,0,-3706,-354.143,,,-3706,-354.143,0,0,,,,,3613,-3706,1.355,0.745,,,,18,,,,,2,,,,62.47,62.4,62.2,62.8,34500,34600,34400,,,,-3669,59.9673,-337,,128235,113212,,,,,,12,0,0,0,0,0,0,0,0,,2,,1154.2,-3538.78,-3066,19.5,19.55,3201.12,3142.98,100,-3543,3566,-3706.7154,3613.2619999999997,,,0,0,0,0,0,0,,,3.403,3.348,3.369,28,11,24,,,47,48,48,FALSE,TRUE,FALSE,2,2,3,6,0,342,4200,16416,1500,-1500,0,0,41,16.551,96.4,5.1,999,999,999,999,999,999,999,999,2,1,0,0,0,1,2,1,1,0,0,8,1,0,0,-33493,0,6415,0,0,0,0,0,0,0,0,0,701.465,2092.44,2092.44,1815,1875,1152.9,TRUE,0,1815,-1875,2092.44,2092.44,1798.26,1831.72,1153.2,TRUE,0,1798.26,-1831.72,3613.26,-3706.72,FALSE,-1832,-1831.72,TRUE
2026-01-27T21:10:10Z,REV_TW1_U_21,5,TRUE,2,1,0,0,1984,0,0,-3706,-367.601,,,-3706,-367.601,0,0,,,,,3613,-3706,1.355,0.745,,,,18,,,,,2,,,,62.53,62.5,62.2,62.9,34500,34600,34400,,,,-3669,59.9661,-349,,128238,113212,,,,,,12,0,0,0,0,0,0,0,0,,2,,1154.2,-3538.78,-3066,19.5,19.55,3201.12,3142.98,100,-3543,3566,-3706.7154,3613.2619999999997,,,0,0,0,0,0,0,,,3.403,3.349,3.369,28,11,24,,,47,48,48,FALSE,TRUE,FALSE,2,2,3,6,0,342,4200,16416,1500,-1500,0,0,41,16.551,96.4,5.1,999,999,999,999,999,999,999,999,2,1,0,0,0,1,2,1,1,0,0,8,1,0,0,-33493,0,6417,0,0,0,0,0,0,0,0,0,701.465,2090.97,2090.97,1815,1875,1152.9,TRUE,0,1815,-1875,2090.97,2090.97,1798.26,1831.72,1153.3,TRUE,0,1798.26,-1831.72,3613.26,-3706.72,FALSE,-1832,-1831.72,TRUE
2026-01-27T21:10:12Z,REV_TW1_U_21,5,TRUE,2,1,0,0,1984,0,0,-3706,-382.051,,,-3706,-382.051,0,0,,,,,3601,-3706,1.355,0.745,,,,18,,,,,2,,,,62.53,62.5,62.2,62.9,34500,34600,34400,,,,-3670,59.9694,-363,,128239,113212,,,,,,12,0,0,0,0,0,0,0,0,,2,,1154.2,-3541.09,-3068,19.5,19.55,3201.12,3142.98,100,-3543,3566,-3706.7154,3613.2619999999997,,,0,0,0,0,0,0,,,3.403,3.348,3.369,28,11,24,,,47,48,48,FALSE,TRUE,FALSE,2,2,3,6,0,342,4200,16416,1500,-1500,0,0,41,16.551,96.4,5.1,999,999,999,999,999,999,999,999,2,1,0,0,0,1,2,1,1,0,0,8,1,0,0,-33494,0,6419,0,0,0,0,0,0,0,0,0,701.705,2089.29,2089.29,1815,1875,1152.9,TRUE,0,1815,-1875,2089.29,2089.29,1786.72,1831.72,1153.3,TRUE,0,1786.72,-1831.72,3601.7200000000003,-3706.72,FALSE,-1832,-1831.72,TRUE
2026-01-27T21:10:14Z,REV_TW1_U_21,5,TRUE,2,1,0,0,1984,0,0,-3706,-396.301,,,-3706,-396.301,0,0,,,,,3613,-3706,1.355,0.745,,,,18,,,,,2,,,,62.63,62.6,62.3,63,34500,34600,34400,,,,-3670,59.9686,-379,,128243,113212,,,,,,12,0,0,0,0,0,0,0,0,,2,,1154.2,-3539.93,-3067,19.5,19.55,3201.12,3142.98,100,-3543,3566,-3706.7154,3613.2619999999997,,,0,0,0,0,0,0,,,3.403,3.349,3.369,28,11,24,,,47,48,48,FALSE,TRUE,FALSE,2,2,3,6,0,342,4200,16416,1500,-1500,0,0,41,16.551,96.4,5.1,999,999,999,999,999,999,999,999,2,1,0,0,0,1,2,1,1,0,0,8,1,0,0,-33494,0,6421,0,0,0,0,0,0,0,0,0,701.705,2089.71,2089.71,1815,1875,1152.9,TRUE,0,1815,-1875,2088.03,2088.03,1809.8,1831.72,1153.3,TRUE,0,1809.8,-1831.72,3624.8,-3706.72,FALSE,-1832,-1831.72,TRUE
2026-01-27T21:10:16Z,REV_TW1_U_21,5,TRUE,2,1,0,0,1984,0,0,-3706,-409.238,,,-3706,-409.238,0,0,,,,,3624,-3706,1.355,0.745,,,,18,,,,,2,,,,62.63,62.6,62.3,63,34500,34600,34400,,,,-3669,59.9598,-392,,128243,113212,,,,,,12,0,0,0,0,0,0,0,0,,2,,1154.2,-3538.78,-3066,19.5,19.55,3201.12,3142.98,100,-3543,3576,-3706.7154,3624.804,,,0,0,0,0,0,0,,,3.403,3.349,3.369,28,11,24,,,47,48,48,FALSE,TRUE,FALSE,2,2,3,6,0,342,4200,16416,1500,-1500,0,0,41,16.551,96.4,5.1,999,999,999,999,999,999,999,999,2,1,0,0,0,1,2,1,1,0,0,8,1,0,0,-33494,0,6423,0,0,0,0,0,0,0,0,0,701.705,2088.45,2088.45,1815,1875,1152.9,TRUE,0,1815,-1875,2088.45,2088.45,1809.8,1831.72,1153.3,TRUE,0,1809.8,-1831.72,3624.8,-3706.72,FALSE,-1832,-1831.72,TRUE
2026-01-27T21:10:18Z,REV_TW1_U_21,5,TRUE,2,1,0,0,1984,0,0,-3706,-423.551,,,-3706,-423.551,0,0,,,,,3624,-3706,1.355,0.745,,,,18,,,,,2,,,,62.67,62.6,62.3,63.1,34500,34500,34400,,,,-3670,59.9691,-407,,128247,113212,,,,,,12,0,0,0,0,0,0,0,0,,2,,1154.3,-3539.08,-3066,19.5,19.55,3201.12,3142.98,100,-3543,3576,-3706.8741,3624.9660000000003,,,0,0,0,0,0,0,,,3.403,3.349,3.369,28,11,24,,,47,48,48,FALSE,TRUE,FALSE,2,2,3,6,0,342,4200,16416,1500,-1500,0,0,41,16.551,96.4,5.1,999,999,999,999,999,999,999,999,2,1,0,0,0,1,2,1,1,0,0,8,1,0,0,-33494,0,6425,0,0,0,0,0,0,0,0,0,701.705,2088.03,2088.03,1815,1875,1153,TRUE,0,1815,-1875,2086.77,2086.77,1809.97,1831.87,1153.3,TRUE,0,1809.97,-1831.87,3624.9700000000003,-3706.87,FALSE,-1832,-1831.87,TRUE
2026-01-27T21:10:20Z,REV_TW1_U_21,5,TRUE,2,1,0,0,1984,0,0,-3706,-437.988,,,-3706,-437.988,0,0,,,,,3624,-3706,1.355,0.745,,,,18,,,,,2,,,,62.73,62.7,62.4,63.1,34500,34500,34400,,,,-3668,59.9714,-420,,128247,113212,,,,,,12,0,0,0,0,0,0,0,0,,2,,1154.3,-3540.24,-3067,19.5,19.55,3201.12,3142.98,100,-3543,3576,-3706.8741,3624.9660000000003,,,0,0,0,0,0,0,,,3.403,3.349,3.369,28,11,24,,,47,48,48,FALSE,TRUE,FALSE,2,2,3,6,0,342,4200,16416,1500,-1500,0,0,41,16.551,96.4,5.1,999,999,999,999,999,999,999,999,2,1,0,0,0,1,2,1,1,0,0,8,1,0,0,-33494,0,6427,0,0,0,0,0,0,0,0,0,701.705,2084.46,2084.46,1815,1875,1153,TRUE,0,1815,-1875,2084.46,2084.46,1809.97,1831.87,1153.4,TRUE,0,1809.97,-1831.87,3624.9700000000003,-3706.87,FALSE,-1832,-1831.87,TRUE
2026-01-27T21:10:22Z,REV_TW1_U_21,5,TRUE,2,1,0,0,1984,0,0,-3706,-449.426,,,-3706,-449.426,0,0,,,,,3624,-3706,1.355,0.745,,,,18,,,,,2,,,,62.77,62.7,62.5,63.1,34500,34500,34400,,,,-3666,59.9611,-439,,128251,113212,,,,,,12,0,0,0,0,0,0,0,0,,2,,1154.3,-3539.08,-3066,19.5,19.55,3201.12,3142.98,100,-3543,3576,-3706.8741,3624.9660000000003,,,0,0,0,0,0,0,,,3.403,3.349,3.369,28,11,24,,,47,48,48,FALSE,TRUE,FALSE,2,2,3,6,0,342,4200,16416,1500,-1500,0,0,41,16.551,96.6,5.2,999,999,999,999,999,999,999,999,2,1,0,0,0,1,2,1,1,0,0,8,1,0,0,-33495,0,6429,0,0,0,0,0,0,0,0,0,701.705,2082.15,2082.15,1815,1875,1152.9,TRUE,0,1815,-1875,2082.99,2082.99,1809.97,1831.87,1153.4,TRUE,0,1809.97,-1831.87,3624.9700000000003,-3706.87,FALSE,-1832,-1831.87,TRUE
2026-01-27T21:10:24Z,REV_TW1_U_21,5,TRUE,2,1,0,0,1984,0,0,-3706,-465.238,,,-3706,-465.238,0,0,,,,,3624,-3706,1.355,0.745,,,,18,,,,,2,,,,62.83,62.8,62.5,63.2,34500,34500,34400,,,,-3669,59.9674,-454,,128252,113212,,,,,,12,0,0,0,0,0,0,0,0,,2,,1154.3,-3540.24,-3067,19.5,19.55,3201.12,3142.98,100,-3543,3576,-3706.8741,3624.9660000000003,,,0,0,0,0,0,0,,,3.403,3.349,3.369,28,11,24,,,47,48,48,FALSE,TRUE,FALSE,2,2,3,6,0,342,4200,16416,1500,-1500,0,0,41,16.551,96.6,5.2,999,999,999,999,999,999,999,999,2,1,0,0,0,1,2,1,1,0,0,8,1,0,0,-33495,0,6431,0,0,0,0,0,0,0,0,0,701.705,2081.31,2081.31,1815,1875,1153,TRUE,0,1815,-1875,2081.31,2081.31,1809.97,1831.87,1153.4,TRUE,0,1809.97,-1831.87,3624.9700000000003,-3706.87,FALSE,-1832,-1831.87,TRUE
2026-01-27T21:10:26Z,REV_TW1_U_21,5,TRUE,2,1,0,0,1984,0,0,-3706,-479.676,,,-3706,-479.676,0,0,,,,,3625,-3707,1.355,0.745,,,,18,,,,,2,,,,62.83,62.8,62.5,63.2,34500,34500,34400,,,,-3672,59.9604,-467,,128255,113212,,,,,,12,0,0,0,0,0,0,0,0,,2,,1154.4,-3541.7,-3068,19.5,19.55,3201.12,3142.98,100,-3543,3576,-3707.0328,3625.1280000000006,,,0,0,0,0,0,0,,,3.403,3.349,3.369,28,11,24,,,47,48,48,FALSE,TRUE,FALSE,2,2,3,6,0,342,4200,16416,1500,-1500,0,0,41,16.551,96.6,5.2,999,999,999,999,999,999,999,999,2,1,0,0,0,1,2,1,1,0,0,8,1,0,0,-33495,0,6433,0,0,0,0,0,0,0,0,0,701.705,2082.36,2082.36,1815,1875,1153,TRUE,0,1815,-1875,2080.05,2080.05,1810.13,1832.03,1153.4,TRUE,0,1810.13,-1832.03,3625.13,-3707.03,FALSE,-1832,-1832,TRUE
2026-01-27T21:10:28Z,REV_TW1_U_21,5,TRUE,2,1,0,0,1984,0,0,-3707,-492.738,,,-3707,-492.738,0,0,,,,,3625,-3707,1.355,0.745,,,,18,,,,,2,,,,62.9,62.8,62.6,63.3,34500,34500,34400,,,,-3673,59.9726,-482,,128256,113212,,,,,,12,0,0,0,0,0,0,0,0,,2,,1154.4,-3539.39,-3066,19.5,19.55,3201.12,3142.98,100,-3543,3576,-3707.0328,3625.1280000000006,,,0,0,0,0,0,0,,,3.403,3.349,3.369,28,11,24,,,47,48,48,FALSE,TRUE,FALSE,2,2,3,6,0,342,4200,16416,1500,-1500,0,0,41,16.551,96.6,5.2,999,999,999,999,999,999,999,999,2,1,0,0,0,1,2,1,1,0,0,8,1,0,0,-33495,0,6435,0,0,0,0,0,0,0,0,0,701.705,2080.68,2080.68,1815,1875,1153,TRUE,0,1815,-1875,2080.68,2080.68,1810.13,1832.03,1153.4,TRUE,0,1810.13,-1832.03,3625.13,-3707.03,FALSE,-1832,-1832,TRUE
2026-01-27T21:10:30Z,REV_TW1_U_21,5,TRUE,2,1,0,0,1984,0,0,-3707,-506.853,,,-3707,-506.853,0,0,,,,,3625,-3707,1.355,0.745,,,,18,,,,,2,,,,62.93,62.9,62.6,63.3,34500,34500,34300,,,,-3673,59.9656,-496,,128259,113212,,,,,,12,0,0,0,0,0,0,0,0,,2,,1154.4,-3541.7,-3068,19.5,19.55,3201.12,3142.98,100,-3543,3576,-3707.0328,3625.1280000000006,,,0,0,0,0,0,0,,,3.404,3.35,3.369,28,11,24,,,47,48,48,FALSE,TRUE,FALSE,2,2,3,6,0,342,4200,16416,1500,-1500,0,0,41,16.551,96.6,5.2,999,999,999,999,999,999,999,999,2,1,0,0,0,1,2,1,1,0,0,8,1,0,0,-33495,0,6437,0,0,0,0,0,0,0,0,0,701.705,2079.42,2079.42,1815,1875,1153,TRUE,0,1815,-1875,2079.42,2079.42,1810.13,1832.03,1153.5,TRUE,0,1810.13,-1832.03,3625.13,-3707.03,FALSE,-1832,-1832,TRUE
2026-01-27T21:10:32Z,REV_TW1_U_21,5,TRUE,2,1,0,0,1984,0,0,-3707,-520.842,,,-3707,-520.842,0,0,,,,,3625,-3707,1.355,0.745,,,,18,,,,,2,,,,63.03,63,62.7,63.4,34400,34500,34300,,,,-3674,59.9679,-507,,128260,113212,,,,,,12,0,0,0,0,0,0,0,0,,2,,1154.4,-3539.39,-3066,19.5,19.55,3201.12,3142.98,100,-3543,3576,-3707.0328,3625.1280000000006,,,0,0,0,0,0,0,,,3.404,3.35,3.369,28,11,24,,,47,48,48,FALSE,TRUE,FALSE,2,2,3,6,0,342,4200,16416,1500,-1500,0,0,41,16.551,96.6,5.2,999,999,999,999,999,999,999,999,2,1,0,0,0,1,2,1,1,0,0,8,1,0,0,-33496,0,6439,0,0,0,0,0,0,0,0,0,701.705,2078.37,2078.37,1815,1875,1153,TRUE,0,1815,-1875,2078.37,2078.37,1810.13,1832.03,1153.5,TRUE,0,1810.13,-1832.03,3625.13,-3707.03,FALSE,-1832,-1832,TRUE
2026-01-27T21:10:34Z,REV_TW1_U_21,5,TRUE,2,1,0,0,1984,0,0,-3707,-533.717,,,-3707,-533.717,0,0,,,,,3625,-3707,1.355,0.745,,,,18,,,,,2,,,,63.03,63,62.7,63.4,34400,34500,34300,,,,-3672,59.9742,-520,,128263,113212,,,,,,12,0,0,0,0,0,0,0,0,,2,,1154.4,-3539.39,-3066,19.5,19.55,3201.12,3142.98,100,-3543,3576,-3707.0328,3625.1280000000006,,,0,0,0,0,0,0,,,3.404,3.349,3.369,28,11,24,,,47,48,48,FALSE,TRUE,FALSE,2,2,3,6,0,342,4200,16416,1500,-1500,0,0,41,16.551,96.6,5.2,999,999,999,999,999,999,999,999,2,1,0,0,0,1,2,1,1,0,0,8,1,0,0,-33496,0,6441,0,0,0,0,0,0,0,0,0,701.705,2075.22,2075.22,1815,1875,1153.1,TRUE,0,1815,-1875,2075.22,2075.22,1810.13,1832.03,1153.5,TRUE,0,1810.13,-1832.03,3625.13,-3707.03,FALSE,-1832,-1832,TRUE
2026-01-27T21:10:36Z,REV_TW1_U_21,5,TRUE,2,1,0,0,1984,0,0,-3707,-547.894,,,-3707,-547.894,0,0,,,,,3625,-3707,1.355,0.745,,,,18,,,,,2,,,,63.13,63.1,62.8,63.5,34400,34500,34300,,,,-3670,59.983,-535,,128264,113212,,,,,,12,0,0,0,0,0,0,0,0,,2,,1154.5,-3539.7,-3066,19.5,19.55,3201.12,3142.98,100,-3543,3576,-3707.1915,3625.29,,,0,0,0,0,0,0,,,3.404,3.349,3.37,28,11,24,,,47,48,48,FALSE,TRUE,FALSE,2,2,3,6,0,342,4200,16416,1500,-1500,0,0,41,16.551,96.6,5.2,999,999,999,999,999,999,999,999,2,1,0,0,0,1,2,1,1,0,0,8,1,0,0,-33496,0,6443,0,0,0,0,0,0,0,0,0,701.705,2073.75,2073.75,1815,1875,1153.1,TRUE,0,1815,-1875,2073.75,2073.75,1810.29,1832.19,1153.5,TRUE,0,1810.29,-1832.19,3625.29,-3707.19,FALSE,-1832,-1832,TRUE
2026-01-27T21:10:38Z,REV_TW1_U_21,5,TRUE,2,1,0,0,1984,0,0,-3707,-560.626,,,-3707,-560.626,0,0,,,,,3625,-3707,1.355,0.745,,,,18,,,,,2,,,,63.2,63.1,62.9,63.6,34400,34500,34300,,,,-3673,59.9837,-544,,128267,113212,,,,,,12,0,0,0,0,0,0,0,0,,2,,1154.5,-3539.7,-3066,19.5,19.55,3201.12,3142.98,100,-3543,3576,-3707.1915,3625.29,,,0,0,0,0,0,0,,,3.404,3.349,3.37,28,11,24,,,47,48,48,FALSE,TRUE,FALSE,2,2,3,6,0,342,4200,16416,1500,-1500,0,0,41,16.551,96.6,5.2,999,999,999,999,999,999,999,999,2,1,0,0,0,1,2,1,1,0,0,8,1,0,0,-33496,0,6445,0,0,0,0,0,0,0,0,0,701.705,2073.75,2073.75,1815,1875,1153.1,TRUE,0,1815,-1875,2073.75,2073.75,1810.29,1832.19,1153.5,TRUE,0,1810.29,-1832.19,3625.29,-3707.19,FALSE,-1832,-1832,TRUE
2026-01-27T21:10:40Z,REV_TW1_U_21,5,TRUE,2,1,0,0,1984,0,0,-3707,-574.525,,,-3707,-574.525,0,0,,,,,3625,-3707,1.355,0.745,,,,18,,,,,2,,,,63.23,63.2,62.9,63.6,34400,34400,34300,,,,-3672,59.9899,-559,,128268,113212,,,,,,12,0,0,0,0,0,0,0,0,,2,,1154.5,-3539.7,-3066,19.5,19.55,3201.12,3142.98,100,-3543,3576,-3707.1915,3625.29,,,0,0,0,0,0,0,,,3.404,3.349,3.37,28,11,24,,,47,48,48,FALSE,TRUE,FALSE,2,2,3,6,0,342,4200,16416,1500,-1500,0,0,41,16.551,96.6,5.2,999,999,999,999,999,999,999,999,2,1,0,0,0,1,2,1,1,0,0,8,1,0,0,-33497,0,6447,0,0,0,0,0,0,0,0,0,701.705,2072.28,2072.28,1815,1875,1153.1,TRUE,0,1815,-1875,2072.28,2072.28,1810.29,1832.19,1153.6,TRUE,0,1810.29,-1832.19,3625.29,-3707.19,FALSE,-1832,-1832,TRUE
2026-01-27T21:10:42Z,REV_TW1_U_21,5,TRUE,2,1,0,0,1984,0,0,-3707,-588.694,,,-3707,-588.694,0,0,,,,,3625,-3707,1.355,0.745,,,,18,,,,,2,,,,63.23,63.2,62.9,63.6,34400,34400,34300,,,,-3668,59.9831,-573,,128271,113212,,,,,,12,0,0,0,0,0,0,0,0,,2,,1154.5,-3539.7,-3066,19.5,19.55,3201.12,3142.98,100,-3543,3576,-3707.1915,3625.29,,,0,0,0,0,0,0,,,3.404,3.35,3.37,28,11,24,,,47,48,48,FALSE,TRUE,FALSE,2,2,3,6,0,342,4200,16416,1500,-1500,0,0,41,16.551,96.6,5.2,999,999,999,999,999,999,999,999,2,1,0,0,0,1,2,1,1,0,0,8,1,0,0,-33497,0,6449,0,0,0,0,0,0,0,0,0,701.705,2068.5,2068.5,1815,1875,1153.1,TRUE,0,1815,-1875,2068.5,2068.5,1810.29,1832.19,1153.6,TRUE,0,1810.29,-1832.19,3625.29,-3707.19,FALSE,-1832,-1832,TRUE
2026-01-27T21:10:44Z,REV_TW1_U_21,5,TRUE,2,1,0,0,1984,0,0,-3707,-601.162,,,-3707,-601.162,0,0,,,,,3625,-3707,1.355,0.745,,,,18,,,,,2,,,,63.33,63.3,63,63.7,34400,34400,34300,,,,-3670,59.9829,-584,,128272,113212,,,,,,12,0,0,0,0,0,0,0,0,,2,,1154.5,-3539.7,-3066,19.5,19.55,3201.12,3142.98,100,-3543,3576,-3707.1915,3625.29,,,0,0,0,0,0,0,,,3.404,3.35,3.37,28,11,24,,,47,48,48,FALSE,TRUE,FALSE,2,2,3,6,0,342,4200,16416,1500,-1500,0,0,41,16.551,96.8,5.2,999,999,999,999,999,999,999,999,2,1,0,0,0,1,2,1,1,0,0,8,1,0,0,-33497,0,6451,0,0,0,0,0,0,0,0,0,701.705,2068.29,2068.29,1815,1875,1153.1,TRUE,0,1815,-1875,2068.29,2068.29,1810.29,1832.19,1153.6,TRUE,0,1810.29,-1832.19,3625.29,-3707.19,FALSE,-1832,-1832,TRUE
2026-01-27T21:10:46Z,REV_TW1_U_21,5,TRUE,2,1,0,0,1984,0,0,-3707,-615.217,,,-3707,-615.217,0,0,,,,,3625,-3707,1.355,0.745,,,,18,,,,,2,,,,63.37,63.3,63,63.8,34400,34400,34300,,,,-3670,59.9831,-597,,128275,113212,,,,,,12,0,0,0,0,0,0,0,0,,2,,1154.5,-3539.7,-3066,19.5,19.55,3201.12,3142.98,100,-3543,3576,-3707.1915,3625.29,,,0,0,0,0,0,0,,,3.404,3.35,3.37,28,11,24,,,47,48,48,FALSE,TRUE,FALSE,2,2,3,6,0,342,4200,16416,1500,-1500,0,0,41,16.551,96.8,5.2,999,999,999,999,999,999,999,999,2,1,0,0,0,1,2,1,1,0,0,8,1,0,0,-33498,0,6453,0,0,0,0,0,0,0,0,0,701.705,2066.82,2066.82,1815,1875,1153.1,TRUE,0,1815,-1875,2066.82,2066.82,1810.45,1832.35,1153.6,TRUE,0,1810.45,-1832.35,3625.45,-3707.35,FALSE,-1832,-1832,TRUE
2026-01-27T21:10:48Z,REV_TW1_U_21,5,TRUE,2,1,0,0,1984,0,0,-3707,-629.332,,,-3707,-629.332,0,0,,,,,3625,-3707,1.355,0.745,,,,17,,,,,2,,,,63.43,63.4,63.1,63.8,34400,34400,34300,,,,-3670,59.9841,-613,,128276,113212,,,,,,12,0,0,0,0,0,0,0,0,,2,,1154.6,-3540,-3066,19.5,19.55,3201.12,3142.98,100,-3543,3576,-3707.3502,3625.4519999999998,,,0,0,0,0,0,0,,,3.404,3.35,3.37,28,11,24,,,47,48,48,FALSE,TRUE,FALSE,2,2,3,6,0,342,4200,16416,1500,-1500,0,0,41,16.551,96.8,5.2,999,999,999,999,999,999,999,999,2,1,0,0,0,1,2,1,1,0,0,8,1,0,0,-33498,0,6455,0,0,0,0,0,0,0,0,0,701.705,2065.14,2065.14,1815,1875,1153.2,TRUE,0,1815,-1875,2065.14,2065.14,1810.45,1832.35,1153.6,TRUE,0,1810.45,-1832.35,3625.45,-3707.35,FALSE,-1832,-1832,TRUE
2026-01-27T21:10:50Z,REV_TW1_U_21,5,TRUE,2,1,0,0,1984,0,0,-3707,-642.005,,,-3707,-642.005,0,0,,,,,3625,-3707,1.355,0.745,,,,18,,,,,2,,,,63.47,63.4,63.2,63.8,34400,34400,34300,,,,-3669,59.9885,-624,,128279,113212,,,,,,12,0,0,0,0,0,0,0,0,,2,,1154.6,-3540,-3066,19.5,19.55,3201.12,3142.98,100,-3543,3576,-3707.3502,3625.4519999999998,,,0,0,0,0,0,0,,,3.404,3.35,3.37,28,11,24,,,47,48,48,FALSE,TRUE,FALSE,2,2,3,6,0,342,4200,16416,1500,-1500,0,0,41,16.551,96.8,5.2,999,999,999,999,999,999,999,999,2,1,0,0,0,1,2,1,1,0,0,8,1,0,0,-33498,0,6457,0,0,0,0,0,0,0,0,0,701.705,2063.88,2063.88,1815,1875,1153.2,TRUE,0,1815,-1875,2063.88,2063.88,1810.45,1832.35,1153.7,TRUE,0,1810.45,-1832.35,3625.45,-3707.35,FALSE,-1832,-1832,TRUE
2026-01-27T21:10:52Z,REV_TW1_U_21,5,TRUE,2,1,0,0,1984,0,0,-3707,-656.061,,,-3707,-656.061,0,0,,,,,3625,-3707,1.355,0.745,,,,17,,,,,2,,,,63.53,63.5,63.2,63.9,34400,34400,34300,,,,-3667,59.987,-639,,128280,113212,,,,,,12,0,0,0,0,0,0,0,0,,2,,1154.6,-3540,-3066,19.5,19.55,3201.12,3142.98,100,-3543,3576,-3707.3502,3625.4519999999998,,,0,0,0,0,0,0,,,3.405,3.35,3.37,28,11,24,,,47,48,48,FALSE,TRUE,FALSE,2,2,3,6,0,342,4200,16416,1500,-1500,0,0,41,16.551,96.8,5.2,999,999,999,999,999,999,999,999,2,1,0,0,0,1,2,1,1,0,0,8,1,0,0,-33498,0,6459,0,0,0,0,0,0,0,0,0,701.705,2061.57,2061.57,1815,1875,1153.2,TRUE,0,1815,-1875,2061.57,2061.57,1810.45,1832.35,1153.7,TRUE,0,1810.45,-1832.35,3625.45,-3707.35,FALSE,-1832,-1832,TRUE
2026-01-27T21:10:54Z,REV_TW1_U_21,5,TRUE,2,1,0,0,1984,0,0,-3707,-669.988,,,-3707,-669.988,0,0,,,,,3625,-3707,1.355,0.745,,,,17,,,,,2,,,,63.6,63.5,63.3,64,34300,34400,34200,,,,-3667,59.981,-655,,128283,113212,,,,,,12,0,0,0,0,0,0,0,0,,2,,1154.6,-3538.85,-3065,19.5,19.55,3201.12,3142.98,100,-3543,3576,-3707.3502,3625.4519999999998,,,0,0,0,0,0,0,,,3.404,3.35,3.37,28,11,24,,,47,48,48,FALSE,TRUE,FALSE,2,2,3,6,0,342,4200,16416,1500,-1500,0,0,41,16.551,96.8,5.2,999,999,999,999,999,999,999,999,2,1,0,0,0,1,2,1,1,0,0,8,1,0,0,-33499,0,6461,0,0,0,0,0,0,0,0,0,701.705,2061.99,2061.99,1815,1875,1153.2,TRUE,0,1815,-1875,2061.99,2061.99,1810.45,1832.35,1153.7,TRUE,0,1810.45,-1832.35,3625.45,-3707.35,FALSE,-1832,-1832,TRUE
2026-01-27T21:10:56Z,REV_TW1_U_21,5,TRUE,2,1,0,0,1984,0,0,-3707,-682.404,,,-3707,-682.404,0,0,,,,,3625,-3707,1.355,0.745,,,,17,,,,,2,,,,63.63,63.6,63.3,64,34300,34400,34200,,,,-3671,59.9804,-666,,128284,113212,,,,,,12,0,0,0,0,0,0,0,0,,2,,1154.6,-3537.69,-3064,19.5,19.55,3201.12,3142.98,100,-3543,3576,-3707.3502,3625.4519999999998,,,0,0,0,0,0,0,,,3.404,3.35,3.37,28,11,24,,,47,48,48,FALSE,TRUE,FALSE,2,2,3,6,0,342,4200,16416,1500,-1500,0,0,41,16.551,96.8,5.2,999,999,999,999,999,999,999,999,2,1,0,0,0,1,2,1,1,0,0,8,1,0,0,-33499,0,6463,0,0,0,0,0,0,0,0,0,701.705,2060.52,2060.52,1815,1875,1153.2,TRUE,0,1815,-1875,2060.52,2060.52,1810.61,1832.51,1153.7,TRUE,0,1810.61,-1832.51,3625.6099999999997,-3707.51,FALSE,-1832,-1832,TRUE
2026-01-27T21:10:58Z,REV_TW1_U_21,5,TRUE,2,1,0,0,1984,0,0,-3707,-696.303,,,-3707,-696.303,0,0,,,,,3625,-3707,1.355,0.745,,,,17,,,,,2,,,,63.73,63.7,63.4,64.1,34300,34400,34200,,,,-3669,59.9827,-679,,128287,113212,,,,,,12,0,0,0,0,0,0,0,0,,2,,1154.7,-3539.16,-3065,19.5,19.55,3201.12,3142.98,100,-3543,3576,-3707.5089,3625.614,,,0,0,0,0,0,0,,,3.405,3.35,3.37,28,11,24,,,47,48,48,FALSE,TRUE,FALSE,2,2,3,6,0,342,4200,16416,1500,-1500,0,0,41,16.551,96.8,5.2,999,999,999,999,999,999,999,999,2,1,0,0,0,1,2,1,1,0,0,8,1,0,0,-33499,0,6465,0,0,0,0,0,0,0,0,0,701.705,2056.53,2056.53,1815,1875,1153.2,TRUE,0,1815,-1875,2058.84,2058.84,1810.61,1832.51,1153.7,TRUE,0,1810.61,-1832.51,3625.6099999999997,-3707.51,FALSE,-1833,-1832.51,TRUE
2026-01-27T21:11:00Z,REV_TW1_U_21,5,TRUE,2,1,0,0,1984,0,0,-3707,-710.346,,,-3707,-710.346,0,0,,,,,3625,-3707,1.355,0.745,,,,17,,,,,2,,,,63.77,63.7,63.4,64.2,34300,34400,34200,,,,-3671,59.9719,-691,,128288,113212,,,,,,12,0,0,0,0,0,0,0,0,,2,,1154.7,-3541.46,-3067,19.5,19.55,3201.12,3142.98,100,-3543,3576,-3707.5089,3625.614,,,0,0,0,0,0,0,,,3.404,3.35,3.37,28,11,24,,,47,48,48,FALSE,TRUE,FALSE,2,2,3,6,0,342,4200,16416,1500,-1500,0,0,41,16.551,96.8,5.2,999,999,999,999,999,999,999,999,2,1,0,0,0,1,2,1,1,0,0,8,1,0,0,-33500,0,6467,0,0,0,0,0,0,0,0,0,701.705,2055.9,2055.9,1815,1875,1153.3,TRUE,0,1815,-1875,2055.9,2055.9,1810.61,1832.51,1153.8,TRUE,0,1810.61,-1832.51,3625.6099999999997,-3707.51,FALSE,-1833,-1832.51,TRUE
2026-01-27T21:11:02Z,REV_TW1_U_21,5,TRUE,2,1,0,0,1984,0,0,-3707,-722.704,,,-3707,-722.704,0,0,,,,,3625,-3707,1.355,0.745,,,,17,,,,,2,,,,63.83,63.8,63.5,64.2,34300,34400,34200,,,,-3672,59.9756,-708,,128291,113212,,,,,,12,0,0,0,0,0,0,0,0,,2,,1154.7,-3541.46,-3067,19.5,19.55,3201.12,3142.98,100,-3543,3576,-3707.5089,3625.614,,,0,0,0,0,0,0,,,3.405,3.35,3.37,28,11,24,,,47,48,48,FALSE,TRUE,FALSE,2,2,3,6,0,342,4200,16416,1500,-1500,0,0,41,16.551,96.8,5.2,999,999,999,999,999,999,999,999,2,1,0,0,0,1,2,1,1,0,0,8,1,0,0,-33500,0,6469,0,0,0,0,0,0,0,0,0,701.705,2054.85,2054.85,1815,1875,1153.3,TRUE,0,1815,-1875,2054.85,2054.85,1810.61,1832.51,1153.8,TRUE,0,1810.61,-1832.51,3625.6099999999997,-3707.51,FALSE,-1833,-1832.51,TRUE
2026-01-27T21:11:04Z,REV_TW1_U_21,5,TRUE,2,1,0,0,1984,0,0,-3707,-736.563,,,-3707,-736.563,0,0,,,,,3625,-3707,1.355,0.745,,,,17,,,,,2,,,,63.93,63.9,63.6,64.3,34300,34300,34200,,,,-3672,59.9705,-723,,128292,113212,,,,,,12,0,0,0,0,0,0,0,0,,2,,1154.7,-3541.46,-3067,19.5,19.55,3201.12,3142.98,100,-3543,3576,-3707.5089,3625.614,,,0,0,0,0,0,0,,,3.405,3.35,3.37,28,11,24,,,47,48,48,FALSE,TRUE,FALSE,2,2,3,6,0,342,4200,16416,1500,-1500,0,0,41,16.681,97,5.2,999,999,999,999,999,999,999,999,2,1,0,0,0,1,2,1,1,0,0,8,1,0,0,-33501,0,6471,0,0,0,0,0,0,0,0,0,701.705,2052.96,2052.96,1815,1875,1153.3,TRUE,0,1815,-1875,2052.96,2052.96,1810.61,1832.51,1153.8,TRUE,0,1810.61,-1832.51,3625.6099999999997,-3707.51,FALSE,-1833,-1832.51,TRUE
2026-01-27T21:11:06Z,REV_TW1_U_21,5,TRUE,2,1,0,0,1984,0,0,-3707,-750.617,,,-3707,-750.617,0,0,,,,,3625,-3707,1.35,0.75,,,,17,,,,,2,,,,63.93,63.9,63.6,64.3,34300,34300,34200,,,,-3673,59.9684,-735,,128295,113212,,,,,,12,0,0,0,0,0,0,0,0,,2,,1154.7,-3540.31,-3066,20,20.04,3201.12,3221.64,100,-3543,3576,-3707.5089,3625.614,,,0,0,0,0,0,0,,,3.405,3.35,3.37,28,11,24,,,47,48,48,FALSE,TRUE,FALSE,2,2,3,6,0,342,4200,16416,1500,-1500,0,0,41,16.681,97,5.2,999,999,999,999,999,999,999,999,2,1,0,0,0,1,2,1,1,0,0,8,1,0,0,-33501,0,6472,0,0,0,0,0,0,0,0,0,701.705,2051.91,2051.91,1815,1875,1153.3,TRUE,0,1815,-1875,2051.91,2051.91,1810.78,1832.67,1153.8,TRUE,0,1810.78,-1832.67,3625.7799999999997,-3707.67,FALSE,-1833,-1832.51,TRUE
2026-01-27T21:11:08Z,REV_TW1_U_21,5,TRUE,2,1,0,0,1984,0,0,-3707,-763.228,,,-3707,-763.228,0,0,,,,,3625,-3707,1.35,0.75,,,,17,,,,,2,,,,64.03,64,63.7,64.4,34300,34300,34200,,,,-3673,59.9772,-753,,128296,113212,,,,,,12,0,0,0,0,0,0,0,0,,2,,1154.8,-3541.77,-3067,20,20.04,3283.2,3221.64,100,-3543,3576,-3707.6676,3625.776,,,0,0,0,0,0,0,,,3.405,3.35,3.37,28,11,24,,,47,48,48,FALSE,TRUE,FALSE,2,2,3,6,0,342,4200,16416,1500,-1500,0,0,41,16.681,97,5.2,999,999,999,999,999,999,999,999,2,1,0,0,0,1,2,1,1,0,0,8,1,0,0,-33501,0,6475,0,0,0,0,0,0,0,0,0,701.705,2049.39,2049.39,1815,1875,1153.3,TRUE,0,1815,-1875,2049.39,2049.39,1810.78,1832.67,1153.8,TRUE,0,1810.78,-1832.67,3625.7799999999997,-3707.67,FALSE,-1833,-1832.67,TRUE
2026-01-27T21:11:10Z,REV_TW1_U_21,5,TRUE,2,1,0,0,1984,0,0,-3707,-776.82,,,-3707,-776.82,0,0,,,,,3625,-3707,1.35,0.75,,,,17,,,,,2,,,,64.13,64.1,63.8,64.5,34300,34300,34200,,,,-3673,59.9754,-769,,128299,113212,,,,,,12,0,0,0,0,0,0,0,0,,2,,1154.8,-3540.62,-3066,20,20.04,3283.2,3221.64,100,-3543,3576,-3707.6676,3625.776,,,0,0,0,0,0,0,,,3.405,3.35,3.37,28,11,24,,,47,48,48,FALSE,TRUE,FALSE,2,2,3,6,0,342,4200,16416,1500,-1500,0,0,41,16.681,97,5.2,999,999,999,999,999,999,999,999,2,1,0,0,0,1,2,1,1,0,0,8,1,0,0,-33502,0,6477,0,0,0,0,0,0,0,0,0,701.705,2047.29,2047.29,1815,1875,1153.3,TRUE,0,1815,-1875,2047.29,2047.29,1810.78,1832.67,1153.9,TRUE,0,1810.78,-1832.67,3625.7799999999997,-3707.67,FALSE,-1833,-1832.67,TRUE
2026-01-27T21:11:12Z,REV_TW1_U_21,5,TRUE,2,1,0,0,1984,0,0,-3707,-791.058,,,-3707,-791.058,0,0,,,,,3625,-3707,1.35,0.75,,,,17,,,,,2,,,,64.13,64.1,63.8,64.5,34300,34300,34200,,,,-3673,59.9721,-778,,128300,113212,,,,,,12,0,0,0,0,0,0,0,0,,2,,1154.8,-3541.77,-3067,20,20.04,3283.2,3221.64,100,-3543,3576,-3707.6676,3625.776,,,0,0,0,0,0,0,,,3.405,3.351,3.37,28,11,24,,,47,48,48,FALSE,TRUE,FALSE,2,2,3,6,0,342,4200,16416,1500,-1500,0,0,41,16.681,97,5.2,999,999,999,999,999,999,999,999,2,1,0,0,0,1,2,1,1,0,0,8,1,0,0,-33502,0,6478,0,0,0,0,0,0,0,0,0,701.705,2044.77,2044.77,1815,1875,1153.3,TRUE,0,1815,-1875,2044.77,2044.77,1810.78,1832.67,1153.9,TRUE,0,1810.78,-1832.67,3625.7799999999997,-3707.67,FALSE,-1833,-1832.67,TRUE
2026-01-27T21:11:14Z,REV_TW1_U_21,5,TRUE,2,1,0,0,1984,0,0,-3707,-803.41,,,-3707,-803.41,0,0,,,,,3625,-3707,1.35,0.75,,,,17,,,,,2,,,,64.23,64.2,63.9,64.6,34300,34300,34200,,,,-3673,59.983,-795,,128303,113212,,,,,,12,0,0,0,0,0,0,0,0,,2,,1154.8,-3540.62,-3066,20,20.04,3283.2,3221.64,100,-3543,3576,-3707.6676,3625.776,,,0,0,0,0,0,0,,,3.405,3.35,3.37,28,11,24,,,47,48,48,FALSE,TRUE,FALSE,2,2,3,6,0,342,4200,16416,1500,-1500,0,0,41,16.681,97,5.2,999,999,999,999,999,999,999,999,2,1,0,0,0,1,2,1,1,0,0,8,1,0,0,-33502,0,6481,0,0,0,0,0,0,0,0,0,701.705,2043.93,2043.93,1815,1875,1153.3,TRUE,0,1815,-1875,2043.51,2043.51,1810.94,1832.83,1153.9,TRUE,0,1810.94,-1832.83,3625.94,-3707.83,FALSE,-1833,-1832.67,TRUE
2026-01-27T21:11:16Z,REV_TW1_U_21,5,TRUE,2,1,0,0,1984,0,0,-3707,-817.243,,,-3707,-817.243,0,0,,,,,3625,-3707,1.35,0.75,,,,17,,,,,2,,,,64.3,64.3,63.9,64.7,34300,34300,34100,,,,-3673,59.9795,-809,,128304,113212,,,,,,12,0,0,0,0,0,0,0,0,,2,,1154.9,-3539.77,-3065,20,20.04,3283.2,3221.64,100,-3543,3576,-3707.8263,3625.938,,,0,0,0,0,0,0,,,3.405,3.35,3.37,28,11,24,,,47,48,48,FALSE,TRUE,FALSE,2,2,3,6,0,342,4200,16416,1500,-1500,0,0,41,16.681,97,5.2,999,999,999,999,999,999,999,999,2,1,0,0,0,1,2,1,1,0,0,8,1,0,0,-33503,0,6483,0,0,0,0,0,0,0,0,0,701.705,2040.78,2040.78,1815,1875,1153.4,TRUE,0,1815,-1875,2040.78,2040.78,1810.94,1832.83,1153.9,TRUE,0,1810.94,-1832.83,3625.94,-3707.83,FALSE,-1833,-1832.83,TRUE
2026-01-27T21:11:18Z,REV_TW1_U_21,5,TRUE,2,1,0,0,1984,0,0,-3707,-831.556,,,-3707,-831.556,0,0,,,,,3625,-3707,1.35,0.75,,,,17,,,,,2,,,,64.37,64.3,64,64.8,34200,34300,34100,,,,-3674,59.9853,-824,,128307,113212,,,,,,12,0,0,0,0,0,0,0,0,,2,,1154.9,-3540.92,-3066,20,20.04,3283.2,3221.64,100,-3543,3576,-3707.8263,3625.938,,,0,0,0,0,0,0,,,3.405,3.35,3.371,28,11,24,,,47,48,48,FALSE,TRUE,FALSE,2,2,3,6,0,342,4200,16416,1500,-1500,0,0,41,16.681,97,5.2,999,999,999,999,999,999,999,999,2,1,0,0,0,1,2,1,1,0,0,8,1,0,0,-33503,0,6485,0,0,0,0,0,0,0,0,0,701.705,2039.94,2039.94,1815,1875,1153.3,TRUE,0,1815,-1875,2039.94,2039.94,1810.94,1832.83,1153.9,TRUE,0,1810.94,-1832.83,3625.94,-3707.83,FALSE,-1833,-1832.83,TRUE
2026-01-27T21:11:20Z,REV_TW1_U_21,5,TRUE,2,1,0,0,1984,0,0,-3707,-843.971,,,-3707,-843.971,0,0,,,,,3625,-3707,1.35,0.75,,,,17,,,,,2,,,,64.43,64.4,64.1,64.8,34200,34300,34100,,,,-3672,59.989,-834,,128308,113212,,,,,,12,0,0,0,0,0,0,0,0,,2,,1154.9,-3539.77,-3065,20,20.04,3283.2,3221.64,100,-3543,3576,-3707.8263,3625.938,,,0,0,0,0,0,0,,,3.405,3.35,3.371,28,11,24,,,47,48,48,FALSE,TRUE,FALSE,2,2,3,6,0,342,4200,16416,1500,-1500,0,0,41,16.681,97,5.2,999,999,999,999,999,999,999,999,2,1,0,0,0,1,2,1,1,0,0,8,1,0,0,-33504,0,6487,0,0,0,0,0,0,0,0,0,701.705,2035.95,2035.95,1815,1875,1153.4,TRUE,0,1815,-1875,2035.95,2035.95,1810.94,1832.83,1153.9,TRUE,0,1810.94,-1832.83,3625.94,-3707.83,FALSE,-1833,-1832.83,TRUE
2026-01-27T21:11:22Z,REV_TW1_U_21,5,TRUE,2,1,0,0,1984,0,0,-3707,-857.512,,,-3707,-857.512,0,0,,,,,3625,-3707,1.35,0.75,,,,17,,,,,2,,,,64.5,64.4,64.2,64.9,34200,34300,34100,,,,-3673,59.9786,-847,,128311,113212,,,,,,12,0,0,0,0,0,0,0,0,,2,,1154.9,-3540.92,-3066,20,20.04,3283.2,3221.64,100,-3543,3576,-3707.8263,3625.938,,,0,0,0,0,0,0,,,3.406,3.35,3.371,28,11,24,,,47,48,48,FALSE,TRUE,FALSE,2,2,3,6,0,342,4200,16416,1500,-1500,0,0,41,16.681,97,5.2,999,999,999,999,999,999,999,999,2,1,0,0,0,1,2,1,1,0,0,8,1,0,0,-33504,0,6489,0,0,0,0,0,0,0,0,0,701.705,2033.85,2033.85,1815,1875,1153.4,TRUE,0,1815,-1875,2034.06,2034.06,1810.94,1832.83,1154,TRUE,0,1810.94,-1832.83,3625.94,-3707.83,FALSE,-1833,-1832.83,TRUE
2026-01-27T21:11:24Z,REV_TW1_U_21,5,TRUE,2,1,0,0,1984,0,0,-3707,-871.541,,,-3707,-871.541,0,0,,,,,3625,-3707,1.345,0.755,,,,17,,,,,2,,,,64.57,64.5,64.2,65,34200,34300,34100,,,,-3677,59.9825,-858,,128312,113212,,,,,,12,0,0,0,0,0,0,0,0,,2,,1154.9,-3540.92,-3066,20.5,20.55,3365.28,3303.72,100,-3543,3576,-3707.8263,3625.938,,,0,0,0,0,0,0,,,3.406,3.35,3.371,28,11,24,,,47,48,48,FALSE,TRUE,FALSE,2,2,3,6,0,342,4200,16416,1500,-1500,0,0,41,16.397,97.2,5.3,999,999,999,999,999,999,999,999,2,1,0,0,0,1,2,1,1,0,0,8,1,0,0,-33504,0,6490,0,0,0,0,0,0,0,0,0,701.705,2034.27,2034.27,1815,1875,1153.4,TRUE,0,1815,-1875,2035.32,2035.32,1810.94,1832.83,1154,TRUE,0,1810.94,-1832.83,3625.94,-3707.83,FALSE,-1833,-1832.83,TRUE
2026-01-27T21:11:26Z,REV_TW1_U_21,5,TRUE,2,1,0,0,1984,0,0,-3707,-884.059,,,-3707,-884.059,0,0,,,,,3626,-3707,1.345,0.755,,,,17,,,,,2,,,,64.63,64.6,64.3,65,34200,34300,34100,,,,-3674,59.9749,-870,,128315,113212,,,,,,12,0,0,0,0,0,0,0,0,,2,,1155,-3541.23,-3066,20.5,20.55,3365.28,3303.72,100,-3543,3576,-3707.985,3626.1000000000004,,,0,0,0,0,0,0,,,3.406,3.35,3.371,28,11,24,,,47,48,48,FALSE,TRUE,FALSE,2,2,3,6,0,342,4200,16416,1500,-1500,0,0,41,16.397,97.2,5.3,999,999,999,999,999,999,999,999,2,1,0,0,0,1,2,1,1,0,0,8,1,0,0,-33505,0,6493,0,0,0,0,0,0,0,0,0,701.705,2031.75,2031.75,1815,1875,1153.4,TRUE,0,1815,-1875,2031.75,2031.75,1811.1,1832.99,1154,TRUE,0,1811.1,-1832.99,3626.1,-3707.99,FALSE,-1833,-1832.83,TRUE
2026-01-27T21:11:28Z,REV_TW1_U_21,5,TRUE,2,1,0,0,1984,0,0,-3707,-882.796,,,-3707,-883.68,0,0,,,,,3626,-3707,1.345,0.755,,,,17,,,,,2,,,,64.63,64.6,64.3,65,34200,34200,34100,,,,-3675,59.9785,-878,,128316,113212,,,,,,12,0,0,0,0,0,0,0,0,,2,,1155,-3540.08,-3065,20.5,20.55,3365.28,3303.72,100,-3543,3576,-3707.985,3626.1000000000004,,,0,0,0,0,0,0,,,3.406,3.35,3.371,28,11,24,,,47,48,48,FALSE,TRUE,FALSE,2,2,3,6,0,342,4200,16416,1500,-1500,0,0,41,16.397,97.2,5.3,999,999,999,999,999,999,999,999,2,1,0,0,0,1,2,1,1,0,0,8,1,0,0,-33505,0,6495,0,0,0,0,0,0,0,0,0,701.705,2031.54,2031.54,1815,1875,1153.5,TRUE,0,1815,-1875,2031.54,2031.54,1811.1,1832.99,1154,TRUE,0,1811.1,-1832.99,3626.1,-3707.99,FALSE,-1833,-1832.99,TRUE
2026-01-27T21:11:30Z,REV_TW1_U_21,5,TRUE,2,1,0,0,1984,0,0,-3707,-879.904,,,-3707,-880.72,0,0,,,,,3626,-3707,1.345,0.755,,,,18,,,,,2,,,,64.63,64.6,64.3,65,34200,34200,34100,,,,-3674,59.9826,-876,,128319,113212,,,,,,12,0,0,0,0,0,0,0,0,,2,,1155,-3542.39,-3067,20.5,20.55,3365.28,3303.72,100,-3543,3576,-3707.985,3626.1000000000004,,,0,0,0,0,0,0,,,3.406,3.351,3.371,28,11,24,,,47,48,48,FALSE,TRUE,FALSE,2,2,3,6,0,342,4200,16416,1500,-1500,0,0,41,16.397,97.2,5.3,999,999,999,999,999,999,999,999,2,1,0,0,0,1,2,1,1,0,0,8,1,0,0,-33506,0,6496,0,0,0,0,0,0,0,0,0,701.705,2031.33,2031.33,1815,1875,1153.4,TRUE,0,1815,-1875,2031.33,2031.33,1811.1,1832.99,1154,TRUE,0,1811.1,-1832.99,3626.1,-3707.99,FALSE,-1833,-1832.99,TRUE
2026-01-27T21:11:32Z,REV_TW1_U_21,5,TRUE,2,1,0,0,1984,0,0,-3707,-879.904,,,-3707,-879.904,0,0,,,,,3626,-3707,1.345,0.755,,,,17,,,,,2,,,,64.63,64.6,64.3,65,34200,34200,34100,,,,-3671,59.973,-874,,128320,113212,,,,,,12,0,0,0,0,0,0,0,0,,2,,1155,-3541.23,-3066,20.5,20.55,3365.28,3303.72,100,-3543,3576,-3707.985,3626.1000000000004,,,0,0,0,0,0,0,,,3.406,3.351,3.371,28,11,24,,,47,48,48,FALSE,TRUE,FALSE,2,2,3,6,0,342,4200,16416,1500,-1500,0,0,41,16.397,97.2,5.3,999,999,999,999,999,999,999,999,2,1,0,0,0,1,2,1,1,0,0,8,1,0,0,-33506,0,6499,0,0,0,0,0,0,0,0,0,701.705,2030.91,2030.91,1815,1875,1153.5,TRUE,0,1815,-1875,2030.91,2030.91,1811.1,1832.99,1154.1,TRUE,0,1811.1,-1832.99,3626.1,-3707.99,FALSE,-1833,-1832.99,TRUE
2026-01-27T21:11:34Z,REV_TW1_U_21,5,TRUE,2,1,0,0,1984,0,0,-3707,-879.904,,,-3707,-879.904,0,0,,,,,3626,-3707,1.345,0.755,,,,17,,,,,2,,,,64.63,64.6,64.3,65,34200,34200,34100,,,,-3671,59.9837,-872,,128323,113212,,,,,,12,0,0,0,0,0,0,0,0,,2,,1155,-3541.23,-3066,20.5,20.55,3365.28,3303.72,100,-3543,3576,-3707.985,3626.1000000000004,,,0,0,0,0,0,0,,,3.406,3.35,3.371,28,11,24,,,47,48,48,FALSE,TRUE,FALSE,2,2,3,6,0,342,4200,16416,1500,-1500,0,0,41,16.397,97.2,5.3,999,999,999,999,999,999,999,999,2,1,0,0,0,1,2,1,1,0,0,8,1,0,0,-33507,0,6501,0,0,0,0,0,0,0,0,0,701.705,2030.91,2030.91,1815,1875,1153.5,TRUE,0,1815,-1875,2030.91,2030.91,1811.1,1832.99,1154.1,TRUE,0,1811.1,-1832.99,3626.1,-3707.99,FALSE,-1833,-1832.99,TRUE
2026-01-27T21:11:36Z,REV_TW1_U_21,5,TRUE,2,1,0,0,1984,0,0,-3707,-879.904,,,-3707,-879.904,0,0,,,,,3626,-3708,1.345,0.755,,,,17,,,,,2,,,,64.63,64.6,64.3,65,34200,34200,34100,,,,-3671,59.986,-872,,128324,113212,,,,,,12,0,0,0,0,0,0,0,0,,2,,1155.1,-3541.54,-3066,20.5,20.55,3365.28,3303.72,100,-3543,3576,-3708.1437,3626.2619999999997,,,0,0,0,0,0,0,,,3.406,3.351,3.371,28,11,24,,,47,48,48,FALSE,TRUE,FALSE,2,2,3,6,0,342,4200,16416,1500,-1500,0,0,41,16.397,97.2,5.3,999,999,999,999,999,999,999,999,2,1,0,0,0,1,2,1,1,0,0,8,1,0,0,-33507,0,6502,0,0,0,0,0,0,0,0,0,701.705,2031.54,2031.54,1815,1875,1153.5,TRUE,0,1815,-1875,2031.54,2031.54,1811.26,1833.14,1154.1,TRUE,0,1811.26,-1833.14,3626.26,-3708.14,FALSE,-1833,-1832.99,TRUE
2026-01-27T21:11:38Z,REV_TW1_U_21,5,TRUE,2,1,0,0,1984,0,0,-3708,-879.904,,,-3708,-879.904,0,0,,,,,3626,-3708,1.345,0.755,,,,17,,,,,2,,,,64.67,64.6,64.3,65.1,34200,34200,34100,,,,-3671,59.9749,-872,,128327,113212,,,,,,12,0,0,0,0,0,0,0,0,,2,,1155.1,-3540.38,-3065,20.5,20.55,3365.28,3303.72,100,-3543,3576,-3708.1437,3626.2619999999997,,,0,0,0,0,0,0,,,3.406,3.35,3.371,28,11,24,,,47,48,48,FALSE,TRUE,FALSE,2,2,3,6,0,342,4200,16416,1500,-1500,0,0,41,16.397,97.2,5.3,999,999,999,999,999,999,999,999,2,1,0,0,0,1,2,1,1,0,0,8,1,0,0,-33507,0,6505,0,0,0,0,0,0,0,0,0,701.705,2031.75,2031.75,1815,1875,1153.5,TRUE,0,1815,-1875,2031.75,2031.75,1811.26,1833.14,1154.1,TRUE,0,1811.26,-1833.14,3626.26,-3708.14,FALSE,-1833,-1833,TRUE
2026-01-27T21:11:40Z,REV_TW1_U_21,5,TRUE,2,1,0,0,1984,0,0,-3708,-879.904,,,-3708,-879.904,0,0,,,,,3626,-3708,1.345,0.755,,,,17,,,,,2,,,,64.63,64.6,64.3,65,34200,34200,34100,,,,-3670,59.9844,-870,,128328,113212,,,,,,12,0,0,0,0,0,0,0,0,,2,,1155.1,-3540.38,-3065,20.5,20.55,3365.28,3303.72,100,-3543,3576,-3708.1437,3626.2619999999997,,,0,0,0,0,0,0,,,3.406,3.351,3.371,28,11,24,,,47,48,48,FALSE,TRUE,FALSE,2,2,3,6,0,342,4200,16416,1500,-1500,0,0,41,16.397,97.2,5.3,999,999,999,999,999,999,999,999,2,1,0,0,0,1,2,1,1,0,0,8,1,0,0,-33508,0,6507,0,0,0,0,0,0,0,0,0,701.705,2031.12,2031.12,1815,1875,1153.5,TRUE,0,1815,-1875,2031.12,2031.12,1811.26,1833.14,1154.2,TRUE,0,1811.26,-1833.14,3626.26,-3708.14,FALSE,-1833,-1833,TRUE
2026-01-27T21:11:42Z,REV_TW1_U_21,5,TRUE,2,1,0,0,1984,0,0,-3708,-879.904,,,-3708,-879.904,0,0,,,,,3626,-3708,1.345,0.755,,,,17,,,,,2,,,,64.63,64.6,64.3,65,34200,34200,34100,,,,-3670,59.9849,-872,,128331,113212,,,,,,12,0,0,0,0,0,0,0,0,,2,,1155.1,-3540.38,-3065,20.5,20.55,3365.28,3303.72,100,-3543,3576,-3708.1437,3626.2619999999997,,,0,0,0,0,0,0,,,3.406,3.351,3.371,28,11,24,,,47,48,48,FALSE,TRUE,FALSE,2,2,3,6,0,342,4200,16416,1500,-1500,0,0,41,16.397,97.2,5.3,999,999,999,999,999,999,999,999,2,1,0,0,0,1,2,1,1,0,0,8,1,0,0,-33508,0,6508,0,0,0,0,0,0,0,0,0,701.705,2030.91,2030.91,1815,1875,1153.6,TRUE,0,1815,-1875,2030.91,2030.91,1811.26,1833.14,1154.2,TRUE,0,1811.26,-1833.14,3626.26,-3708.14,FALSE,-1833,-1833,TRUE
2026-01-27T21:11:44Z,REV_TW1_U_21,5,TRUE,2,1,0,0,1984,0,0,-3708,-879.904,,,-3708,-879.904,0,0,,,,,3626,-3708,1.345,0.755,,,,17,,,,,2,,,,64.63,64.6,64.3,65,34200,34300,34100,,,,-3674,59.9752,-873,,128332,113212,,,,,,12,0,0,0,0,0,0,0,0,,2,,1155.1,-3541.54,-3066,20.5,20.55,3365.28,3303.72,100,-3543,3576,-3708.1437,3626.2619999999997,,,0,0,0,0,0,0,,,3.406,3.351,3.371,28,11,24,,,47,48,48,FALSE,TRUE,FALSE,2,2,3,6,0,342,4200,16416,1500,-1500,0,0,41,16.551,97.4,5.4,999,999,999,999,999,999,999,999,2,1,0,0,0,1,2,1,1,0,0,8,1,0,0,-33509,0,6511,0,0,0,0,0,0,0,0,0,701.705,2033.43,2033.43,1815,1875,1153.5,TRUE,0,1815,-1875,2033.43,2033.43,1811.26,1833.14,1154.2,TRUE,0,1811.26,-1833.14,3626.26,-3708.14,FALSE,-1833,-1833,TRUE
2026-01-27T21:11:46Z,REV_TW1_U_21,5,TRUE,2,1,0,0,1984,0,0,-3708,-879.904,,,-3708,-879.904,0,0,,,,,3626,-3708,1.345,0.755,,,,17,,,,,2,,,,64.63,64.5,64.3,65.1,34200,34300,34100,,,,-3672,59.9876,-874,,128335,113212,,,,,,12,0,0,0,0,0,0,0,0,,2,,1155.2,-3541.84,-3066,20.5,20.55,3365.28,3303.72,100,-3543,3576,-3708.3024,3626.424,,,0,0,0,0,0,0,,,3.406,3.351,3.371,28,11,24,,,47,48,48,FALSE,TRUE,FALSE,2,2,3,6,0,342,4200,16416,1500,-1500,0,0,41,16.551,97.4,5.4,999,999,999,999,999,999,999,999,2,1,0,0,0,1,2,1,1,0,0,8,1,0,0,-33509,0,6513,0,0,0,0,0,0,0,0,0,701.705,2031.96,2031.96,1815,1875,1153.6,TRUE,0,1815,-1875,2031.96,2031.96,1811.42,1833.3,1154.2,TRUE,0,1811.42,-1833.3,3626.42,-3708.3,FALSE,-1833,-1833,TRUE
2026-01-27T21:11:48Z,REV_TW1_U_21,5,TRUE,2,1,0,0,1984,0,0,-3708,-879.904,,,-3708,-879.904,0,0,,,,,3626,-3708,1.345,0.755,,,,17,,,,,2,,,,64.63,64.6,64.3,65,34200,34300,34100,,,,-3674,59.9848,-874,,128336,113212,,,,,,12,0,0,0,0,0,0,0,0,,2,,1155.2,-3541.84,-3066,20.5,20.55,3365.28,3303.72,100,-3543,3576,-3708.3024,3626.424,,,0,0,0,0,0,0,,,3.406,3.351,3.371,28,11,24,,,47,48,48,FALSE,TRUE,FALSE,2,2,3,6,0,342,4200,16416,1500,-1500,0,0,41,16.551,97.4,5.4,999,999,999,999,999,999,999,999,2,1,0,0,0,1,2,1,1,0,0,8,1,0,0,-33510,0,6514,0,0,0,0,0,0,0,0,0,701.705,2033.01,2033.01,1815,1875,1153.6,TRUE,0,1815,-1875,2033.22,2033.22,1811.42,1833.3,1154.2,TRUE,0,1811.42,-1833.3,3626.42,-3708.3,FALSE,-1833,-1833,TRUE
2026-01-27T21:11:50Z,REV_TW1_U_21,5,TRUE,2,1,0,0,1984,0,0,-3708,-879.904,,,-3708,-879.904,0,0,,,,,3626,-3708,1.345,0.755,,,,17,,,,,2,,,,64.63,64.6,64.3,65,34200,34200,34100,,,,-3671,59.9898,-875,,128339,113212,,,,,,12,0,0,0,0,0,0,0,0,,2,,1155.2,-3540.69,-3065,20.5,20.55,3365.28,3303.72,100,-3543,3576,-3708.3024,3626.424,,,0,0,0,0,0,0,,,3.406,3.351,3.371,28,11,24,,,47,48,48,FALSE,TRUE,FALSE,2,2,3,6,0,342,4200,16416,1500,-1500,0,0,41,16.551,97.4,5.4,999,999,999,999,999,999,999,999,2,1,0,0,0,1,2,1,1,0,0,8,1,0,0,-33510,0,6516,0,0,0,0,0,0,0,0,0,701.705,2031.12,2031.12,1815,1875,1153.6,TRUE,0,1815,-1875,2031.12,2031.12,1811.42,1833.3,1154.3,TRUE,0,1811.42,-1833.3,3626.42,-3708.3,FALSE,-1833,-1833,TRUE
2026-01-27T21:11:52Z,REV_TW1_U_21,5,TRUE,2,1,0,0,1984,0,0,-3708,-879.904,,,-3708,-879.904,0,0,,,,,3626,-3708,1.345,0.755,,,,17,,,,,2,,,,64.63,64.6,64.3,65,34200,34300,34100,,,,-3672,59.9842,-875,,128340,113212,,,,,,12,0,0,0,0,0,0,0,0,,2,,1155.2,-3539.53,-3064,20.5,20.55,3365.28,3303.72,100,-3543,3576,-3708.3024,3626.424,,,0,0,0,0,0,0,,,3.406,3.351,3.371,28,11,24,,,47,48,48,FALSE,TRUE,FALSE,2,2,3,6,0,342,4200,16416,1500,-1500,0,0,41,16.551,97.4,5.4,999,999,999,999,999,999,999,999,2,1,0,0,0,1,2,1,1,0,0,8,1,0,0,-33511,0,6519,0,0,0,0,0,0,0,0,0,701.705,2031.96,2031.96,1815,1875,1153.6,TRUE,0,1815,-1875,2031.12,2031.12,1811.42,1833.3,1154.3,TRUE,0,1811.42,-1833.3,3626.42,-3708.3,FALSE,-1833,-1833,TRUE
2026-01-27T21:11:54Z,REV_TW1_U_21,5,TRUE,2,1,0,0,1984,0,0,-3708,-879.904,,,-3708,-879.904,0,0,,,,,3626,-3708,1.345,0.755,,,,17,,,,,2,,,,64.67,64.6,64.3,65.1,34200,34300,34100,,,,-3672,59.9826,-874,,128343,113212,,,,,,12,0,0,0,0,0,0,0,0,,2,,1155.2,-3540.69,-3065,20.5,20.55,3365.28,3303.72,100,-3543,3576,-3708.3024,3626.424,,,0,0,0,0,0,0,,,3.407,3.351,3.371,28,11,24,,,47,48,48,FALSE,TRUE,FALSE,2,2,3,6,0,342,4200,16416,1500,-1500,0,0,41,16.551,97.4,5.4,999,999,999,999,999,999,999,999,2,1,0,0,0,1,2,1,1,0,0,8,1,0,0,-33511,0,6520,0,0,0,0,0,0,0,0,0,701.705,2031.12,2031.12,1815,1875,1153.6,TRUE,0,1815,-1875,2031.75,2031.75,1811.42,1833.3,1154.3,TRUE,0,1811.42,-1833.3,3626.42,-3708.3,FALSE,-1833,-1833,TRUE
2026-01-27T21:11:56Z,REV_TW1_U_21,5,TRUE,2,1,0,0,1984,0,0,-3708,-879.904,,,-3708,-879.904,0,0,,,,,3626,-3708,1.345,0.755,,,,17,,,,,2,,,,64.67,64.6,64.3,65.1,34200,34300,34100,,,,-3671,59.9873,-876,,128344,113212,,,,,,12,0,0,0,0,0,0,0,0,,2,,1155.3,-3540.99,-3065,20.5,20.55,3365.28,3303.72,100,-3543,3576,-3708.4611,3626.5860000000002,,,0,0,0,0,0,0,,,3.407,3.351,3.371,28,11,24,,,47,48,48,FALSE,TRUE,FALSE,2,2,3,6,0,342,4200,16416,1500,-1500,0,0,41,16.551,97.4,5.4,999,999,999,999,999,999,999,999,2,1,0,0,0,1,2,1,1,0,0,8,1,0,0,-33511,0,6522,0,0,0,0,0,0,0,0,0,701.705,2031.33,2031.33,1815,1875,1153.6,TRUE,0,1815,-1875,2031.33,2031.33,1811.59,1833.46,1154.3,TRUE,0,1811.59,-1833.46,3626.59,-3708.46,FALSE,-1833,-1833,TRUE
2026-01-27T21:11:58Z,REV_TW1_U_21,5,TRUE,2,1,0,0,1984,0,0,-3708,-879.904,,,-3708,-879.904,0,0,,,,,3626,-3708,1.34,0.76,,,,17,,,,,2,,,,64.63,64.6,64.3,65,34200,34300,34100,,,,-3672,59.9938,-877,,128347,113212,,,,,,12,0,0,0,0,0,0,0,0,,2,,1155.3,-3539.84,-3064,21,21.04,3447.36,3382.38,100,-3543,3576,-3708.4611,3626.5860000000002,,,0,0,0,0,0,0,,,3.407,3.351,3.372,28,11,24,,,47,48,48,FALSE,TRUE,FALSE,2,2,3,6,0,342,4200,16416,1500,-1500,0,0,41,16.551,97.4,5.4,999,999,999,999,999,999,999,999,2,1,0,0,0,1,2,1,1,0,0,8,1,0,0,-33512,0,6525,0,0,0,0,0,0,0,0,0,701.705,2031.12,2031.12,1815,1875,1153.7,TRUE,0,1815,-1875,2031.12,2031.12,1811.59,1833.46,1154.3,TRUE,0,1811.59,-1833.46,3626.59,-3708.46,FALSE,-1833,-1833,TRUE
2026-01-27T21:12:00Z,REV_TW1_U_21,5,TRUE,2,1,0,0,1984,0,0,-3708,-879.904,,,-3708,-879.904,0,0,,,,,3626,-3708,1.34,0.76,,,,17,,,,,2,,,,64.63,64.6,64.3,65,34200,34200,34100,,,,-3672,59.9849,-877,,128348,113212,,,,,,12,0,0,0,0,0,0,0,0,,2,,1155.3,-3538.68,-3063,21,21.04,3447.36,3382.38,100,-3543,3576,-3708.4611,3626.5860000000002,,,0,0,0,0,0,0,,,3.406,3.351,3.372,28,11,24,,,47,48,48,FALSE,TRUE,FALSE,2,2,3,6,0,342,4200,16416,1500,-1500,0,0,41,16.551,97.4,5.4,999,999,999,999,999,999,999,999,2,1,0,0,0,1,2,1,1,0,0,8,1,0,0,-33512,0,6527,0,0,0,0,0,0,0,0,0,701.705,2031.12,2031.12,1815,1875,1153.7,TRUE,0,1815,-1875,2031.12,2031.12,1811.59,1833.46,1154.4,TRUE,0,1811.59,-1833.46,3626.59,-3708.46,FALSE,-1833,-1833,TRUE
2026-01-27T21:12:02Z,REV_TW1_U_21,5,TRUE,2,1,0,0,1984,0,0,-3708,-867.117,,,-3708,-867.117,0,0,,,,,3626,-3708,1.34,0.76,,,,17,,,,,2,,,,64.63,64.6,64.3,65,34200,34200,34100,,,,-3673,59.9916,-874,,128351,113212,,,,,,12,0,0,0,0,0,0,0,0,,2,,1155.3,-3542.15,-3066,21,21.04,3447.36,3382.38,100,-3543,3576,-3708.4611,3626.5860000000002,,,0,0,0,0,0,0,,,3.407,3.351,3.372,28,11,24,,,47,48,48,FALSE,TRUE,FALSE,2,2,3,6,0,342,4200,16416,1500,-1500,0,0,41,16.551,97.4,5.4,999,999,999,999,999,999,999,999,2,1,0,0,0,1,2,1,1,0,0,8,1,0,0,-33513,0,6528,0,0,0,0,0,0,0,0,0,701.705,2031.75,2031.75,1815,1875,1153.7,TRUE,0,1815,-1875,2032.8,2032.8,1811.59,1833.46,1154.4,TRUE,0,1811.59,-1833.46,3626.59,-3708.46,FALSE,-1833,-1833,TRUE
2026-01-27T21:12:04Z,REV_TW1_U_21,5,TRUE,2,1,0,0,1984,0,0,-3708,-849.929,,,-3708,-849.929,0,0,,,,,3626,-3708,1.34,0.76,,,,17,,,,,2,,,,64.53,64.5,64.2,64.9,34200,34300,34100,,,,-3672,59.9786,-857,,128352,113212,,,,,,12,0,0,0,0,0,0,0,0,,2,,1155.3,-3540.99,-3065,21,21.04,3447.36,3382.38,100,-3543,3576,-3708.4611,3626.5860000000002,,,0,0,0,0,0,0,,,3.407,3.351,3.372,28,11,24,,,47,48,48,FALSE,TRUE,FALSE,2,2,3,6,0,342,4200,16416,1500,-1500,0,0,40,16.341,97.6,5.5,999,999,999,999,999,999,999,999,2,1,0,0,0,1,2,1,1,0,0,8,1,0,0,-33513,0,6531,0,0,0,0,0,0,0,0,0,701.705,2035.11,2035.11,1815,1875,1153.7,TRUE,0,1815,-1875,2035.11,2035.11,1811.59,1833.46,1154.4,TRUE,0,1811.59,-1833.46,3626.59,-3708.46,FALSE,-1833,-1833,TRUE
2026-01-27T21:12:06Z,REV_TW1_U_21,5,TRUE,2,1,0,0,1984,0,0,-3708,-835.44,,,-3708,-835.44,0,0,,,,,3626,-3708,1.34,0.76,,,,17,,,,,2,,,,64.43,64.4,64.1,64.8,34200,34300,34100,,,,-3673,59.968,-847,,128355,113212,,,,,,12,0,0,0,0,0,0,0,0,,2,,1155.4,-3541.3,-3065,21,21.04,3447.36,3382.38,100,-3543,3576,-3708.6198,3626.7480000000005,,,0,0,0,0,0,0,,,3.407,3.352,3.372,28,11,24,,,47,48,48,FALSE,TRUE,FALSE,2,2,3,6,0,342,4200,16416,1500,-1500,0,0,40,16.341,97.6,5.5,999,999,999,999,999,999,999,999,2,1,0,0,0,1,2,1,1,0,0,8,1,0,0,-33514,0,6532,0,0,0,0,0,0,0,0,0,701.705,2037.42,2037.42,1815,1875,1153.7,TRUE,0,1815,-1875,2037.42,2037.42,1811.75,1833.62,1154.4,TRUE,0,1811.75,-1833.62,3626.75,-3708.62,FALSE,-1833,-1833,TRUE
2026-01-27T21:12:08Z,REV_TW1_U_21,5,TRUE,2,1,0,0,1984,0,0,-3708,-822.645,,,-3708,-822.645,0,0,,,,,3626,-3708,1.34,0.76,,,,17,,,,,2,,,,64.43,64.4,64.1,64.8,34200,34300,34100,,,,-3673,59.9731,-832,,128356,113212,,,,,,12,0,0,0,0,0,0,0,0,,2,,1155.4,-3542.46,-3066,21,21.04,3447.36,3382.38,100,-3543,3576,-3708.6198,3626.7480000000005,,,0,0,0,0,0,0,,,3.407,3.352,3.372,28,11,24,,,47,48,48,FALSE,TRUE,FALSE,2,2,3,6,0,342,4200,16416,1500,-1500,0,0,40,16.341,97.6,5.5,999,999,999,999,999,999,999,999,2,1,0,0,0,1,2,1,1,0,0,8,1,0,0,-33514,0,6534,0,0,0,0,0,0,0,0,0,701.705,2038.68,2038.68,1815,1875,1153.7,TRUE,0,1815,-1875,2038.68,2038.68,1811.75,1833.62,1154.4,TRUE,0,1811.75,-1833.62,3626.75,-3708.62,FALSE,-1834,-1833.62,TRUE
2026-01-27T21:12:10Z,REV_TW1_U_21,5,TRUE,2,1,0,0,1984,0,0,-3708,-808.207,,,-3708,-808.207,0,0,,,,,3626,-3708,1.34,0.76,,,,17,,,,,2,,,,64.33,64.3,64,64.7,34200,34300,34100,,,,-3675,59.9569,-816,,128359,113212,,,,,,12,0,0,0,0,0,0,0,0,,2,,1155.4,-3541.3,-3065,21,21.04,3447.36,3382.38,100,-3543,3576,-3708.6198,3626.7480000000005,,,0,0,0,0,0,0,,,3.407,3.352,3.372,28,11,24,,,47,48,48,FALSE,TRUE,FALSE,2,2,3,6,0,342,4200,16416,1500,-1500,0,0,40,16.341,97.6,5.5,999,999,999,999,999,999,999,999,2,1,0,0,0,1,2,1,1,0,0,8,1,0,0,-33514,0,6537,0,0,0,0,0,0,0,0,0,701.705,2041.2,2041.2,1815,1875,1153.8,TRUE,0,1815,-1875,2041.2,2041.2,1811.75,1833.62,1154.4,TRUE,0,1811.75,-1833.62,3626.75,-3708.62,FALSE,-1834,-1833.62,TRUE
2026-01-27T21:12:12Z,REV_TW1_U_21,5,TRUE,2,1,0,0,1984,0,0,-3708,-795.332,,,-3708,-795.332,0,0,,,,,3626,-3708,1.34,0.76,,,,17,,,,,2,,,,64.23,64.2,63.9,64.6,34300,34300,34200,,,,-3679,59.957,-804,,128360,113212,,,,,,12,0,0,0,0,0,0,0,0,,2,,1155.4,-3542.46,-3066,21,21.04,3447.36,3382.38,100,-3543,3576,-3708.6198,3626.7480000000005,,,0,0,0,0,0,0,,,3.407,3.351,3.372,28,11,24,,,47,48,48,FALSE,TRUE,FALSE,2,2,3,6,0,342,4200,16416,1500,-1500,0,0,40,16.341,97.6,5.5,999,999,999,999,999,999,999,999,2,1,0,0,0,1,2,1,1,0,0,8,1,0,0,-33515,0,6538,0,0,0,0,0,0,0,0,0,701.705,2043.3,2043.3,1815,1875,1153.7,TRUE,0,1815,-1875,2043.3,2043.3,1811.75,1833.62,1154.5,TRUE,0,1811.75,-1833.62,3626.75,-3708.62,FALSE,-1834,-1833.62,TRUE
2026-01-27T21:12:14Z,REV_TW1_U_21,5,TRUE,2,1,0,0,1984,0,0,-3708,-781.805,,,-3708,-781.805,0,0,,,,,3626,-3708,1.34,0.76,,,,17,,,,,2,,,,64.17,64.1,63.8,64.6,34300,34300,34200,,,,-3678,59.9635,-788,,128363,113212,,,,,,12,0,0,0,0,0,0,0,0,,2,,1155.4,-3543.61,-3067,21,21.04,3447.36,3382.38,100,-3543,3576,-3708.6198,3626.7480000000005,,,0,0,0,0,0,0,,,3.407,3.351,3.372,28,11,24,,,47,48,48,FALSE,TRUE,FALSE,2,2,3,6,0,342,4200,16416,1500,-1500,0,0,40,16.341,97.6,5.5,999,999,999,999,999,999,999,999,2,1,0,0,0,1,2,1,1,0,0,8,1,0,0,-33515,0,6541,0,0,0,0,0,0,0,0,0,701.705,2046.45,2046.45,1815,1875,1153.8,TRUE,0,1815,-1875,2046.45,2046.45,1811.75,1833.62,1154.5,TRUE,0,1811.75,-1833.62,3626.75,-3708.62,FALSE,-1834,-1833.62,TRUE
2026-01-27T21:12:16Z,REV_TW1_U_21,5,TRUE,2,1,0,0,1984,0,0,-3708,-768.352,,,-3708,-768.352,0,0,,,,,3626,-3708,1.34,0.76,,,,17,,,,,2,,,,64.13,64.1,63.8,64.5,34300,34300,34200,,,,-3675,59.9682,-776,,128364,113212,,,,,,12,0,0,0,0,0,0,0,0,,2,,1155.5,-3542.76,-3066,21,21.04,3447.36,3382.38,100,-3543,3576,-3708.7785,3626.91,,,0,0,0,0,0,0,,,3.407,3.352,3.372,28,11,24,,,47,48,48,FALSE,TRUE,FALSE,2,2,3,6,0,342,4200,16416,1500,-1500,0,0,40,16.341,97.6,5.5,999,999,999,999,999,999,999,999,2,1,0,0,0,1,2,1,1,0,0,8,1,0,0,-33515,0,6542,0,0,0,0,0,0,0,0,0,701.705,2047.08,2047.08,1815,1875,1153.8,TRUE,0,1815,-1875,2047.08,2047.08,1811.91,1833.78,1154.5,TRUE,0,1811.91,-1833.78,3626.91,-3708.78,FALSE,-1834,-1833.62,TRUE
2026-01-27T21:12:18Z,REV_TW1_U_21,5,TRUE,2,1,0,0,1984,0,0,-3708,-755.415,,,-3708,-755.415,0,0,,,,,3626,-3708,1.34,0.76,,,,17,,,,,2,,,,64.1,64,63.8,64.5,34300,34300,34200,,,,-3676,59.9701,-758,,128367,113212,,,,,,12,0,0,0,0,0,0,0,0,,2,,1155.5,-3543.92,-3067,21,21.04,3447.36,3382.38,100,-3543,3576,-3708.7785,3626.91,,,0,0,0,0,0,0,,,3.407,3.352,3.372,28,11,24,,,47,48,48,FALSE,TRUE,FALSE,2,2,3,6,0,342,4200,16416,1500,-1500,0,0,40,16.341,97.6,5.5,999,999,999,999,999,999,999,999,2,1,0,0,0,1,2,1,1,0,0,8,1,0,0,-33516,0,6544,0,0,0,0,0,0,0,0,0,701.705,2048.55,2048.55,1815,1875,1153.8,TRUE,0,1815,-1875,2048.55,2048.55,1811.91,1833.78,1154.5,TRUE,0,1811.91,-1833.78,3626.91,-3708.78,FALSE,-1834,-1833.78,TRUE
2026-01-27T21:12:20Z,REV_TW1_U_21,5,TRUE,2,1,0,0,1984,0,0,-3708,-741.227,,,-3708,-741.227,0,0,,,,,3626,-3708,1.34,0.76,,,,17,,,,,2,,,,64,64,63.6,64.4,34300,34300,34200,,,,-3677,59.9745,-743,,128368,113212,,,,,,12,0,0,0,0,0,0,0,0,,2,,1155.5,-3543.92,-3067,21,21.04,3447.36,3382.38,100,-3543,3576,-3708.7785,3626.91,,,0,0,0,0,0,0,,,3.407,3.351,3.372,28,11,24,,,47,48,48,FALSE,TRUE,FALSE,2,2,3,6,0,342,4200,16416,1500,-1500,0,0,40,16.341,97.6,5.5,999,999,999,999,999,999,999,999,2,1,0,0,0,1,2,1,1,0,0,8,1,0,0,-33516,0,6547,0,0,0,0,0,0,0,0,0,701.705,2050.23,2050.23,1815,1875,1153.8,TRUE,0,1815,-1875,2051.91,2051.91,1811.91,1833.78,1154.6,TRUE,0,1811.91,-1833.78,3626.91,-3708.78,FALSE,-1834,-1833.78,TRUE
2026-01-27T21:12:22Z,REV_TW1_U_21,5,TRUE,2,1,0,0,1984,0,0,-3708,-726.665,,,-3708,-726.665,0,0,,,,,3626,-3708,1.34,0.76,,,,17,,,,,2,,,,63.93,63.9,63.6,64.3,34300,34300,34200,,,,-3671,59.9766,-727,,128371,113212,,,,,,12,0,0,0,0,0,0,0,0,,2,,1155.5,-3543.92,-3067,21,21.04,3447.36,3382.38,100,-3543,3576,-3708.7785,3626.91,,,0,0,0,0,0,0,,,3.407,3.352,3.372,28,11,24,,,47,48,48,FALSE,TRUE,FALSE,2,2,3,6,0,342,4200,16416,1500,-1500,0,0,40,16.341,97.6,5.5,999,999,999,999,999,999,999,999,2,1,0,0,0,1,2,1,1,0,0,8,1,0,0,-33517,0,6549,0,0,0,0,0,0,0,0,0,701.705,2050.44,2050.44,1815,1875,1153.8,TRUE,0,1815,-1875,2050.44,2050.44,1811.91,1833.78,1154.6,TRUE,0,1811.91,-1833.78,3626.91,-3708.78,FALSE,-1834,-1833.78,TRUE
2026-01-27T21:12:24Z,REV_TW1_U_21,5,TRUE,2,1,0,0,1984,0,0,-3708,-713.727,,,-3708,-713.727,0,0,,,,,3626,-3708,1.34,0.76,,,,17,,,,,2,,,,63.87,63.8,63.5,64.3,34300,34300,34200,,,,-3673,59.9791,-715,,128372,113212,,,,,,12,0,0,0,0,0,0,0,0,,2,,1155.5,-3543.92,-3067,21,21.04,3447.36,3382.38,100,-3543,3576,-3708.7785,3626.91,,,0,0,0,0,0,0,,,3.407,3.352,3.372,28,11,24,,,47,48,48,FALSE,TRUE,FALSE,2,2,3,6,0,342,4200,16416,1500,-1500,0,0,40,16.222,97.8,5.5,999,999,999,999,999,999,999,999,2,1,0,0,0,1,2,1,1,0,0,8,1,0,0,-33517,0,6550,0,0,0,0,0,0,0,0,0,701.705,2052.12,2052.12,1815,1875,1153.8,TRUE,0,1815,-1875,2053.59,2053.59,1811.91,1833.78,1154.6,TRUE,0,1811.91,-1833.78,3626.91,-3708.78,FALSE,-1834,-1833.78,TRUE
2026-01-27T21:12:26Z,REV_TW1_U_21,5,TRUE,2,1,0,0,1984,0,0,-3708,-699.622,,,-3708,-699.622,0,0,,,,,3627,-3708,1.34,0.76,,,,17,,,,,2,,,,63.83,63.8,63.5,64.2,34300,34400,34200,,,,-3676,59.9747,-698,,128375,113212,,,,,,12,0,0,0,0,0,0,0,0,,2,,1155.6,-3544.23,-3067,21,21.04,3447.36,3382.38,100,-3543,3576,-3708.9372,3627.072,,,0,0,0,0,0,0,,,3.407,3.352,3.372,28,11,24,,,47,48,48,FALSE,TRUE,FALSE,2,2,3,6,0,342,4200,16416,1500,-1500,0,0,40,16.222,97.8,5.5,999,999,999,999,999,999,999,999,2,1,0,0,0,1,2,1,1,0,0,8,1,0,0,-33517,0,6553,0,0,0,0,0,0,0,0,0,701.705,2056.53,2056.53,1815,1875,1153.8,TRUE,0,1815,-1875,2054.43,2054.43,1812.07,1833.94,1154.6,TRUE,0,1812.07,-1833.94,3627.0699999999997,-3708.94,FALSE,-1834,-1833.94,TRUE
2026-01-27T21:12:28Z,REV_TW1_U_21,5,TRUE,2,1,0,0,1984,0,0,-3708,-685.571,,,-3708,-685.571,0,0,,,,,3627,-3708,1.34,0.76,,,,17,,,,,2,,,,63.73,63.7,63.4,64.1,34300,34400,34200,,,,-3674,59.971,-688,,128376,113212,,,,,,12,0,0,0,0,0,0,0,0,,2,,1155.6,-3544.23,-3067,21,21.04,3447.36,3382.38,100,-3543,3576,-3708.9372,3627.072,,,0,0,0,0,0,0,,,3.407,3.352,3.372,28,11,24,,,47,48,48,FALSE,TRUE,FALSE,2,2,3,6,0,342,4200,16416,1500,-1500,0,0,40,16.222,97.8,5.5,999,999,999,999,999,999,999,999,2,1,0,0,0,1,2,1,1,0,0,8,1,0,0,-33518,0,6554,0,0,0,0,0,0,0,0,0,701.705,2057.37,2057.37,1815,1875,1153.9,TRUE,0,1815,-1875,2057.37,2057.37,1812.07,1833.94,1154.6,TRUE,0,1812.07,-1833.94,3627.0699999999997,-3708.94,FALSE,-1834,-1833.94,TRUE
2026-01-27T21:12:30Z,REV_TW1_U_21,5,TRUE,2,1,0,0,1984,0,0,-3708,-673.162,,,-3708,-673.162,0,0,,,,,3627,-3708,1.34,0.76,,,,17,,,,,2,,,,63.73,63.7,63.4,64.1,34300,34400,34200,,,,-3675,59.9757,-674,,128379,113212,,,,,,12,0,0,0,0,0,0,0,0,,2,,1155.6,-3544.23,-3067,21,21.04,3447.36,3382.38,100,-3543,3576,-3708.9372,3627.072,,,0,0,0,0,0,0,,,3.407,3.352,3.372,28,11,24,,,47,48,48,FALSE,TRUE,FALSE,2,2,3,6,0,342,4200,16416,1500,-1500,0,0,40,16.222,97.8,5.5,999,999,999,999,999,999,999,999,2,1,0,0,0,1,2,1,1,0,0,8,1,0,0,-33518,0,6556,0,0,0,0,0,0,0,0,0,701.705,2059.68,2059.68,1815,1875,1153.9,TRUE,0,1815,-1875,2059.68,2059.68,1812.07,1833.94,1154.7,TRUE,0,1812.07,-1833.94,3627.0699999999997,-3708.94,FALSE,-1834,-1833.94,TRUE
2026-01-27T21:12:32Z,REV_TW1_U_21,5,TRUE,2,1,0,0,1984,0,0,-3708,-659.23,,,-3708,-659.23,0,0,,,,,3627,-3708,1.34,0.76,,,,17,,,,,2,,,,63.63,63.6,63.3,64,34300,34400,34200,,,,-3675,59.9791,-659,,128380,113212,,,,,,12,0,0,0,0,0,0,0,0,,2,,1155.6,-3541.91,-3065,21,21.04,3447.36,3382.38,100,-3543,3576,-3708.9372,3627.072,,,0,0,0,0,0,0,,,3.407,3.352,3.372,28,11,24,,,47,48,48,FALSE,TRUE,FALSE,2,2,3,6,0,342,4200,16416,1500,-1500,0,0,40,16.222,97.8,5.5,999,999,999,999,999,999,999,999,2,1,0,0,0,1,2,1,1,0,0,8,1,0,0,-33518,0,6559,0,0,0,0,0,0,0,0,0,701.705,2062.2,2062.2,1815,1875,1153.9,TRUE,0,1815,-1875,2062.2,2062.2,1812.07,1833.94,1154.7,TRUE,0,1812.07,-1833.94,3627.0699999999997,-3708.94,FALSE,-1834,-1833.94,TRUE
2026-01-27T21:12:34Z,REV_TW1_U_21,5,TRUE,2,1,0,0,1984,0,0,-3708,-645.122,,,-3708,-645.122,0,0,,,,,3627,-3708,1.34,0.76,,,,17,,,,,2,,,,63.6,63.6,63.2,64,34400,34400,34300,,,,-3674,59.976,-649,,128383,113212,,,,,,12,0,0,0,0,0,0,0,0,,2,,1155.6,-3545.38,-3068,21,21.04,3447.36,3382.38,100,-3543,3576,-3708.9372,3627.072,,,0,0,0,0,0,0,,,3.407,3.352,3.372,28,11,24,,,47,48,48,FALSE,TRUE,FALSE,2,2,3,6,0,342,4200,16416,1500,-1500,0,0,40,16.222,97.8,5.5,999,999,999,999,999,999,999,999,2,1,0,0,0,1,2,1,1,0,0,8,1,0,0,-33519,0,6560,0,0,0,0,0,0,0,0,0,701.705,2062.2,2062.2,1815,1875,1153.9,TRUE,0,1815,-1875,2063.67,2063.67,1812.07,1833.94,1154.7,TRUE,0,1812.07,-1833.94,3627.0699999999997,-3708.94,FALSE,-1834,-1833.94,TRUE
2026-01-27T21:12:36Z,REV_TW1_U_21,5,TRUE,2,1,0,0,1984,0,0,-3709,-632.829,,,-3708,-632.829,0,0,,,,,3627,-3709,1.34,0.76,,,,17,,,,,2,,,,63.53,63.5,63.2,63.9,34400,34400,34300,,,,-3675,59.9768,-637,,128384,113212,,,,,,12,0,0,0,0,0,0,0,0,,2,,1155.7,-3543.38,-3066,21,21.04,3447.36,3382.38,100,-3543,3576,-3709.0959,3627.2340000000004,,,0,0,0,0,0,0,,,3.408,3.352,3.372,28,11,24,,,47,48,48,FALSE,TRUE,FALSE,2,2,3,6,0,342,4200,16416,1500,-1500,0,0,40,16.222,97.8,5.5,999,999,999,999,999,999,999,999,2,1,0,0,0,1,2,1,1,0,0,8,1,0,0,-33519,0,6562,0,0,0,0,0,0,0,0,0,701.705,2062.62,2062.62,1815,1875,1153.9,TRUE,0,1815,-1875,2064.93,2064.93,1812.23,1834.1,1154.7,TRUE,0,1812.23,-1834.1,3627.23,-3709.1,FALSE,-1834,-1834,TRUE
2026-01-27T21:12:38Z,REV_TW1_U_21,5,TRUE,2,1,0,0,1984,0,0,-3709,-618.987,,,-3709,-618.987,0,0,,,,,3627,-3709,1.34,0.76,,,,17,,,,,2,,,,63.5,63.4,63.2,63.9,34400,34400,34300,,,,-3674,59.9864,-623,,128387,113212,,,,,,12,0,0,0,0,0,0,0,0,,2,,1155.7,-3543.38,-3066,21,21.04,3447.36,3382.38,100,-3543,3576,-3709.0959,3627.2340000000004,,,0,0,0,0,0,0,,,3.408,3.352,3.372,28,11,24,,,47,48,48,FALSE,TRUE,FALSE,2,2,3,6,0,342,4200,16416,1500,-1500,0,0,40,16.222,97.8,5.5,999,999,999,999,999,999,999,999,2,1,0,0,0,1,2,1,1,0,0,8,1,0,0,-33519,0,6565,0,0,0,0,0,0,0,0,0,701.705,2065.56,2065.56,1815,1875,1153.9,TRUE,0,1815,-1875,2065.56,2065.56,1812.23,1834.1,1154.7,TRUE,0,1812.23,-1834.1,3627.23,-3709.1,FALSE,-1834,-1834,TRUE
2026-01-27T21:12:40Z,REV_TW1_U_21,5,TRUE,2,1,0,0,1984,0,0,-3709,-604.997,,,-3709,-604.997,0,0,,,,,3627,-3709,1.34,0.76,,,,17,,,,,2,,,,63.43,63.4,63.1,63.8,34400,34400,34300,,,,-3677,59.985,-613,,128389,113212,,,,,,12,0,0,0,0,0,0,0,0,,2,,1155.7,-3542.22,-3065,21,21.04,3447.36,3382.38,100,-3543,3576,-3709.0959,3627.2340000000004,,,0,0,0,0,0,0,,,3.408,3.352,3.372,28,11,24,,,47,48,48,FALSE,TRUE,FALSE,2,2,3,6,0,342,4200,16416,1500,-1500,0,0,40,16.222,97.8,5.5,999,999,999,999,999,999,999,999,2,1,0,0,0,1,2,1,1,0,0,8,1,0,0,-33520,0,6566,0,0,0,0,0,0,0,0,0,701.705,2067.87,2067.87,1815,1875,1153.9,TRUE,0,1815,-1875,2067.87,2067.87,1812.23,1834.1,1154.8,TRUE,0,1812.23,-1834.1,3627.23,-3709.1,FALSE,-1834,-1834,TRUE
2026-01-27T21:12:42Z,REV_TW1_U_21,5,TRUE,2,1,0,0,1984,0,0,-3709,-591.203,,,-3709,-591.203,0,0,,,,,3627,-3709,1.34,0.76,,,,16,,,,,2,,,,63.4,63.3,63.1,63.8,34400,34400,34300,,,,-3674,59.9785,-599,,128391,113212,,,,,,12,0,0,0,0,0,0,0,0,,2,,1155.7,-3543.38,-3066,21,21.04,3447.36,3382.38,100,-3543,3576,-3709.0959,3627.2340000000004,,,0,0,0,0,0,0,,,3.408,3.352,3.373,28,11,24,,,47,48,48,FALSE,TRUE,FALSE,2,2,3,6,0,342,4200,16416,1500,-1500,0,0,40,16.222,97.8,5.5,999,999,999,999,999,999,999,999,2,1,0,0,0,1,2,1,1,0,0,8,1,0,0,-33520,0,6568,0,0,0,0,0,0,0,0,0,701.705,2067.87,2067.87,1815,1875,1153.9,TRUE,0,1815,-1875,2067.87,2067.87,1812.23,1834.1,1154.8,TRUE,0,1812.23,-1834.1,3627.23,-3709.1,FALSE,-1834,-1834,TRUE
2026-01-27T21:12:44Z,REV_TW1_U_21,5,TRUE,2,1,0,0,1984,0,0,-3709,-578.39,,,-3709,-578.39,0,0,,,,,3627,-3709,1.34,0.76,,,,17,,,,,2,,,,63.33,63.3,63,63.7,34400,34400,34300,,,,-3673,59.9856,-586,,128393,113212,,,,,,12,0,0,0,0,0,0,0,0,,2,,1155.7,-3544.53,-3067,21,21.04,3447.36,3382.38,100,-3543,3576,-3709.0959,3627.2340000000004,,,0,0,0,0,0,0,,,3.408,3.352,3.373,28,11,24,,,47,48,48,FALSE,TRUE,FALSE,2,2,3,6,0,342,4200,16416,1500,-1500,0,0,40,16.222,98,5.6,999,999,999,999,999,999,999,999,2,1,0,0,0,1,2,1,1,0,0,8,1,0,0,-33520,0,6570,0,0,0,0,0,0,0,0,0,701.705,2069.76,2069.76,1815,1875,1154,TRUE,0,1815,-1875,2070.39,2070.39,1812.23,1834.1,1154.8,TRUE,0,1812.23,-1834.1,3627.23,-3709.1,FALSE,-1834,-1834,TRUE
2026-01-27T21:12:46Z,REV_TW1_U_21,5,TRUE,2,1,0,0,1984,0,0,-3709,-564.278,,,-3709,-564.278,0,0,,,,,3627,-3709,1.34,0.76,,,,17,,,,,2,,,,63.3,63.3,62.9,63.7,34400,34400,34300,,,,-3673,59.988,-575,,128395,113212,,,,,,12,0,0,0,0,0,0,0,0,,2,,1155.8,-3543.68,-3066,21,21.04,3447.36,3382.38,100,-3543,3576,-3709.2546,3627.3959999999997,,,0,0,0,0,0,0,,,3.408,3.352,3.373,28,11,24,,,47,48,48,FALSE,TRUE,FALSE,2,2,3,6,0,342,4200,16416,1500,-1500,0,0,40,16.222,98,5.6,999,999,999,999,999,999,999,999,2,1,0,0,0,1,2,1,1,0,0,8,1,0,0,-33520,0,6572,0,0,0,0,0,0,0,0,0,701.705,2069.55,2069.55,1815,1875,1153.9,TRUE,0,1815,-1875,2069.55,2069.55,1812.4,1834.25,1154.8,TRUE,0,1812.4,-1834.25,3627.4,-3709.25,FALSE,-1834,-1834,TRUE
2026-01-27T21:12:48Z,REV_TW1_U_21,5,TRUE,2,1,0,0,1984,0,0,-3709,-550.546,,,-3709,-550.546,0,0,,,,,3627,-3709,1.34,0.76,,,,17,,,,,2,,,,63.23,63.2,62.9,63.6,34400,34500,34300,,,,-3678,59.9772,-561,,128397,113212,,,,,,12,0,0,0,0,0,0,0,0,,2,,1155.8,-3543.68,-3066,21,21.04,3447.36,3382.38,100,-3543,3576,-3709.2546,3627.3959999999997,,,0,0,0,0,0,0,,,3.408,3.352,3.373,28,11,24,,,47,48,48,FALSE,TRUE,FALSE,2,2,3,6,0,342,4200,16416,1500,-1500,0,0,40,16.222,98,5.6,999,999,999,999,999,999,999,999,2,1,0,0,0,1,2,1,1,0,0,8,1,0,0,-33521,0,6574,0,0,0,0,0,0,0,0,0,701.705,2073.33,2073.33,1815,1875,1154,TRUE,0,1815,-1875,2073.33,2073.33,1812.4,1834.25,1154.8,TRUE,0,1812.4,-1834.25,3627.4,-3709.25,FALSE,-1834,-1834,TRUE
2026-01-27T21:12:50Z,REV_TW1_U_21,5,TRUE,2,1,0,0,1984,0,0,-3709,-538.251,,,-3709,-538.251,0,0,,,,,3627,-3709,1.34,0.76,,,,17,,,,,2,,,,63.13,63.1,62.8,63.5,34400,34500,34300,,,,-3678,59.9863,-546,,128399,113212,,,,,,12,0,0,0,0,0,0,0,0,,2,,1155.8,-3542.53,-3065,21,21.04,3447.36,3382.38,100,-3543,3576,-3709.2546,3627.3959999999997,,,0,0,0,0,0,0,,,3.408,3.352,3.373,28,11,24,,,47,48,48,FALSE,TRUE,FALSE,2,2,3,6,0,342,4200,16416,1500,-1500,0,0,40,16.222,98,5.6,999,999,999,999,999,999,999,999,2,1,0,0,0,1,2,1,1,0,0,8,1,0,0,-33521,0,6576,0,0,0,0,0,0,0,0,0,701.705,2075.01,2075.01,1815,1875,1154,TRUE,0,1815,-1875,2075.01,2075.01,1812.4,1834.25,1154.8,TRUE,0,1812.4,-1834.25,3627.4,-3709.25,FALSE,-1834,-1834,TRUE
2026-01-27T21:12:52Z,REV_TW1_U_21,5,TRUE,2,1,0,0,1984,0,0,-3709,-524.51,,,-3709,-524.51,0,0,,,,,3627,-3709,1.34,0.76,,,,17,,,,,2,,,,63.13,63.1,62.8,63.5,34400,34500,34300,,,,-3677,59.9819,-530,,128401,113212,,,,,,12,0,0,0,0,0,0,0,0,,2,,1155.8,-3542.53,-3065,21,21.04,3447.36,3382.38,100,-3543,3576,-3709.2546,3627.3959999999997,,,0,0,0,0,0,0,,,3.408,3.352,3.373,28,11,24,,,47,48,48,FALSE,TRUE,FALSE,2,2,3,6,0,342,4200,16416,1500,-1500,0,0,40,16.222,98,5.6,999,999,999,999,999,999,999,999,2,1,0,0,0,1,2,1,1,0,0,8,1,0,0,-33521,0,6578,0,0,0,0,0,0,0,0,0,701.705,2076.06,2076.06,1815,1875,1154,TRUE,0,1815,-1875,2076.06,2076.06,1812.4,1834.25,1154.9,TRUE,0,1812.4,-1834.25,3627.4,-3709.25,FALSE,-1834,-1834,TRUE
2026-01-27T21:12:54Z,REV_TW1_U_21,5,TRUE,2,1,0,0,1984,0,0,-3709,-510.78,,,-3709,-510.78,0,0,,,,,3627,-3709,1.34,0.76,,,,17,,,,,2,,,,63.07,63,62.8,63.4,34400,34500,34300,,,,-3680,59.9845,-519,,128403,113212,,,,,,12,0,0,0,0,0,0,0,0,,2,,1155.8,-3542.53,-3065,21,21.04,3447.36,3382.38,100,-3543,3576,-3709.2546,3627.3959999999997,,,0,0,0,0,0,0,,,3.408,3.352,3.373,28,11,24,,,47,48,48,FALSE,TRUE,FALSE,2,2,3,6,0,342,4200,16416,1500,-1500,0,0,40,16.222,98,5.6,999,999,999,999,999,999,999,999,2,1,0,0,0,1,2,1,1,0,0,8,1,0,0,-33521,0,6580,0,0,0,0,0,0,0,0,0,701.705,2077.11,2077.11,1815,1875,1154,TRUE,0,1815,-1875,2077.95,2077.95,1812.4,1834.25,1154.9,TRUE,0,1812.4,-1834.25,3627.4,-3709.25,FALSE,-1834,-1834,TRUE
2026-01-27T21:12:56Z,REV_TW1_U_21,5,TRUE,2,1,0,0,1984,0,0,-3709,-496.53,,,-3709,-496.53,0,0,,,,,3627,-3709,1.34,0.76,,,,17,,,,,2,,,,63.03,63,62.7,63.4,34400,34500,34300,,,,-3678,59.9807,-505,,128405,113212,,,,,,12,0,0,0,0,0,0,0,0,,2,,1155.9,-3543.99,-3066,21,21.04,3447.36,3382.38,100,-3543,3576,-3709.4133,3627.558,,,0,0,0,0,0,0,,,3.408,3.352,3.373,28,11,24,,,47,48,48,FALSE,TRUE,FALSE,2,2,3,6,0,342,4200,16416,1500,-1500,0,0,40,16.222,98,5.6,999,999,999,999,999,999,999,999,2,1,0,0,0,1,2,1,1,0,0,8,1,0,0,-33522,0,6582,0,0,0,0,0,0,0,0,0,701.705,2078.16,2078.16,1815,1875,1154,TRUE,0,1815,-1875,2078.16,2078.16,1812.56,1834.41,1154.9,TRUE,0,1812.56,-1834.41,3627.56,-3709.41,FALSE,-1834,-1834,TRUE
2026-01-27T21:12:58Z,REV_TW1_U_21,5,TRUE,2,1,0,0,1984,0,0,-3709,-483.655,,,-3709,-483.655,0,0,,,,,3627,-3709,1.34,0.76,,,,16,,,,,2,,,,63,62.9,62.7,63.4,34400,34500,34300,,,,-3677,59.9768,-489,,128407,113212,,,,,,12,0,0,0,0,0,0,0,0,,2,,1155.9,-3543.99,-3066,21,21.04,3447.36,3382.38,100,-3543,3576,-3709.4133,3627.558,,,0,0,0,0,0,0,,,3.408,3.352,3.373,28,11,24,,,47,48,48,FALSE,TRUE,FALSE,2,2,3,6,0,342,4200,16416,1500,-1500,0,0,40,16.222,98,5.6,999,999,999,999,999,999,999,999,2,1,0,0,0,1,2,1,1,0,0,8,1,0,0,-33522,0,6584,0,0,0,0,0,0,0,0,0,701.705,2079.84,2079.84,1815,1875,1154.1,TRUE,0,1815,-1875,2079.84,2079.84,1812.56,1834.41,1154.9,TRUE,0,1812.56,-1834.41,3627.56,-3709.41,FALSE,-1834,-1834,TRUE
2026-01-27T21:13:00Z,REV_TW1_U_21,5,TRUE,2,1,0,0,1984,0,0,-3709,-469.155,,,-3709,-469.155,0,0,,,,,3627,-3709,1.34,0.76,,,,17,,,,,2,,,,62.93,62.9,62.6,63.3,34500,34500,34400,,,,-3676,59.9732,-476,,128409,113212,,,,,,12,0,0,0,0,0,0,0,0,,2,,1155.9,-3542.83,-3065,21,21.04,3447.36,3382.38,100,-3543,3576,-3709.4133,3627.558,,,0,0,0,0,0,0,,,3.408,3.352,3.373,28,11,24,,,47,48,48,FALSE,TRUE,FALSE,2,2,3,6,0,342,4200,16416,1500,-1500,0,0,40,16.222,98,5.6,999,999,999,999,999,999,999,999,2,1,0,0,0,1,2,1,1,0,0,8,1,0,0,-33522,0,6586,0,0,0,0,0,0,0,0,0,701.705,2079.63,2079.63,1815,1875,1154,TRUE,0,1815,-1875,2079.63,2079.63,1812.56,1834.41,1154.9,TRUE,0,1812.56,-1834.41,3627.56,-3709.41,FALSE,-1834,-1834,TRUE
2026-01-27T21:13:02Z,REV_TW1_U_21,5,TRUE,2,1,0,0,1984,0,0,-3709,-455.417,,,-3709,-455.417,0,0,,,,,3627,-3709,1.335,0.765,,,,17,,,,,2,,,,62.93,62.9,62.6,63.3,34500,34500,34400,,,,-3678,59.9711,-459,,128411,113212,,,,,,12,0,0,0,0,0,0,0,0,,2,,1155.9,-3542.83,-3065,21.5,21.55,3447.36,3464.46,100,-3543,3576,-3709.4133,3627.558,,,0,0,0,0,0,0,,,3.409,3.352,3.373,28,11,24,,,47,48,48,FALSE,TRUE,FALSE,2,2,3,6,0,342,4200,16416,1500,-1500,0,0,40,16.222,98,5.6,999,999,999,999,999,999,999,999,2,1,0,0,0,1,2,1,1,0,0,8,1,0,0,-33522,0,6588,0,0,0,0,0,0,0,0,0,701.705,2082.15,2082.15,1815,1875,1154.1,TRUE,0,1815,-1875,2082.15,2082.15,1812.56,1834.41,1155,TRUE,0,1812.56,-1834.41,3627.56,-3709.41,FALSE,-1834,-1834,TRUE
2026-01-27T21:13:04Z,REV_TW1_U_21,5,TRUE,2,1,0,0,1984,0,0,-3709,-442.803,,,-3709,-442.803,0,0,,,,,3630,-3709,1.335,0.765,,,,17,,,,,2,,,,62.83,62.8,62.5,63.2,34500,34500,34400,,,,-3676,59.9739,-444,,128414,113212,,,,,,12,0,0,0,0,0,0,0,0,,2,,1155.9,-3543.99,-3066,21.5,21.55,3529.44,3464.46,100,-3543,3596,-3709.4133,3630,,,0,0,0,0,0,0,,,3.408,3.352,3.373,28,11,24,,,47,48,48,FALSE,TRUE,FALSE,2,2,3,6,0,342,4200,16416,1500,-1500,0,0,40,16.058,98.1,5.6,999,999,999,999,999,999,999,999,2,1,0,0,0,1,2,1,1,0,0,8,1,0,0,-33522,0,6590,0,0,0,0,0,0,0,0,0,701.705,2083.62,2083.62,1815,1875,1154.1,TRUE,0,1815,-1875,2083.62,2083.62,1815,1834.41,1155,TRUE,0,1815,-1834.41,3630,-3709.41,FALSE,-1834,-1834,TRUE
2026-01-27T21:13:06Z,REV_TW1_U_21,5,TRUE,2,1,0,0,1984,0,0,-3709,-428.428,,,-3709,-428.428,0,0,,,,,3627,-3709,1.335,0.765,,,,17,,,,,2,,,,62.83,62.8,62.5,63.2,34500,34500,34400,,,,-3676,59.981,-431,,128415,113212,,,,,,12,0,0,0,0,0,0,0,0,,2,,1156,-3541.98,-3064,21.5,21.55,3529.44,3464.46,100,-3543,3576,-3709.572,3627.7200000000003,,,0,0,0,0,0,0,,,3.408,3.352,3.373,28,11,24,,,47,48,48,FALSE,TRUE,FALSE,2,2,3,6,0,342,4200,16416,1500,-1500,0,0,40,16.058,98.1,5.6,999,999,999,999,999,999,999,999,2,1,0,0,0,1,2,1,1,0,0,8,1,0,0,-33523,0,6592,0,0,0,0,0,0,0,0,0,701.705,2085.09,2085.09,1815,1875,1154.1,TRUE,0,1815,-1875,2085.09,2085.09,1812.72,1834.57,1155,TRUE,0,1812.72,-1834.57,3627.7200000000003,-3709.57,FALSE,-1835,-1834.57,TRUE
2026-01-27T21:13:08Z,REV_TW1_U_21,5,TRUE,2,1,0,0,1984,0,0,-3709,-414.376,,,-3709,-414.376,0,0,,,,,3627,-3709,1.335,0.765,,,,17,,,,,2,,,,62.73,62.7,62.4,63.1,34500,34500,34400,,,,-3678,59.9751,-416,,128418,113212,,,,,,12,0,0,0,0,0,0,0,0,,2,,1156,-3545.45,-3067,21.5,21.55,3529.44,3464.46,100,-3543,3576,-3709.572,3627.7200000000003,,,0,0,0,0,0,0,,,3.408,3.353,3.373,28,11,24,,,47,48,48,FALSE,TRUE,FALSE,2,2,3,6,0,342,4200,16416,1500,-1500,0,0,40,16.058,98.1,5.6,999,999,999,999,999,999,999,999,2,1,0,0,0,1,2,1,1,0,0,8,1,0,0,-33523,0,6594,0,0,0,0,0,0,0,0,0,701.705,2087.82,2087.82,1815,1875,1154.1,TRUE,0,1815,-1875,2087.82,2087.82,1812.72,1834.57,1155,TRUE,0,1812.72,-1834.57,3627.7200000000003,-3709.57,FALSE,-1835,-1834.57,TRUE
2026-01-27T21:13:10Z,REV_TW1_U_21,5,TRUE,2,1,0,0,1984,0,0,-3709,-402.018,,,-3709,-402.018,0,0,,,,,3627,-3709,1.335,0.765,,,,17,,,,,2,,,,62.73,62.7,62.4,63.1,34500,34500,34400,,,,-3672,59.9867,-400,,128419,113212,,,,,,12,0,0,0,0,0,0,0,0,,2,,1156,-3543.14,-3065,21.5,21.55,3529.44,3464.46,100,-3543,3576,-3709.572,3627.7200000000003,,,0,0,0,0,0,0,,,3.408,3.352,3.373,28,11,24,,,47,48,48,FALSE,TRUE,FALSE,2,2,3,6,0,342,4200,16416,1500,-1500,0,0,40,16.058,98.1,5.6,999,999,999,999,999,999,999,999,2,1,0,0,0,1,2,1,1,0,0,8,1,0,0,-33523,0,6596,0,0,0,0,0,0,0,0,0,701.705,2086.77,2086.77,1815,1875,1154.1,TRUE,0,1815,-1875,2086.77,2086.77,1815,1834.57,1155,TRUE,0,1815,-1834.57,3630,-3709.57,FALSE,-1835,-1834.57,TRUE
2026-01-27T21:13:12Z,REV_TW1_U_21,5,TRUE,2,1,0,0,1984,0,0,-3709,-388.161,,,-3709,-388.161,0,0,,,,,3627,-3709,1.335,0.765,,,,17,,,,,2,,,,62.7,62.6,62.4,63.1,34500,34500,34400,,,,-3672,59.9823,-390,,128422,113212,,,,,,12,0,0,0,0,0,0,0,0,,2,,1156,-3544.3,-3066,21.5,21.55,3529.44,3464.46,100,-3543,3576,-3709.572,3627.7200000000003,,,0,0,0,0,0,0,,,3.409,3.352,3.373,28,11,24,,,47,48,48,FALSE,TRUE,FALSE,2,2,3,6,0,342,4200,16416,1500,-1500,0,0,40,16.058,98.1,5.6,999,999,999,999,999,999,999,999,2,1,0,0,0,1,2,1,1,0,0,8,1,0,0,-33523,0,6598,0,0,0,0,0,0,0,0,0,701.705,2088.24,2088.24,1815,1875,1154.1,TRUE,0,1815,-1875,2088.24,2088.24,1812.72,1834.57,1155,TRUE,0,1812.72,-1834.57,3627.7200000000003,-3709.57,FALSE,-1835,-1834.57,TRUE
2026-01-27T21:13:14Z,REV_TW1_U_21,5,TRUE,2,1,0,0,1984,0,0,-3709,-373.984,,,-3709,-373.984,0,0,,,,,3630,-3709,1.335,0.765,,,,17,,,,,2,,,,62.67,62.6,62.4,63,34500,34600,34400,,,,-3679,59.9869,-372,,128423,113212,,,,,,12,0,0,0,0,0,0,0,0,,2,,1156,-3545.45,-3067,21.5,21.55,3529.44,3464.46,100,-3543,3596,-3709.572,3630,,,0,0,0,0,0,0,,,3.409,3.352,3.373,28,11,24,,,47,48,48,FALSE,TRUE,FALSE,2,2,3,6,0,342,4200,16416,1500,-1500,0,0,40,16.058,98.1,5.6,999,999,999,999,999,999,999,999,2,1,0,0,0,1,2,1,1,0,0,8,1,0,0,-33523,0,6600,0,0,0,0,0,0,0,0,0,701.705,2089.29,2089.29,1815,1875,1154.2,TRUE,0,1815,-1875,2089.29,2089.29,1815,1834.57,1155.1,TRUE,0,1815,-1834.57,3630,-3709.57,FALSE,-1835,-1834.57,TRUE
2026-01-27T21:13:16Z,REV_TW1_U_21,5,TRUE,2,1,0,0,1984,0,0,-3709,-361.4,,,-3709,-361.4,0,0,,,,,3630,-3709,1.33,0.77,,,,17,,,,,2,,,,62.63,62.6,62.3,63,34500,34600,34400,,,,-3675,59.9859,-362,,128426,113212,,,,,,12,0,0,0,0,0,0,0,0,,2,,1156,-3541.98,-3064,22,22.04,3529.44,3543.12,100,-3543,3596,-3709.572,3630,,,0,0,0,0,0,0,,,3.409,3.352,3.373,28,11,24,,,47,48,48,FALSE,TRUE,FALSE,2,2,3,6,0,342,4200,16416,1500,-1500,0,0,40,16.058,98.1,5.6,999,999,999,999,999,999,999,999,2,1,0,0,0,1,2,1,1,0,0,8,1,0,0,-33524,0,6602,0,0,0,0,0,0,0,0,0,701.705,2089.92,2089.92,1815,1875,1154.1,TRUE,0,1815,-1875,2089.92,2089.92,1815,1834.57,1155.1,TRUE,0,1815,-1834.57,3630,-3709.57,FALSE,-1835,-1834.57,TRUE
2026-01-27T21:13:18Z,REV_TW1_U_21,5,TRUE,2,1,0,0,1984,0,0,-3709,-347.663,,,-3709,-347.663,0,0,,,,,3630,-3709,1.33,0.77,,,,17,,,,,2,,,,62.57,62.5,62.3,62.9,34500,34600,34400,,,,-3674,59.9852,-349,,128427,113212,,,,,,12,0,0,0,0,0,0,0,0,,2,,1156.1,-3545.76,-3067,22,22.04,3529.44,3543.12,100,-3543,3596,-3709.7307,3630,,,0,0,0,0,0,0,,,3.409,3.353,3.373,28,11,24,,,47,48,48,FALSE,TRUE,FALSE,2,2,3,6,0,342,4200,16416,1500,-1500,0,0,40,16.058,98.1,5.6,999,999,999,999,999,999,999,999,2,1,0,0,0,1,2,1,1,0,0,8,1,0,0,-33524,0,6604,0,0,0,0,0,0,0,0,0,701.705,2091.6,2091.6,1815,1875,1154.2,TRUE,0,1815,-1875,2090.55,2090.55,1815,1834.73,1155.1,TRUE,0,1815,-1834.73,3630,-3709.73,FALSE,-1835,-1834.73,TRUE
2026-01-27T21:13:20Z,REV_TW1_U_21,5,TRUE,2,1,0,0,1984,0,0,-3709,-333.55,,,-3709,-333.55,0,0,,,,,3630,-3709,1.33,0.77,,,,17,,,,,2,,,,62.53,62.5,62.2,62.9,34500,34600,34400,,,,-3678,59.9731,-335,,128430,113212,,,,,,12,0,0,0,0,0,0,0,0,,2,,1156.1,-3545.76,-3067,22,22.04,3611.52,3543.12,100,-3543,3596,-3709.7307,3630,,,0,0,0,0,0,0,,,3.409,3.353,3.373,28,11,24,,,47,48,48,FALSE,TRUE,FALSE,2,2,3,6,0,342,4200,16416,1500,-1500,0,0,40,16.058,98.1,5.6,999,999,999,999,999,999,999,999,2,1,0,0,0,1,2,1,1,0,0,8,1,0,0,-33524,0,6606,0,0,0,0,0,0,0,0,0,701.705,2094.54,2094.54,1815,1875,1154.2,TRUE,0,1815,-1875,2094.54,2094.54,1815,1834.73,1155.1,TRUE,0,1815,-1834.73,3630,-3709.73,FALSE,-1835,-1834.73,TRUE
2026-01-27T21:13:22Z,REV_TW1_U_21,5,TRUE,2,1,0,0,1984,0,0,-3709,-320.814,,,-3709,-320.814,0,0,,,,,3630,-3709,1.33,0.77,,,,17,,,,,2,,,,62.5,62.4,62.2,62.9,34600,34600,34500,,,,-3674,59.973,-325,,128431,113212,,,,,,12,0,0,0,0,0,0,0,0,,2,,1156.1,-3545.76,-3067,22,22.04,3611.52,3543.12,100,-3543,3596,-3709.7307,3630,,,0,0,0,0,0,0,,,3.409,3.353,3.373,28,11,24,,,47,48,48,FALSE,TRUE,FALSE,2,2,3,6,0,342,4200,16416,1500,-1500,0,0,40,16.058,98.1,5.6,999,999,999,999,999,999,999,999,2,1,0,0,0,1,2,1,1,0,0,8,1,0,0,-33524,0,6608,0,0,0,0,0,0,0,0,0,701.705,2092.65,2092.65,1815,1875,1154.2,TRUE,0,1815,-1875,2092.65,2092.65,1815,1834.73,1155.1,TRUE,0,1815,-1834.73,3630,-3709.73,FALSE,-1835,-1834.73,TRUE
2026-01-27T21:13:24Z,REV_TW1_U_21,5,TRUE,2,1,0,0,1984,0,0,-3709,-306.573,,,-3709,-306.573,0,0,,,,,3630,-3709,1.33,0.77,,,,17,,,,,2,,,,62.47,62.4,62.1,62.9,34600,34600,34500,,,,-3677,59.9783,-309,,128435,113212,,,,,,12,0,0,0,0,0,0,0,0,,2,,1156.1,-3543.45,-3065,22,22.04,3611.52,3543.12,100,-3543,3596,-3709.7307,3630,,,0,0,0,0,0,0,,,3.409,3.352,3.373,28,11,24,,,47,48,48,FALSE,TRUE,FALSE,2,2,3,6,0,342,4200,16416,1500,-1500,0,0,39,15.847,98.3,5.6,999,999,999,999,999,999,999,999,2,1,0,0,0,1,2,1,1,0,0,8,1,0,0,-33524,0,6610,0,0,0,0,0,0,0,0,0,701.705,2093.28,2093.28,1815,1875,1154.2,TRUE,0,1815,-1875,2091.81,2091.81,1815,1834.73,1155.2,TRUE,0,1815,-1834.73,3630,-3709.73,FALSE,-1835,-1834.73,TRUE
2026-01-27T21:13:26Z,REV_TW1_U_21,5,TRUE,2,1,0,0,1984,0,0,-3709,-293.698,,,-3709,-293.698,0,0,,,,,3630,-3709,1.33,0.77,,,,17,,,,,2,,,,62.4,62.3,62.1,62.8,34600,34600,34500,,,,-3675,59.9802,-296,,128435,113212,,,,,,12,0,0,0,0,0,0,0,0,,2,,1156.1,-3544.6,-3066,22,22.04,3611.52,3543.12,100,-3543,3596,-3709.7307,3630,,,0,0,0,0,0,0,,,3.409,3.353,3.374,28,11,24,,,47,48,48,FALSE,TRUE,FALSE,2,2,3,6,0,342,4200,16416,1500,-1500,0,0,39,15.847,98.3,5.6,999,999,999,999,999,999,999,999,2,1,0,0,0,1,2,1,1,0,0,8,1,0,0,-33524,0,6612,0,0,0,0,0,0,0,0,0,701.705,2093.7,2093.7,1815,1875,1154.2,TRUE,0,1815,-1875,2093.49,2093.49,1815,1834.73,1155.2,TRUE,0,1815,-1834.73,3630,-3709.73,FALSE,-1835,-1834.73,TRUE
2026-01-27T21:13:28Z,REV_TW1_U_21,5,TRUE,2,1,0,0,1984,0,0,-3709,-279.253,,,-3709,-279.253,0,0,,,,,3630,-3709,1.33,0.77,,,,17,,,,,2,,,,62.4,62.3,62.1,62.8,34600,34600,34500,,,,-3677,59.9742,-286,,128439,113212,,,,,,12,0,0,0,0,0,0,0,0,,2,,1156.2,-3543.75,-3065,22,22.04,3611.52,3543.12,100,-3543,3596,-3709.8894,3630,,,0,0,0,0,0,0,,,3.409,3.353,3.374,28,11,24,,,47,48,48,FALSE,TRUE,FALSE,2,2,3,6,0,342,4200,16416,1500,-1500,0,0,39,15.847,98.3,5.6,999,999,999,999,999,999,999,999,2,1,0,0,0,1,2,1,1,0,0,8,1,0,0,-33524,0,6614,0,0,0,0,0,0,0,0,0,701.705,2094.75,2094.75,1815,1875,1154.2,TRUE,0,1815,-1875,2094.75,2094.75,1815,1834.89,1155.2,TRUE,0,1815,-1834.89,3630,-3709.89,FALSE,-1835,-1834.89,TRUE
2026-01-27T21:13:30Z,REV_TW1_U_21,5,TRUE,2,1,0,0,1984,0,0,-3709,-265.083,,,-3709,-265.083,0,0,,,,,3630,-3709,1.33,0.77,,,,17,,,,,2,,,,62.4,62.3,62.1,62.8,34600,34600,34500,,,,-3677,59.9802,-270,,128439,113212,,,,,,12,0,0,0,0,0,0,0,0,,2,,1156.2,-3543.75,-3065,22,22.04,3611.52,3543.12,100,-3543,3596,-3709.8894,3630,,,0,0,0,0,0,0,,,3.409,3.353,3.374,28,11,24,,,47,48,48,FALSE,TRUE,FALSE,2,2,3,6,0,342,4200,16416,1500,-1500,0,0,39,15.847,98.3,5.6,999,999,999,999,999,999,999,999,2,1,0,0,0,1,2,1,1,0,0,8,1,0,0,-33525,0,6616,0,0,0,0,0,0,0,0,0,701.705,2094.54,2094.54,1815,1875,1154.2,TRUE,0,1815,-1875,2094.54,2094.54,1815,1834.89,1155.2,TRUE,0,1815,-1834.89,3630,-3709.89,FALSE,-1835,-1834.89,TRUE
2026-01-27T21:13:32Z,REV_TW1_U_21,5,TRUE,2,1,0,0,1984,0,0,-3709,-252.146,,,-3709,-252.146,0,0,,,,,3630,-3709,1.33,0.77,,,,17,,,,,2,,,,62.33,62.3,62,62.7,34600,34600,34500,,,,-3680,59.9773,-256,,128443,113212,,,,,,12,0,0,0,0,0,0,0,0,,2,,1156.2,-3546.07,-3067,22,22.04,3611.52,3543.12,100,-3543,3596,-3709.8894,3630,,,0,0,0,0,0,0,,,3.409,3.353,3.374,28,11,24,,,47,48,48,FALSE,TRUE,FALSE,2,2,3,6,0,342,4200,16416,1500,-1500,0,0,39,15.847,98.3,5.6,999,999,999,999,999,999,999,999,2,1,0,0,0,1,2,1,1,0,0,8,1,0,0,-33525,0,6618,0,0,0,0,0,0,0,0,0,701.705,2094.54,2094.54,1815,1875,1154.2,TRUE,0,1815,-1875,2094.54,2094.54,1815,1834.89,1155.2,TRUE,0,1815,-1834.89,3630,-3709.89,FALSE,-1835,-1834.89,TRUE
2026-01-27T21:13:34Z,REV_TW1_U_21,5,TRUE,2,1,0,0,1984,0,0,-3709,-238.031,,,-3709,-238.031,0,0,,,,,3630,-3709,1.33,0.77,,,,17,,,,,2,,,,62.33,62.3,62,62.7,34600,34600,34500,,,,-3677,59.9807,-244,,128444,113212,,,,,,12,0,0,0,0,0,0,0,0,,2,,1156.2,-3544.91,-3066,22,22.04,3611.52,3543.12,100,-3543,3596,-3709.8894,3630,,,0,0,0,0,0,0,,,3.409,3.353,3.374,28,11,24,,,47,48,48,FALSE,TRUE,FALSE,2,2,3,6,0,342,4200,16416,1500,-1500,0,0,39,15.847,98.3,5.6,999,999,999,999,999,999,999,999,2,1,0,0,0,1,2,1,1,0,0,8,1,0,0,-33525,0,6620,0,0,0,0,0,0,0,0,0,701.705,2096.43,2096.43,1815,1875,1154.2,TRUE,0,1815,-1875,2096.43,2096.43,1815,1834.89,1155.2,TRUE,0,1815,-1834.89,3630,-3709.89,FALSE,-1835,-1834.89,TRUE
2026-01-27T21:13:36Z,REV_TW1_U_21,5,TRUE,2,1,0,0,1984,0,0,-3709,-224.363,,,-3709,-224.363,0,0,,,,,3630,-3709,1.33,0.77,,,,17,,,,,2,,,,62.33,62.3,62,62.7,34600,34600,34500,,,,-3680,59.9791,-233,,128447,113212,,,,,,12,0,0,0,0,0,0,0,0,,2,,1156.2,-3546.07,-3067,22,22.04,3611.52,3543.12,100,-3543,3596,-3709.8894,3630,,,0,0,0,0,0,0,,,3.409,3.352,3.374,28,11,24,,,47,48,48,FALSE,TRUE,FALSE,2,2,3,6,0,342,4200,16416,1500,-1500,0,0,39,15.847,98.3,5.6,999,999,999,999,999,999,999,999,2,1,0,0,0,1,2,1,1,0,0,8,1,0,0,-33525,0,6622,0,0,0,0,0,0,0,0,0,700.77,2097.48,2097.48,1815,1875,1154.3,TRUE,0,1815,-1875,2097.48,2097.48,1815,1834.89,1155.3,TRUE,0,1815,-1834.89,3630,-3709.89,FALSE,-1835,-1834.89,TRUE
2026-01-27T21:13:38Z,REV_TW1_U_21,5,TRUE,2,1,0,0,1984,0,0,-3709,-211.488,,,-3709,-211.488,0,0,,,,,3630,-3710,1.33,0.77,,,,18,,,,,2,,,,62.23,62.2,61.9,62.6,34600,34700,34500,,,,-3677,59.9811,-217,,128448,113212,,,,,,12,0,0,0,0,0,0,0,0,,2,,1156.3,-3545.22,-3066,22,22.04,3611.52,3543.12,100,-3543,3596,-3710.0481,3630,,,0,0,0,0,0,0,,,3.409,3.353,3.374,28,11,24,,,47,48,48,FALSE,TRUE,FALSE,2,2,3,6,0,342,4200,16416,1500,-1500,0,0,39,15.847,98.3,5.6,999,999,999,999,999,999,999,999,2,1,0,0,0,1,2,1,1,0,0,8,1,0,0,-33525,0,6624,0,0,0,0,0,0,0,0,0,700.77,2097.27,2097.27,1815,1875,1154.3,TRUE,0,1815,-1875,2097.27,2097.27,1815,1835.05,1155.3,TRUE,0,1815,-1835.05,3630,-3710.05,FALSE,-1835,-1835,TRUE
2026-01-27T21:13:40Z,REV_TW1_U_21,5,TRUE,2,1,0,0,1984,0,0,-3710,-197.318,,,-3710,-197.318,0,0,,,,,3630,-3710,1.33,0.77,,,,17,,,,,2,,,,62.23,62.2,61.9,62.6,34600,34700,34500,,,,-3682,59.9893,-206,,128451,113212,,,,,,12,0,0,0,0,0,0,0,0,,2,,1156.3,-3544.06,-3065,22,22.04,3611.52,3543.12,100,-3543,3596,-3710.0481,3630,,,0,0,0,0,0,0,,,3.409,3.353,3.374,28,11,24,,,47,48,48,FALSE,TRUE,FALSE,2,2,3,6,0,342,4200,16416,1500,-1500,0,0,39,15.847,98.3,5.6,999,999,999,999,999,999,999,999,2,1,0,0,0,1,2,1,1,0,0,8,1,0,0,-33525,0,6626,0,0,0,0,0,0,0,0,0,700.77,2097.06,2097.06,1815,1875,1154.3,TRUE,0,1815,-1875,2097.06,2097.06,1815,1835.05,1155.3,TRUE,0,1815,-1835.05,3630,-3710.05,FALSE,-1835,-1835,TRUE
2026-01-27T21:13:42Z,REV_TW1_U_21,5,TRUE,2,1,0,0,1984,0,0,-3710,-183.091,,,-3710,-183.091,0,0,,,,,3630,-3710,1.33,0.77,,,,18,,,,,2,,,,62.23,62.2,61.9,62.6,34600,34700,34500,,,,-3682,59.9894,-188,,128452,113212,,,,,,12,0,0,0,0,0,0,0,0,,2,,1156.3,-3545.22,-3066,22,22.04,3611.52,3543.12,100,-3543,3596,-3710.0481,3630,,,0,0,0,0,0,0,,,3.409,3.353,3.374,28,11,24,,,47,48,48,FALSE,TRUE,FALSE,2,2,3,6,0,342,4200,16416,1500,-1500,0,0,39,15.847,98.3,5.6,999,999,999,999,999,999,999,999,2,1,0,0,0,1,2,1,1,0,0,8,1,0,0,-33525,0,6628,0,0,0,0,0,0,0,0,0,700.77,2097.9,2097.9,1815,1875,1154.3,TRUE,0,1815,-1875,2097.9,2097.9,1815,1835.05,1155.3,TRUE,0,1815,-1835.05,3630,-3710.05,FALSE,-1835,-1835,TRUE
2026-01-27T21:13:44Z,REV_TW1_U_21,5,TRUE,2,1,0,0,1984,0,0,-3710,-170.216,,,-3710,-170.216,0,0,,,,,3630,-3710,1.33,0.77,,,,18,,,,,2,,,,62.2,62.1,61.9,62.6,34600,34700,34500,,,,-3681,59.9865,-178,,128455,113212,,,,,,12,0,0,0,0,0,0,0,0,,2,,1156.3,-3544.06,-3065,22,22.04,3611.52,3543.12,100,-3543,3596,-3710.0481,3630,,,0,0,0,0,0,0,,,3.409,3.353,3.374,28,11,24,,,47,48,48,FALSE,TRUE,FALSE,2,2,3,6,0,342,4200,16416,1500,-1500,0,0,39,15.847,98.5,5.7,999,999,999,999,999,999,999,999,2,1,0,0,0,1,2,1,1,0,0,8,1,0,0,-33525,0,6630,0,0,0,0,0,0,0,0,0,700.77,2097.9,2097.9,1815,1875,1154.3,TRUE,0,1815,-1875,2097.9,2097.9,1815,1835.05,1155.3,TRUE,0,1815,-1835.05,3630,-3710.05,FALSE,-1835,-1835,TRUE
2026-01-27T21:13:46Z,REV_TW1_U_21,5,TRUE,2,1,0,0,1984,0,0,-3710,-155.778,,,-3710,-155.778,0,0,,,,,3630,-3710,1.33,0.77,,,,18,,,,,2,,,,62.17,62.1,61.9,62.5,34700,34700,34500,,,,-3680,59.9872,-164,,128456,113212,,,,,,12,0,0,0,0,0,0,0,0,,2,,1156.3,-3544.06,-3065,22,22.04,3611.52,3543.12,100,-3543,3596,-3710.0481,3630,,,0,0,0,0,0,0,,,3.409,3.353,3.374,28,11,24,,,47,48,48,FALSE,TRUE,FALSE,2,2,3,6,0,342,4200,16416,1500,-1500,0,0,39,15.847,98.5,5.7,999,999,999,999,999,999,999,999,2,1,0,0,0,1,2,1,1,0,0,8,1,0,0,-33525,0,6632,0,0,0,0,0,0,0,0,0,700.77,2098.53,2098.53,1815,1875,1154.3,TRUE,0,1815,-1875,2098.53,2098.53,1815,1835.05,1155.4,TRUE,0,1815,-1835.05,3630,-3710.05,FALSE,-1835,-1835,TRUE
2026-01-27T21:13:48Z,REV_TW1_U_21,5,TRUE,2,1,0,0,1984,0,0,-3710,-141.466,,,-3710,-141.466,0,0,,,,,3630,-3710,1.33,0.77,,,,18,,,,,2,,,,62.13,62.1,61.8,62.5,34700,34700,34600,,,,-3682,59.9896,-148,,128459,113212,,,,,,12,0,0,0,0,0,0,0,0,,2,,1156.3,-3542.9,-3064,22,22.04,3611.52,3543.12,100,-3543,3596,-3710.0481,3630,,,0,0,0,0,0,0,,,3.409,3.353,3.374,28,11,24,,,47,48,48,FALSE,TRUE,FALSE,2,2,3,6,0,342,4200,16416,1500,-1500,0,0,39,15.847,98.5,5.7,999,999,999,999,999,999,999,999,2,1,0,0,0,1,2,1,1,0,0,8,1,0,0,-33525,0,6634,0,0,0,0,0,0,0,0,0,700.77,2100,2100,1815,1875,1154.3,TRUE,0,1815,-1875,2100,2100,1815,1835.05,1155.4,TRUE,0,1815,-1835.05,3630,-3710.05,FALSE,-1835,-1835,TRUE
2026-01-27T21:13:50Z,REV_TW1_U_21,5,TRUE,2,1,0,0,1984,0,0,-3710,-128.987,,,-3710,-128.987,0,0,,,,,3630,-3710,1.33,0.77,,,,18,,,,,2,,,,62.13,62.1,61.8,62.5,34700,34700,34600,,,,-3681,59.9892,-135,,128460,113212,,,,,,12,0,0,0,0,0,0,0,0,,2,,1156.4,-3544.37,-3065,22,22.04,3611.52,3543.12,100,-3543,3596,-3710.2068,3630,,,0,0,0,0,0,0,,,3.409,3.353,3.374,28,11,24,,,47,48,48,FALSE,TRUE,FALSE,2,2,3,6,0,342,4200,16416,1500,-1500,0,0,39,15.847,98.5,5.7,999,999,999,999,999,999,999,999,2,1,0,0,0,1,2,1,1,0,0,8,1,0,0,-33525,0,6636,0,0,0,0,0,0,0,0,0,700.77,2098.95,2098.95,1815,1875,1154.3,TRUE,0,1815,-1875,2098.95,2098.95,1815,1835.21,1155.4,TRUE,0,1815,-1835.21,3630,-3710.21,FALSE,-1835,-1835,TRUE
2026-01-27T21:13:52Z,REV_TW1_U_21,5,TRUE,2,1,0,0,1984,0,0,-3710,-115.191,,,-3710,-115.191,0,0,,,,,3630,-3710,1.33,0.77,,,,18,,,,,2,,,,62.07,62,61.8,62.4,34700,34700,34600,,,,-3683,59.9999,-120,,128463,113212,,,,,,12,0,0,0,0,0,0,0,0,,2,,1156.4,-3544.37,-3065,22,22.04,3611.52,3543.12,100,-3543,3596,-3710.2068,3630,,,0,0,0,0,0,0,,,3.41,3.353,3.374,28,11,24,,,47,48,48,FALSE,TRUE,FALSE,2,2,3,6,0,342,4200,16416,1500,-1500,0,0,39,15.847,98.5,5.7,999,999,999,999,999,999,999,999,2,1,0,0,0,1,2,1,1,0,0,8,1,0,0,-33525,0,6638,0,0,0,0,0,0,0,0,0,700.77,2100,2100,1815,1875,1154.4,TRUE,0,1815,-1875,2100,2100,1815,1835.21,1155.4,TRUE,0,1815,-1835.21,3630,-3710.21,FALSE,-1835,-1835,TRUE
2026-01-27T21:13:54Z,REV_TW1_U_21,5,TRUE,2,1,0,0,1984,0,0,-3710,-102.254,,,-3710,-102.254,0,0,,,,,3630,-3710,1.33,0.77,,,,18,,,,,2,,,,62.07,62,61.8,62.4,34700,34700,34600,,,,-3679,59.9905,-105,,128464,113212,,,,,,12,0,0,0,0,0,0,0,0,,2,,1156.4,-3546.68,-3067,22,22.04,3611.52,3543.12,100,-3543,3596,-3710.2068,3630,,,0,0,0,0,0,0,,,3.409,3.353,3.374,28,11,24,,,47,48,48,FALSE,TRUE,FALSE,2,2,3,6,0,342,4200,16416,1500,-1500,0,0,39,15.847,98.5,5.7,999,999,999,999,999,999,999,999,2,1,0,0,0,1,2,1,1,0,0,8,1,0,0,-33525,0,6640,0,0,0,0,0,0,0,0,0,700.77,2098.11,2098.11,1815,1875,1154.4,TRUE,0,1815,-1875,2098.11,2098.11,1815,1835.21,1155.4,TRUE,0,1815,-1835.21,3630,-3710.21,FALSE,-1835,-1835,TRUE
2026-01-27T21:13:56Z,REV_TW1_U_21,5,TRUE,2,1,0,0,1984,0,0,-3710,-88.004,,,-3710,-88.004,0,0,,,,,3630,-3710,1.33,0.77,,,,18,,,,,2,,,,62.03,62,61.7,62.4,34700,34700,34600,,,,-3678,59.9924,-95,,128467,113212,,,,,,12,0,0,0,0,0,0,0,0,,2,,1156.4,-3544.37,-3065,22,22.04,3611.52,3543.12,100,-3543,3596,-3710.2068,3630,,,0,0,0,0,0,0,,,3.409,3.353,3.374,28,11,24,,,47,48,48,FALSE,TRUE,FALSE,2,2,3,6,0,342,4200,16416,1500,-1500,0,0,39,15.847,98.5,5.7,999,999,999,999,999,999,999,999,2,1,0,0,0,1,2,1,1,0,0,8,1,0,0,-33525,0,6641,0,0,0,0,0,0,0,0,0,700.77,2098.53,2098.53,1815,1875,1154.4,TRUE,0,1815,-1875,2098.53,2098.53,1815,1835.21,1155.4,TRUE,0,1815,-1835.21,3630,-3710.21,FALSE,-1835,-1835,TRUE
2026-01-27T21:13:58Z,REV_TW1_U_21,5,TRUE,2,1,0,0,1984,0,0,-3710,-73.832,,,-3710,-73.832,0,0,,,,,3630,-3710,1.33,0.77,,,,18,,,,,2,,,,62.03,62,61.7,62.4,34700,34700,34600,,,,-3682,59.9987,-77,,128468,113212,,,,,,12,0,0,0,0,0,0,0,0,,2,,1156.4,-3544.37,-3065,22,22.04,3611.52,3543.12,100,-3543,3596,-3710.2068,3630,,,0,0,0,0,0,0,,,3.409,3.353,3.374,28,11,24,,,47,48,48,FALSE,TRUE,FALSE,2,2,3,6,0,342,4200,16416,1500,-1500,0,0,39,15.847,98.5,5.7,999,999,999,999,999,999,999,999,2,1,0,0,0,1,2,1,1,0,0,8,1,0,0,-33525,0,6644,0,0,0,0,0,0,0,0,0,700.77,2097.9,2097.9,1815,1875,1154.4,TRUE,0,1815,-1875,2097.9,2097.9,1815,1835.21,1155.5,TRUE,0,1815,-1835.21,3630,-3710.21,FALSE,-1835,-1835,TRUE
2026-01-27T21:14:00Z,REV_TW1_U_21,5,TRUE,2,1,0,0,1984,0,0,-3710,-60.161,,,-3710,-60.161,0,0,,,,,3630,-3710,1.33,0.77,,,,18,,,,,2,,,,62.03,62,61.7,62.4,34700,34700,34600,,,,-3678,59.9917,-64,,128471,113212,,,,,,12,0,0,0,0,0,0,0,0,,2,,1156.4,-3544.37,-3065,22,22.04,3611.52,3543.12,100,-3543,3596,-3710.2068,3630,,,0,0,0,0,0,0,,,3.41,3.353,3.374,28,11,24,,,47,48,48,FALSE,TRUE,FALSE,2,2,3,6,0,342,4200,16416,1500,-1500,0,0,39,15.847,98.5,5.7,999,999,999,999,999,999,999,999,2,1,0,0,0,1,2,1,1,0,0,8,1,0,0,-33525,0,6646,0,0,0,0,0,0,0,0,0,700.77,2098.32,2098.32,1815,1875,1154.4,TRUE,0,1815,-1875,2098.32,2098.32,1815,1835.21,1155.5,TRUE,0,1815,-1835.21,3630,-3710.21,FALSE,-1835,-1835,TRUE
2026-01-27T21:14:02Z,REV_TW1_U_21,5,TRUE,2,1,0,0,1984,0,0,-3710,-47.224,,,-3710,-47.224,0,0,,,,,3630,-3710,1.33,0.77,,,,18,,,,,2,,,,62.03,62,61.7,62.4,34700,34800,34600,,,,-3680,59.9871,-54,,128472,113212,,,,,,12,0,0,0,0,0,0,0,0,,2,,1156.5,-3543.52,-3064,22,22.04,3611.52,3543.12,100,-3543,3596,-3710.3655,3630,,,0,0,0,0,0,0,,,3.41,3.353,3.374,28,11,24,,,47,48,48,FALSE,TRUE,FALSE,2,2,3,6,0,342,4200,16416,1500,-1500,0,0,39,15.847,98.5,5.7,999,999,999,999,999,999,999,999,2,1,0,0,0,1,2,1,1,0,0,8,1,0,0,-33525,0,6647,0,0,0,0,0,0,0,0,0,700.77,2099.79,2099.79,1815,1875,1154.4,TRUE,0,1815,-1875,2099.79,2099.79,1815,1835.37,1155.5,TRUE,0,1815,-1835.37,3630,-3710.37,FALSE,-1835,-1835,TRUE
2026-01-27T21:14:04Z,REV_TW1_U_21,5,TRUE,2,1,0,0,1984,0,0,-3710,-32.724,,,-3710,-32.724,0,0,,,,,3630,-3710,1.33,0.77,,,,18,,,,,2,,,,61.97,61.9,61.7,62.3,34700,34800,34600,,,,-3681,59.9929,-39,,128475,113212,,,,,,12,0,0,0,0,0,0,0,0,,2,,1156.5,-3544.67,-3065,22,22.04,3611.52,3543.12,100,-3543,3596,-3710.3655,3630,,,0,0,0,0,0,0,,,3.41,3.353,3.374,28,11,24,,,47,48,48,FALSE,TRUE,FALSE,2,2,3,6,0,342,4200,16416,1500,-1500,0,0,40,16.068,98.7,5.8,999,999,999,999,999,999,999,999,2,1,0,0,0,1,2,1,1,0,0,8,1,0,0,-33525,0,6650,0,0,0,0,0,0,0,0,0,700.77,2099.16,2099.16,1815,1875,1154.4,TRUE,0,1815,-1875,2099.16,2099.16,1815,1835.37,1155.5,TRUE,0,1815,-1835.37,3630,-3710.37,FALSE,-1835,-1835,TRUE
2026-01-27T21:14:06Z,REV_TW1_U_21,5,TRUE,2,1,0,0,1984,0,0,-3710,-18.349,,,-3710,-18.349,0,0,,,,,3630,-3710,1.325,0.775,,,,18,,,,,2,,,,61.97,61.9,61.7,62.3,34700,34800,34600,,,,-3677,59.9917,-26,,128476,113212,,,,,,12,0,0,0,0,0,0,0,0,,2,,1156.5,-3543.52,-3064,22.5,22.53,3611.52,3621.78,100,-3543,3596,-3710.3655,3630,,,0,0,0,0,0,0,,,3.41,3.353,3.374,28,11,24,,,47,48,48,FALSE,TRUE,FALSE,2,2,3,6,0,342,4200,16416,1500,-1500,0,0,40,16.068,98.7,5.8,999,999,999,999,999,999,999,999,2,1,0,0,0,1,2,1,1,0,0,8,1,0,0,-33525,0,6652,0,0,0,0,0,0,0,0,0,700.77,2097.69,2097.69,1815,1875,1154.4,TRUE,0,1815,-1875,2097.9,2097.9,1815,1835.37,1155.5,TRUE,0,1815,-1835.37,3630,-3710.37,FALSE,-1835,-1835,TRUE
2026-01-27T21:14:08Z,REV_TW1_U_21,5,TRUE,2,1,0,0,1984,0,0,-3710,-5.411,,,-3710,-5.411,0,0,,,,,3630,-3710,1.325,0.775,,,,18,,,,,2,,,,61.93,61.9,61.6,62.3,34800,34800,34700,,,,-3676,59.9857,-10,,128479,113212,,,,,,12,0,0,0,0,0,0,0,0,,2,,1156.5,-3542.36,-3063,22.5,22.53,3611.52,3621.78,100,-3543,3596,-3710.3655,3630,,,0,0,0,0,0,0,,,3.41,3.353,3.375,28,11,24,,,47,48,48,FALSE,TRUE,FALSE,2,2,3,6,0,342,4200,16416,1500,-1500,0,0,40,16.068,98.7,5.8,999,999,999,999,999,999,999,999,2,1,0,0,0,1,2,1,1,0,0,8,1,0,0,-33525,0,6654,0,0,0,0,0,0,0,0,0,700.77,2098.53,2098.53,1815,1875,1154.4,TRUE,0,1815,-1875,2098.53,2098.53,1815,1835.37,1155.6,TRUE,0,1815,-1835.37,3630,-3710.37,FALSE,-1835,-1835,TRUE
2026-01-27T21:14:10Z,REV_TW1_U_21,5,TRUE,2,1,0,0,1984,0,0,-3710,8.964,,,-3710,8.964,0,0,,,,,3630,-3710,1.325,0.775,,,,18,,,,,2,,,,61.93,61.9,61.6,62.3,34800,34800,34700,,,,-3679,59.9871,0,,128480,113212,,,,,,12,0,0,0,0,0,0,0,0,,2,,1156.5,-3543.52,-3064,22.5,22.53,3693.6,3621.78,100,-3543,3596,-3710.3655,3630,,,0,0,0,0,0,0,,,3.41,3.353,3.375,28,11,24,,,47,48,48,FALSE,TRUE,FALSE,2,2,3,6,0,342,4200,16416,1500,-1500,0,0,40,16.068,98.7,5.8,999,999,999,999,999,999,999,999,2,1,0,0,0,1,2,1,1,0,0,8,1,0,0,-33525,0,6656,0,0,0,0,0,0,0,0,0,700.77,2101.47,2101.47,1815,1875,1154.5,TRUE,0,1815,-1875,2101.47,2101.47,1815,1835.37,1155.6,TRUE,0,1815,-1835.37,3630,-3710.37,FALSE,-1835,-1835,TRUE
2026-01-27T21:14:12Z,REV_TW1_U_21,5,TRUE,2,1,0,0,1984,0,0,-3710,21.901,,,-3710,21.901,0,0,,,,,3630,-3710,1.325,0.775,,,,18,,,,,2,,,,61.93,61.9,61.6,62.3,34800,34800,34700,,,,-3674,59.984,17,,128483,113212,,,,,,12,0,0,0,0,0,0,0,0,,2,,1156.6,-3544.98,-3065,22.5,22.53,3693.6,3621.78,100,-3543,3596,-3710.5242,3630,,,0,0,0,0,0,0,,,3.41,3.353,3.375,28,11,24,,,47,48,48,FALSE,TRUE,FALSE,2,2,3,6,0,342,4200,16416,1500,-1500,0,0,40,16.068,98.7,5.8,999,999,999,999,999,999,999,999,2,1,0,0,0,1,2,1,1,0,0,8,1,0,0,-33525,0,6658,0,0,0,0,0,0,0,0,0,700.77,2098.32,2098.32,1815,1875,1154.5,TRUE,0,1815,-1875,2099.79,2099.79,1815,1835.52,1155.6,TRUE,0,1815,-1835.52,3630,-3710.52,FALSE,-1836,-1835.52,TRUE
2026-01-27T21:14:14Z,REV_TW1_U_21,5,TRUE,2,1,0,0,1984,0,0,-3710,36.276,,,-3710,36.276,0,0,,,,,3630,-3710,1.325,0.775,,,,18,,,,,2,,,,61.93,61.9,61.6,62.3,34800,34800,34700,,,,-3679,59.9815,28,,128484,113212,,,,,,12,0,0,0,0,0,0,0,0,,2,,1156.6,-3544.98,-3065,22.5,22.53,3693.6,3621.78,100,-3543,3596,-3710.5242,3630,,,0,0,0,0,0,0,,,3.41,3.353,3.375,28,11,24,,,47,48,48,FALSE,TRUE,FALSE,2,2,3,6,0,342,4200,16416,1500,-1500,0,0,40,16.068,98.7,5.8,999,999,999,999,999,999,999,999,2,1,0,0,0,1,2,1,1,0,0,8,1,0,0,-33525,0,6660,0,0,0,0,0,0,0,0,0,700.77,2099.79,2099.79,1815,1875,1154.5,TRUE,0,1815,-1875,2099.79,2099.79,1815,1835.52,1155.6,TRUE,0,1815,-1835.52,3630,-3710.52,FALSE,-1836,-1835.52,TRUE
2026-01-27T21:14:16Z,REV_TW1_U_21,5,TRUE,2,1,0,0,1984,0,0,-3710,50.464,,,-3710,50.464,0,0,,,,,3630,-3710,1.325,0.775,,,,18,,,,,2,,,,61.93,61.9,61.6,62.3,34800,34800,34700,,,,-3675,59.9848,44,,128487,113212,,,,,,12,0,0,0,0,0,0,0,0,,2,,1156.6,-3544.98,-3065,22.5,22.53,3693.6,3621.78,100,-3543,3596,-3710.5242,3630,,,0,0,0,0,0,0,,,3.41,3.353,3.375,28,11,24,,,47,48,48,FALSE,TRUE,FALSE,2,2,3,6,0,342,4200,16416,1500,-1500,0,0,40,16.068,98.7,5.8,999,999,999,999,999,999,999,999,2,1,0,0,0,1,2,1,1,0,0,8,1,0,0,-33525,0,6662,0,0,0,0,0,0,0,0,0,700.77,2098.95,2098.95,1815,1875,1154.5,TRUE,0,1815,-1875,2098.95,2098.95,1815,1835.52,1155.6,TRUE,0,1815,-1835.52,3630,-3710.52,FALSE,-1836,-1835.52,TRUE
2026-01-27T21:14:18Z,REV_TW1_U_21,5,TRUE,2,1,0,0,1984,0,0,-3710,64.839,,,-3710,64.839,0,0,,,,,3630,-3710,1.325,0.775,,,,18,,,,,2,,,,61.9,61.9,61.6,62.2,34800,34800,34700,,,,-3675,59.9814,60,,128488,113212,,,,,,12,0,0,0,0,0,0,0,0,,2,,1156.6,-3544.98,-3065,22.5,22.53,3693.6,3621.78,100,-3543,3596,-3710.5242,3630,,,0,0,0,0,0,0,,,3.41,3.353,3.375,28,11,24,,,47,48,48,FALSE,TRUE,FALSE,2,2,3,6,0,342,4200,16416,1500,-1500,0,0,40,16.068,98.7,5.8,999,999,999,999,999,999,999,999,2,1,0,0,0,1,2,1,1,0,0,8,1,0,0,-33525,0,6664,0,0,0,0,0,0,0,0,0,700.77,2096.43,2096.43,1815,1875,1154.5,TRUE,0,1815,-1875,2096.43,2096.43,1815,1835.52,1155.6,TRUE,0,1815,-1835.52,3630,-3710.52,FALSE,-1836,-1835.52,TRUE
2026-01-27T21:14:20Z,REV_TW1_U_21,5,TRUE,2,1,0,0,1984,0,0,-3710,77.714,,,-3710,77.714,0,0,,,,,3630,-3710,1.325,0.775,,,,18,,,,,2,,,,61.87,61.8,61.6,62.2,34800,34800,34700,,,,-3678,59.9777,71,,128491,113212,,,,,,12,0,0,0,0,0,0,0,0,,2,,1156.6,-3544.98,-3065,22.5,22.53,3693.6,3621.78,100,-3543,3596,-3710.5242,3630,,,0,0,0,0,0,0,,,3.41,3.354,3.375,28,11,24,,,47,48,48,FALSE,TRUE,FALSE,2,2,3,6,0,342,4200,16416,1500,-1500,0,0,40,16.068,98.7,5.8,999,999,999,999,999,999,999,999,2,1,0,0,0,1,2,1,1,0,0,8,1,0,0,-33525,0,6666,0,0,0,0,0,0,0,0,0,700.77,2098.53,2098.53,1815,1875,1154.5,TRUE,0,1815,-1875,2098.53,2098.53,1815,1835.52,1155.7,TRUE,0,1815,-1835.52,3630,-3710.52,FALSE,-1836,-1835.52,TRUE
2026-01-27T21:14:22Z,REV_TW1_U_21,5,TRUE,2,1,0,0,1984,0,0,-3710,92.151,,,-3710,92.151,0,0,,,,,3630,-3710,1.325,0.775,,,,18,,,,,2,,,,61.87,61.8,61.6,62.2,34800,34800,34700,,,,-3674,59.9708,86,,128492,113212,,,,,,12,0,0,0,0,0,0,0,0,,2,,1156.6,-3544.98,-3065,22.5,22.53,3693.6,3621.78,100,-3543,3596,-3710.5242,3630,,,0,0,0,0,0,0,,,3.41,3.353,3.375,28,11,24,,,47,48,48,FALSE,TRUE,FALSE,2,2,3,6,0,342,4200,16416,1500,-1500,0,0,40,16.068,98.7,5.8,999,999,999,999,999,999,999,999,2,1,0,0,0,1,2,1,1,0,0,8,1,0,0,-33525,0,6668,0,0,0,0,0,0,0,0,0,700.77,2098.32,2098.32,1815,1875,1154.5,TRUE,0,1815,-1875,2098.32,2098.32,1815,1835.52,1155.7,TRUE,0,1815,-1835.52,3630,-3710.52,FALSE,-1836,-1835.52,TRUE
2026-01-27T21:14:24Z,REV_TW1_U_21,5,TRUE,2,1,0,0,1984,0,0,-3710,106.401,,,-3710,106.401,0,0,,,,,3630,-3710,1.325,0.775,,,,18,,,,,2,,,,61.87,61.8,61.6,62.2,34800,34800,34700,,,,-3677,59.9742,102,,128495,113212,,,,,,12,0,0,0,0,0,0,0,0,,2,,1156.7,-3546.44,-3066,22.5,22.53,3693.6,3621.78,100,-3543,3596,-3710.6829,3630,,,0,0,0,0,0,0,,,3.41,3.354,3.375,28,11,24,,,47,48,48,FALSE,TRUE,FALSE,2,2,3,6,0,342,4200,16416,1500,-1500,0,0,39,16.015,98.8,5.8,999,999,999,999,999,999,999,999,2,1,0,0,0,1,2,1,1,0,0,8,1,0,0,-33525,0,6670,0,0,0,0,0,0,0,0,0,700.77,2099.16,2099.16,1815,1875,1154.6,TRUE,0,1815,-1875,2099.16,2099.16,1815,1835.68,1155.7,TRUE,0,1815,-1835.68,3630,-3710.68,FALSE,-1836,-1835.68,TRUE
2026-01-27T21:14:26Z,REV_TW1_U_21,5,TRUE,2,1,0,0,1984,0,0,-3710,119.464,,,-3710,119.464,0,0,,,,,3630,-3710,1.325,0.775,,,,18,,,,,2,,,,61.87,61.8,61.6,62.2,34800,34900,34700,,,,-3676,59.9779,113,,128496,113212,,,,,,12,0,0,0,0,0,0,0,0,,2,,1156.7,-3545.29,-3065,22.5,22.53,3693.6,3621.78,100,-3543,3596,-3710.6829,3630,,,0,0,0,0,0,0,,,3.41,3.353,3.375,28,11,24,,,47,48,48,FALSE,TRUE,FALSE,2,2,3,6,0,342,4200,16416,1500,-1500,0,0,39,16.015,98.8,5.8,999,999,999,999,999,999,999,999,2,1,0,0,0,1,2,1,1,0,0,8,1,0,0,-33525,0,6671,0,0,0,0,0,0,0,0,0,700.77,2097.69,2097.69,1815,1875,1154.5,TRUE,0,1815,-1875,2097.69,2097.69,1815,1835.68,1155.7,TRUE,0,1815,-1835.68,3630,-3710.68,FALSE,-1836,-1835.68,TRUE
2026-01-27T21:14:28Z,REV_TW1_U_21,5,TRUE,2,1,0,0,1984,0,0,-3710,133.776,,,-3710,133.776,0,0,,,,,3630,-3710,1.325,0.775,,,,18,,,,,2,,,,61.87,61.8,61.6,62.2,34800,34900,34700,,,,-3678,59.976,125,,128499,113212,,,,,,12,0,0,0,0,0,0,0,0,,2,,1156.7,-3545.29,-3065,22.5,22.53,3693.6,3621.78,100,-3543,3596,-3710.6829,3630,,,0,0,0,0,0,0,,,3.41,3.354,3.375,28,11,24,,,47,48,48,FALSE,TRUE,FALSE,2,2,3,6,0,342,4200,16416,1500,-1500,0,0,39,16.015,98.8,5.8,999,999,999,999,999,999,999,999,2,1,0,0,0,1,2,1,1,0,0,8,1,0,0,-33525,0,6674,0,0,0,0,0,0,0,0,0,700.77,2097.69,2097.69,1815,1875,1154.5,TRUE,0,1815,-1875,2097.69,2097.69,1815,1835.68,1155.7,TRUE,0,1815,-1835.68,3630,-3710.68,FALSE,-1836,-1835.68,TRUE
2026-01-27T21:14:30Z,REV_TW1_U_21,5,TRUE,2,1,0,0,1984,0,0,-3710,134.49,,,-3710,134.745,0,0,,,,,3630,-3710,1.325,0.775,,,,18,,,,,2,,,,61.9,61.9,61.6,62.2,34800,34900,34700,,,,-3677,59.9827,134,,128500,113212,,,,,,12,0,0,0,0,0,0,0,0,,2,,1156.7,-3545.29,-3065,22.5,22.53,3693.6,3621.78,100,-3543,3596,-3710.6829,3630,,,0,0,0,0,0,0,,,3.41,3.354,3.375,28,11,24,,,47,48,48,FALSE,TRUE,FALSE,2,2,3,6,0,342,4200,16416,1500,-1500,0,0,39,16.015,98.8,5.8,999,999,999,999,999,999,999,999,2,1,0,0,0,1,2,1,1,0,0,8,1,0,0,-33525,0,6676,0,0,0,0,0,0,0,0,0,700.77,2098.53,2098.53,1815,1875,1154.6,TRUE,0,1815,-1875,2098.53,2098.53,1815,1835.68,1155.7,TRUE,0,1815,-1835.68,3630,-3710.68,FALSE,-1836,-1835.68,TRUE
2026-01-27T21:14:32Z,REV_TW1_U_21,5,TRUE,2,1,0,0,1984,0,0,-3710,132.125,,,-3710,132.125,0,0,,,,,3630,-3710,1.325,0.775,,,,18,,,,,2,,,,61.87,61.8,61.6,62.2,34800,34900,34700,,,,-3677,59.9813,133,,128503,113212,,,,,,12,0,0,0,0,0,0,0,0,,2,,1156.7,-3545.29,-3065,22.5,22.53,3693.6,3621.78,100,-3543,3596,-3710.6829,3630,,,0,0,0,0,0,0,,,3.41,3.353,3.375,28,11,24,,,47,48,48,FALSE,TRUE,FALSE,2,2,3,6,0,342,4200,16416,1500,-1500,0,0,39,16.015,98.8,5.8,999,999,999,999,999,999,999,999,2,1,0,0,0,1,2,1,1,0,0,8,1,0,0,-33525,0,6677,0,0,0,0,0,0,0,0,0,700.77,2096.01,2096.01,1815,1875,1154.6,TRUE,0,1815,-1875,2096.01,2096.01,1815,1835.68,1155.7,TRUE,0,1815,-1835.68,3630,-3710.68,FALSE,-1836,-1835.68,TRUE
2026-01-27T21:14:34Z,REV_TW1_U_21,5,TRUE,2,1,0,0,1984,0,0,-3710,131.86,,,-3710,131.86,0,0,,,,,3630,-3710,1.325,0.775,,,,18,,,,,2,,,,61.83,61.8,61.5,62.2,34800,34900,34700,,,,-3675,59.9746,130,,128504,113212,,,,,,12,0,0,0,0,0,0,0,0,,2,,1156.7,-3545.29,-3065,22.5,22.53,3693.6,3621.78,100,-3543,3596,-3710.6829,3630,,,0,0,0,0,0,0,,,3.41,3.353,3.375,28,11,24.166,,,47,48,48,FALSE,TRUE,FALSE,2,2,3,6,0,342,4200,16416,1500,-1500,0,0,39,16.015,98.8,5.8,999,999,999,999,999,999,999,999,2,1,0,0,0,1,2,1,1,0,0,8,1,0,0,-33525,0,6680,0,0,0,0,0,0,0,0,0,700.77,2096.64,2096.64,1815,1875,1154.6,TRUE,0,1815,-1875,2096.85,2096.85,1815,1835.68,1155.8,TRUE,0,1815,-1835.68,3630,-3710.68,FALSE,-1836,-1835.68,TRUE
2026-01-27T21:14:36Z,REV_TW1_U_21,5,TRUE,2,1,0,0,1984,0,0,-3710,131.86,,,-3710,131.86,0,0,,,,,3630,-3710,1.325,0.775,,,,18,,,,,2,,,,61.87,61.8,61.6,62.2,34800,34900,34700,,,,-3681,59.9839,130,,128507,113212,,,,,,12,0,0,0,0,0,0,0,0,,2,,1156.8,-3544.44,-3064,22.5,22.53,3693.6,3621.78,100,-3543,3596,-3710.8416,3630,,,0,0,0,0,0,0,,,3.41,3.353,3.375,28,11,24,,,47,48,48,FALSE,TRUE,FALSE,2,2,3,6,0,342,4200,16416,1500,-1500,0,0,39,16.015,98.8,5.8,999,999,999,999,999,999,999,999,2,1,0,0,0,1,2,1,1,0,0,8,1,0,0,-33525,0,6682,0,0,0,0,0,0,0,0,0,700.77,2099.58,2099.58,1815,1875,1154.6,TRUE,0,1815,-1875,2099.58,2099.58,1815,1835.84,1155.8,TRUE,0,1815,-1835.84,3630,-3710.84,FALSE,-1836,-1835.84,TRUE
2026-01-27T21:14:38Z,REV_TW1_U_21,5,TRUE,2,1,0,0,1984,0,0,-3710,131.86,,,-3710,131.86,0,0,,,,,3630,-3710,1.325,0.775,,,,18,,,,,2,,,,61.87,61.8,61.6,62.2,34800,34900,34700,,,,-3680,59.9872,130,,128508,113212,,,,,,12,0,0,0,0,0,0,0,0,,2,,1156.8,-3546.75,-3066,22.5,22.53,3693.6,3621.78,100,-3543,3596,-3710.8416,3630,,,0,0,0,0,0,0,,,3.41,3.354,3.375,28,11,24,,,47,48,48,FALSE,TRUE,FALSE,2,2,3,6,0,342,4200,16416,1500,-1500,0,0,39,16.015,98.8,5.8,999,999,999,999,999,999,999,999,2,1,0,0,0,1,2,1,1,0,0,8,1,0,0,-33525,0,6683,0,0,0,0,0,0,0,0,0,700.77,2098.95,2098.95,1815,1875,1154.6,TRUE,0,1815,-1875,2098.95,2098.95,1815,1835.84,1155.8,TRUE,0,1815,-1835.84,3630,-3710.84,FALSE,-1836,-1835.84,TRUE
2026-01-27T21:14:40Z,REV_TW1_U_21,5,TRUE,2,1,0,0,1984,0,0,-3710,131.86,,,-3710,131.86,0,0,,,,,3630,-3710,1.325,0.775,,,,17,,,,,2,,,,61.87,61.8,61.6,62.2,34800,34900,34700,,,,-3678,59.9902,129,,128511,113212,,,,,,12,0,0,0,0,0,0,0,0,,2,,1156.8,-3544.44,-3064,22.5,22.53,3693.6,3621.78,100,-3543,3596,-3710.8416,3630,,,0,0,0,0,0,0,,,3.41,3.354,3.375,28,11,24,,,47,48,48,FALSE,TRUE,FALSE,2,2,3,6,0,342,4200,16416,1500,-1500,0,0,39,16.015,98.8,5.8,999,999,999,999,999,999,999,999,2,1,0,0,0,1,2,1,1,0,0,8,1,0,0,-33525,0,6686,0,0,0,0,0,0,0,0,0,700.77,2097.48,2097.48,1815,1875,1154.6,TRUE,0,1815,-1875,2097.48,2097.48,1815,1835.84,1155.8,TRUE,0,1815,-1835.84,3630,-3710.84,FALSE,-1836,-1835.84,TRUE
2026-01-27T21:14:42Z,REV_TW1_U_21,5,TRUE,2,1,0,0,1984,0,0,-3710,131.86,,,-3710,131.86,0,0,,,,,3630,-3710,1.32,0.78,,,,18,,,,,2,,,,61.87,61.8,61.6,62.2,34800,34900,34700,,,,-3681,59.988,128,,128512,113212,,,,,,12,0,0,0,0,0,0,0,0,,2,,1156.8,-3544.44,-3064,23,23.04,3693.6,3703.86,100,-3543,3596,-3710.8416,3630,,,0,0,0,0,0,0,,,3.41,3.354,3.375,28,11,24,,,47,48,48,FALSE,TRUE,FALSE,2,2,3,6,0,342,4200,16416,1500,-1500,0,0,39,16.015,98.8,5.8,999,999,999,999,999,999,999,999,2,1,0,0,0,1,2,1,1,0,0,8,1,0,0,-33525,0,6688,0,0,0,0,0,0,0,0,0,700.77,2100.21,2100.21,1815,1875,1154.6,TRUE,0,1815,-1875,2100.21,2100.21,1815,1835.84,1155.8,TRUE,0,1815,-1835.84,3630,-3710.84,FALSE,-1836,-1835.84,TRUE
2026-01-27T21:14:44Z,REV_TW1_U_21,5,TRUE,2,1,0,0,1984,0,0,-3710,131.86,,,-3710,131.86,0,0,,,,,3630,-3710,1.32,0.78,,,,18,,,,,2,,,,61.83,61.8,61.5,62.2,34800,34900,34700,,,,-3680,59.9859,128,,128515,113212,,,,,,12,0,0,0,0,0,0,0,0,,2,,1156.8,-3545.59,-3065,23,23.04,3693.6,3703.86,100,-3543,3596,-3710.8416,3630,,,0,0,0,0,0,0,,,3.41,3.354,3.375,28,11,24,,,47,48,48,FALSE,TRUE,FALSE,2,2,3,6,0,342,4200,16416,1500,-1500,0,0,39,16.015,98.8,5.8,999,999,999,999,999,999,999,999,2,1,0,0,0,1,2,1,1,0,0,8,1,0,0,-33525,0,6689,0,0,0,0,0,0,0,0,0,700.77,2099.16,2099.16,1815,1875,1154.7,TRUE,0,1815,-1875,2097.9,2097.9,1815,1835.84,1155.8,TRUE,0,1815,-1835.84,3630,-3710.84,FALSE,-1836,-1835.84,TRUE
2026-01-27T21:14:46Z,REV_TW1_U_21,5,TRUE,2,1,0,0,1984,0,0,-3710,131.86,,,-3710,131.86,0,0,,,,,3630,-3710,1.32,0.78,,,,18,,,,,2,,,,61.83,61.8,61.5,62.2,34800,34900,34700,,,,-3678,59.9895,128,,128516,113212,,,,,,12,0,0,0,0,0,0,0,0,,2,,1156.8,-3545.59,-3065,23,23.04,3775.68,3703.86,100,-3543,3596,-3710.8416,3630,,,0,0,0,0,0,0,,,3.41,3.354,3.375,28,11,24,,,47,48,48,FALSE,TRUE,FALSE,2,2,3,6,0,342,4200,16416,1500,-1500,0,0,39,15.847,99,5.9,999,999,999,999,999,999,999,999,2,1,0,0,0,1,2,1,1,0,0,8,1,0,0,-33525,0,6692,0,0,0,0,0,0,0,0,0,700.77,2098.32,2098.32,1815,1875,1154.6,TRUE,0,1815,-1875,2098.32,2098.32,1815,1835.84,1155.9,TRUE,0,1815,-1835.84,3630,-3710.84,FALSE,-1836,-1835.84,TRUE
2026-01-27T21:14:48Z,REV_TW1_U_21,5,TRUE,2,1,0,0,1984,0,0,-3710,131.86,,,-3710,131.86,0,0,,,,,3630,-3711,1.32,0.78,,,,18,,,,,2,,,,61.87,61.8,61.6,62.2,34800,34900,34700,,,,-3679,59.9882,128,,128519,113212,,,,,,12,0,0,0,0,0,0,0,0,,2,,1156.9,-3545.9,-3065,23,23.04,3775.68,3703.86,100,-3543,3596,-3711.0003,3630,,,0,0,0,0,0,0,,,3.41,3.353,3.375,28,11,24,,,47,48,48,FALSE,TRUE,FALSE,2,2,3,6,0,342,4200,16416,1500,-1500,0,0,39,15.847,99,5.9,999,999,999,999,999,999,999,999,2,1,0,0,0,1,2,1,1,0,0,8,1,0,0,-33525,0,6693,0,0,0,0,0,0,0,0,0,700.77,2097.48,2097.48,1815,1875,1154.6,TRUE,0,1815,-1875,2097.48,2097.48,1815,1836,1155.9,TRUE,0,1815,-1836,3630,-3711,FALSE,-1836,-1835.84,TRUE
2026-01-27T21:14:50Z,REV_TW1_U_21,5,TRUE,2,1,0,0,1984,0,0,-3711,131.86,,,-3710,131.86,0,0,,,,,3630,-3711,1.32,0.78,,,,18,,,,,2,,,,61.83,61.8,61.5,62.2,34800,34900,34700,,,,-3682,59.9948,127,,128520,113212,,,,,,12,0,0,0,0,0,0,0,0,,2,,1156.9,-3545.9,-3065,23,23.04,3775.68,3703.86,100,-3543,3596,-3711.0003,3630,,,0,0,0,0,0,0,,,3.41,3.354,3.375,28,11,24.166,,,47,48,48,FALSE,TRUE,FALSE,2,2,3,6,0,342,4200,16416,1500,-1500,0,0,39,15.847,99,5.9,999,999,999,999,999,999,999,999,2,1,0,0,0,1,2,1,1,0,0,8,1,0,0,-33525,0,6695,0,0,0,0,0,0,0,0,0,700.77,2099.58,2099.58,1815,1875,1154.7,TRUE,0,1815,-1875,2099.58,2099.58,1815,1836,1155.9,TRUE,0,1815,-1836,3630,-3711,FALSE,-1836,-1836,TRUE
2026-01-27T21:14:52Z,REV_TW1_U_21,5,TRUE,2,1,0,0,1984,0,0,-3711,131.86,,,-3711,131.86,0,0,,,,,3630,-3711,1.32,0.78,,,,18,,,,,2,,,,61.83,61.8,61.5,62.2,34800,34900,34700,,,,-3684,59.9912,128,,128523,113212,,,,,,12,0,0,0,0,0,0,0,0,,2,,1156.9,-3544.74,-3064,23,23.04,3775.68,3703.86,100,-3543,3596,-3711.0003,3630,,,0,0,0,0,0,0,,,3.41,3.354,3.375,28,11,24,,,47,48,48,FALSE,TRUE,FALSE,2,2,3,6,0,342,4200,16416,1500,-1500,0,0,39,15.847,99,5.9,999,999,999,999,999,999,999,999,2,1,0,0,0,1,2,1,1,0,0,8,1,0,0,-33524,0,6697,0,0,0,0,0,0,0,0,0,700.77,2097.27,2097.27,1815,1875,1154.7,TRUE,0,1815,-1875,2098.74,2098.74,1815,1836,1155.9,TRUE,0,1815,-1836,3630,-3711,FALSE,-1836,-1836,TRUE
2026-01-27T21:14:54Z,REV_TW1_U_21,5,TRUE,2,1,0,0,1984,0,0,-3711,131.86,,,-3711,131.86,0,0,,,,,3630,-3711,1.32,0.78,,,,18,,,,,2,,,,61.87,61.8,61.6,62.2,34800,34900,34700,,,,-3681,59.9907,129,,128524,113212,,,,,,12,0,0,0,0,0,0,0,0,,2,,1156.9,-3545.9,-3065,23,23.04,3775.68,3703.86,100,-3543,3596,-3711.0003,3630,,,0,0,0,0,0,0,,,3.41,3.354,3.375,28,11,24.166,,,47,48,48,FALSE,TRUE,FALSE,2,2,3,6,0,342,4200,16416,1500,-1500,0,0,39,15.847,99,5.9,999,999,999,999,999,999,999,999,2,1,0,0,0,1,2,1,1,0,0,8,1,0,0,-33524,0,6699,0,0,0,0,0,0,0,0,0,700.77,2096.43,2096.43,1815,1875,1154.7,TRUE,0,1815,-1875,2096.43,2096.43,1815,1836,1155.9,TRUE,0,1815,-1836,3630,-3711,FALSE,-1836,-1836,TRUE
2026-01-27T21:14:56Z,REV_TW1_U_21,5,TRUE,2,1,0,0,1984,0,0,-3711,131.86,,,-3711,131.86,0,0,,,,,3630,-3711,1.315,0.785,,,,18,,,,,2,,,,61.83,61.8,61.5,62.2,34800,34900,34700,,,,-3682,59.984,129,,128527,113212,,,,,,12,0,0,0,0,0,0,0,0,,2,,1156.9,-3545.9,-3065,23.5,23.53,3775.68,3782.52,100,-3543,3596,-3711.0003,3630,,,0,0,0,0,0,0,,,3.41,3.354,3.375,28,11,24,,,47,48,48,FALSE,TRUE,FALSE,2,2,3,6,0,342,4200,16416,1500,-1500,0,0,39,15.847,99,5.9,999,999,999,999,999,999,999,999,2,1,0,0,0,1,2,1,1,0,0,8,1,0,0,-33524,0,6701,0,0,0,0,0,0,0,0,0,700.77,2098.95,2098.95,1815,1875,1154.7,TRUE,0,1815,-1875,2098.95,2098.95,1815,1836,1155.9,TRUE,0,1815,-1836,3630,-3711,FALSE,-1836,-1836,TRUE
2026-01-27T21:14:58Z,REV_TW1_U_21,5,TRUE,2,1,0,0,1984,0,0,-3711,131.86,,,-3711,131.86,0,0,,,,,3630,-3711,1.315,0.785,,,,18,,,,,2,,,,61.83,61.8,61.5,62.2,34800,34900,34700,,,,-3680,59.9944,130,,128528,113212,,,,,,12,0,0,0,0,0,0,0,0,,2,,1156.9,-3545.9,-3065,23.5,23.53,3775.68,3782.52,100,-3543,3596,-3711.0003,3630,,,0,0,0,0,0,0,,,3.41,3.354,3.375,28,11,24,,,47,48,48,FALSE,TRUE,FALSE,2,2,3,6,0,342,4200,16416,1500,-1500,0,0,39,15.847,99,5.9,999,999,999,999,999,999,999,999,2,1,0,0,0,1,2,1,1,0,0,8,1,0,0,-33524,0,6703,0,0,0,0,0,0,0,0,0,700.77,2097.69,2097.69,1815,1875,1154.7,TRUE,0,1815,-1875,2097.69,2097.69,1815,1836,1156,TRUE,0,1815,-1836,3630,-3711,FALSE,-1836,-1836,TRUE
2026-01-27T21:15:00Z,REV_TW1_U_21,5,TRUE,2,1,0,0,1984,0,0,-3711,131.86,,,-3711,131.86,0,0,,,,,3630,-3711,1.315,0.785,,,,17,,,,,2,,,,61.87,61.8,61.6,62.2,34800,34900,34700,,,,-3679,59.991,129,,128531,113212,,,,,,12,0,0,0,0,0,0,0,0,,2,,1156.9,-3545.9,-3065,23.5,23.53,3857.76,3782.52,100,-3543,3596,-3711.0003,3630,,,0,0,0,0,0,0,,,3.41,3.354,3.376,28,11,24,,,47,48,48,FALSE,TRUE,FALSE,2,2,3,6,0,342,4200,16416,1500,-1500,0,0,39,15.847,99,5.9,999,999,999,999,999,999,999,999,2,1,0,0,0,1,2,1,1,0,0,8,1,0,0,-33524,0,6705,0,0,0,0,0,0,0,0,0,700.77,2097.48,2097.48,1815,1875,1154.7,TRUE,0,1815,-1875,2097.48,2097.48,1815,1836,1156,TRUE,0,1815,-1836,3630,-3711,FALSE,-1836,-1836,TRUE
2026-01-27T21:15:02Z,REV_TW1_U_21,5,TRUE,2,1,0,0,1984,0,0,-3711,131.86,,,-3711,131.86,0,0,,,,,3630,-3711,1.315,0.785,,,,18,,,,,2,,,,61.83,61.8,61.5,62.2,34800,34900,34700,,,,-3682,59.9869,130,,128532,113212,,,,,,12,0,0,0,0,0,0,0,0,,2,,1157,-3545.05,-3064,23.5,23.53,3857.76,3782.52,100,-3543,3596,-3711.159,3630,,,0,0,0,0,0,0,,,3.41,3.354,3.376,28,11,24,,,47,48,48,FALSE,TRUE,FALSE,2,2,3,6,0,342,4200,16416,1500,-1500,0,0,39,15.847,99,5.9,999,999,999,999,999,999,999,999,2,1,0,0,0,1,2,1,1,0,0,8,1,0,0,-33524,0,6707,0,0,0,0,0,0,0,0,0,700.77,2098.11,2098.11,1815,1875,1154.7,TRUE,0,1815,-1875,2098.11,2098.11,1815,1836.16,1156,TRUE,0,1815,-1836.16,3630,-3711.16,FALSE,-1836,-1836,TRUE
2026-01-27T21:15:04Z,REV_TW1_U_21,5,TRUE,2,1,0,0,1984,0,0,-3711,131.86,,,-3711,131.86,0,0,,,,,3630,-3711,1.315,0.785,,,,18,,,,,2,,,,61.83,61.8,61.5,62.2,34800,34900,34700,,,,-3678,59.9828,130,,128535,113212,,,,,,12,0,0,0,0,0,0,0,0,,2,,1157,-3545.05,-3064,23.5,23.53,3857.76,3782.52,100,-3543,3596,-3711.159,3630,,,0,0,0,0,0,0,,,3.41,3.354,3.376,28,11,24.166,,,47,48,48,FALSE,TRUE,FALSE,2,2,3,6,0,342,4200,16416,1500,-1500,0,0,39,15.847,99,5.9,999,999,999,999,999,999,999,999,2,1,0,0,0,1,2,1,1,0,0,8,1,0,0,-33524,0,6709,0,0,0,0,0,0,0,0,0,700.77,2098.95,2098.95,1815,1875,1154.7,TRUE,0,1815,-1875,2096.85,2096.85,1815,1836.16,1156,TRUE,0,1815,-1836.16,3630,-3711.16,FALSE,-1836,-1836,TRUE
2026-01-27T21:15:06Z,REV_TW1_U_21,5,TRUE,2,1,0,0,1984,0,0,-3711,131.86,,,-3711,131.86,0,0,,,,,3630,-3711,1.315,0.785,,,,18,,,,,2,,,,61.83,61.8,61.5,62.2,34800,34900,34700,,,,-3677,59.9866,132,,128536,113212,,,,,,12,0,0,0,0,0,0,0,0,,2,,1157,-3546.2,-3065,23.5,23.53,3857.76,3782.52,100,-3543,3596,-3711.159,3630,,,0,0,0,0,0,0,,,3.41,3.354,3.376,28,11,24.166,,,47,48,48,FALSE,TRUE,FALSE,2,2,3,6,0,342,4200,16416,1500,-1500,0,0,38,15.642,99.2,6,999,999,999,999,999,999,999,999,2,1,0,0,0,1,2,1,1,0,0,8,1,0,0,-33524,0,6712,0,0,0,0,0,0,0,0,0,700.77,2097.06,2097.06,1815,1875,1154.7,TRUE,0,1815,-1875,2097.06,2097.06,1815,1836.16,1156,TRUE,0,1815,-1836.16,3630,-3711.16,FALSE,-1836,-1836,TRUE
2026-01-27T21:15:08Z,REV_TW1_U_21,5,TRUE,2,1,0,0,1984,0,0,-3711,131.86,,,-3711,131.86,0,0,,,,,3630,-3711,1.315,0.785,,,,18,,,,,2,,,,61.83,61.8,61.5,62.2,34800,34900,34700,,,,-3679,59.9853,133,,128539,113212,,,,,,12,0,0,0,0,0,0,0,0,,2,,1157,-3545.05,-3064,23.5,23.53,3857.76,3782.52,100,-3543,3596,-3711.159,3630,,,0,0,0,0,0,0,,,3.41,3.354,3.376,28,11,24,,,47,48,48,FALSE,TRUE,FALSE,2,2,3,6,0,342,4200,16416,1500,-1500,0,0,38,15.642,99.2,6,999,999,999,999,999,999,999,999,2,1,0,0,0,1,2,1,1,0,0,8,1,0,0,-33524,0,6713,0,0,0,0,0,0,0,0,0,700.77,2097.48,2097.48,1815,1875,1154.8,TRUE,0,1815,-1875,2097.48,2097.48,1815,1836.16,1156,TRUE,0,1815,-1836.16,3630,-3711.16,FALSE,-1836,-1836,TRUE
2026-01-27T21:15:10Z,REV_TW1_U_21,5,TRUE,2,1,0,0,1984,0,0,-3711,129.549,,,-3711,129.549,0,0,,,,,3630,-3711,1.315,0.785,,,,18,,,,,2,,,,61.83,61.8,61.5,62.2,34800,34900,34700,,,,-3679,59.9756,133,,128540,113212,,,,,,12,0,0,0,0,0,0,0,0,,2,,1157,-3545.05,-3064,23.5,23.53,3857.76,3782.52,100,-3543,3596,-3711.159,3630,,,0,0,0,0,0,0,,,3.41,3.354,3.376,28,11,24,,,47,48,48,FALSE,TRUE,FALSE,2,2,4,6,0,342,4200,16416,1500,-1500,0,0,38,15.642,99.2,6,999,999,999,999,999,999,999,999,2,1,0,0,0,1,2,1,1,0,0,8,1,0,0,-33524,0,6715,0,0,0,0,0,0,0,0,0,700.77,2097.9,2097.9,1815,1875,1154.7,TRUE,0,1815,-1875,2097.9,2097.9,1815,1836.16,1156,TRUE,0,1815,-1836.16,3630,-3711.16,FALSE,-1836,-1836,TRUE
2026-01-27T21:15:12Z,REV_TW1_U_21,5,TRUE,2,1,0,0,1984,0,0,-3711,126.849,,,-3711,127.122,0,0,,,,,3630,-3711,1.315,0.785,,,,18,,,,,2,,,,61.83,61.8,61.5,62.2,34800,34900,34700,,,,-3679,59.9711,133,,128543,113212,,,,,,12,0,0,0,0,0,0,0,0,,2,,1157,-3545.05,-3064,23.5,23.53,3857.76,3782.52,100,-3543,3596,-3711.159,3630,,,0,0,0,0,0,0,,,3.41,3.354,3.376,28,11,24,,,47,48,48,FALSE,TRUE,FALSE,2,2,4,6,0,342,4200,16416,1500,-1500,0,0,38,15.642,99.2,6,999,999,999,999,999,999,999,999,2,1,0,0,0,1,2,1,1,0,0,8,1,0,0,-33523,0,6717,0,0,0,0,0,0,0,0,0,700.77,2098.95,2098.95,1815,1875,1154.8,TRUE,0,1815,-1875,2098.95,2098.95,1815,1836.16,1156.1,TRUE,0,1815,-1836.16,3630,-3711.16,FALSE,-1836,-1836,TRUE
2026-01-27T21:15:14Z,REV_TW1_U_21,5,TRUE,2,1,0,0,1984,0,0,-3711,124.198,,,-3711,124.465,0,0,,,,,3630,-3711,1.315,0.785,,,,18,,,,,2,,,,61.83,61.8,61.5,62.2,34800,34900,34700,,,,-3679,59.9652,128,,128544,113212,,,,,,12,0,0,0,0,0,0,0,0,,2,,1157.1,-3546.51,-3065,23.5,23.53,3857.76,3782.52,100,-3543,3596,-3711.3177,3630,,,0,0,0,0,0,0,,,3.41,3.354,3.376,28,11,24,,,47,48,48,FALSE,TRUE,FALSE,2,2,4,6,0,342,4200,16416,1500,-1500,0,0,38,15.642,99.2,6,999,999,999,999,999,999,999,999,2,1,0,0,0,1,2,1,1,0,0,8,1,0,0,-33523,0,6719,0,0,0,0,0,0,0,0,0,700.77,2098.74,2098.74,1815,1875,1154.8,TRUE,0,1815,-1875,2098.74,2098.74,1815,1836.32,1156.1,TRUE,0,1815,-1836.32,3630,-3711.32,FALSE,-1836,-1836,TRUE
2026-01-27T21:15:16Z,REV_TW1_U_21,5,TRUE,2,1,0,0,1984,0,0,-3711,121.731,,,-3711,121.731,0,0,,,,,3630,-3711,1.315,0.785,,,,18,,,,,2,,,,61.83,61.8,61.5,62.2,34800,34900,34700,,,,-3676,59.9665,127,,128547,113212,,,,,,12,0,0,0,0,0,0,0,0,,2,,1157.1,-3545.35,-3064,23.5,23.53,3857.76,3782.52,100,-3543,3596,-3711.3177,3630,,,0,0,0,0,0,0,,,3.411,3.354,3.376,28,11,24.166,,,47,48,48,FALSE,TRUE,FALSE,2,2,4,6,0,342,4200,16416,1500,-1500,0,0,38,15.642,99.2,6,999,999,999,999,999,999,999,999,2,1,0,0,0,1,2,1,1,0,0,8,1,0,0,-33523,0,6721,0,0,0,0,0,0,0,0,0,700.77,2098.11,2098.11,1815,1875,1154.8,TRUE,0,1815,-1875,2098.11,2098.11,1815,1836.32,1156.1,TRUE,0,1815,-1836.32,3630,-3711.32,FALSE,-1836,-1836,TRUE
2026-01-27T21:15:18Z,REV_TW1_U_21,5,TRUE,2,1,0,0,1984,0,0,-3711,118.853,,,-3711,118.853,0,0,,,,,3630,-3711,1.315,0.785,,,,18,,,,,2,,,,61.83,61.8,61.5,62.2,34800,34900,34700,,,,-3678,59.9679,124,,128548,113212,,,,,,12,0,0,0,0,0,0,0,0,,2,,1157.1,-3546.51,-3065,23.5,23.53,3857.76,3782.52,100,-3543,3596,-3711.3177,3630,,,0,0,0,0,0,0,,,3.411,3.354,3.376,28,11,24.166,,,47,48,48,FALSE,TRUE,FALSE,2,2,4,6,0,342,4200,16416,1500,-1500,0,0,38,15.642,99.2,6,999,999,999,999,999,999,999,999,2,1,0,0,0,1,2,1,1,0,0,8,1,0,0,-33523,0,6723,0,0,0,0,0,0,0,0,0,700.77,2098.74,2098.74,1815,1875,1154.8,TRUE,0,1815,-1875,2098.74,2098.74,1815,1836.32,1156.1,TRUE,0,1815,-1836.32,3630,-3711.32,FALSE,-1836,-1836,TRUE
2026-01-27T21:15:20Z,REV_TW1_U_21,5,TRUE,2,1,0,0,1984,0,0,-3711,116.28,,,-3711,116.28,0,0,,,,,3630,-3711,1.315,0.785,,,,18,,,,,2,,,,61.83,61.8,61.5,62.2,34800,34900,34700,,,,-3678,59.9683,122,,128551,113212,,,,,,12,0,0,0,0,0,0,0,0,,2,,1157.1,-3545.35,-3064,23.5,23.53,3857.76,3782.52,100,-3543,3596,-3711.3177,3630,,,0,0,0,0,0,0,,,3.411,3.354,3.376,28,11,24.166,,,47,48,48,FALSE,TRUE,FALSE,2,2,4,6,0,342,4200,16416,1500,-1500,0,0,38,15.642,99.2,6,999,999,999,999,999,999,999,999,2,1,0,0,0,1,2,1,1,0,0,8,1,0,0,-33523,0,6725,0,0,0,0,0,0,0,0,0,700.77,2098.53,2098.53,1815,1875,1154.8,TRUE,0,1815,-1875,2098.53,2098.53,1815,1836.32,1156.1,TRUE,0,1815,-1836.32,3630,-3711.32,FALSE,-1836,-1836,TRUE
2026-01-27T21:15:22Z,REV_TW1_U_21,5,TRUE,2,1,0,0,1984,0,0,-3711,113.333,,,-3711,113.333,0,0,,,,,3630,-3711,1.315,0.785,,,,18,,,,,2,,,,61.83,61.8,61.5,62.2,34800,34900,34700,,,,-3676,59.9708,116,,128552,113212,,,,,,12,0,0,0,0,0,0,0,0,,2,,1157.1,-3545.35,-3064,23.5,23.53,3857.76,3782.52,100,-3543,3596,-3711.3177,3630,,,0,0,0,0,0,0,,,3.411,3.354,3.376,28,11,24,,,47,48,48,FALSE,TRUE,FALSE,2,2,4,6,0,342,4200,16416,1500,-1500,0,0,38,15.642,99.2,6,999,999,999,999,999,999,999,999,2,1,0,0,0,1,2,1,1,0,0,8,1,0,0,-33523,0,6727,0,0,0,0,0,0,0,0,0,700.77,2097.9,2097.9,1815,1875,1154.8,TRUE,0,1815,-1875,2097.9,2097.9,1815,1836.32,1156.2,TRUE,0,1815,-1836.32,3630,-3711.32,FALSE,-1836,-1836,TRUE
2026-01-27T21:15:24Z,REV_TW1_U_21,5,TRUE,2,1,0,0,1984,0,0,-3711,110.357,,,-3711,110.357,0,0,,,,,3630,-3711,1.315,0.785,,,,18,,,,,2,,,,61.83,61.8,61.5,62.2,34800,34900,34700,,,,-3677,59.9733,115,,128555,113212,,,,,,12,0,0,0,0,0,0,0,0,,2,,1157.1,-3546.51,-3065,23.5,23.53,3857.76,3782.52,100,-3543,3596,-3711.3177,3630,,,0,0,0,0,0,0,,,3.411,3.354,3.376,28,11,24,,,47,48,48,FALSE,TRUE,FALSE,2,2,4,6,0,342,4200,16416,1500,-1500,0,0,38,15.642,99.2,6,999,999,999,999,999,999,999,999,2,1,0,0,0,1,2,1,1,0,0,8,1,0,0,-33523,0,6729,0,0,0,0,0,0,0,0,0,700.77,2097.9,2097.9,1815,1875,1154.8,TRUE,0,1815,-1875,2097.9,2097.9,1815,1836.32,1156.2,TRUE,0,1815,-1836.32,3630,-3711.32,FALSE,-1836,-1836,TRUE
2026-01-27T21:15:26Z,REV_TW1_U_21,5,TRUE,2,1,0,0,1984,0,0,-3711,107.558,,,-3711,107.558,0,0,,,,,3630,-3711,1.315,0.785,,,,18,,,,,2,,,,61.83,61.8,61.5,62.2,34800,34900,34700,,,,-3678,59.9788,110,,128556,113212,,,,,,12,0,0,0,0,0,0,0,0,,2,,1157.1,-3544.2,-3063,23.5,23.53,3857.76,3782.52,100,-3543,3596,-3711.3177,3630,,,0,0,0,0,0,0,,,3.411,3.354,3.376,28,11,24.166,,,47,48,48,FALSE,TRUE,FALSE,2,2,4,6,0,342,4200,16416,1500,-1500,0,0,38,15.521,99.3,6,999,999,999,999,999,999,999,999,2,1,0,0,0,1,2,1,1,0,0,8,1,0,0,-33523,0,6731,0,0,0,0,0,0,0,0,0,700.77,2099.16,2099.16,1815,1875,1154.9,TRUE,0,1815,-1875,2099.16,2099.16,1815,1836.32,1156.2,TRUE,0,1815,-1836.32,3630,-3711.32,FALSE,-1836,-1836,TRUE
2026-01-27T21:15:28Z,REV_TW1_U_21,5,TRUE,2,1,0,0,1984,0,0,-3711,104.368,,,-3711,104.368,0,0,,,,,3630,-3711,1.315,0.785,,,,18,,,,,2,,,,61.83,61.8,61.5,62.2,34800,34900,34700,,,,-3676,59.9867,105,,128559,113212,,,,,,12,0,0,0,0,0,0,0,0,,2,,1157.2,-3545.66,-3064,23.5,23.53,3857.76,3782.52,100,-3543,3596,-3711.4764,3630,,,0,0,0,0,0,0,,,3.411,3.354,3.376,28,11,24.166,,,47,48,48,FALSE,TRUE,FALSE,2,2,4,6,0,342,4200,16416,1500,-1500,0,0,38,15.521,99.3,6,999,999,999,999,999,999,999,999,2,1,0,0,0,1,2,1,1,0,0,8,1,0,0,-33523,0,6733,0,0,0,0,0,0,0,0,0,700.77,2098.95,2098.95,1815,1875,1154.9,TRUE,0,1815,-1875,2097.9,2097.9,1815,1836.48,1156.2,TRUE,0,1815,-1836.48,3630,-3711.48,FALSE,-1836,-1836,TRUE
2026-01-27T21:15:30Z,REV_TW1_U_21,5,TRUE,2,1,0,0,1984,0,0,-3711,101.142,,,-3711,101.142,0,0,,,,,3630,-3711,1.315,0.785,,,,18,,,,,2,,,,61.83,61.8,61.5,62.2,34800,34900,34700,,,,-3678,59.9892,102,,128560,113212,,,,,,12,0,0,0,0,0,0,0,0,,2,,1157.2,-3544.5,-3063,23.5,23.53,3857.76,3782.52,100,-3543,3596,-3711.4764,3630,,,0,0,0,0,0,0,,,3.411,3.355,3.376,28,11,24,,,47,48,48,FALSE,TRUE,FALSE,2,2,4,6,0,342,4200,16416,1500,-1500,0,0,38,15.521,99.3,6,999,999,999,999,999,999,999,999,2,1,0,0,0,1,2,1,1,0,0,8,1,0,0,-33523,0,6735,0,0,0,0,0,0,0,0,0,700.77,2099.16,2099.16,1815,1875,1154.9,TRUE,0,1815,-1875,2099.16,2099.16,1815,1836.48,1156.2,TRUE,0,1815,-1836.48,3630,-3711.48,FALSE,-1836,-1836,TRUE
2026-01-27T21:15:32Z,REV_TW1_U_21,5,TRUE,2,1,0,0,1984,0,0,-3711,98.216,,,-3711,99.199,0,0,,,,,3630,-3711,1.315,0.785,,,,18,,,,,2,,,,61.83,61.8,61.5,62.2,34800,34900,34700,,,,-3676,59.9887,98,,128563,113212,,,,,,12,0,0,0,0,0,0,0,0,,2,,1157.2,-3544.5,-3063,23.5,23.53,3857.76,3782.52,100,-3543,3596,-3711.4764,3630,,,0,0,0,0,0,0,,,3.411,3.354,3.376,28,11,24,,,47,48,48,FALSE,TRUE,FALSE,2,2,4,6,0,342,4200,16416,1500,-1500,0,0,38,15.521,99.3,6,999,999,999,999,999,999,999,999,2,1,0,0,0,1,2,1,1,0,0,8,1,0,0,-33523,0,6737,0,0,0,0,0,0,0,0,0,700.77,2098.74,2098.74,1815,1875,1154.9,TRUE,0,1815,-1875,2098.74,2098.74,1815,1836.48,1156.2,TRUE,0,1815,-1836.48,3630,-3711.48,FALSE,-1836,-1836,TRUE
2026-01-27T21:15:34Z,REV_TW1_U_21,5,TRUE,2,1,0,0,1984,0,0,-3600,94.845,,,-3600,95.184,0,0,,,,,3630,-3711,1.315,0.785,,,,18,,,,,2,,,,61,61,60.7,61.3,34900,34900,34700,,,,-3669,60.0026,99,,128565,113212,,,,,,12,0,0,0,0,0,0,0,0,,2,,1157.2,-3543.35,-3062,23.5,23.53,3857.76,3782.52,100,-3543,3596,-3711.4764,3630,,,0,0,0,0,0,0,,,3.411,3.355,3.376,28,11,24.166,,,47,48,48,FALSE,TRUE,FALSE,2,2,4,6,0,342,4200,16416,1500,-1500,0,0,38,15.521,99.3,6,999,999,999,999,999,999,999,999,2,1,0,0,0,1,2,1,1,0,0,8,1,0,0,-33522,0,6739,0,0,0,0,0,0,0,0,0,700.77,2099.16,2099.16,1815,1875,1154.8,TRUE,0,1815,-1875,2099.16,2099.16,1815,1836.48,1156.2,TRUE,0,1815,-1836.48,3630,-3711.48,FALSE,-1800,-1800,TRUE
2026-01-27T21:15:36Z,REV_TW1_U_21,5,TRUE,2,1,0,0,1984,0,0,-3600,91.529,,,-3600,91.854,0,0,,,,,3630,-3711,1.315,0.785,,,,18,,,,,2,,,,60.6,60.6,60.3,60.9,34900,34900,34700,,,,-3616,59.9976,92,,128567,113212,,,,,,12,0,0,0,0,0,0,0,0,,2,,1157.2,-3477.39,-3005,23.5,23.53,3857.76,3782.52,100,-3543,3596,-3711.4764,3630,,,0,0,0,0,0,0,,,3.41,3.355,3.376,28,11,24,,,47,48,48,FALSE,TRUE,FALSE,2,2,4,6,0,342,4200,16416,1500,-1500,0,0,38,15.521,99.3,6,999,999,999,999,999,999,999,999,2,1,0,0,0,1,2,1,1,0,0,8,1,0,0,-33522,0,6741,0,0,0,0,0,0,0,0,0,700.77,2097.06,2097.06,1815,1875,1154.7,TRUE,0,1815,-1875,2097.06,2097.06,1815,1836.32,1156,TRUE,0,1815,-1836.32,3630,-3711.32,FALSE,-1800,-1800,TRUE
2026-01-27T21:15:38Z,REV_TW1_U_21,5,TRUE,2,1,0,0,1984,0,0,-3600,88.634,,,-3600,89.593,0,0,,,,,3630,-3711,1.315,0.785,,,,18,,,,,2,,,,60.57,60.5,60.3,60.9,34800,34900,34700,,,,-3609,60.0032,88,,128569,113212,,,,,,12,0,0,0,0,0,0,0,0,,2,,1157.1,-3477.09,-3005,23.5,23.53,3857.76,3782.52,100,-3543,3596,-3711.3177,3630,,,0,0,0,0,0,0,,,3.41,3.354,3.376,28,11,24.166,,,47,48,48,FALSE,TRUE,FALSE,2,2,4,6,0,342,4200,16416,1500,-1500,0,0,38,15.521,99.3,6,999,999,999,999,999,999,999,999,2,1,0,0,0,1,2,1,1,0,0,8,1,0,0,-33522,0,6743,0,0,0,0,0,0,0,0,0,700.77,2099.79,2099.79,1815,1875,1154.7,TRUE,0,1815,-1875,2099.79,2099.79,1815,1836.32,1156,TRUE,0,1815,-1836.32,3630,-3711.32,FALSE,-1800,-1800,TRUE
2026-01-27T21:15:40Z,REV_TW1_U_21,5,TRUE,2,1,0,0,1984,0,0,-3600,85.347,,,-3600,85.685,0,0,,,,,3630,-3711,1.315,0.785,,,,17,,,,,2,,,,60.63,60.6,60.3,61,34800,34900,34700,,,,-3607,60.0101,87,,128571,113212,,,,,,12,0,0,0,0,0,0,0,0,,2,,1157.1,-3475.93,-3004,23.5,23.53,3857.76,3782.52,100,-3543,3596,-3711.3177,3630,,,0,0,0,0,0,0,,,3.41,3.354,3.376,28,11,24.166,,,47,48,48,FALSE,TRUE,FALSE,2,2,4,6,0,342,4200,16416,1500,-1500,0,0,38,15.521,99.3,6,999,999,999,999,999,999,999,999,2,1,0,0,0,1,2,1,1,0,0,8,1,0,0,-33522,0,6745,0,0,0,0,0,0,0,0,0,700.77,2099.37,2099.37,1815,1875,1154.7,TRUE,0,1815,-1875,2099.37,2099.37,1815,1836.32,1156,TRUE,0,1815,-1836.32,3630,-3711.32,FALSE,-1800,-1800,TRUE
2026-01-27T21:15:42Z,REV_TW1_U_21,5,TRUE,2,1,0,0,1984,0,0,-3600,82.089,,,-3600,82.089,0,0,,,,,3630,-3711,1.315,0.785,,,,17,,,,,2,,,,60.6,60.6,60.3,60.9,34800,34900,34700,,,,-3606,60.0135,83,,128572,113212,,,,,,12,0,0,0,0,0,0,0,0,,2,,1157,-3475.63,-3004,23.5,23.53,3857.76,3782.52,100,-3543,3596,-3711.159,3630,,,0,0,0,0,0,0,,,3.41,3.354,3.376,28,11,24.166,,,47,48,48,FALSE,TRUE,FALSE,2,2,4,6,0,342,4200,16416,1500,-1500,0,0,38,15.521,99.3,6,999,999,999,999,999,999,999,999,2,1,0,0,0,1,2,1,1,0,0,8,1,0,0,-33522,0,6747,0,0,0,0,0,0,0,0,0,700.77,2098.11,2098.11,1815,1875,1154.7,TRUE,0,1815,-1875,2098.11,2098.11,1815,1836.16,1156,TRUE,0,1815,-1836.16,3630,-3711.16,FALSE,-1800,-1800,TRUE
2026-01-27T21:15:44Z,REV_TW1_U_21,5,TRUE,2,1,0,0,1984,0,0,-3400,78.924,,,-3400,78.924,0,0,,,,,3630,-3711,1.315,0.785,,,,18,,,,,2,,,,57.23,57.2,56.9,57.6,34800,34900,34700,,,,-3475,60.0117,86,,128575,113212,,,,,,12,0,0,0,0,0,0,0,0,,2,,1157.1,-3475.93,-3004,23.5,23.53,3857.76,3782.52,100,-3543,3596,-3711.3177,3630,,,0,0,0,0,0,0,,,3.41,3.353,3.376,28,11,24,,,47,48,48,FALSE,TRUE,FALSE,2,2,4,6,0,342,4200,16416,1500,-1500,0,0,38,15.521,99.3,6,999,999,999,999,999,999,999,999,2,1,0,0,0,1,2,1,1,0,0,8,1,0,0,-33522,0,6749,0,0,0,0,0,0,0,0,0,700.77,2098.95,2098.95,1815,1875,1154.2,TRUE,0,1815,-1875,2098.95,2098.95,1815,1836.16,1155.4,TRUE,0,1815,-1836.16,3630,-3711.16,FALSE,-1700,-1700,TRUE
2026-01-27T21:15:46Z,REV_TW1_U_21,5,TRUE,2,1,0,0,1984,0,0,-3400,76.074,,,-3400,77.023,0,0,,,,,3630,-3710,1.315,0.785,,,,17,,,,,2,,,,57.2,57.2,56.9,57.5,34900,34900,34700,,,,-3412,60.012,76,,128576,113212,,,,,,12,0,0,0,0,0,0,0,0,,2,,1156.7,-3285.03,-2840,23.5,23.53,3857.76,3782.52,100,-3543,3911,-3710.6829,3630,,,0,0,0,0,0,0,,,3.408,3.353,3.375,28,11,24,,,47,48,48,FALSE,TRUE,FALSE,2,2,4,6,0,342,4200,16416,1500,-1500,0,0,38,15.521,98.9,6,999,999,999,999,999,999,999,999,2,1,0,0,0,1,2,1,1,0,0,8,1,0,0,-33522,0,6751,0,0,0,0,0,0,0,0,0,700.77,2098.11,2098.11,1815,1875,1154.1,TRUE,0,1815,-1875,2098.11,2098.11,1815,1835.68,1155.4,TRUE,0,1815,-1835.68,3630,-3710.68,FALSE,-1700,-1700,TRUE
2026-01-27T21:15:48Z,REV_TW1_U_21,5,TRUE,2,1,0,0,1984,0,0,-3400,72.95,,,-3400,73.879,0,0,,,,,3630,-3710,1.315,0.785,,,,17,,,,,2,,,,57.23,57.2,56.9,57.6,34800,34900,34700,,,,-3405,60.0065,74,,128579,113212,,,,,,12,0,0,0,0,0,0,0,0,,2,,1156.5,-3283.3,-2839,23.5,23.53,3857.76,3782.52,100,-3543,3911,-3710.3655,3630,,,0,0,0,0,0,0,,,3.407,3.353,3.374,28,11,24.166,,,47,48,48,FALSE,FALSE,FALSE,2,2,4,6,0,342,4200,16416,1500,-1500,0,0,38,15.521,98.9,6,999,999,999,999,999,999,999,999,2,1,0,0,0,1,2,1,1,0,0,8,1,0,0,-33522,0,6753,0,0,0,0,0,0,0,0,0,700.77,2098.11,2098.11,1815,1875,1154.1,TRUE,0,1815,-1875,2098.11,2098.11,1815,1835.37,1155.3,TRUE,0,1815,-1835.37,3630,-3710.37,FALSE,-1700,-1700,TRUE
2026-01-27T21:15:50Z,REV_TW1_U_21,5,TRUE,2,1,0,0,1984,0,0,-3400,69.862,,,-3400,69.862,0,0,,,,,3630,-3710,1.315,0.785,,,,17,,,,,2,,,,57.2,57.2,56.9,57.5,34800,34900,34700,,,,-3405,60.0072,72,,128580,113212,,,,,,12,0,0,0,0,0,0,0,0,,2,,1156.5,-3284.46,-2840,23.5,23.53,3857.76,3782.52,100,-3543,3911,-3710.3655,3630,,,0,0,0,0,0,0,,,3.408,3.353,3.374,28,11,24,,,47,48,48,FALSE,FALSE,FALSE,2,2,4,6,0,342,4200,16416,1500,-1500,0,0,38,15.521,98.9,6,999,999,999,999,999,999,999,999,2,1,0,0,0,1,2,1,1,0,0,8,1,0,0,-33522,0,6755,0,0,0,0,0,0,0,0,0,700.77,2097.27,2097.27,1815,1875,1154.1,TRUE,0,1815,-1875,2097.27,2097.27,1815,1835.37,1155.3,TRUE,0,1815,-1835.37,3630,-3710.37,FALSE,-1700,-1700,TRUE
2026-01-27T21:15:52Z,REV_TW1_U_21,5,TRUE,2,1,0,0,1984,0,0,-3400,67.125,,,-3400,68.025,0,0,,,,,3630,-3710,1.315,0.785,,,,17,,,,,2,,,,57.2,57.2,56.9,57.5,34800,34900,34700,,,,-3408,60.0103,69,,128583,113212,,,,,,12,0,0,0,0,0,0,0,0,,2,,1156.5,-3285.62,-2841,23.5,23.53,3857.76,3782.52,100,-3543,3911,-3710.3655,3630,,,0,0,0,0,0,0,,,3.407,3.353,3.374,28,11,24.166,,,47,48,48,FALSE,FALSE,FALSE,2,2,4,6,0,342,4200,16416,1500,-1500,0,0,38,15.521,98.9,6,999,999,999,999,999,999,999,999,2,1,0,0,0,1,2,1,1,0,0,8,1,0,0,-33522,0,6757,0,0,0,0,0,0,0,0,0,700.77,2100.63,2100.63,1815,1875,1154,TRUE,0,1815,-1875,2100.63,2100.63,1815,1835.37,1155.3,TRUE,0,1815,-1835.37,3630,-3710.37,FALSE,-1700,-1700,TRUE
2026-01-27T21:15:54Z,REV_TW1_U_21,5,TRUE,2,1,0,0,1984,0,0,-3200,64.165,,,-3200,65.053,0,0,,,,,3630,-3710,1.315,0.785,,,,17,,,,,2,,,,53.83,53.8,53.6,54.1,34800,34900,34700,,,,-3255,60.0091,68,,128584,113212,,,,,,12,0,0,0,0,0,0,0,0,,2,,1156.5,-3283.3,-2839,23.5,23.53,3857.76,3782.52,100,-3543,3911,-3710.3655,3630,,,0,0,0,0,0,0,,,3.407,3.353,3.374,28,11,24,,,47,48,48,FALSE,FALSE,FALSE,2,2,4,6,0,342,4200,16416,1500,-1500,0,0,38,15.521,98.9,6,999,999,999,999,999,999,999,999,2,1,0,0,0,1,2,1,1,0,0,8,1,0,0,-33522,0,6759,0,0,0,0,0,0,0,0,0,700.77,2100,2100,1815,1875,1153.5,TRUE,0,1815,-1875,2100,2100,1815,1835.21,1154.7,TRUE,0,1815,-1835.21,3630,-3710.21,FALSE,-1600,-1600,TRUE
2026-01-27T21:15:56Z,REV_TW1_U_21,5,TRUE,2,1,0,0,1984,0,0,-3200,61.197,,,-3200,62.083,0,0,,,,,3630,-3709,1.315,0.785,,,,17,,,,,2,,,,53.83,53.8,53.6,54.1,34800,34900,34700,,,,-3214,60.0134,63,,128587,113212,,,,,,12,0,0,0,0,0,0,0,0,,2,,1156,-3091.14,-2674,23.5,23.53,3857.76,3782.52,100,-3543,3911,-3709.572,3630,,,0,0,0,0,0,0,,,3.405,3.352,3.373,28,11,24.166,,,47,48,48,FALSE,FALSE,FALSE,2,2,4,6,0,342,4200,16416,1500,-1500,0,0,38,15.521,98.9,6,999,999,999,999,999,999,999,999,2,1,0,0,0,1,2,1,1,0,0,8,1,0,0,-33522,0,6761,0,0,0,0,0,0,0,0,0,700.77,2097.69,2097.69,1815,1875,1153.5,TRUE,0,1815,-1875,2097.69,2097.69,1815,1834.57,1154.6,TRUE,0,1815,-1834.57,3630,-3709.57,FALSE,-1600,-1600,TRUE
2026-01-27T21:15:58Z,REV_TW1_U_21,5,TRUE,2,1,0,0,1984,0,0,-3200,58.268,,,-3200,59.139,0,0,,,,,3630,-3709,1.315,0.785,,,,17,,,,,2,,,,53.83,53.8,53.6,54.1,34800,34900,34700,,,,-3207,60,62,,128588,113212,,,,,,12,0,0,0,0,0,0,0,0,,2,,1155.9,-3090.88,-2674,23.5,23.53,3857.76,3782.52,100,-3543,3911,-3709.4133,3630,,,0,0,0,0,0,0,,,3.405,3.352,3.373,28,11,24.166,,,47,48,48,FALSE,FALSE,FALSE,2,2,4,6,0,342,4200,16416,1500,-1500,0,0,38,15.521,98.9,6,999,999,999,999,999,999,999,999,2,1,0,0,0,1,2,1,1,0,0,8,1,0,0,-33522,0,6763,0,0,0,0,0,0,0,0,0,700.77,2100,2100,1815,1875,1153.4,TRUE,0,1815,-1875,2100,2100,1815,1834.41,1154.6,TRUE,0,1815,-1834.41,3630,-3709.41,FALSE,-1600,-1600,TRUE
2026-01-27T21:16:00Z,REV_TW1_U_21,5,TRUE,2,1,0,0,1984,0,0,-3200,55.638,,,-3200,56.512,0,0,,,,,3630,-3709,1.315,0.785,,,,17,,,,,2,,,,53.83,53.8,53.6,54.1,34800,34900,34700,,,,-3206,60.0066,61,,128591,113212,,,,,,12,0,0,0,0,0,0,0,0,,2,,1155.9,-3090.88,-2674,23.5,23.53,3857.76,3782.52,100,-3543,3911,-3709.4133,3630,,,0,0,0,0,0,0,,,3.404,3.352,3.373,28,11,24,,,47,48,48,FALSE,FALSE,FALSE,2,2,4,6,0,342,4200,16416,1500,-1500,0,0,38,15.521,98.9,6,999,999,999,999,999,999,999,999,2,1,0,0,0,1,2,1,1,0,0,8,1,0,0,-33522,0,6765,0,0,0,0,0,0,0,0,0,700.77,2100.21,2100.21,1815,1875,1153.4,TRUE,0,1815,-1875,2100.21,2100.21,1815,1834.41,1154.5,TRUE,0,1815,-1834.41,3630,-3709.41,FALSE,-1600,-1600,TRUE
2026-01-27T21:16:02Z,REV_TW1_U_21,5,TRUE,2,1,0,0,1984,0,0,-3038.419537,52.738,,,-3038.419537,53.585,0,0,,,,,3630,-3709,1.315,0.785,,,,17,,,,,2,,,,53.83,53.8,53.6,54.1,34800,34900,34700,,,,-3203,59.9938,56,,128591,113212,,,,,,12,0,0,0,0,0,0,0,0,,2,,1155.9,-3092.03,-2675,23.5,23.53,3857.76,3782.52,100,-3543,3911,-3709.4133,3630,,,0,0,0,0,0,0,,,3.404,3.352,3.373,28,11,24.166,,,47,48,48,FALSE,FALSE,FALSE,2,2,4,6,0,342,4200,16416,1500,-1500,0,0,38,15.521,98.9,6,999,999,999,999,999,999,999,999,2,1,0,0,0,1,2,1,1,0,0,8,1,0,0,-33522,0,6767,0,0,0,0,0,0,0,0,0,700.77,2098.74,2098.74,1815,1875,1153.3,TRUE,0,1815,-1875,2098.74,2098.74,1815,1834.41,1154.5,TRUE,0,1815,-1834.41,3630,-3709.41,FALSE,-1519,-1519,TRUE
2026-01-27T21:16:04Z,REV_TW1_U_21,5,TRUE,2,1,0,0,1984,0,0,-3000,49.914,,,-3000,50.762,0,0,,,,,3630,-3709,1.315,0.785,,,,17,,,,,2,,,,50.43,50.4,50.2,50.7,34800,34900,34700,,,,-3035,59.9961,55,,128592,113212,,,,,,12,0,0,0,0,0,0,0,0,,2,,1155.9,-3075.85,-2661,23.5,23.53,3857.76,3782.52,100,-3543,3911,-3709.4133,3630,,,0,0,0,0,0,0,,,3.403,3.352,3.372,28,11,24.166,,,47,48,48,FALSE,FALSE,FALSE,2,2,4,6,0,342,4200,16416,1500,-1500,0,0,38,15.521,98.9,6,999,999,999,999,999,999,999,999,2,1,0,0,0,1,2,1,1,0,0,8,1,0,0,-33522,0,6769,0,0,0,0,0,0,0,0,0,700.77,2099.37,2099.37,1815,1875,1152.7,TRUE,0,1815,-1875,2099.37,2099.37,1815,1834.1,1153.9,TRUE,0,1815,-1834.1,3630,-3709.1,FALSE,-1500,-1500,TRUE
2026-01-27T21:16:06Z,REV_TW1_U_21,5,TRUE,2,1,0,0,1984,0,0,-3000,47.429,,,-3000,47.973,0,0,,,,,3630,-3708,1.315,0.785,,,,17,,,,,2,,,,50.43,50.4,50.2,50.7,34800,34900,34700,,,,-3009,60.0008,53,,128595,113212,,,,,,12,0,0,0,0,0,0,0,0,,2,,1155.3,-2897.49,-2508,23.5,23.53,3857.76,3782.52,100,-3543,3911,-3708.4611,3630,,,0,0,0,0,0,0,,,3.402,3.351,3.371,28,11,24.166,,,47,48,48,FALSE,FALSE,FALSE,2,2,4,6,0,342,4200,16416,1500,-1500,0,0,38,15.521,97.5,5.7,999,999,999,999,999,999,999,999,2,1,0,0,0,1,2,1,1,0,0,8,1,0,0,-33522,0,6771,0,0,0,0,0,0,0,0,0,700.77,2100.63,2100.63,1815,1875,1152.7,TRUE,0,1815,-1875,2100.63,2100.63,1815,1833.46,1153.8,TRUE,0,1815,-1833.46,3630,-3708.46,FALSE,-1500,-1500,TRUE
2026-01-27T21:16:08Z,REV_TW1_U_21,5,TRUE,2,1,0,0,1984,0,0,-3000,44.719,,,-3000,45.26,0,0,,,,,3630,-3708,1.315,0.785,,,,17,,,,,2,,,,50.43,50.4,50.2,50.7,34800,34900,34700,,,,-3006,60.0017,51,,128596,113212,,,,,,12,0,0,0,0,0,0,0,0,,2,,1155.3,-2897.49,-2508,23.5,23.53,3857.76,3782.52,100,-3543,3911,-3708.4611,3630,,,0,0,0,0,0,0,,,3.402,3.351,3.371,28,11,24.166,,,47,48,48,FALSE,FALSE,FALSE,2,2,4,6,0,342,4200,16416,1500,-1500,0,0,38,15.521,97.5,5.7,999,999,999,999,999,999,999,999,2,1,0,0,0,1,2,1,1,0,0,8,1,0,0,-33522,0,6773,0,0,0,0,0,0,0,0,0,700.77,2100.42,2100.42,1815,1875,1152.7,TRUE,0,1815,-1875,2100.42,2100.42,1815,1833.46,1153.8,TRUE,0,1815,-1833.46,3630,-3708.46,FALSE,-1500,-1500,TRUE
2026-01-27T21:16:10Z,REV_TW1_U_21,5,TRUE,2,1,0,0,1984,0,0,-2943.252976,42.054,,,-2943.252976,42.84,0,0,,,,,3630,-3708,1.31,0.79,,,,17,,,,,2,,,,50.43,50.4,50.2,50.7,34800,34900,34700,,,,-3005,60.0014,48,,128599,113212,,,,,,12,0,0,0,0,0,0,0,0,,2,,1155.2,-2897.24,-2508,24,24.02,3939.84,3861.18,100,-3543,3911,-3708.3024,3630,,,0,0,0,0,0,0,,,3.402,3.351,3.371,28,11,24.166,,,47,48,48,FALSE,FALSE,FALSE,2,2,4,6,0,342,4200,16416,1500,-1500,0,0,38,15.521,97.5,5.7,999,999,999,999,999,999,999,999,2,1,0,0,0,1,2,1,1,0,0,8,1,0,0,-33522,0,6775,0,0,0,0,0,0,0,0,0,700.77,2099.37,2099.37,1815,1875,1152.6,TRUE,0,1815,-1875,2099.37,2099.37,1815,1833.3,1153.7,TRUE,0,1815,-1833.3,3630,-3708.3,FALSE,-1472,-1472,TRUE
2026-01-27T21:16:12Z,REV_TW1_U_21,5,TRUE,2,1,0,0,1984,0,0,-2800,39.437,,,-2800,40.222,0,0,,,,,3630,-3708,1.31,0.79,,,,17,,,,,2,,,,47.07,47,46.9,47.3,34800,34900,34700,,,,-2840,60.0029,48,,128599,113212,,,,,,12,0,0,0,0,0,0,0,0,,2,,1155.2,-2874.14,-2488,24,24.02,3939.84,3861.18,100,-3543,3911,-3708.3024,3630,,,0,0,0,0,0,0,,,3.401,3.351,3.371,28,11,24.166,,,47,48,48,FALSE,FALSE,FALSE,2,2,4,6,0,342,4200,16416,1500,-1500,0,0,38,15.521,97.5,5.7,999,999,999,999,999,999,999,999,2,1,0,0,0,1,2,1,1,0,0,8,1,0,0,-33522,0,6777,0,0,0,0,0,0,0,0,0,700.77,2100.84,2100.84,1815,1875,1152,TRUE,0,1815,-1875,2100.84,2100.84,1815,1833.14,1153,TRUE,0,1815,-1833.14,3630,-3708.14,FALSE,-1400,-1400,TRUE
2026-01-27T21:16:14Z,REV_TW1_U_21,5,TRUE,2,1,0,0,1984,0,0,-2800,37.099,,,-2800,37.614,0,0,,,,,3630,-3707,1.31,0.79,,,,17,,,,,2,,,,47.07,47,46.9,47.3,34800,34900,34700,,,,-2812,60.0029,46,,128601,113212,,,,,,12,0,0,0,0,0,0,0,0,,2,,1154.8,-2704.54,-2342,24,24.02,3939.84,3861.18,100,-3543,3911,-3707.6676,3630,,,0,0,0,0,0,0,,,3.399,3.349,3.37,28,11,24.166,,,47,48,48,FALSE,FALSE,FALSE,2,2,4,6,0,342,4200,16416,1500,-1500,0,0,38,15.521,97.5,5.7,999,999,999,999,999,999,999,999,2,1,0,0,0,1,2,1,1,0,0,8,1,0,0,-33522,0,6779,0,0,0,0,0,0,0,0,0,700.77,2101.26,2101.26,1815,1875,1151.9,TRUE,0,1815,-1875,2101.26,2101.26,1815,1832.35,1153,TRUE,0,1815,-1832.35,3630,-3707.35,FALSE,-1400,-1400,TRUE
2026-01-27T21:16:16Z,REV_TW1_U_21,5,TRUE,2,1,0,0,1984,0,0,-2800,34.519,,,-2800,35.031,0,0,,,,,3630,-3707,1.31,0.79,,,,17,,,,,2,,,,47.07,47,46.9,47.3,34800,34900,34700,,,,-2805,59.9991,42,,128603,113212,,,,,,12,0,0,0,0,0,0,0,0,,2,,1154.6,-2705.23,-2343,24,24.02,3939.84,3861.18,100,-3543,3911,-3707.3502,3630,,,0,0,0,0,0,0,,,3.399,3.349,3.369,28,11,24.166,,,47,48,48,FALSE,FALSE,FALSE,2,2,4,6,0,342,4200,16416,1500,-1500,0,0,38,15.521,97.5,5.7,999,999,999,999,999,999,999,999,2,1,0,0,0,1,2,1,1,0,0,8,1,0,0,-33522,0,6781,0,0,0,0,0,0,0,0,0,700.77,2098.74,2098.74,1815,1875,1151.9,TRUE,0,1815,-1875,2098.74,2098.74,1815,1832.35,1152.9,TRUE,0,1815,-1832.35,3630,-3707.35,FALSE,-1400,-1400,TRUE
2026-01-27T21:16:18Z,REV_TW1_U_21,5,TRUE,2,1,0,0,1984,0,0,-2800,31.956,,,-2800,32.465,0,0,,,,,3630,-3707,1.31,0.79,,,,17,,,,,2,,,,47.07,47,46.9,47.3,34800,34900,34700,,,,-2805,59.9948,40,,128604,113212,,,,,,12,0,0,0,0,0,0,0,0,,2,,1154.5,-2703.84,-2342,24,24.02,3939.84,3861.18,100,-3543,3911,-3707.1915,3630,,,0,0,0,0,0,0,,,3.398,3.35,3.369,28,11,24.166,,,47,48,48,FALSE,FALSE,FALSE,2,2,4,6,0,342,4200,16416,1500,-1500,0,0,38,15.521,97.5,5.7,999,999,999,999,999,999,999,999,2,1,0,0,0,1,2,1,1,0,0,8,1,0,0,-33522,0,6783,0,0,0,0,0,0,0,0,0,700.77,2099.16,2099.16,1815,1875,1151.9,TRUE,0,1815,-1875,2099.16,2099.16,1815,1832.19,1152.9,TRUE,0,1815,-1832.19,3630,-3707.19,FALSE,-1400,-1400,TRUE
2026-01-27T21:16:20Z,REV_TW1_U_21,5,TRUE,2,1,0,0,1984,0,0,-2800,29.392,,,-2800,29.904,0,0,,,,,3630,-3707,1.31,0.79,,,,18,,,,,2,,,,47.03,47,46.8,47.3,34800,34900,34700,,,,-2803,59.9994,37,,128607,113212,,,,,,12,0,0,0,0,0,0,0,0,,2,,1154.5,-2702.68,-2341,24,24.02,3939.84,3861.18,100,-3543,3911,-3707.1915,3630,,,0,0,0,0,0,0,,,3.398,3.349,3.369,28,11,24.166,,,47,48,48,FALSE,FALSE,FALSE,2,2,4,6,0,342,4200,16416,1500,-1500,0,0,38,15.521,97.5,5.7,999,999,999,999,999,999,999,999,2,1,0,0,0,1,2,1,1,0,0,8,1,0,0,-33522,0,6785,0,0,0,0,0,0,0,0,0,700.77,2099.58,2099.58,1815,1875,1151.8,TRUE,0,1815,-1875,2099.58,2099.58,1815,1832.19,1152.8,TRUE,0,1815,-1832.19,3630,-3707.19,FALSE,-1400,-1400,TRUE
2026-01-27T21:16:22Z,REV_TW1_U_21,5,TRUE,2,1,0,0,1984,0,0,-2600,27.082,,,-2600,27.59,0,0,,,,,3630,-3707,1.31,0.79,,,,18,,,,,2,,,,43.73,43.7,43.5,44,34800,34900,34700,,,,-2698,60.0028,39,,128607,113212,,,,,,12,0,0,0,0,0,0,0,0,,2,,1154.4,-2703.6,-2342,24,24.02,3939.84,3861.18,100,-3543,3911,-3707.0328,3630,,,0,0,0,0,0,0,,,3.398,3.349,3.369,28,11,24.166,,,47,48,48,FALSE,FALSE,FALSE,2,2,4,6,0,342,4200,16416,1500,-1500,0,0,38,15.521,97.5,5.7,999,999,999,999,999,999,999,999,2,1,0,0,0,1,2,1,1,0,0,8,1,0,0,-33522,0,6787,0,0,0,0,0,0,0,0,0,700.77,2098.53,2098.53,1815,1875,1151.3,TRUE,0,1815,-1875,2098.53,2098.53,1815,1832.03,1152.3,TRUE,0,1815,-1832.03,3630,-3707.03,FALSE,-1300,-1300,TRUE
2026-01-27T21:16:24Z,REV_TW1_U_21,5,TRUE,2,1,0,0,1984,0,0,-2600,25.796,,,-2600,26.051,0,0,,,,,3630,-3706,1.31,0.79,,,,18,,,,,2,,,,43.7,43.7,43.5,43.9,34800,34900,34700,,,,-2616,59.9967,34,,128608,113212,,,,,,12,0,0,0,0,0,0,0,0,,2,,1154.3,-2511.76,-2176,24,24.02,3939.84,3861.18,100,-3543,3911,-3706.8741,3630,,,0,0,0,0,0,0,,,3.396,3.348,3.368,28,11,24.166,,,47,48,48,FALSE,FALSE,FALSE,2,2,4,6,0,342,4200,16416,1500,-1500,0,0,38,15.521,97.5,5.7,999,999,999,999,999,999,999,999,2,1,0,0,0,1,2,1,1,0,0,8,1,0,0,-33522,0,6789,0,0,0,0,0,0,0,0,0,700.77,2099.16,2099.16,1815,1875,1151.2,TRUE,0,1815,-1875,2099.16,2099.16,1815,1831.4,1152.1,TRUE,0,1815,-1831.4,3630,-3706.4,FALSE,-1300,-1300,TRUE
2026-01-27T21:16:26Z,REV_TW1_U_21,5,TRUE,2,1,0,0,1984,0,0,-2600,25.796,,,-2600,25.796,0,0,,,,,3630,-3706,1.31,0.79,,,,18,,,,,2,,,,43.67,43.6,43.5,43.9,34800,34900,34700,,,,-2608,60.0012,32,,128611,113212,,,,,,12,0,0,0,0,0,0,0,0,,2,,1153.9,-2510.89,-2176,24,24.02,3939.84,3861.18,100,-3543,3911,-3706.2393,3630,,,0,0,0,0,0,0,,,3.395,3.348,3.367,28,11,24.166,,,47,48,48,FALSE,FALSE,FALSE,2,2,4,6,0,342,4200,16416,1500,-1500,0,0,37,15.32,95.9,5.3,999,999,999,999,999,999,999,999,2,1,0,0,0,1,2,1,1,0,0,8,1,0,0,-33522,0,6791,0,0,0,0,0,0,0,0,0,700.77,2100.84,2100.84,1815,1875,1151.1,TRUE,0,1815,-1875,2100.84,2100.84,1815,1831.24,1152,TRUE,0,1815,-1831.24,3630,-3706.24,FALSE,-1300,-1300,TRUE
2026-01-27T21:16:28Z,REV_TW1_U_21,5,TRUE,2,1,0,0,1984,0,0,-2600,23.491,,,-2600,23.746,0,0,,,,,3630,-3706,1.31,0.79,,,,18,,,,,2,,,,43.67,43.6,43.5,43.9,34800,34900,34700,,,,-2604,59.9964,31,,128611,113212,,,,,,12,0,0,0,0,0,0,0,0,,2,,1153.8,-2509.51,-2175,24,24.02,3939.84,3861.18,100,-3543,3911,-3706.0806,3630,,,0,0,0,0,0,0,,,3.395,3.348,3.367,28,11,24.166,,,47,48,48,FALSE,FALSE,FALSE,2,2,4,6,0,342,4200,16416,1500,-1500,0,0,37,15.32,95.9,5.3,999,999,999,999,999,999,999,999,2,1,0,0,0,1,2,1,1,0,0,8,1,0,0,-33522,0,6793,0,0,0,0,0,0,0,0,0,700.77,2099.79,2099.79,1815,1875,1151,TRUE,0,1815,-1875,2099.79,2099.79,1815,1831.08,1152,TRUE,0,1815,-1831.08,3630,-3706.08,FALSE,-1300,-1300,TRUE
2026-01-27T21:16:30Z,REV_TW1_U_21,5,TRUE,2,1,0,0,1984,0,0,-2473.738875,20.921,,,-2473.738875,21.43,0,0,,,,,3630,-3705,1.31,0.79,,,,18,,,,,2,,,,43.07,43,42.9,43.3,34800,34900,34700,,,,-2593,59.9875,31,,128612,113212,,,,,,12,0,0,0,0,0,0,0,0,,2,,1153.7,-2510.45,-2176,24,24.02,3939.84,3861.18,100,-3543,3911,-3705.9219,3630,,,0,0,0,0,0,0,,,3.395,3.348,3.367,28,11,24,,,47,48,48,FALSE,FALSE,FALSE,2,2,4,6,0,342,4200,16416,1500,-1500,0,0,37,15.32,95.9,5.3,999,999,999,999,999,999,999,999,2,1,0,0,0,1,2,1,1,0,0,8,1,0,0,-33522,0,6795,0,0,0,0,0,0,0,0,0,700.77,2098.95,2098.95,1815,1875,1151,TRUE,0,1815,-1875,2099.79,2099.79,1815,1830.92,1151.9,TRUE,0,1815,-1830.92,3630,-3705.92,FALSE,-1237,-1237,TRUE
2026-01-27T21:16:32Z,REV_TW1_U_21,5,TRUE,2,1,0,0,1984,0,0,-2400,19.621,,,-2400,19.876,0,0,,,,,3630,-3705,1.31,0.79,,,,18,,,,,2,,,,40.3,40.3,40.1,40.5,34800,34900,34700,,,,-2428,59.9958,27,,128615,113212,,,,,,12,0,0,0,0,0,0,0,0,,2,,1153.7,-2430.85,-2107,24,24.02,3939.84,3861.18,100,-3543,3911,-3705.9219,3630,,,0,0,0,0,0,0,,,3.394,3.347,3.367,28,11,24,,,47,48,48,FALSE,FALSE,FALSE,2,2,4,6,0,342,4200,16416,1500,-1500,0,0,37,15.32,95.9,5.3,999,999,999,999,999,999,999,999,2,1,0,0,0,1,2,1,1,0,0,8,1,0,0,-33522,0,6797,0,0,0,0,0,0,0,0,0,700.77,2098.53,2098.53,1815,1875,1150.4,TRUE,0,1815,-1875,2098.53,2098.53,1815,1830.6,1151.2,TRUE,0,1815,-1830.6,3630,-3705.6,FALSE,-1200,-1200,TRUE
2026-01-27T21:16:34Z,REV_TW1_U_21,5,TRUE,2,1,0,0,1984,0,0,-2400,19.621,,,-2400,19.621,0,0,,,,,3630,-3704,1.31,0.79,,,,18,,,,,2,,,,40.3,40.3,40.1,40.5,34800,34900,34700,,,,-2410,59.9944,25,,128615,113212,,,,,,12,0,0,0,0,0,0,0,0,,2,,1153.2,-2316.78,-2009,24,24.02,3939.84,3861.18,100,-3543,3911,-3705.1284,3630,,,0,0,0,0,0,0,,,3.392,3.347,3.365,28,11,24.166,,,47,48,48,FALSE,FALSE,FALSE,2,2,4,6,0,342,4200,16416,1500,-1500,0,0,37,15.32,95.9,5.3,999,999,999,999,999,999,999,999,2,1,0,0,0,1,2,1,1,0,0,8,1,0,0,-33522,0,6799,0,0,0,0,0,0,0,0,0,700.77,2100.84,2100.84,1815,1875,1150.3,TRUE,0,1815,-1875,2100.84,2100.84,1815,1829.97,1151.2,TRUE,0,1815,-1829.97,3630,-3704.97,FALSE,-1200,-1200,TRUE
2026-01-27T21:16:36Z,REV_TW1_U_21,5,TRUE,2,1,0,0,1984,0,0,-2400,17.568,,,-2400,17.822,0,0,,,,,3630,-3704,1.31,0.79,,,,18,,,,,2,,,,40.3,40.3,40.1,40.5,34800,34900,34700,,,,-2404,59.9966,23,,128616,113212,,,,,,12,0,0,0,0,0,0,0,0,,2,,1153.1,-2317.73,-2010,24,24.02,3939.84,3861.18,100,-3543,3911,-3704.9697,3630,,,0,0,0,0,0,0,,,3.392,3.346,3.365,28,11,24.166,,,47,48,48,FALSE,FALSE,FALSE,2,2,4,6,0,342,4200,16416,1500,-1500,0,0,37,15.32,95.9,5.3,999,999,999,999,999,999,999,999,2,1,0,0,0,1,2,1,1,0,0,8,1,0,0,-33522,0,6801,0,0,0,0,0,0,0,0,0,700.77,2096.22,2096.22,1815,1875,1150.3,TRUE,0,1815,-1875,2097.69,2097.69,1815,1829.97,1151.1,TRUE,0,1815,-1829.97,3630,-3704.97,FALSE,-1200,-1200,TRUE
2026-01-27T21:16:38Z,REV_TW1_U_21,5,TRUE,2,1,0,0,1984,0,0,-2400,15.02,,,-2400,15.274,0,0,,,,,3630,-3704,1.31,0.79,,,,18,,,,,2,,,,40.3,40.3,40.1,40.5,34800,34900,34700,,,,-2403,59.9945,20,,128619,113212,,,,,,12,0,0,0,0,0,0,0,0,,2,,1153,-2317.53,-2010,24,24.02,3939.84,3861.18,100,-3543,3911,-3704.811,3630,,,0,0,0,0,0,0,,,3.392,3.346,3.365,28,11,24.166,,,47,48,48,FALSE,FALSE,FALSE,2,2,4,6,0,342,4200,16416,1500,-1500,0,0,37,15.32,95.9,5.3,999,999,999,999,999,999,999,999,2,1,0,0,0,1,2,1,1,0,0,8,1,0,0,-33522,0,6803,0,0,0,0,0,0,0,0,0,700.77,2096.43,2096.43,1815,1875,1150.2,TRUE,0,1815,-1875,2096.43,2096.43,1815,1829.81,1151,TRUE,0,1815,-1829.81,3630,-3704.81,FALSE,-1200,-1200,TRUE
2026-01-27T21:16:40Z,REV_TW1_U_21,5,TRUE,2,1,0,0,1984,0,0,-2330.796205,13.743,,,-2330.796205,13.743,0,0,,,,,3630,-3704,1.31,0.79,,,,18,,,,,2,,,,40.27,40.2,40.1,40.5,34800,34900,34700,,,,-2404,59.9936,18,,128619,113212,,,,,,12,0,0,0,0,0,0,0,0,,2,,1152.9,-2316.18,-2009,24,24.02,3939.84,3861.18,100,-3543,3911,-3704.6523,3630,,,0,0,0,0,0,0,,,3.392,3.346,3.365,28,11,24.166,,,47,48,48,FALSE,FALSE,FALSE,2,2,4,6,0,342,4200,16416,1500,-1500,0,0,37,15.32,95.9,5.3,999,999,999,999,999,999,999,999,2,1,0,0,0,1,2,1,1,0,0,8,1,0,0,-33522,0,6805,0,0,0,0,0,0,0,0,0,700.77,2100.84,2100.84,1815,1875,1150.2,TRUE,0,1815,-1875,2099.58,2099.58,1815,1829.65,1151,TRUE,0,1815,-1829.65,3630,-3704.65,FALSE,-1165,-1165,TRUE
2026-01-27T21:16:42Z,REV_TW1_U_21,5,TRUE,2,1,0,0,1984,0,0,-2200,13.743,,,-2200,13.743,0,0,,,,,3630,-3704,1.31,0.79,,,,18,,,,,2,,,,36.9,36.9,36.7,37.1,34800,34900,34700,,,,-2234,59.9985,19,,128620,113212,,,,,,12,0,0,0,0,0,0,0,0,,2,,1152.9,-2278.13,-1976,24,24.02,3939.84,3861.18,100,-3543,3911,-3704.6523,3630,,,0,0,0,0,0,0,,,3.391,3.346,3.364,28,11,24.166,,,47,48,48,FALSE,FALSE,FALSE,2,2,4,6,0,342,4200,16416,1500,-1500,0,0,37,15.32,95.9,5.3,999,999,999,999,999,999,999,999,2,1,0,0,0,1,2,1,1,0,0,8,1,0,0,-33522,0,6807,0,0,0,0,0,0,0,0,0,700.77,2099.79,2099.79,1815,1875,1149.6,TRUE,0,1815,-1875,2099.79,2099.79,1815,1829.33,1150.3,TRUE,0,1815,-1829.33,3630,-3704.33,FALSE,-1100,-1100,TRUE
2026-01-27T21:16:44Z,REV_TW1_U_21,5,TRUE,2,1,0,0,1984,0,0,-2200,12.456,,,-2200,12.712,0,0,,,,,3630,-3703,1.31,0.79,,,,18,,,,,2,,,,36.93,36.9,36.8,37.1,34800,34900,34700,,,,-2209,60.0012,17,,128623,113212,,,,,,12,0,0,0,0,0,0,0,0,,2,,1152.4,-2122.72,-1842,24,24.02,3939.84,3861.18,100,-3543,3911,-3703.8588,3630,,,0,0,0,0,0,0,,,3.389,3.345,3.363,28,11,24.166,,,47,48,48,FALSE,FALSE,FALSE,2,2,4,6,0,342,4200,16416,1500,-1500,0,0,37,15.32,95.9,5.3,999,999,999,999,999,999,999,999,2,1,0,0,0,1,2,1,1,0,0,8,1,0,0,-33522,0,6809,0,0,0,0,0,0,0,0,0,692.36,2097.06,2097.06,1815,1875,1149.5,TRUE,0,1815,-1875,2097.06,2097.06,1815,1828.7,1150.2,TRUE,0,1815,-1828.7,3630,-3703.7,FALSE,-1100,-1100,TRUE
2026-01-27T21:16:46Z,REV_TW1_U_21,5,TRUE,2,1,0,0,1984,0,0,-2200,10.145,,,-2200,10.399,0,0,,,,,3630,-3703,1.305,0.795,,,,18,,,,,2,,,,36.9,36.9,36.7,37.1,34800,34900,34700,,,,-2204,59.9985,14,,128623,113212,,,,,,12,0,0,0,0,0,0,0,0,,2,,1152.3,-2124.84,-1844,24.5,24.53,3939.84,3943.26,100,-3543,3911,-3703.7001,3630,,,0,0,0,0,0,0,,,3.389,3.345,3.363,28,11,24.166,,,47,48,48,FALSE,FALSE,FALSE,2,2,4,6,0,342,4200,16416,1500,-1500,0,0,38,15.245,94.3,5,999,999,999,999,999,999,999,999,2,1,0,0,0,1,2,1,1,0,0,8,1,0,0,-33522,0,6811,0,0,0,0,0,0,0,0,0,692.36,2099.16,2099.16,1815,1875,1149.4,TRUE,0,1815,-1875,2099.16,2099.16,1815,1828.54,1150.1,TRUE,0,1815,-1828.54,3630,-3703.54,FALSE,-1100,-1100,TRUE
2026-01-27T21:16:48Z,REV_TW1_U_21,5,TRUE,2,1,0,0,1984,0,0,-2000,8.6,,,-2000,8.862,0,0,,,,,3630,-3703,1.305,0.795,,,,18,,,,,2,,,,33.53,33.5,33.4,33.7,34800,34900,34700,,,,-2068,59.9978,16,,128624,113212,,,,,,12,0,0,0,0,0,0,0,0,,2,,1152.2,-2092.4,-1816,24.5,24.53,3939.84,3943.26,100,-3543,3911,-3703.5414,3630,,,0,0,0,0,0,0,,,3.388,3.345,3.363,28,11,24.166,,,47,48,48,FALSE,FALSE,FALSE,2,2,4,6,0,342,4200,16416,1500,-1500,0,0,38,15.245,94.3,5,999,999,999,999,999,999,999,999,2,1,0,0,0,1,2,1,1,0,0,8,1,0,0,-33522,0,6813,0,0,0,0,0,0,0,0,0,692.36,2100,2100,1815,1875,1148.8,TRUE,0,1815,-1875,2100,2100,1815,1828.54,1149.5,TRUE,0,1815,-1828.54,3630,-3703.54,FALSE,-1000,-1000,TRUE
2026-01-27T21:16:50Z,REV_TW1_U_21,5,TRUE,2,1,0,0,1984,0,0,-2000,8.6,,,-2000,8.6,0,0,,,,,3630,-3702,1.305,0.795,,,,18,,,,,2,,,,33.53,33.5,33.4,33.7,34800,34900,34700,,,,-2015,59.997,12,,128626,113212,,,,,,12,0,0,0,0,0,0,0,0,,2,,1151.7,-1927.95,-1674,24.5,24.53,4021.92,3943.26,100,-3543,3911,-3702.7479,3630,,,0,0,0,0,0,0,,,3.386,3.344,3.362,28,11,24.166,,,47,48,48,FALSE,FALSE,FALSE,2,2,4,6,0,342,4200,16416,1500,-1500,0,0,38,15.245,94.3,5,999,999,999,999,999,999,999,999,2,1,0,0,0,1,2,1,1,0,0,8,1,0,0,-33522,0,6815,0,0,0,0,0,0,0,0,0,692.36,2099.58,2099.58,1815,1875,1148.7,TRUE,0,1815,-1875,2099.58,2099.58,1815,1827.75,1149.3,TRUE,0,1815,-1827.75,3630,-3702.75,FALSE,-1000,-1000,TRUE
2026-01-27T21:16:52Z,REV_TW1_U_21,5,TRUE,2,1,0,0,1984,0,0,-2000,8.6,,,-2000,8.6,0,0,,,,,3630,-3702,1.305,0.795,,,,18,,,,,2,,,,33.5,33.5,33.4,33.6,34800,34900,34700,,,,-2006,59.9989,11,,128627,113212,,,,,,12,0,0,0,0,0,0,0,0,,2,,1151.5,-1927.61,-1674,24.5,24.53,4021.92,3943.26,100,-3543,3911,-3702.4305,3630,,,0,0,0,0,0,0,,,3.386,3.343,3.361,28,11,24,,,47,48,48,FALSE,FALSE,FALSE,2,2,4,6,0,342,4200,16416,1500,-1500,0,0,38,15.245,94.3,5,999,999,999,999,999,999,999,999,2,1,0,0,0,1,2,1,1,0,0,8,1,0,0,-33522,0,6817,0,0,0,0,0,0,0,0,0,692.36,2100.21,2100.21,1815,1875,1148.6,TRUE,0,1815,-1875,2100.21,2100.21,1815,1827.43,1149.2,TRUE,0,1815,-1827.43,3630,-3702.43,FALSE,-1000,-1000,TRUE
2026-01-27T21:16:54Z,REV_TW1_U_21,5,TRUE,2,1,0,0,1984,0,0,-2000,6.302,,,-2000,6.302,0,0,,,,,3630,-3702,1.305,0.795,,,,18,,,,,2,,,,33.53,33.5,33.4,33.7,34800,34900,34700,,,,-2005,60.0032,12,,128628,113212,,,,,,12,0,0,0,0,0,0,0,0,,2,,1151.5,-1927.61,-1674,24.5,24.53,4021.92,3943.26,100,-3543,3911,-3702.4305,3630,,,0,0,0,0,0,0,,,3.385,3.343,3.361,28,11,24.166,,,47,48,48,FALSE,FALSE,FALSE,2,2,4,6,0,342,4200,16416,1500,-1500,0,0,38,15.245,94.3,5,999,999,999,999,999,999,999,999,2,1,0,0,0,1,2,1,1,0,0,8,1,0,0,-33522,0,6819,0,0,0,0,0,0,0,0,0,692.36,2099.79,2099.79,1815,1875,1148.5,TRUE,0,1815,-1875,2099.79,2099.79,1815,1827.27,1149.2,TRUE,0,1815,-1827.27,3630,-3702.27,FALSE,-1000,-1000,TRUE
2026-01-27T21:16:56Z,REV_TW1_U_21,5,TRUE,2,1,0,0,1984,0,0,-2000,5.015,,,-2000,5.015,0,0,,,,,3630,-3702,1.305,0.795,,,,18,,,,,2,,,,33.5,33.5,33.4,33.6,34800,34900,34700,,,,-2002,60.0093,9,,128628,113212,,,,,,12,0,0,0,0,0,0,0,0,,2,,1151.4,-1927.44,-1674,24.5,24.53,4021.92,3943.26,100,-3543,3911,-3702.2718,3630,,,0,0,0,0,0,0,,,3.385,3.343,3.36,28,11,24.166,,,47,48,48,FALSE,FALSE,FALSE,2,2,4,6,0,342,4200,16416,1500,-1500,0,0,38,15.245,94.3,5,999,999,999,999,999,999,999,999,2,1,0,0,0,1,2,1,1,0,0,8,1,0,0,-33522,0,6821,0,0,0,0,0,0,0,0,0,692.36,2099.58,2099.58,1815,1875,1148.5,TRUE,0,1815,-1875,2099.58,2099.58,1815,1827.27,1149.1,TRUE,0,1815,-1827.27,3630,-3702.27,FALSE,-1000,-1000,TRUE
2026-01-27T21:16:58Z,REV_TW1_U_21,5,TRUE,2,1,0,0,1984,0,0,-1800,5.015,,,-1800,5.015,0,0,,,,,3630,-3702,1.305,0.795,,,,18,,,,,2,,,,32.43,32.4,32.3,32.6,34800,34900,34700,,,,-1987,60.0105,16,,128631,113212,,,,,,12,0,0,0,0,0,0,0,0,,2,,1151.3,-1927.28,-1674,24.5,24.53,4021.92,3943.26,100,-3543,3911,-3702.1131,3630,,,0,0,0,0,0,0,,,3.385,3.343,3.36,28,11,24.166,,,47,48,48,FALSE,FALSE,FALSE,2,2,4,6,0,342,4200,16416,1500,-1500,0,0,38,15.245,94.3,5,999,999,999,999,999,999,999,999,2,1,0,0,0,1,2,1,1,0,0,8,1,0,0,-33522,0,6823,0,0,0,0,0,0,0,0,0,692.36,2097.69,2097.69,1815,1875,1148.3,TRUE,0,1815,-1875,2097.27,2097.27,1815,1827.11,1148.9,TRUE,0,1815,-1827.11,3630,-3702.11,FALSE,-900,-900,TRUE
2026-01-27T21:17:00Z,REV_TW1_U_21,5,TRUE,2,1,0,0,1984,0,0,-1800,5.015,,,-1800,5.015,0,0,,,,,3630,-3701,1.305,0.795,,,,18,,,,,2,,,,30.13,30.1,30,30.3,34800,34900,34700,,,,-1822,60.0014,10,,128631,113212,,,,,,12,0,0,0,0,0,0,0,0,,2,,1151.1,-1733.56,-1506,24.5,24.53,4021.92,3943.26,100,-3543,3911,-3701.7957,3630,,,0,0,0,0,0,0,,,3.383,3.342,3.36,28,11,24.166,,,47,48,48,FALSE,FALSE,FALSE,2,2,4,6,0,342,4200,16416,1500,-1500,0,0,38,15.245,94.3,5,999,999,999,999,999,999,999,999,2,1,0,0,0,1,2,1,1,0,0,8,1,0,0,-33522,0,6825,0,0,0,0,0,0,0,0,0,692.36,2100,2100,1815,1875,1147.8,TRUE,0,1815,-1875,2100,2100,1815,1826.8,1148.3,TRUE,0,1815,-1826.8,3630,-3701.8,FALSE,-900,-900,TRUE
2026-01-27T21:17:02Z,REV_TW1_U_21,5,TRUE,2,1,0,0,1984,0,0,-1800,2.462,,,-1800,2.721,0,0,,,,,3630,-3701,1.305,0.795,,,,18,,,,,2,,,,30.1,30.1,30,30.2,34800,34900,34700,,,,-1805,60.0027,8,,128632,113212,,,,,,12,0,0,0,0,0,0,0,0,,2,,1150.7,-1732.95,-1506,24.5,24.53,4021.92,3943.26,100,-3543,3911,-3701.1609,3630,,,0,0,0,0,0,0,,,3.382,3.342,3.359,28,11,24,,,47,48,48,FALSE,FALSE,FALSE,2,2,4,6,0,342,4200,16416,1500,-1500,0,0,38,15.245,94.3,5,999,999,999,999,999,999,999,999,2,1,0,0,0,1,2,1,1,0,0,8,1,0,0,-33522,0,6827,0,0,0,0,0,0,0,0,0,692.36,2098.74,2098.74,1815,1875,1147.7,TRUE,0,1815,-1875,2099.58,2099.58,1815,1826,1148.2,TRUE,0,1815,-1826,3630,-3701,FALSE,-900,-900,TRUE
2026-01-27T21:17:04Z,REV_TW1_U_21,5,TRUE,2,1,0,0,1984,0,0,-1800,2.462,,,-1800,2.462,0,0,,,,,3630,-3701,1.305,0.795,,,,18,,,,,2,,,,30.13,30.1,30.1,30.2,34800,34900,34700,,,,-1803,59.9988,8,,128632,113212,,,,,,12,0,0,0,0,0,0,0,0,,2,,1150.6,-1732.8,-1506,24.5,24.53,4021.92,3943.26,100,-3543,3911,-3701.0022,3630,,,0,0,0,0,0,0,,,3.381,3.342,3.358,28,11,24.166,,,47,48,48,FALSE,FALSE,FALSE,2,2,4,6,0,342,4200,16416,1500,-1500,0,0,38,15.245,94.3,5,999,999,999,999,999,999,999,999,2,1,0,0,0,1,2,1,1,0,0,8,1,0,0,-33522,0,6829,0,0,0,0,0,0,0,0,0,692.36,2097.69,2097.69,1815,1875,1147.6,TRUE,0,1815,-1875,2097.69,2097.69,1815,1826,1148.1,TRUE,0,1815,-1826,3630,-3701,FALSE,-900,-900,TRUE
2026-01-27T21:17:06Z,REV_TW1_U_21,5,TRUE,2,1,0,0,1984,0,0,-1800,2.462,,,-1800,2.462,0,0,,,,,3630,-3700,1.305,0.795,,,,18,,,,,2,,,,30.1,30.1,30,30.2,34800,34900,34700,,,,-1804,60.0035,8,,128635,113212,,,,,,12,0,0,0,0,0,0,0,0,,2,,1150.5,-1732.65,-1506,24.5,24.53,4021.92,3943.26,100,-3543,3911,-3700.8435,3630,,,0,0,0,0,0,0,,,3.382,3.341,3.358,28,11,24.166,,,47,48,48,FALSE,FALSE,FALSE,2,2,4,6,0,342,4200,16416,1500,-1500,0,0,38,15.245,92.5,4.6,999,999,999,999,999,999,999,999,2,1,0,0,0,1,2,1,1,0,0,8,1,0,0,-33522,0,6831,0,0,0,0,0,0,0,0,0,692.36,2100.21,2100.21,1815,1875,1147.6,TRUE,0,1815,-1875,2100,2100,1815,1825.84,1148.1,TRUE,0,1815,-1825.84,3630,-3700.84,FALSE,-900,-900,TRUE
2026-01-27T21:17:08Z,REV_TW1_U_21,5,TRUE,2,1,0,0,1984,0,0,-1800,2.462,,,-1800,2.462,0,0,,,,,3630,-3700,1.305,0.795,,,,18,,,,,2,,,,30.1,30.1,30,30.2,34800,34900,34700,,,,-1804,60.0039,10,,128635,113212,,,,,,12,0,0,0,0,0,0,0,0,,2,,1150.4,-1732.5,-1506,24.5,24.53,4021.92,3943.26,100,-3543,3911,-3700.6848,3630,,,0,0,0,0,0,0,,,3.381,3.341,3.358,28,11,24.166,,,47,48,48,FALSE,FALSE,FALSE,2,2,4,6,0,342,4200,16416,1500,-1500,0,0,38,15.245,92.5,4.6,999,999,999,999,999,999,999,999,2,1,0,0,0,1,2,1,1,0,0,8,1,0,0,-33522,0,6833,0,0,0,0,0,0,0,0,0,692.36,2100.84,2100.84,1815,1875,1147.5,TRUE,0,1815,-1875,2100.84,2100.84,1815,1825.68,1148,TRUE,0,1815,-1825.68,3630,-3700.68,FALSE,-900,-900,TRUE
2026-01-27T21:17:10Z,REV_TW1_U_21,5,TRUE,2,1,0,0,1984,0,0,-1800,2.462,,,-1800,2.462,0,0,,,,,3630,-3700,1.305,0.795,,,,18,,,,,2,,,,30.1,30.1,30,30.2,34800,34900,34700,,,,-1803,59.9964,7,,128636,113212,,,,,,12,0,0,0,0,0,0,0,0,,2,,1150.4,-1730.2,-1504,24.5,24.53,4021.92,3943.26,100,-3543,3911,-3700.6848,3630,,,0,0,0,0,0,0,,,3.381,3.341,3.358,28,11,24.166,,,47,48,48,FALSE,FALSE,FALSE,2,2,4,6,0,342,4200,16416,1500,-1500,0,0,38,15.245,92.5,4.6,999,999,999,999,999,999,999,999,2,1,0,0,0,1,2,1,1,0,0,8,1,0,0,-33522,0,6835,0,0,0,0,0,0,0,0,0,692.36,2099.79,2099.79,1815,1875,1147.4,TRUE,0,1815,-1875,2099.79,2099.79,1815,1825.68,1147.9,TRUE,0,1815,-1825.68,3630,-3700.68,FALSE,-900,-900,TRUE
2026-01-27T21:17:12Z,REV_TW1_U_21,5,TRUE,2,1,0,0,1984,0,0,-1800,1.184,,,-1800,1.438,0,0,,,,,3630,-3700,1.305,0.795,,,,18,,,,,2,,,,30.1,30.1,30,30.2,34800,34900,34700,,,,-1803,59.9856,8,,128636,113212,,,,,,12,0,0,0,0,0,0,0,0,,2,,1150.3,-1732.35,-1506,24.5,24.53,4021.92,3943.26,100,-3543,3911,-3700.5261,3630,,,0,0,0,0,0,0,,,3.381,3.341,3.358,28,11,24.166,,,47,48,48,FALSE,FALSE,FALSE,2,2,4,6,0,342,4200,16416,1500,-1500,0,0,38,15.245,92.5,4.6,999,999,999,999,999,999,999,999,2,1,0,0,0,1,2,1,1,0,0,8,1,0,0,-33522,0,6837,0,0,0,0,0,0,0,0,0,692.36,2098.32,2098.32,1815,1875,1147.4,TRUE,0,1815,-1875,2098.11,2098.11,1815,1825.53,1147.9,TRUE,0,1815,-1825.53,3630,-3700.53,FALSE,-900,-900,TRUE
2026-01-27T21:17:14Z,REV_TW1_U_21,5,TRUE,2,1,0,0,1984,0,0,-1600,-1.117,,,-1600,-1.117,0,0,,,,,3630,-3700,1.305,0.795,,,,18,,,,,2,,,,28.4,28.4,28.3,28.5,34800,34900,34700,,,,-1774,59.9868,11,,128639,113212,,,,,,12,0,0,0,0,0,0,0,0,,2,,1150.3,-1730.05,-1504,24.5,24.53,4021.92,3943.26,100,-3543,3911,-3700.5261,3630,,,0,0,0,0,0,0,,,3.38,3.341,3.357,28,11,24.166,,,47,48,48,FALSE,FALSE,FALSE,2,2,4,6,0,342,4200,16416,1500,-1500,0,0,38,15.245,92.5,4.6,999,999,999,999,999,999,999,999,2,1,0,0,0,1,2,1,1,0,0,8,1,0,0,-33522,0,6839,0,0,0,0,0,0,0,0,0,692.36,2097.9,2097.9,1815,1875,1147.3,TRUE,0,1815,-1875,2097.9,2097.9,1815,1825.37,1147.9,TRUE,0,1815,-1825.37,3630,-3700.37,FALSE,-800,-800,TRUE
2026-01-27T21:17:16Z,REV_TW1_U_21,5,TRUE,2,1,0,0,1984,0,0,-1480.349598,-1.37,,,-1480.349598,-1.37,0,0,,,,,3630,-3700,1.305,0.795,,,,18,,,,,2,,,,26.77,26.7,26.7,26.9,34800,34900,34700,,,,-1634,59.986,7,,128639,113212,,,,,,12,0,0,0,0,0,0,0,0,,2,,1150,-1576.65,-1371,24.5,24.53,4021.92,3943.26,100,-3543,3911,-3700.05,3630,,,0,0,0,0,0,0,,,3.38,3.34,3.357,28,11,24.166,,,47,48,48,FALSE,FALSE,FALSE,2,2,4,6,0,342,4200,16416,1500,-1500,0,0,38,15.245,92.5,4.6,999,999,999,999,999,999,999,999,2,1,0,0,0,1,2,1,1,0,0,8,1,0,0,-33523,0,6841,0,0,0,0,0,0,0,0,0,692.36,2098.95,2098.95,1815,1875,1146.7,TRUE,0,1815,-1875,2100.21,2100.21,1815,1825.05,1147.1,TRUE,0,1815,-1825.05,3630,-3700.05,FALSE,-740,-740,TRUE
2026-01-27T21:17:18Z,REV_TW1_U_21,5,TRUE,2,1,0,0,1984,0,0,-1400,-1.37,,,-1400,-1.37,0,0,,,,,3630,-3700,1.305,0.795,,,,18,,,,,2,,,,23.33,23.3,23.3,23.4,34800,34900,34700,,,,-1444,59.9863,5,,128639,113212,,,,,,12,0,0,0,0,0,0,0,0,,2,,1150,-1439.8,-1252,24.5,24.53,4021.92,3943.26,100,-3543,3911,-3700.05,3630,,,0,0,0,0,0,0,,,3.378,3.339,3.356,28,11,24.166,,,47,48,48,FALSE,FALSE,FALSE,2,2,4,6,0,342,4200,16416,1500,-1500,0,0,38,15.245,92.5,4.6,999,999,999,999,999,999,999,999,2,1,0,0,0,1,2,1,1,0,0,8,1,0,0,-33523,0,6843,0,0,0,0,0,0,0,0,0,692.36,2098.95,2098.95,1815,1875,1146.1,TRUE,0,1815,-1875,2098.95,2098.95,1815,1825.05,1146.4,TRUE,0,1815,-1825.05,3630,-3700.05,FALSE,-700,-700,TRUE
2026-01-27T21:17:20Z,REV_TW1_U_21,5,TRUE,2,1,0,0,1984,0,0,-1200,-1.37,,,-1200,-1.37,0,0,,,,,3630,-3700,1.305,0.795,,,,18,,,,,2,,,,21.4,21.4,21.3,21.5,34800,34900,34700,,,,-1366,59.9905,7,,128640,113212,,,,,,12,0,0,0,0,0,0,0,0,,2,,1150,-1440.95,-1253,24.5,24.53,4021.92,3943.26,100,-3543,3911,-3700.05,3630,,,0,0,0,0,0,0,,,3.377,3.338,3.355,28,11,24.166,,,47,48,48,FALSE,FALSE,FALSE,2,2,4,6,0,342,4200,16416,1500,-1500,0,0,38,15.245,92.5,4.6,999,999,999,999,999,999,999,999,2,1,0,0,0,1,2,1,1,0,0,8,1,0,0,-33523,0,6845,0,0,0,0,0,0,0,0,0,692.36,2098.32,2098.32,1815,1875,1145.7,TRUE,0,1815,-1875,2098.32,2098.32,1815,1825.05,1146,TRUE,0,1815,-1825.05,3630,-3700.05,FALSE,-600,-600,TRUE
2026-01-27T21:17:22Z,REV_TW1_U_21,5,TRUE,2,1,0,0,1984,0,0,-1200,-1.37,,,-1200,-1.37,0,0,,,,,3630,-3700,1.305,0.795,,,,18,,,,,2,,,,19.97,19.9,19.9,20.1,34800,34900,34700,,,,-1230,59.9904,3,,128640,113212,,,,,,12,0,0,0,0,0,0,0,0,,2,,1150,-1342.05,-1167,24.5,24.53,4021.92,3943.26,100,-3543,3911,-3700.05,3630,,,0,0,0,0,0,0,,,3.377,3.338,3.354,28,11,24.166,,,47,48,48,FALSE,FALSE,FALSE,2,2,4,6,0,342,4200,16416,1500,-1500,0,0,38,15.245,92.5,4.6,999,999,999,999,999,999,999,999,2,1,0,0,0,1,2,1,1,0,0,8,1,0,0,-33523,0,6846,0,0,0,0,0,0,0,0,0,692.36,2097.9,2097.9,1815,1875,1145.3,TRUE,0,1815,-1875,2097.9,2097.9,1815,1825.05,1145.5,TRUE,0,1815,-1825.05,3630,-3700.05,FALSE,-600,-600,TRUE
2026-01-27T21:17:24Z,REV_TW1_U_21,5,TRUE,2,1,0,0,1984,0,2,-1000,-1.37,,,0,-1.37,0,0,,,,,0,0,1.42,0.68,,,,18,,,,,2,,,,4.83,4.8,4.8,4.9,34800,34900,34700,,,,-885,59.9925,22,,128643,113212,,,,,,12,0,0,0,0,0,0,0,0,,2,,1144.7,-568.92,-497,13,26,4021.92,2134.08,100,-1956,1956,-1875,1815,,,0,0,0,0,0,0,,,3.367,3.337,3.347,28,11,24.166,,,47,48,48,FALSE,FALSE,FALSE,2,2,4,6,0,342,4200,16416,1500,-1500,0,0,38,15.245,92.5,4.6,999,999,999,999,999,999,999,999,2,1,0,0,0,1,2,1,1,0,0,8,1,0,0,-33523,0,6849,0,0,0,0,0,0,0,0,0,692.36,2100.21,2100.21,1815,1875,1145.1,TRUE,0,1815,-1875,2100.21,2100.21,1815,1825.05,1145.3,TRUE,0,1815,-1825.05,0,0,FALSE,0,0,TRUE
2026-01-27T21:17:26Z,REV_TW1_U_21,5,TRUE,2,1,0,0,1984,0,0,0,-1.37,,,0,-1.37,0,0,,,,,1815,-1875,1.42,0.68,,,,18,,,,,2,,,,1.73,1.8,1.7,1.7,34800,34900,34700,,,,-100,59.9827,4,,128643,113212,,,,,,12,0,0,0,0,0,0,0,0,,2,,1144.2,10.3,9,13,26,2134.08,2134.08,100,-1956,1956,-1875,1815,,,0,0,0,0,0,0,,,3.362,3.331,3.342,28,11,24.166,,,47,24,48,FALSE,FALSE,FALSE,2,2,4,6,0,342,4200,16416,1500,-1500,0,0,38,15.368,90.3,0.7,999,999,999,999,999,999,999,999,2,1,0,0,0,1,2,1,1,0,0,8,1,0,0,-33523,0,6851,0,0,0,0,0,0,0,0,0,692.36,2097.48,2097.48,1815,1875,1141.4,TRUE,0,1815,-1875,2097.48,2097.48,1815,1818.38,1141.1,TRUE,0,1815,-1818.38,3630,-3693.38,FALSE,0,0,TRUE
2026-01-27T21:17:28Z,REV_TW1_U_21,5,TRUE,2,1,0,0,1984,0,0,-650,-1.37,,,-650,-1.37,0,0,,,,,3630,-3691,1.305,0.795,,,,18,,,,,2,,,,1.4,1.4,1.4,1.4,34800,34900,34700,,,,-163,59.997,2,,128643,113212,,,,,,12,0,0,0,0,0,0,0,0,,2,,1145,26.34,23,24.5,24.53,2134.08,3943.26,100,-3543,3911,-3692.115,3630,,,0,0,0,0,0,0,,,3.364,3.331,3.344,28,11,24.166,,,47,24,48,FALSE,FALSE,FALSE,2,2,4,6,0,342,4200,16416,1500,-1500,0,0,38,15.368,90.3,0.7,999,999,999,999,999,999,999,999,2,1,0,0,0,1,2,1,1,0,0,8,1,0,0,-33523,0,6853,0,0,0,0,0,0,0,0,0,692.36,2099.37,2099.37,1815,1875,1141.8,TRUE,0,1815,-1875,2099.37,2099.37,1815,1816.96,1141.6,TRUE,0,1815,-1816.96,3630,-3691.96,FALSE,-325,-325,TRUE
2026-01-27T21:17:30Z,REV_TW1_U_21,5,TRUE,2,1,0,0,1984,0,0,0,-3.665,,,0,-3.665,0,0,,,,,3630,-3692,1.305,0.795,,,,18,,,,,2,,,,4.03,4.1,4,4,34800,34900,34700,,,,-302,59.9964,1,,128643,113212,,,,,,12,0,0,0,0,0,0,0,0,,2,,1145.1,-380.17,-332,24.5,24.53,2134.08,3943.26,100,-3543,3911,-3692.2737,3630,,,0,0,0,0,0,0,,,3.364,3.33,3.344,28,11,24.166,,,47,24,48,FALSE,FALSE,FALSE,2,2,4,6,0,342,4200,16416,1500,-1500,0,0,38,15.368,90.3,0.7,999,999,999,999,999,999,999,999,2,1,0,0,0,1,2,1,1,0,0,8,1,0,0,-33523,0,6855,0,0,0,0,0,0,0,0,0,692.36,2100.42,2100.42,1815,1875,1141.6,TRUE,0,1815,-1875,2100.42,2100.42,1815,1817.27,1141.4,TRUE,0,1815,-1817.27,3630,-3692.27,FALSE,0,0,TRUE
2026-01-27T21:17:32Z,REV_TW1_U_21,5,TRUE,2,1,0,0,1984,0,0,0,-3.665,,,0,-3.665,0,0,,,,,3630,-3692,1.305,0.795,,,,18,,,,,2,,,,0.6,0.6,0.6,0.6,34800,34900,34700,,,,-38,60.0003,0,,128643,113212,,,,,,12,0,0,0,0,0,0,0,0,,2,,1145.1,-5.73,-5,24.5,24.53,4021.92,3943.26,100,-3543,3911,-3692.2737,3630,,,0,0,0,0,0,0,,,3.364,3.329,3.343,28,11,24.166,,,47,48,48,FALSE,FALSE,FALSE,2,2,4,6,0,342,4200,16416,1500,-1500,0,0,38,15.368,90.3,0.7,999,999,999,999,999,999,999,999,2,1,0,0,0,1,2,1,1,0,0,8,1,0,0,-33523,0,6857,0,0,0,0,0,0,0,0,0,692.36,2098.53,2098.53,1815,1875,1140.7,TRUE,0,1815,-1875,2098.53,2098.53,1815,1817.27,1140.3,TRUE,0,1815,-1817.27,3630,-3692.27,FALSE,0,0,TRUE
2026-01-27T21:17:34Z,REV_TW1_U_21,5,TRUE,2,1,0,0,1984,0,0,0,-3.665,,,0,-3.665,0,0,,,,,3630,-3692,1.305,0.795,,,,18,,,,,2,,,,0.4,0.4,0.4,0.4,34800,34900,34700,,,,-9,60.0011,0,,128643,113212,,,,,,12,0,0,0,0,0,0,0,0,,2,,1145.1,-5.73,-5,24.5,24.53,4021.92,3943.26,100,-3543,3911,-3692.2737,3630,,,0,0,0,0,0,0,,,3.364,3.329,3.341,28,11,24.166,,,47,48,48,FALSE,FALSE,FALSE,2,2,4,6,0,342,4200,16416,1500,-1500,0,0,38,15.368,90.3,0.7,999,999,999,999,999,999,999,999,2,1,0,0,0,1,2,1,1,0,0,8,1,0,0,-33524,0,6859,0,0,0,0,0,0,0,0,0,692.36,2098.53,2098.53,1815,1875,1140.5,TRUE,0,1815,-1875,2098.53,2098.53,1815,1817.27,1140.1,TRUE,0,1815,-1817.27,3630,-3692.27,FALSE,0,0,TRUE
2026-01-27T21:17:36Z,REV_TW1_U_21,5,TRUE,2,1,0,0,1984,0,0,0,-3.665,,,0,-3.665,0,0,,,,,3630,-3692,1.305,0.795,,,,18,,,,,2,,,,0.4,0.4,0.4,0.4,34800,34900,34700,,,,-6,60.0027,0,,128643,113212,,,,,,12,0,0,0,0,0,0,0,0,,2,,1145.1,-5.73,-5,24.5,24.53,4021.92,3943.26,100,-3543,3911,-3692.2737,3630,,,0,0,0,0,0,0,,,3.358,3.328,3.34,28,11,24.166,,,47,48,48,FALSE,FALSE,FALSE,2,2,4,6,0,342,4200,16416,1500,-1500,0,0,38,15.368,90.3,0.7,999,999,999,999,999,999,999,999,2,1,0,0,0,1,2,1,1,0,0,8,1,0,0,-33524,0,6861,0,0,0,0,0,0,0,0,0,692.36,2099.79,2099.79,1815,1875,1140.2,TRUE,0,1815,-1875,2099.79,2099.79,1815,1817.27,1139.8,TRUE,0,1815,-1817.27,3630,-3692.27,FALSE,0,0,TRUE
2026-01-27T21:17:38Z,REV_TW1_U_21,5,TRUE,2,1,0,0,1984,0,0,0,-3.665,,,0,-3.665,0,0,,,,,0,0,1.305,0.795,,,,18,,,,,2,,,,0.33,0.3,0.3,0.4,34800,34900,34700,,,,-6,60.0008,0,,128643,113212,,,,,,12,0,0,0,0,0,0,0,0,,2,,1145.1,-5.73,-5,24.5,24.53,4021.92,3943.26,100,-3543,3911,-3692.2737,3630,,,0,0,0,0,0,0,,,3.358,3.327,3.34,28,11,24.166,,,47,48,48,FALSE,FALSE,FALSE,2,2,4,6,0,342,4200,16416,1500,-1500,0,0,38,15.368,90.3,0.7,999,99,999,999,999,999,999,999,2,1,0,0,0,1,2,1,1,0,0,8,1,0,0,-33524,0,6863,0,0,0,0,0,0,0,0,0,692.36,2100,2100,1815,1875,1140.1,TRUE,0,1815,-1875,2101.68,2101.68,1815,1817.27,1139.6,TRUE,0,1815,-1817.27,0,0,FALSE,0,0,TRUE
2026-01-27T21:17:40Z,REV_TW1_U_21,5,TRUE,2,1,0,0,1984,0,0,0,-3.665,,,0,-3.665,0,0,,,,,0,0,1.42,0.68,,,,18,,,,,2,,,,0.33,0.3,0.3,0.4,34900,34900,34700,,,,-5,60.0028,0,,128643,113212,,,,,,12,0,0,0,0,0,0,0,0,,2,,1140.6,11.41,10,13,26,4021.92,2134.08,100,-1956,1956,-1875,1815,,,0,0,0,0,0,0,,,3.348,3.327,3.335,28,11,24.166,,,47,48,48,FALSE,FALSE,FALSE,2,2,4,6,0,342,4200,16416,1500,-1500,0,0,38,15.368,90.3,0.7,999,99,999,999,999,999,999,999,2,1,0,0,0,1,2,1,1,0,0,8,1,0,0,-33524,0,6865,0,0,0,0,0,0,0,0,0,692.36,2100,2100,1815,1875,1140.1,TRUE,0,1815,-1875,2101.68,2101.68,1815,1817.27,1139.6,TRUE,0,1815,-1817.27,0,0,FALSE,0,0,TRUE
2026-01-27T21:17:42Z,REV_TW1_U_21,5,TRUE,2,1,0,0,1984,0,0,0,-3.665,,,0,-3.665,0,0,,,,,0,0,1.42,0.68,,,,18,,,,,2,,,,0.37,0.4,0.3,0.4,34800,34900,34700,,,,-5,60.0077,0,,128643,113212,,,,,,12,0,0,0,0,0,0,0,0,,2,,1140.4,11.4,10,13,26,2134.08,2134.08,100,-1956,1956,-1875,1815,,,0,0,0,0,0,0,,,3.348,3.327,3.334,28,11,24.166,,,47,24,48,FALSE,FALSE,FALSE,2,2,4,6,0,342,4200,16416,1500,-1500,0,0,38,15.368,90.3,0.7,999,99,999,999,999,999,999,999,2,1,0,0,0,1,2,1,1,0,0,8,1,0,0,-33524,0,6866,0,0,0,0,0,0,0,0,0,692.36,2100,2100,1815,1875,1140.1,TRUE,0,1815,-1875,2101.68,2101.68,1815,1817.27,1139.6,TRUE,0,1815,-1817.27,0,0,FALSE,0,0,TRUE
2026-01-27T21:17:44Z,REV_TW1_U_21,5,TRUE,2,1,0,0,1984,0,0,0,-3.665,,,0,-3.665,0,0,,,,,0,0,1.42,0.68,,,,18,,,,,2,,,,0.37,0.4,0.3,0.4,34800,34900,34700,,,,-4,60.0133,0,,128643,113212,,,,,,12,0,0,0,0,0,0,0,0,,2,,1140.3,11.4,10,13,26,2134.08,2134.08,100,-1956,1956,-1875,1815,,,0,0,0,0,0,0,,,3.348,3.326,3.334,28,11,24.166,,,47,24,48,FALSE,FALSE,FALSE,2,2,4,6,0,342,4200,16416,1500,-1500,0,0,38,15.368,90.3,0.7,999,999,999,999,999,999,999,999,2,1,0,0,0,1,2,1,1,0,0,8,1,0,0,-33524,0,6869,0,0,0,0,0,0,0,0,0,692.36,2100,2100,1815,1875,1140.1,TRUE,0,1815,-1875,2101.68,2101.68,1815,1817.27,1139.6,TRUE,0,1815,-1817.27,0,0,FALSE,0,0,TRUE
2026-01-27T21:17:46Z,REV_TW1_U_21,5,TRUE,2,1,0,0,1984,0,0,0,-3.665,,,0,-3.665,0,0,,,,,0,0,1.42,0.68,,,,18,,,,,2,,,,0.33,0.3,0.3,0.4,34900,34900,34700,,,,-4,60.0135,1,,128643,113212,,,,,,12,0,0,0,0,0,0,0,0,,2,,1140.2,11.4,10,13,26,2134.08,2134.08,100,-1956,1956,-1875,1815,,,0,0,0,0,0,0,,,3.347,3.326,3.334,28,11,24.166,,,47,24,48,FALSE,FALSE,FALSE,2,2,4,6,0,342,4200,16416,1500,-1500,0,0,38,15.368,84.7,0.4,999,99,999,999,999,999,999,999,2,1,0,0,0,1,2,1,1,0,0,8,1,0,0,-33524,0,6871,0,0,0,0,0,0,0,0,0,692.36,2100,2100,1815,1875,1140.1,TRUE,0,1815,-1875,2101.68,2101.68,1815,1817.27,1139.6,TRUE,0,1815,-1817.27,0,0,FALSE,0,0,TRUE
2026-01-27T21:17:48Z,REV_TW1_U_21,5,TRUE,2,1,0,0,1984,0,0,0,-3.665,,,0,-3.665,0,0,,,,,0,0,1.42,0.68,,,,18,,,,,2,,,,0.33,0.3,0.3,0.4,34900,34900,34700,,,,-4,60.0156,2,,128643,113212,,,,,,12,0,0,0,0,0,0,0,0,,2,,1140,11.4,10,13,26,2134.08,2134.08,100,-1956,1956,-1875,1815,,,0,0,0,0,0,0,,,3.346,3.325,3.333,28,11,24.166,,,47,24,48,FALSE,FALSE,FALSE,2,2,4,6,0,342,4200,16416,1500,-1500,0,0,38,15.368,84.7,0.4,999,999,999,999,999,999,999,999,2,1,0,0,0,1,2,1,1,0,0,8,1,0,0,-33524,0,6873,0,0,0,0,0,0,0,0,0,692.36,2100,2100,1815,1875,1140.1,TRUE,0,1815,-1875,2101.68,2101.68,1815,1817.27,1139.6,TRUE,0,1815,-1817.27,0,0,FALSE,0,0,TRUE
2026-01-27T21:17:50Z,REV_TW1_U_21,5,TRUE,2,1,0,0,1984,0,0,0,-3.665,,,0,-3.665,0,0,,,,,0,0,1.42,0.68,,,,18,,,,,2,,,,0.33,0.3,0.3,0.4,34800,34900,34700,,,,-4,60.0225,3,,128643,113212,,,,,,12,0,0,0,0,0,0,0,0,,2,,1139.9,11.4,10,13,26,2134.08,2134.08,100,-1956,1956,-1875,1815,,,0,0,0,0,0,0,,,3.346,3.325,3.333,28,11,24.166,,,47,24,48,FALSE,FALSE,FALSE,2,2,4,6,0,342,4200,16416,1500,-1500,0,0,38,15.368,84.7,0.4,999,99,999,999,999,999,999,999,2,1,0,0,0,1,2,1,1,0,0,8,1,0,0,-33525,0,6875,0,0,0,0,0,0,0,0,0,692.36,2100,2100,1815,1875,1140.1,TRUE,0,1815,-1875,2101.68,2101.68,1815,1817.27,1139.6,TRUE,0,1815,-1817.27,0,0,FALSE,0,0,TRUE
2026-01-27T21:17:52Z,REV_TW1_U_21,5,TRUE,2,1,0,0,1984,0,0,0,-3.665,,,0,-3.665,0,0,,,,,0,0,1.42,0.68,,,,18,,,,,2,,,,0.33,0.3,0.3,0.4,34900,34900,34700,,,,-4,60.0214,3,,128643,113212,,,,,,12,0,0,0,0,0,0,0,0,,2,,1139.8,11.4,10,13,26,2134.08,2134.08,100,-1956,1956,-1875,1815,,,0,0,0,0,0,0,,,3.346,3.325,3.332,28,11,24.166,,,47,24,48,FALSE,FALSE,FALSE,2,2,4,6,0,342,4200,16416,1500,-1500,0,0,38,15.368,84.7,0.4,999,99,999,999,999,999,999,999,2,1,0,0,0,1,2,1,1,0,0,8,1,0,0,-33525,0,6877,0,0,0,0,0,0,0,0,0,692.36,2100,2100,1815,1875,1140.1,TRUE,0,1815,-1875,2101.68,2101.68,1815,1817.27,1139.6,TRUE,0,1815,-1817.27,0,0,FALSE,0,0,TRUE
2026-01-27T21:17:54Z,REV_TW1_U_21,5,TRUE,2,1,0,0,1984,0,0,0,-3.665,,,0,-3.665,0,0,,,,,0,0,1.42,0.68,,,,18,,,,,2,,,,0.33,0.3,0.3,0.4,34900,34900,34700,,,,-4,60.0238,4,,128643,113212,,,,,,12,0,0,0,0,0,0,0,0,,2,,1139.6,11.4,10,13,26,2134.08,2134.08,100,-1956,1956,-1875,1815,,,0,0,0,0,0,0,,,3.345,3.324,3.332,28,11,24.166,,,47,24,48,FALSE,FALSE,FALSE,2,2,4,6,0,342,4200,16416,1500,-1500,0,0,38,15.368,84.7,0.4,999,999,999,999,999,999,999,999,2,1,0,0,0,1,2,1,1,0,0,8,1,0,0,-33525,0,6879,0,0,0,0,0,0,0,0,0,692.36,2100,2100,1815,1875,1140.1,TRUE,0,1815,-1875,2101.68,2101.68,1815,1817.27,1139.6,TRUE,0,1815,-1817.27,0,0,FALSE,0,0,TRUE
2026-01-27T21:17:56Z,REV_TW1_U_21,5,TRUE,2,1,0,0,1984,0,0,0,-3.665,,,0,-3.665,0,0,,,,,0,0,1.42,0.68,,,,18,,,,,2,,,,0.33,0.3,0.3,0.4,34900,34900,34700,,,,-4,60.0155,5,,128643,113212,,,,,,12,0,0,0,0,0,0,0,0,,2,,1139.6,11.4,10,13,26,2134.08,2134.08,100,-1956,1956,-1875,1815,,,0,0,0,0,0,0,,,3.345,3.324,3.332,28,11,24.166,,,47,24,48,FALSE,FALSE,FALSE,2,2,4,6,0,342,4200,16416,1500,-1500,0,0,38,15.368,84.7,0.4,999,999,999,999,999,999,999,999,2,1,0,0,0,1,2,1,1,0,0,8,1,0,0,-33525,0,6881,0,0,0,0,0,0,0,0,0,692.36,2100,2100,1815,1875,1140.1,TRUE,0,1815,-1875,2101.68,2101.68,1815,1817.27,1139.6,TRUE,0,1815,-1817.27,0,0,FALSE,0,0,TRUE
2026-01-27T21:17:58Z,REV_TW1_U_21,5,TRUE,2,1,0,0,1984,0,0,0,-3.665,,,0,-3.665,0,0,,,,,0,0,1.42,0.68,,,,18,,,,,2,,,,0.33,0.3,0.3,0.4,34800,34900,34700,,,,-4,60.0161,5,,128643,113212,,,,,,12,0,0,0,0,0,0,0,0,,2,,1139.5,11.39,10,13,26,2134.08,2134.08,100,-1956,1956,-1875,1815,,,0,0,0,0,0,0,,,3.345,3.324,3.332,28,11,24.166,,,47,24,48,FALSE,FALSE,FALSE,2,2,4,6,0,342,4200,16416,1500,-1500,0,0,38,15.368,84.7,0.4,999,999,999,999,999,999,999,999,2,1,0,0,0,1,2,1,1,0,0,8,1,0,0,-33525,0,6883,0,0,0,0,0,0,0,0,0,692.36,2100,2100,1815,1875,1140.1,TRUE,0,1815,-1875,2101.68,2101.68,1815,1817.27,1139.6,TRUE,0,1815,-1817.27,0,0,FALSE,0,0,TRUE
2026-01-27T21:18:00Z,REV_TW1_U_21,5,TRUE,2,1,0,0,1984,0,0,0,-3.665,,,0,-3.665,0,0,,,,,0,0,1.42,0.68,,,,18,,,,,2,,,,0.33,0.3,0.3,0.4,34800,34900,34700,,,,-4,60.0141,6,,128643,113212,,,,,,12,0,0,0,0,0,0,0,0,,2,,1139.3,11.39,10,13,26,2134.08,2134.08,100,-1956,1956,-1875,1815,,,0,0,0,0,0,0,,,3.345,3.324,3.331,28,11,24.166,,,47,24,48,FALSE,FALSE,FALSE,2,2,4,6,0,342,4200,16416,1500,-1500,0,0,38,15.368,84.7,0.4,999,99,999,999,999,999,999,999,2,1,0,0,0,1,2,1,1,0,0,8,1,0,0,-33525,0,6885,0,0,0,0,0,0,0,0,0,692.36,2100,2100,1815,1875,1140.1,TRUE,0,1815,-1875,2101.68,2101.68,1815,1817.27,1139.6,TRUE,0,1815,-1817.27,0,0,FALSE,0,0,TRUE
2026-01-27T21:18:02Z,REV_TW1_U_21,5,TRUE,2,1,0,0,1984,0,0,0,-3.665,,,0,-3.665,0,0,,,,,0,0,1.42,0.68,,,,18,,,,,2,,,,0.33,0.3,0.3,0.4,34800,34900,34700,,,,-4,60.0154,6,,128643,113212,,,,,,12,0,0,0,0,0,0,0,0,,2,,1139.3,11.39,10,13,26,2134.08,2134.08,100,-1956,1956,-1875,1815,,,0,0,0,0,0,0,,,3.345,3.323,3.331,28,11,24.166,,,47,24,48,FALSE,FALSE,FALSE,2,2,4,6,0,342,4200,16416,1500,-1500,0,0,38,15.368,84.7,0.4,999,99,999,999,999,999,999,999,2,1,0,0,0,1,2,1,1,0,0,8,1,0,0,-33525,0,6887,0,0,0,0,0,0,0,0,0,692.36,2100,2100,1815,1875,1140.1,TRUE,0,1815,-1875,2101.68,2101.68,1815,1817.27,1139.6,TRUE,0,1815,-1817.27,0,0,FALSE,0,0,TRUE
2026-01-27T21:18:04Z,REV_TW1_U_21,5,TRUE,2,1,0,0,1984,0,0,0,-3.665,,,0,-3.665,0,0,,,,,0,0,1.42,0.68,,,,18,,,,,2,,,,0.4,0.4,0.4,0.4,34800,34900,34700,,,,-4,60.0072,5,,128643,113212,,,,,,12,0,0,0,0,0,0,0,0,,2,,1139.2,11.39,10,13,26,2134.08,2134.08,100,-1956,1956,-1875,1815,,,0,0,0,0,0,0,,,3.344,3.323,3.331,28,11,24.166,,,47,24,48,FALSE,FALSE,FALSE,2,2,4,6,0,342,4200,16416,1500,-1500,0,0,38,15.368,84.7,0.4,999,999,999,999,999,999,999,999,2,1,0,0,0,1,2,1,1,0,0,8,1,0,0,-33525,0,6889,0,0,0,0,0,0,0,0,0,692.36,2100,2100,1815,1875,1140.1,TRUE,0,1815,-1875,2101.68,2101.68,1815,1817.27,1139.6,TRUE,0,1815,-1817.27,0,0,FALSE,0,0,TRUE
2026-01-27T21:18:06Z,REV_TW1_U_21,5,TRUE,2,1,0,0,1984,0,0,0,-3.665,,,0,-3.665,0,0,,,,,3630,-3686,1.305,0.795,,,,18,,,,,2,,,,0.37,0.4,0.3,0.4,34800,34900,34700,,,,-4,60.0036,6,,128643,113212,,,,,,12,0,0,0,0,0,0,0,0,,2,,1141.6,26.26,23,24.5,24.53,4021.92,3943.26,100,-3543,3911,-3686.7192,3630,,,0,0,0,0,0,,,,3.348,3.323,3.334,28,11,24.166,,,47,48,48,FALSE,FALSE,FALSE,2,2,4,6,0,342,4200,16416,1500,-1500,0,0,38,15.368,84,3.4,999,999,999,999,999,999,999,99,2,1,0,0,0,1,2,1,1,0,0,8,1,0,0,-33526,0,6891,0,0,0,0,0,0,0,0,0,692.36,2101.05,2101.05,1815,1875,1138.5,TRUE,0,1815,-1875,2101.05,2101.05,1815,1811.72,1137.8,TRUE,0,1815,-1811.72,3630,-3686.72,FALSE,0,0,TRUE
2026-01-27T21:18:08Z,REV_TW1_U_21,6,TRUE,4,1,0,0,2016,0,0,0,0,,,0,0,0,0,,,,,3630,-3686,1.305,0.795,,,,18,,,,,3,,,,0.3,0.3,0.3,0.3,34800,34900,34700,,,,-4,60.0025,7,,128643,113212,,,,,,13,0,0,0,0,0,0,0,0,,2,,1141.6,26.26,23,24.5,24.53,4021.92,3943.26,100,-3543,3911,-3686.7192,3630,,,0,0,0,0,0,,,,3.347,3.323,3.333,28,24,26.166,,,47,48,48,FALSE,TRUE,FALSE,2,2,3,6,0,342,4200,16416,1500,-1500,0,0,38,15.368,84,3.4,999,999,999,999,999,999,999,99,2,1,0,0,0,1,2,1,1,0,0,8,1,0,0,-33526,0,6893,0,0,0,0,0,0,0,0,0,692.36,2100,2100,1815,1875,1138.5,TRUE,0,1815,-1875,2101.05,2101.05,1815,1811.72,1137.8,TRUE,0,1815,-1811.72,3630,-3686.72,FALSE,0,0,TRUE
2026-01-27T21:18:10Z,REV_TW1_U_21,6,TRUE,4,1,0,0,2016,0,0,0,0,,,0,0,0,0,,,,,3630,-3686,1.305,0.795,,,,18,,,,,0,,,,0,0,0,0,34900,34900,34700,,,,0,60.002,0,,128643,113212,,,,,,9,0,0,0,0,0,0,0,0,,2,,1141.4,13.7,12,24.5,24.53,4021.92,3943.26,100,-3543,3911,-3686.4018,3630,,,0,0,0,0,0,,,,3.347,3.323,3.333,28,24,26.166,,,47,48,48,FALSE,TRUE,FALSE,0,2,3,6,0,342,4200,16416,1500,-1500,0,0,38,15.368,84,3.4,999,999,999,999,999,999,999,99,2,1,0,0,0,1,2,1,1,0,0,8,1,0,0,-33526,0,6895,0,0,0,0,0,0,0,0,0,692.36,2100,2100,1815,1875,1138.5,TRUE,0,1815,-1875,2101.05,2101.05,1815,1811.72,1137.8,TRUE,0,1815,-1811.72,3630,-3686.72,FALSE,0,0,TRUE
2026-01-27T21:18:12Z,REV_TW1_U_21,6,TRUE,4,1,0,0,2016,0,0,0,0,,,0,0,0,0,,,,,3630,-3686,1.305,0.795,,,,18,,,,,0,,,,0,0,0,0,34800,34900,34700,,,,0,59.9995,0,,128643,113212,,,,,,9,0,0,0,0,0,0,0,0,,2,,1141.4,9.13,8,24.5,23,4021.92,707.94,100,-1380,1700,-1575.132,1815,,,0,0,0,0,0,,,,3.347,3.329,3.337,28,24,26.166,,,34,48,48,FALSE,TRUE,FALSE,0,2,3,6,0,342,4200,16416,1500,-1500,0,0,38,15.368,84,3.4,999,999,999,999,999,999,999,999,2,1,0,0,0,1,2,1,1,0,0,8,1,0,0,-33526,0,6897,0,0,0,0,0,0,0,0,0,692.36,2100,2100,1815,1875,1138.5,TRUE,0,1815,-1875,2101.05,2101.05,1815,1811.72,1137.8,TRUE,0,1815,-1811.72,3630,-3686.72,FALSE,0,0,TRUE
2026-01-27T21:18:14Z,REV_TW1_U_21,6,TRUE,4,1,0,0,2016,0,0,0,0,,,0,0,0,0,,,,,3630,-3686,1.305,0.795,,,,18,,,,,0,,,,0,0,0,0,34800,34900,34700,,,,0,59.9973,0,,128643,113212,,,,,,9,0,0,0,0,0,0,0,0,,2,,1141.6,0,0,24.5,23,4021.92,157.32,100,-285,300,-325.356,322.48,,,0,0,0,0,0,,,,,,,28,24,26.166,,,34,48,48,FALSE,TRUE,FALSE,0,2,3,6,0,342,4200,16416,1500,-1500,0,0,38,15.368,84,3.4,999,999,999,999,999,999,999,999,2,1,0,0,0,1,2,1,1,0,0,8,1,0,0,-33526,0,6899,0,0,0,0,0,0,0,0,0,692.36,2100,2100,1815,1875,1138.5,TRUE,0,1815,-1875,2101.05,2101.05,1815,1811.72,1137.8,TRUE,0,1815,-1811.72,3630,-3686.72,FALSE,0,0,TRUE
2026-01-27T21:18:16Z,REV_TW1_U_21,6,TRUE,4,1,0,0,2016,0,0,0,0,,,0,0,0,0,,,,,3630,-3686,1.3,0.8,,,,18,,,,,0,,,,0,0,0,0,34800,34900,34700,,,,0,59.9963,0,,128643,113212,,,,,,9,0,0,0,0,0,0,0,0,,2,,1141.6,0,0,25,0,4104,0,100,-40,40,-45.664,25.664,,,0,0,0,0,0,0,,,,,,28,24,26.166,,,0,48,48,FALSE,TRUE,FALSE,0,2,3,6,0,342,4200,16416,1500,-1500,0,0,38,15.368,84,3.4,999,999,999,999,999,999,999,999,2,1,0,0,0,1,2,1,1,0,0,8,1,0,0,-33526,0,6901,0,0,0,0,0,0,0,0,0,692.36,2100,2100,1815,1875,1138.5,TRUE,0,1815,-1875,2101.05,2101.05,1815,1811.72,1137.8,TRUE,0,1815,-1811.72,3630,-3686.72,FALSE,0,0,TRUE
2026-01-27T21:18:18Z,REV_TW1_U_21,6,TRUE,4,1,0,0,2016,0,0,0,0,,,0,0,0,0,,,,,3630,-3686,1.29,0.81,,,,18,,,,,0,,,,0,0,0,0,34800,34900,34700,,,,0,60.0003,0,,128643,113212,,,,,,9,0,0,0,0,0,0,0,0,,0,,0,0,0,26,0,4104,0,100,0,0,0,0,,,0,0,0,0,0,0,,,,,,28,11,24.166,,,0,48,48,FALSE,FALSE,FALSE,0,2,4,6,0,342,4200,16416,1500,-1500,0,0,38,15.368,84,3.4,999,999,999,999,999,999,999,999,2,1,0,0,0,1,2,1,1,0,0,8,1,0,0,-33526,0,6903,0,0,0,0,0,0,0,0,0,692.36,2100,2100,1815,1875,1138.5,TRUE,0,1815,-1875,2101.05,2101.05,1815,1811.72,1137.8,TRUE,0,1815,-1811.72,3630,-3686.72,FALSE,0,0,TRUE
2026-01-27T21:18:20Z,REV_TW1_U_21,6,TRUE,4,1,0,0,2016,0,0,0,0,,,0,0,0,0,,,,,3630,-3686,1.29,0.81,,,,18,,,,,0,,,,0,0,0,0,34800,34900,34700,,,,0,60.003,0,,128643,113212,,,,,,9,0,0,0,0,0,0,0,0,,0,,0,0,0,26,0,4104,0,100,0,0,0,0,,,0,0,0,0,0,0,,,,,,28,11,24.166,,,0,48,48,FALSE,FALSE,FALSE,0,2,4,6,0,342,4200,16416,1500,-1500,0,0,38,15.368,84,3.4,999,999,999,999,999,999,999,999,2,1,0,0,0,1,2,1,1,0,0,8,1,0,0,-33526,0,6904,0,0,0,0,0,0,0,0,0,692.36,2100,2100,1815,1875,1138.5,TRUE,0,1815,-1875,2101.05,2101.05,1815,1811.72,1137.8,TRUE,0,1815,-1811.72,3630,-3686.72,FALSE,0,0,TRUE
2026-01-27T21:18:22Z,REV_TW1_U_21,6,TRUE,4,1,0,0,2016,0,0,0,0,,,0,0,0,0,,,,,3630,-3686,1.295,0.805,,,,18,,,,,0,,,,0,0,0,0,34800,34900,34700,,,,0,60.0038,0,,128643,113212,,,,,,9,0,0,0,0,0,0,0,0,,0,,0,0,0,25.5,0,4186.08,0,100,0,0,0,0,,,0,0,0,0,0,0,,,,,,28,11,24.166,,,0,48,48,FALSE,FALSE,FALSE,0,2,4,6,0,342,4200,16416,1500,-1500,0,0,38,15.368,84,3.4,999,999,999,999,999,999,999,999,2,1,0,0,0,1,2,1,1,0,0,8,1,0,0,-33526,0,6907,0,0,0,0,0,0,0,0,0,692.36,2100,2100,1815,1875,1138.5,TRUE,0,1815,-1875,2101.05,2101.05,1815,1811.72,1137.8,TRUE,0,1815,-1811.72,3630,-3686.72,FALSE,0,0,TRUE
2026-01-27T21:18:24Z,REV_TW1_U_21,6,TRUE,4,1,0,0,2016,0,0,0,0,,,0,0,0,0,,,,,3630,-3686,1.3,0.8,,,,18,,,,,0,,,,0,0,0,0,34800,34900,34700,,,,0,60.0027,0,,128643,113212,,,,,,9,0,0,0,0,0,0,0,0,,0,,0,0,0,25,0,4186.08,0,100,0,0,0,0,,,0,0,0,0,0,0,,,,,,28,11,24.166,,,0,48,48,FALSE,FALSE,FALSE,0,2,4,6,0,342,4200,16416,1500,-1500,0,0,38,15.368,84,3.4,999,999,999,999,999,999,999,999,2,1,0,0,0,1,2,1,1,0,0,8,1,0,0,-33526,0,6909,0,0,0,0,0,0,0,0,0,692.36,2100,2100,1815,1875,1138.5,TRUE,0,1815,-1875,2101.05,2101.05,1815,1811.72,1137.8,TRUE,0,1815,-1811.72,3630,-3686.72,FALSE,0,0,TRUE
2026-01-27T21:18:26Z,REV_TW1_U_21,6,TRUE,4,1,0,0,2016,0,0,0,0,,,0,0,0,0,,,,,3630,-3686,1.3,0.8,,,,18,,,,,0,,,,0,0,0,0,34800,34900,34700,,,,0,60.0046,0,,128643,113212,,,,,,9,0,0,0,0,0,0,0,0,,0,,0,0,0,25,0,4104,0,100,0,0,0,0,,,0,0,0,0,0,0,,,,,,28,11,24.166,,,0,48,48,FALSE,FALSE,FALSE,0,2,4,6,0,342,4200,16416,1500,-1500,0,0,55,19.391,83,0,999,999,999,999,999,999,999,999,2,1,0,0,0,1,2,1,1,0,0,8,1,0,0,-33526,0,6910,0,0,0,0,0,0,0,0,0,692.36,2100,2100,1815,1875,1138.5,TRUE,0,1815,-1875,2101.05,2101.05,1815,1811.72,1137.8,TRUE,0,1815,-1811.72,3630,-3686.72,FALSE,0,0,TRUE
2026-01-27T21:18:28Z,REV_TW1_U_21,6,TRUE,4,1,0,0,2016,0,0,0,0,,,0,0,0,0,,,,,3630,-3686,1.3,0.8,,,,18,,,,,0,,,,0,0,0,0,34800,34900,34700,,,,0,60.0068,0,,128643,113212,,,,,,9,0,0,0,0,0,0,0,0,,0,,0,0,0,25,0,4104,0,100,0,0,0,0,,,0,0,0,0,0,0,,,,,,28,11,24.166,,,0,48,48,FALSE,FALSE,FALSE,0,2,4,6,0,342,4200,16416,1500,-1500,0,0,55,19.391,83,0,999,999,999,999,999,999,999,999,2,1,0,0,0,1,2,1,1,0,0,8,1,0,0,-33526,0,6913,0,0,0,0,0,0,0,0,0,692.36,2100,2100,1815,1875,1138.5,TRUE,0,1815,-1875,2101.05,2101.05,1815,1811.72,1137.8,TRUE,0,1815,-1811.72,3630,-3686.72,FALSE,0,0,TRUE
2026-01-27T21:18:30Z,REV_TW1_U_21,6,TRUE,4,1,0,0,2016,0,0,0,0,,,0,0,0,0,,,,,3630,-3686,1.3,0.8,,,,18,,,,,0,,,,0,0,0,0,34800,34900,34700,,,,0,60.0039,0,,128643,113212,,,,,,9,0,0,0,0,0,0,0,0,,0,,0,0,0,25,0,4104,0,100,0,0,0,0,,,0,0,0,0,0,0,,,,,,28,11,24.166,,,0,48,48,FALSE,FALSE,FALSE,0,2,4,6,0,342,4200,16416,1500,-1500,0,0,55,19.391,83,0,999,999,999,999,999,999,999,999,2,1,0,0,0,1,2,1,1,0,0,8,1,0,0,-33526,0,6914,0,0,0,0,0,0,0,0,0,692.36,2100,2100,1815,1875,1138.5,TRUE,0,1815,-1875,2101.05,2101.05,1815,1811.72,1137.8,TRUE,0,1815,-1811.72,3630,-3686.72,FALSE,0,0,TRUE
2026-01-27T21:18:32Z,REV_TW1_U_21,6,TRUE,4,1,0,0,2016,0,0,0,0,,,0,0,0,0,,,,,3630,-3686,1.32,0.78,,,,18,,,,,0,,,,0,0,0,0,34800,34900,34700,,,,0,60.0066,0,,128643,113212,,,,,,9,0,0,0,0,0,0,0,0,,0,,0,0,0,23,0,3775.68,0,100,0,0,0,0,,,0,0,0,0,0,0,,,,,,28,11,24.166,,,0,48,48,FALSE,FALSE,FALSE,0,2,4,6,0,342,4200,16416,1500,-1500,0,0,55,19.391,83,0,999,999,999,999,999,999,999,999,2,1,0,0,0,1,2,1,1,0,0,8,1,0,0,-33526,0,6917,0,0,0,0,0,0,0,0,0,692.36,2100,2100,1815,1875,1138.5,TRUE,0,1815,-1875,2101.05,2101.05,1815,1811.72,1137.8,TRUE,0,1815,-1811.72,3630,-3686.72,FALSE,0,0,TRUE
2026-01-27T21:18:34Z,REV_TW1_U_21,6,TRUE,4,1,0,0,2016,0,0,0,0,,,0,0,0,0,,,,,3630,-3686,1.32,0.78,,,,18,,,,,0,,,,0,0,0,0,34800,34900,34700,,,,0,60.0065,0,,128643,113212,,,,,,9,0,0,0,0,0,0,0,0,,0,,0,0,0,23,0,3775.68,0,100,0,0,0,0,,,0,0,0,0,0,0,,,,,,28,11,24.166,,,0,48,48,FALSE,FALSE,FALSE,0,2,4,6,0,342,4200,16416,1500,-1500,0,0,55,19.391,83,0,999,999,999,999,999,999,999,999,2,1,0,0,0,1,2,1,1,0,0,8,1,0,0,-33526,0,6919,0,0,0,0,0,0,0,0,0,692.36,2100,2100,1815,1875,1138.5,TRUE,0,1815,-1875,2101.05,2101.05,1815,1811.72,1137.8,TRUE,0,1815,-1811.72,3630,-3686.72,FALSE,0,0,TRUE
2026-01-27T21:18:36Z,REV_TW1_U_21,6,TRUE,4,1,0,0,2016,0,0,0,0,,,0,0,0,0,,,,,3630,-3686,1.32,0.78,,,,18,,,,,0,,,,0,0,0,0,34900,34900,34700,,,,0,60.0139,0,,128643,113212,,,,,,9,0,0,0,0,0,0,0,0,,0,,0,0,0,23,0,3775.68,0,100,0,0,0,0,,,0,0,0,0,0,0,,,,,,28,11,24.166,,,0,48,48,FALSE,FALSE,FALSE,0,2,4,6,0,342,4200,16416,1500,-1500,0,0,55,19.391,83,0,999,99,999,999,999,999,999,999,2,1,0,0,0,1,2,1,1,0,0,8,1,0,0,-33526,0,6920,0,0,0,0,0,0,0,0,0,692.36,2100,2100,1815,1875,1138.5,TRUE,0,1815,-1875,2101.05,2101.05,1815,1811.72,1137.8,TRUE,0,1815,-1811.72,3630,-3686.72,FALSE,0,0,TRUE
2026-01-27T21:18:38Z,REV_TW1_U_21,6,TRUE,4,1,0,0,2016,0,0,0,0,,,0,0,0,0,,,,,3630,-3686,1.42,0.68,,,,18,,,,,0,,,,0,0,0,0,34900,34900,34700,,,,0,60.0141,0,,128643,113212,,,,,,9,0,0,0,0,0,0,0,0,,0,,0,0,0,13,0,3775.68,0,100,0,0,0,0,,,0,0,0,0,0,0,,,,,,28,11,24.166,,,0,48,48,FALSE,FALSE,FALSE,0,2,4,6,0,342,4200,16416,1500,-1500,0,0,55,19.391,83,0,999,99,999,999,999,999,999,999,2,1,0,0,0,1,2,1,1,0,0,8,1,0,0,-33526,0,6923,0,0,0,0,0,0,0,0,0,692.36,2100,2100,1815,1875,1138.5,TRUE,0,1815,-1875,2101.05,2101.05,1815,1811.72,1137.8,TRUE,0,1815,-1811.72,3630,-3686.72,FALSE,0,0,TRUE
2026-01-27T21:18:40Z,REV_TW1_U_21,6,TRUE,4,1,0,0,2016,0,0,0,0,,,0,0,0,0,,,,,3630,-3686,1.42,0.68,,,,18,,,,,0,,,,0,0,0,0,34800,34900,34700,,,,0,60.0177,0,,128643,113212,,,,,,9,0,0,0,0,0,0,0,0,,0,,0,0,0,13,0,3775.68,0,100,0,0,0,0,,,0,0,0,0,0,0,,,,,,28,11,24.166,,,0,48,48,FALSE,FALSE,FALSE,0,2,4,6,0,342,4200,16416,1500,-1500,0,0,55,19.391,83,0,999,999,999,999,999,999,999,999,2,1,0,0,0,1,2,1,1,0,0,8,1,0,0,-33526,0,6925,0,0,0,0,0,0,0,0,0,692.36,2100,2100,1815,1875,1138.5,TRUE,0,1815,-1875,2101.05,2101.05,1815,1811.72,1137.8,TRUE,0,1815,-1811.72,3630,-3686.72,FALSE,0,0,TRUE
2026-01-27T21:18:42Z,REV_TW1_U_21,6,TRUE,4,1,0,0,2016,0,0,0,0,,,0,0,0,0,,,,,3630,-3686,1.345,0.755,,,,18,,,,,0,,,,0,0,0,0,34800,34900,34700,,,,0,60.0199,0,,128643,113212,,,,,,9,0,0,0,0,0,0,0,0,,0,,0,0,0,20.5,0,2134.08,0,100,0,0,0,0,,,0,0,0,0,0,0,,,,,,28,11,24.166,,,0,24,48,FALSE,FALSE,FALSE,0,2,4,6,0,342,4200,16416,1500,-1500,0,0,55,19.391,83,0,999,999,999,999,999,999,999,999,2,1,0,0,0,1,2,1,1,0,0,8,1,0,0,-33526,0,6926,0,0,0,0,0,0,0,0,0,692.36,2100,2100,1815,1875,1138.5,TRUE,0,1815,-1875,2101.05,2101.05,1815,1811.72,1137.8,TRUE,0,1815,-1811.72,3630,-3686.72,FALSE,0,0,TRUE
2026-01-27T21:18:44Z,REV_TW1_U_21,6,TRUE,4,1,0,0,2016,0,0,0,0,,,0,0,0,0,,,,,3630,-3686,1.35,0.75,,,,18,,,,,0,,,,0,0,0,0,34900,34900,34700,,,,0,60.022,0,,128643,113212,,,,,,9,0,0,0,0,0,0,0,0,,0,,0,0,0,20,0,2134.08,0,100,0,0,0,0,,,0,0,0,0,0,0,,,,,,28,11,24.166,,,0,24,48,FALSE,FALSE,FALSE,0,2,4,6,0,342,4200,16416,1500,-1500,0,0,55,19.391,83,0,999,999,999,999,999,999,999,999,2,1,0,0,0,1,2,1,1,0,0,8,1,0,0,-33526,0,6929,0,0,0,0,0,0,0,0,0,692.36,2100,2100,1815,1875,1138.5,TRUE,0,1815,-1875,2101.05,2101.05,1815,1811.72,1137.8,TRUE,0,1815,-1811.72,3630,-3686.72,FALSE,0,0,TRUE
2026-01-27T21:18:46Z,REV_TW1_U_21,6,TRUE,4,1,0,0,2016,0,0,0,0,,,0,0,0,0,,,,,3630,-3686,1.355,0.745,,,,18,,,,,0,,,,0,0,0,0,34800,34900,34700,,,,0,60.0222,0,,128643,113212,,,,,,9,0,0,0,0,0,0,0,0,,0,,0,0,0,19.5,0,3201.12,0,100,0,0,0,0,,,0,0,0,0,0,0,,,,,,28,11,24.166,,,0,48,48,FALSE,FALSE,FALSE,0,2,4,6,0,342,4200,16416,1500,-1500,0,0,35,14.155,82.4,0,999,999,999,999,999,999,999,999,2,1,0,0,0,1,2,1,1,0,0,8,1,0,0,-33526,0,6931,0,0,0,0,0,0,0,0,0,692.36,2100,2100,1815,1875,1138.5,TRUE,0,1815,-1875,2101.05,2101.05,1815,1811.72,1137.8,TRUE,0,1815,-1811.72,3630,-3686.72,FALSE,0,0,TRUE
2026-01-27T21:18:48Z,REV_TW1_U_21,6,TRUE,4,1,0,0,2016,0,0,0,0,,,0,0,0,0,,,,,3630,-3686,1.36,0.74,,,,18,,,,,0,,,,0,0,0,0,34900,34900,34700,,,,0,60.0238,0,,128643,113212,,,,,,9,0,0,0,0,0,0,0,0,,0,,0,0,0,19,0,3201.12,0,100,0,0,0,0,,,0,0,0,0,0,0,,,,,,28,11,24.166,,,0,48,48,FALSE,FALSE,FALSE,0,2,4,6,0,342,4200,16416,1500,-1500,0,0,35,14.155,82.4,0,999,999,999,999,999,999,999,999,2,1,0,0,0,1,2,1,1,0,0,8,1,0,0,-33526,0,6933,0,0,0,0,0,0,0,0,0,692.36,2100,2100,1815,1875,1138.5,TRUE,0,1815,-1875,2101.05,2101.05,1815,1811.72,1137.8,TRUE,0,1815,-1811.72,3630,-3686.72,FALSE,0,0,TRUE
2026-01-27T21:18:50Z,REV_TW1_U_21,6,TRUE,4,1,0,0,2016,0,0,0,0,,,0,0,0,0,,,,,3630,-3686,1.365,0.735,,,,18,,,,,0,,,,0,0,0,0,34800,34900,34700,,,,0,60.0219,0,,128643,113212,,,,,,9,0,0,0,0,0,0,0,0,,0,,0,0,0,18.5,0,3201.12,0,100,0,0,0,0,,,0,0,0,0,0,0,,,,,,28,11,24.166,,,0,48,48,FALSE,FALSE,FALSE,0,2,4,6,0,342,4200,16416,1500,-1500,0,0,35,14.155,82.4,0,999,999,999,999,999,999,999,999,2,1,0,0,0,1,2,1,1,0,0,8,1,0,0,-33526,0,6934,0,0,0,0,0,0,0,0,0,692.36,2100,2100,1815,1875,1138.5,TRUE,0,1815,-1875,2101.05,2101.05,1815,1811.72,1137.8,TRUE,0,1815,-1811.72,3630,-3686.72,FALSE,0,0,TRUE
2026-01-27T21:18:52Z,REV_TW1_U_21,6,TRUE,4,1,0,0,2016,0,0,0,0,,,0,0,0,0,,,,,3630,-3686,1.37,0.73,,,,18,,,,,0,,,,0,0,0,0,34900,34900,34700,,,,0,60.0236,0,,128643,113212,,,,,,9,0,0,0,0,0,0,0,0,,0,,0,0,0,18,0,2954.88,0,100,0,0,0,0,,,0,0,0,0,0,0,,,,,,28,11,24.166,,,0,48,48,FALSE,FALSE,FALSE,0,2,4,6,0,342,4200,16416,1500,-1500,0,0,35,14.155,82.4,0,999,999,999,999,999,999,999,999,2,1,0,0,0,1,2,1,1,0,0,8,1,0,0,-33526,0,6937,0,0,0,0,0,0,0,0,0,692.36,2100,2100,1815,1875,1138.5,TRUE,0,1815,-1875,2101.05,2101.05,1815,1811.72,1137.8,TRUE,0,1815,-1811.72,3630,-3686.72,FALSE,0,0,TRUE
2026-01-27T21:18:54Z,REV_TW1_U_21,6,TRUE,4,1,0,0,2016,0,0,0,0,,,0,0,0,0,,,,,3630,-3686,1.37,0.73,,,,18,,,,,0,,,,0,0,0,0,34800,34900,34700,,,,0,60.022,0,,128643,113212,,,,,,9,0,0,0,0,0,0,0,0,,0,,0,0,0,18,0,2954.88,0,100,0,0,0,0,,,0,0,0,0,0,0,,,,,,28,11,24.166,,,0,48,48,FALSE,FALSE,FALSE,0,2,4,6,0,342,4200,16416,1500,-1500,0,0,35,14.155,82.4,0,999,999,999,999,999,999,999,999,2,1,0,0,0,1,2,1,1,0,0,8,1,0,0,-33526,0,6939,0,0,0,0,0,0,0,0,0,692.36,2100,2100,1815,1875,1138.5,TRUE,0,1815,-1875,2101.05,2101.05,1815,1811.72,1137.8,TRUE,0,1815,-1811.72,3630,-3686.72,FALSE,0,0,TRUE
2026-01-27T21:18:56Z,REV_TW1_U_21,5,TRUE,4,1,0,0,1984,0,0,0,0,,,0,0,0,0,,,,,3630,-3686,1.38,0.72,,,,18,,,,,0,,,,0,0,0,0,34900,34900,34700,,,,0,60.0118,0,,128643,113212,,,,,,9,0,0,0,0,0,0,0,0,,0,,0,0,0,17,0,2790.72,0,100,0,0,0,0,,,0,0,0,0,0,0,,,,,,28,11,24.166,,,0,48,48,FALSE,FALSE,FALSE,0,2,4,6,0,342,4200,16416,1500,-1500,0,0,35,14.155,82.4,0,999,999,999,999,999,999,999,999,2,1,0,0,0,1,2,1,1,0,0,8,1,0,0,-33526,0,6940,0,0,0,0,0,0,0,0,0,692.36,2100,2100,1815,1875,1138.5,TRUE,0,1815,-1875,2101.05,2101.05,1815,1811.72,1137.8,TRUE,0,1815,-1811.72,3630,-3686.72,FALSE,0,0,TRUE
2026-01-27T21:18:58Z,REV_TW1_U_21,5,TRUE,0,1,0,0,1984,0,0,0,0,,,0,0,0,0,,,,,3630,-3686,1.385,0.715,,,,18,,,,,0,,,,0,0,0,0,34900,34900,34700,,,,0,60.0179,0,,128643,113212,,,,,,9,0,0,0,0,0,0,0,0,,0,,0,0,0,16.5,0,2790.72,0,100,0,0,0,0,,,0,0,0,0,0,0,,,,,,28,11,24.166,,,0,48,48,FALSE,FALSE,FALSE,0,2,4,6,0,342,4200,16416,1500,-1500,0,0,35,14.155,82.4,0,999,999,999,999,999,999,999,999,2,1,0,0,0,1,2,1,1,0,0,8,1,0,0,-33526,0,6943,0,0,0,0,0,0,0,0,0,692.36,2100,2100,1815,1875,1138.5,TRUE,0,1815,-1875,2101.05,2101.05,1815,1811.72,1137.8,TRUE,0,1815,-1811.72,3630,-3686.72,FALSE,0,0,TRUE
2026-01-27T21:19:00Z,REV_TW1_U_21,5,TRUE,0,1,0,0,1984,0,0,0,0,,,0,0,0,0,,,,,3630,-3686,1.39,0.71,,,,18,,,,,0,,,,0,0,0,0,34800,34900,34700,,,,0,60.0078,0,,128643,113212,,,,,,9,0,0,0,0,0,0,0,0,,0,,0,0,0,16,0,2790.72,0,100,0,0,0,0,,,0,0,0,0,0,0,,,,,,28,11,24.166,,,0,48,48,FALSE,FALSE,FALSE,0,2,4,6,0,342,4200,16416,1500,-1500,0,0,35,14.155,82.4,0,999,999,999,999,999,999,999,999,2,1,0,0,0,1,2,1,1,0,0,8,1,0,0,-33526,0,6945,0,0,0,0,0,0,0,0,0,692.36,2100,2100,1815,1875,1138.5,TRUE,0,1815,-1875,2101.05,2101.05,1815,1811.72,1137.8,TRUE,0,1815,-1811.72,3630,-3686.72,FALSE,0,0,TRUE
2026-01-27T21:19:02Z,REV_TW1_U_21,5,TRUE,0,1,0,0,1984,0,0,0,0,,,0,0,0,0,,,,,3630,-3686,1.39,0.71,,,,18,,,,,0,,,,0,0,0,0,34800,34900,34700,,,,0,60.0115,0,,128643,113212,,,,,,9,0,0,0,0,0,0,0,0,,0,,0,0,0,16,0,2626.56,0,100,0,0,0,0,,,0,0,0,0,0,0,,,,,,28,11,24.166,,,0,48,48,FALSE,FALSE,FALSE,0,2,4,6,0,342,4200,16416,1500,-1500,0,0,35,14.155,82.4,0,999,999,999,999,999,999,999,999,2,1,0,0,0,1,2,1,1,0,0,8,1,0,0,-33526,0,6946,0,0,0,0,0,0,0,0,0,692.36,2100,2100,1815,1875,1138.5,TRUE,0,1815,-1875,2101.05,2101.05,1815,1811.72,1137.8,TRUE,0,1815,-1811.72,3630,-3686.72,FALSE,0,0,TRUE
2026-01-27T21:19:04Z,REV_TW1_U_21,5,TRUE,0,1,0,0,1984,0,0,0,0,,,0,0,0,0,,,,,3630,-3686,1.39,0.71,,,,18,,,,,0,,,,0,0,0,0,34800,34900,34700,,,,0,60.005,0,,128643,113212,,,,,,9,0,0,0,0,0,0,0,0,,0,,0,0,0,16,0,2626.56,0,100,0,0,0,0,,,0,0,0,0,0,0,,,,,,28,11,24.166,,,0,48,48,FALSE,FALSE,FALSE,0,2,4,6,0,342,4200,16416,1500,-1500,0,0,35,14.155,82.4,0,999,999,999,999,999,999,999,999,2,1,0,0,0,1,2,1,1,0,0,8,1,0,0,-33526,0,6948,0,0,0,0,0,0,0,0,0,692.36,2100,2100,1815,1875,1138.5,TRUE,0,1815,-1875,2101.05,2101.05,1815,1811.72,1137.8,TRUE,0,1815,-1811.72,3630,-3686.72,FALSE,0,0,TRUE
2026-01-27T21:19:06Z,REV_TW1_U_21,5,TRUE,0,1,0,0,1984,0,0,0,0,,,0,0,0,0,,,,,3630,-3686,1.39,0.71,,,,19,,,,,0,,,,0,0,0,0,34800,34900,34700,,,,0,60.0013,0,,128643,113212,,,,,,9,0,0,0,0,0,0,0,0,,0,,0,0,0,16,0,2626.56,0,100,0,0,0,0,,,0,0,0,0,0,0,,,,,,28,11,24.166,,,0,48,48,FALSE,FALSE,FALSE,0,2,4,6,0,342,4200,16416,1500,-1500,0,0,35,14.155,81.9,0,999,999,999,999,999,999,999,999,2,1,0,0,0,1,2,1,1,0,0,8,1,0,0,-33526,0,6951,0,0,0,0,0,0,0,0,0,692.36,2100,2100,1815,1875,1138.5,TRUE,0,1815,-1875,2101.05,2101.05,1815,1811.72,1137.8,TRUE,0,1815,-1811.72,3630,-3686.72,FALSE,0,0,TRUE
2026-01-27T21:19:08Z,REV_TW1_U_21,5,TRUE,0,1,0,0,1984,0,0,0,0,,,0,0,0,0,,,,,3630,-3686,1.41,0.69,,,,19,,,,,0,,,,0,0,0,0,34800,34900,34700,,,,0,59.9948,0,,128643,113212,,,,,,9,0,0,0,0,0,0,0,0,,0,,0,0,0,14,0,2626.56,0,100,0,0,0,0,,,0,0,0,0,0,0,,,,,,28,11,24.166,,,0,48,48,FALSE,FALSE,FALSE,0,2,4,6,0,342,4200,16416,1500,-1500,0,0,35,14.155,81.9,0,999,999,999,999,999,999,999,999,2,1,0,0,0,1,2,1,1,0,0,8,1,0,0,-33526,0,6952,0,0,0,0,0,0,0,0,0,692.36,2100,2100,1815,1875,1138.5,TRUE,0,1815,-1875,2101.05,2101.05,1815,1811.72,1137.8,TRUE,0,1815,-1811.72,3630,-3686.72,FALSE,0,0,TRUE
2026-01-27T21:19:10Z,REV_TW1_U_21,5,TRUE,0,1,0,0,1984,0,0,0,0,,,0,0,0,0,,,,,3630,-3686,1.41,0.69,,,,19,,,,,0,,,,0,0,0,0,34800,34900,34700,,,,0,59.9894,0,,128643,113212,,,,,,9,0,0,0,0,0,0,0,0,,0,,0,0,0,14,0,2626.56,0,100,0,0,0,0,,,0,0,0,0,0,0,,,,,,28,11,24.166,,,0,48,48,FALSE,FALSE,FALSE,0,2,4,6,0,342,4200,16416,1500,-1500,0,0,35,14.155,81.9,0,999,999,999,999,999,999,999,999,2,1,0,0,0,1,2,1,1,0,0,8,1,0,0,-33526,0,6954,0,0,0,0,0,0,0,0,0,692.36,2100,2100,1815,1875,1138.5,TRUE,0,1815,-1875,2101.05,2101.05,1815,1811.72,1137.8,TRUE,0,1815,-1811.72,3630,-3686.72,FALSE,0,0,TRUE
2026-01-27T21:19:12Z,REV_TW1_U_21,5,TRUE,1,1,0,0,1984,0,0,0,0,,,0,0,0,0,,,,,3630,-3686,1.42,0.68,,,,19,,,,,0,,,,0,0,0,0,34800,34900,34700,,,,0,59.985,0,,128643,113212,,,,,,9,0,0,0,0,0,0,0,0,,1,,0,0,0,13,0,2298.24,0,100,0,0,0,0,,,0,0,0,0,0,0,,,,,,28,11,24.166,,,0,48,48,FALSE,FALSE,FALSE,0,2,4,6,0,342,4200,16416,1500,-1500,0,0,35,14.155,81.9,0,999,999,999,999,999,999,999,999,2,1,0,0,0,1,2,1,1,0,0,8,1,0,0,-33526,0,6957,0,0,0,0,0,0,0,0,0,692.36,2100,2100,1815,1875,1138.5,TRUE,0,1815,-1875,2101.05,2101.05,1815,1811.72,1137.8,TRUE,0,1815,-1811.72,3630,-3686.72,FALSE,0,0,TRUE
2026-01-27T21:19:14Z,REV_TW1_U_21,5,TRUE,1,1,0,0,1984,0,0,0,0,,,0,0,0,0,,,,,3630,-3686,1.42,0.68,,,,19,,,,,0,,,,0,0,0,0,34800,34900,34700,,,,0,59.9859,0,,128643,113212,,,,,,9,0,0,0,0,0,0,0,0,,1,,0,0,0,13,0,2298.24,0,100,0,0,0,0,,,0,0,0,0,0,0,,,,,,28,11,24.166,,,0,48,48,FALSE,FALSE,FALSE,0,2,4,6,0,342,4200,16416,1500,-1500,0,0,35,14.155,81.9,0,999,999,999,999,999,999,999,999,2,1,0,0,0,1,2,1,1,0,0,8,1,0,0,-33526,0,6958,0,0,0,0,0,0,0,0,0,692.36,2100,2100,1815,1875,1138.5,TRUE,0,1815,-1875,2101.05,2101.05,1815,1811.72,1137.8,TRUE,0,1815,-1811.72,3630,-3686.72,FALSE,0,0,TRUE
2026-01-27T21:19:16Z,REV_TW1_U_21,5,TRUE,1,1,0,0,1984,0,0,0,0,,,0,0,0,0,,,,,3630,-3686,1.42,0.68,,,,19,,,,,0,,,,0,0,0,0,34800,34900,34700,,,,0,59.9899,0,,128643,113212,,,,,,9,0,0,0,0,0,0,0,0,,1,,0,0,0,13,0,2298.24,0,100,0,0,0,0,,,0,0,0,0,0,0,,,,,,28,11,24.166,,,0,48,48,FALSE,FALSE,FALSE,0,2,4,6,0,342,4200,16416,1500,-1500,0,0,35,14.155,81.9,0,999,999,999,999,999,999,999,999,2,1,0,0,0,1,2,1,1,0,0,8,1,0,0,-33526,0,6960,0,0,0,0,0,0,0,0,0,692.36,2100,2100,1815,1875,1138.5,TRUE,0,1815,-1875,2101.05,2101.05,1815,1811.72,1137.8,TRUE,0,1815,-1811.72,3630,-3686.72,FALSE,0,0,TRUE
2026-01-27T21:19:18Z,REV_TW1_U_21,5,TRUE,1,1,0,0,1984,0,0,0,0,,,0,0,0,0,,,,,3630,-3686,1.42,0.68,,,,19,,,,,0,,,,0,0,0,0,34800,34900,34700,,,,0,59.9911,0,,128643,113212,,,,,,9,0,0,0,0,0,0,0,0,,1,,0,0,0,13,0,2134.08,0,100,0,0,0,0,,,0,0,0,0,0,0,,,,,,28,11,24.166,,,0,48,48,FALSE,FALSE,FALSE,0,2,4,6,0,342,4200,16416,1500,-1500,0,0,35,14.155,81.9,0,999,999,999,999,999,999,999,999,2,1,0,0,0,1,2,1,1,0,0,8,1,0,0,-33526,0,6962,0,0,0,0,0,0,0,0,0,692.36,2100,2100,1815,1875,1138.5,TRUE,0,1815,-1875,2101.05,2101.05,1815,1811.72,1137.8,TRUE,0,1815,-1811.72,3630,-3686.72,FALSE,0,0,TRUE
2026-01-27T21:19:20Z,REV_TW1_U_21,5,TRUE,1,1,0,0,1984,0,0,0,0,,,0,0,0,0,,,,,3630,-3686,1.42,0.68,,,,19,,,,,0,,,,0,0,0,0,34800,34900,34700,,,,0,59.9976,0,,128643,113212,,,,,,9,0,0,0,0,0,0,0,0,,1,,1137.8,0,0,13,0,2134.08,0,100,0,0,0,0,,,0,0,0,0,0,0,,,3.331,3.321,3.326,28,11,24.166,,,0,48,48,FALSE,FALSE,FALSE,0,2,4,6,0,342,4200,16416,1500,-1500,0,0,35,14.155,81.9,0,999,999,999,999,999,999,999,999,2,1,0,0,0,1,2,1,1,0,0,8,1,0,0,-33526,0,6964,0,0,0,0,0,0,0,0,0,692.36,2100,2100,1815,1875,1138.5,TRUE,0,1815,-1875,2101.05,2101.05,1815,1811.72,1137.8,TRUE,0,1815,-1811.72,3630,-3686.72,FALSE,0,0,TRUE
2026-01-27T21:19:22Z,REV_TW1_U_21,5,TRUE,1,1,0,0,1984,0,0,0,0,,,0,0,0,0,,,,,3630,-3686,1.42,0.68,,,,18,,,,,0,,,,0,0,0,0,34800,34900,34700,,,,0,59.9998,0,,128643,113212,,,,,,9,0,0,0,0,0,0,0,0,,1,,1137.7,0,0,13,0,2134.08,0,100,0,0,0,0,,,0,0,0,0,0,0,,,3.331,3.32,3.326,28,11,24.166,,,1,48,48,FALSE,FALSE,FALSE,0,2,4,6,0,342,4200,16416,1500,-1500,0,0,35,14.155,81.9,0,999,999,999,999,999,999,999,999,2,1,0,0,0,1,2,1,1,0,0,8,1,0,0,-33526,0,6966,0,0,0,0,0,0,0,0,0,692.36,2100,2100,1815,1875,1138.5,TRUE,0,1815,-1875,2101.05,2101.05,1815,1811.72,1137.8,TRUE,0,1815,-1811.72,3630,-3686.72,FALSE,0,0,TRUE
2026-01-27T21:19:24Z,REV_TW1_U_21,5,TRUE,1,1,0,0,1984,0,0,0,0,,,0,0,0,0,,,,,3630,-3686,1.42,0.68,,,,18,,,,,0,,,,0,0,0,0,34800,34900,34700,,,,0,60.0039,0,,128643,113212,,,,,,9,0,0,0,0,0,0,0,0,,1,,1138.8,2.28,2,13,0,2134.08,0,100,0,0,0,0,,,0,0,0,0,0,0,,,3.332,3.32,3.326,28,11,24.166,,,1,48,48,FALSE,FALSE,FALSE,0,2,4,6,0,342,4200,16416,1500,-1500,0,0,35,14.155,81.9,0,999,999,999,999,999,999,999,999,2,1,0,0,0,1,2,1,1,0,0,8,1,0,0,-33526,0,6968,0,0,0,0,0,0,0,0,0,692.36,2100,2100,1815,1875,1138.5,TRUE,0,1815,-1875,2101.05,2101.05,1815,1811.72,1137.8,TRUE,0,1815,-1811.72,3630,-3686.72,FALSE,0,0,TRUE
2026-01-27T21:19:26Z,REV_TW1_U_21,5,TRUE,1,1,0,0,1984,0,0,0,0,,,0,0,0,0,,,,,3630,-3686,1.42,0.68,,,,18,,,,,0,,,,0,0,0,0,34800,34900,34700,,,,0,60.0044,0,,128643,113212,,,,,,9,0,0,0,0,0,0,0,0,,1,,1138.8,3.42,3,13,0,2134.08,0,100,0,0,0,0,,,0,0,0,0,0,0,,,3.334,3.32,3.328,28,14,24.333,,,1,48,48,FALSE,FALSE,FALSE,0,2,4,6,0,342,4200,16416,1500,-1500,0,0,35,14.155,81.9,0,999,999,999,999,999,999,999,999,2,1,0,0,0,1,2,1,1,0,0,8,1,0,0,-33526,0,6971,0,0,0,0,0,0,0,0,0,692.36,2100,2100,1815,1875,1138.5,TRUE,0,1815,-1875,2101.05,2101.05,1815,1811.72,1137.8,TRUE,0,1815,-1811.72,3630,-3686.72,FALSE,0,0,TRUE
2026-01-27T21:19:28Z,REV_TW1_U_21,5,TRUE,1,1,0,0,1984,0,0,0,0,,,0,0,0,0,,,,,3630,-3686,1.42,0.68,,,,18,,,,,0,,,,0,0,0,0,34800,34900,34700,,,,0,60.0092,0,,128643,113212,,,,,,9,0,0,0,0,0,0,0,0,,1,,1138.8,3.42,3,13,0,2134.08,0,100,0,0,0,0,,,0,0,0,0,0,0,,,3.34,3.32,3.328,28,14,24.333,,,4,48,48,FALSE,FALSE,FALSE,0,2,4,6,0,342,4200,16416,1500,-1500,0,0,55,18.921,81.5,1.2,999,999,999,999,999,999,999,999,2,1,0,0,0,1,2,1,1,0,0,8,1,0,0,-33526,0,6972,0,0,0,0,0,0,0,0,0,692.36,2100,2100,1815,1875,1138.5,TRUE,0,1815,-1875,2101.05,2101.05,1815,1811.72,1137.8,TRUE,0,1815,-1811.72,3630,-3686.72,FALSE,0,0,TRUE
2026-01-27T21:19:30Z,REV_TW1_U_21,5,TRUE,1,1,0,0,1984,0,0,0,0,,,0,0,0,0,,,,,3630,-3686,1.42,0.68,,,,18,,,,,0,,,,0,0,0,0,34800,34900,34700,,,,0,60.0133,0,,128643,113212,,,,,,9,0,0,0,0,0,0,0,0,,1,,1139.1,3.42,3,13,0,2134.08,0,100,0,0,0,0,,,0,0,0,0,0,0,,,3.339,3.32,3.328,28,14,24.5,,,4,48,48,FALSE,FALSE,FALSE,0,2,4,6,0,342,4200,16416,1500,-1500,0,0,55,18.921,81.5,1.2,999,999,999,999,999,999,999,999,2,1,0,0,0,1,2,1,1,0,0,8,1,0,0,-33526,0,6974,0,0,0,0,0,0,0,0,0,692.36,2100,2100,1815,1875,1138.5,TRUE,0,1815,-1875,2101.05,2101.05,1815,1811.72,1137.8,TRUE,0,1815,-1811.72,3630,-3686.72,FALSE,0,0,TRUE
2026-01-27T21:19:32Z,REV_TW1_U_21,5,TRUE,1,1,0,0,1984,0,0,0,0,,,0,0,0,0,,,,,3630,-3686,1.42,0.68,,,,18,,,,,0,,,,0,0,0,0,34800,34900,34700,,,,0,60.0168,0,,128643,113212,,,,,,9,0,0,0,0,0,0,0,0,,1,,1139.1,3.42,3,13,0,2134.08,0,100,0,0,0,0,,,0,0,0,0,0,0,,,3.34,3.32,3.328,28,14,24.5,,,7,48,48,FALSE,FALSE,FALSE,0,2,4,6,0,342,4200,16416,1500,-1500,0,0,55,18.921,81.5,1.2,999,999,999,999,999,999,999,999,2,1,0,0,0,1,2,1,1,0,0,8,1,0,0,-33526,0,6976,0,0,0,0,0,0,0,0,0,692.36,2100,2100,1815,1875,1138.5,TRUE,0,1815,-1875,2101.05,2101.05,1815,1811.72,1137.8,TRUE,0,1815,-1811.72,3630,-3686.72,FALSE,0,0,TRUE
2026-01-27T21:19:34Z,REV_TW1_U_21,5,TRUE,1,1,0,0,1984,0,0,0,0,,,0,0,0,0,,,,,3630,-3686,1.42,0.68,,,,18,,,,,0,,,,0,0,0,0,34800,34900,34700,,,,0,60.0208,0,,128643,113212,,,,,,9,0,0,0,0,0,0,0,0,,1,,1139.2,2.28,2,13,0,2134.08,0,100,0,0,0,0,,,0,0,0,0,0,0,,,3.341,3.32,3.328,28,14,24.333,,,7,48,48,FALSE,FALSE,FALSE,0,2,4,6,0,342,4200,16416,1500,-1500,0,0,55,18.921,81.5,1.2,999,999,999,999,999,999,999,999,2,1,0,0,0,1,2,1,1,0,0,8,1,0,0,-33526,0,6978,0,0,0,0,0,0,0,0,0,692.36,2100,2100,1815,1875,1138.5,TRUE,0,1815,-1875,2101.05,2101.05,1815,1811.72,1137.8,TRUE,0,1815,-1811.72,3630,-3686.72,FALSE,0,0,TRUE
2026-01-27T21:19:36Z,REV_TW1_U_21,5,TRUE,1,1,0,0,1984,0,0,0,0,,,0,0,0,0,,,,,3630,-3686,1.42,0.68,,,,18,,,,,0,,,,0,0,0,0,34800,34900,34700,,,,0,60.0231,0,,128643,113212,,,,,,9,0,0,0,0,0,0,0,0,,1,,1139.3,3.42,3,13,0,2134.08,0,100,0,0,0,0,,,0,0,0,0,0,0,,,3.341,3.32,3.328,28,14,24.333,,,7,48,48,FALSE,FALSE,FALSE,0,2,4,6,0,342,4200,16416,1500,-1500,0,0,55,18.921,81.5,1.2,999,999,999,999,999,999,999,999,2,1,0,0,0,1,2,1,1,0,0,8,1,0,0,-33526,0,6980,0,0,0,0,0,0,0,0,0,692.36,2100,2100,1815,1875,1138.5,TRUE,0,1815,-1875,2101.05,2101.05,1815,1811.72,1137.8,TRUE,0,1815,-1811.72,3630,-3686.72,FALSE,0,0,TRUE
2026-01-27T21:19:38Z,REV_TW1_U_21,5,TRUE,1,1,0,0,1984,0,0,0,0,,,0,0,0,0,,,,,3630,-3686,1.42,0.68,,,,18,,,,,0,,,,0,0,0,0,34800,34900,34700,,,,0,60.0217,0,,128643,113212,,,,,,9,0,0,0,0,0,0,0,0,,1,,1139.3,4.56,4,13,0,2134.08,0,100,0,0,0,0,,,0,0,0,0,0,0,,,3.342,3.32,3.328,28,14,24.333,,,11,48,48,FALSE,FALSE,FALSE,0,2,4,6,0,342,4200,16416,1500,-1500,0,0,55,18.921,81.5,1.2,999,999,999,999,999,999,999,999,2,1,0,0,0,1,2,1,1,0,0,8,1,0,0,-33526,0,6982,0,0,0,0,0,0,0,0,0,692.36,2100,2100,1815,1875,1138.5,TRUE,0,1815,-1875,2101.05,2101.05,1815,1811.72,1137.8,TRUE,0,1815,-1811.72,3630,-3686.72,FALSE,0,0,TRUE
2026-01-27T21:19:40Z,REV_TW1_U_21,5,TRUE,1,1,0,0,1984,0,0,0,0,,,0,0,0,0,,,,,3630,-3686,1.42,0.68,,,,18,,,,,0,,,,0,0,0,0,34800,34900,34700,,,,0,60.0196,0,,128643,113212,,,,,,9,0,0,0,0,0,0,0,0,,1,,1139.3,4.56,4,13,0,2134.08,0,100,0,0,0,0,,,0,0,0,0,0,0,,,3.342,3.32,3.328,28,14,24.333,,,11,48,48,FALSE,FALSE,FALSE,0,2,4,6,0,342,4200,16416,1500,-1500,0,0,55,18.921,81.5,1.2,999,999,999,999,999,999,999,999,2,1,0,0,0,1,2,1,1,0,0,8,1,0,0,-33526,0,6984,0,0,0,0,0,0,0,0,0,692.36,2100,2100,1815,1875,1138.5,TRUE,0,1815,-1875,2101.05,2101.05,1815,1811.72,1137.8,TRUE,0,1815,-1811.72,3630,-3686.72,FALSE,0,0,TRUE
2026-01-27T21:19:42Z,REV_TW1_U_21,5,TRUE,1,1,0,0,1984,0,0,0,0,,,0,0,0,0,,,,,3630,-3686,1.42,0.68,,,,18,,,,,0,,,,0,0,0,0,34800,34900,34700,,,,0,60.0175,0,,128643,113212,,,,,,9,0,0,0,0,0,0,0,0,,1,,1139.2,6.84,6,13,0,2134.08,0,100,0,0,0,0,,,0,0,0,0,0,0,,,3.342,3.319,3.328,28,14,24.333,,,15,48,48,FALSE,FALSE,FALSE,0,2,4,6,0,342,4200,16416,1500,-1500,0,0,55,18.921,81.5,1.2,999,999,999,999,999,999,999,999,2,1,0,0,0,1,2,1,1,0,0,8,1,0,0,-33526,0,6986,0,0,0,0,0,0,0,0,0,692.36,2100,2100,1815,1875,1138.5,TRUE,0,1815,-1875,2101.05,2101.05,1815,1811.72,1137.8,TRUE,0,1815,-1811.72,3630,-3686.72,FALSE,0,0,TRUE
2026-01-27T21:19:44Z,REV_TW1_U_21,5,TRUE,1,1,0,0,1984,0,0,0,0,,,0,0,0,0,,,,,3630,-3686,1.42,0.68,,,,17,,,,,0,,,,0,0,0,0,34800,34900,34700,,,,0,60.0138,0,,128643,113212,,,,,,9,0,0,0,0,0,0,0,0,,1,,1139.1,6.83,6,13,0,2134.08,0,100,0,0,0,0,,,0,0,0,0,0,0,,,3.342,3.319,3.328,28,14,24.333,,,15,48,48,FALSE,FALSE,FALSE,0,2,4,6,0,342,4200,16416,1500,-1500,0,0,55,18.921,81.5,1.2,999,999,999,999,999,999,999,999,2,1,0,0,0,1,2,1,1,0,0,8,1,0,0,-33526,0,6988,0,0,0,0,0,0,0,0,0,692.36,2100,2100,1815,1875,1138.5,TRUE,0,1815,-1875,2101.05,2101.05,1815,1811.72,1137.8,TRUE,0,1815,-1811.72,3630,-3686.72,FALSE,0,0,TRUE
2026-01-27T21:19:46Z,REV_TW1_U_21,5,TRUE,1,1,0,0,1984,0,0,0,0,,,0,0,0,0,,,,,3630,-3686,1.42,0.68,,,,18,,,,,0,,,,0,0,0,0,34800,34900,34700,,,,0,60.0177,0,,128643,113212,,,,,,9,0,0,0,0,0,0,0,0,,1,,1139.1,6.83,6,13,0,2134.08,0,100,0,0,0,0,,,0,0,0,0,0,0,,,3.342,3.319,3.328,28,14,24.333,,,15,48,48,FALSE,FALSE,FALSE,0,2,4,6,0,342,4200,16416,1500,-1500,0,0,55,18.921,81.5,1.2,999,999,999,999,999,999,999,999,2,1,0,0,0,1,2,1,1,0,0,8,1,0,0,-33526,0,6990,0,0,0,0,0,0,0,0,0,692.36,2100,2100,1815,1875,1138.5,TRUE,0,1815,-1875,2101.05,2101.05,1815,1811.72,1137.8,TRUE,0,1815,-1811.72,3630,-3686.72,FALSE,0,0,TRUE
2026-01-27T21:19:48Z,REV_TW1_U_21,5,TRUE,1,1,0,0,1984,0,0,0,0,,,0,0,0,0,,,,,3630,-3686,1.42,0.68,,,,18,,,,,0,,,,0,0,0,0,34800,34900,34700,,,,0,60.0141,0,,128643,113212,,,,,,9,0,0,0,0,0,0,0,0,,1,,1139.1,7.97,7,13,0,2134.08,0,100,0,0,0,0,,,0,0,0,0,0,0,,,3.342,3.319,3.328,28,14,24.333,,,21,48,48,FALSE,FALSE,FALSE,0,2,4,6,0,342,4200,16416,1500,-1500,0,0,57,19.608,81.2,2.2,999,999,999,999,999,999,999,999,2,1,0,0,0,1,2,1,1,0,0,8,1,0,0,-33526,0,6992,0,0,0,0,0,0,0,0,0,692.36,2100,2100,1815,1875,1138.5,TRUE,0,1815,-1875,2101.05,2101.05,1815,1811.72,1137.8,TRUE,0,1815,-1811.72,3630,-3686.72,FALSE,0,0,TRUE
2026-01-27T21:19:50Z,REV_TW1_U_21,5,TRUE,1,1,0,0,1984,0,0,0,0,,,0,0,0,0,,,,,3630,-3686,1.42,0.68,,,,18,,,,,0,,,,0,0,0,0,34800,34900,34700,,,,0,60.0225,0,,128643,113212,,,,,,9,0,0,0,0,0,0,0,0,,1,,1139.1,5.7,5,13,0,2134.08,0,100,0,0,0,0,,,0,0,0,0,0,0,,,3.342,3.319,3.328,28,14,24.333,,,21,48,48,FALSE,FALSE,FALSE,0,2,4,6,0,342,4200,16416,1500,-1500,0,0,57,19.608,81.2,2.2,999,999,999,999,999,999,999,999,2,1,0,0,0,1,2,1,1,0,0,8,1,0,0,-33526,0,6994,0,0,0,0,0,0,0,0,0,692.36,2100,2100,1815,1875,1138.5,TRUE,0,1815,-1875,2101.05,2101.05,1815,1811.72,1137.8,TRUE,0,1815,-1811.72,3630,-3686.72,FALSE,0,0,TRUE
2026-01-27T21:19:52Z,REV_TW1_U_21,5,TRUE,1,1,0,0,1984,0,0,0,0,,,0,0,0,0,,,,,3630,-3686,1.42,0.68,,,,17,,,,,0,,,,0,0,0,0,34800,34900,34700,,,,0,60.0237,0,,128643,113212,,,,,,9,0,0,0,0,0,0,0,0,,1,,1139.1,5.7,5,13,0,2134.08,0,100,0,0,0,0,,,0,0,0,0,0,0,,,3.342,3.319,3.328,28,14,24.333,,,24,48,48,FALSE,FALSE,FALSE,0,2,4,6,0,342,4200,16416,1500,-1500,0,0,57,19.608,81.2,2.2,999,99,999,999,999,999,999,999,2,1,0,0,0,1,2,1,1,0,0,8,1,0,0,-33526,0,6996,0,0,0,0,0,0,0,0,0,692.36,2100,2100,1815,1875,1138.5,TRUE,0,1815,-1875,2101.05,2101.05,1815,1811.72,1137.8,TRUE,0,1815,-1811.72,3630,-3686.72,FALSE,0,0,TRUE
2026-01-27T21:19:54Z,REV_TW1_U_21,5,TRUE,1,1,0,0,1984,0,0,0,0,,,0,0,0,0,,,,,3630,-3686,1.42,0.68,,,,18,,,,,0,,,,0,0,0,0,34800,34900,34700,,,,0,60.0234,0,,128643,113212,,,,,,9,0,0,0,0,0,0,0,0,,1,,1137.1,4.55,4,13,0,2134.08,0,100,0,0,0,0,,,0,0,0,0,0,0,,,3.338,3.319,3.324,28,14,24.333,,,24,48,48,FALSE,FALSE,FALSE,0,2,4,6,0,342,4200,16416,1500,-1500,0,0,57,19.608,81.2,2.2,999,99,999,999,999,999,999,999,2,1,0,0,0,1,2,1,1,0,0,8,1,0,0,-33526,0,6998,0,0,0,0,0,0,0,0,0,692.36,2100,2100,1815,1875,1138.5,TRUE,0,1815,-1875,2101.05,2101.05,1815,1811.72,1137.8,TRUE,0,1815,-1811.72,3630,-3686.72,FALSE,0,0,TRUE
2026-01-27T21:19:56Z,REV_TW1_U_21,5,TRUE,1,1,0,0,1984,0,0,0,0,,,0,0,0,0,,,,,3630,-3686,1.42,0.68,,,,18,,,,,0,,,,0,0,0,0,34800,34900,34700,,,,0,60.0167,0,,128643,113212,,,,,,9,0,0,0,0,0,0,0,0,,1,,1137,3.41,3,13,0,2134.08,0,100,0,0,0,0,,,0,0,0,0,0,0,,,3.338,3.319,3.324,28,14,24.333,,,24,48,48,FALSE,FALSE,FALSE,0,2,4,6,0,342,4200,16416,1500,-1500,0,0,57,19.608,81.2,2.2,999,99,999,999,999,999,999,999,2,1,0,0,0,1,2,1,1,0,0,8,1,0,0,-33526,0,7000,0,0,0,0,0,0,0,0,0,692.36,2100,2100,1815,1875,1138.5,TRUE,0,1815,-1875,2101.05,2101.05,1815,1811.72,1137.8,TRUE,0,1815,-1811.72,3630,-3686.72,FALSE,0,0,TRUE
2026-01-27T21:19:58Z,REV_TW1_U_21,5,TRUE,1,1,0,0,1984,0,0,0,0,,,0,0,0,0,,,,,3630,-3686,1.42,0.68,,,,18,,,,,0,,,,0,0,0,0,34800,34900,34700,,,,0,60.0192,0,,128643,113212,,,,,,9,0,0,0,0,0,0,0,0,,1,,1137,3.41,3,13,0,2134.08,0,100,0,0,0,0,,,0,0,0,0,0,0,,,3.337,3.319,3.324,28,14,24.333,,,26,24,48,FALSE,FALSE,FALSE,0,2,4,6,0,342,4200,16416,1500,-1500,0,0,57,19.608,81.2,2.2,999,999,999,999,999,999,999,999,2,1,0,0,0,1,2,1,1,0,0,8,1,0,0,-33526,0,7002,0,0,0,0,0,0,0,0,0,692.36,2100,2100,1815,1875,1138.5,TRUE,0,1815,-1875,2101.05,2101.05,1815,1811.72,1137.8,TRUE,0,1815,-1811.72,3630,-3686.72,FALSE,0,0,TRUE
2026-01-27T21:20:00Z,REV_TW1_U_21,5,TRUE,1,1,0,0,1984,0,0,0,0,,,0,0,0,0,,,,,3630,-3686,1.42,0.68,,,,17,,,,,0,,,,0,0,0,0,34800,34900,34700,,,,0,60.0156,0,,128643,113212,,,,,,9,0,0,0,0,0,0,0,0,,1,,1137,4.55,4,13,0,2134.08,0,100,0,0,0,0,,,0,0,0,0,0,0,,,3.337,3.319,3.324,28,14,24.333,,,26,24,48,FALSE,FALSE,FALSE,0,2,4,6,0,342,4200,16416,1500,-1500,0,0,57,19.608,81.2,2.2,999,999,999,999,999,999,999,999,2,1,0,0,0,1,2,1,1,0,0,8,1,0,0,-33526,0,7004,0,0,0,0,0,0,0,0,0,692.36,2100,2100,1815,1875,1138.5,TRUE,0,1815,-1875,2101.05,2101.05,1815,1811.72,1137.8,TRUE,0,1815,-1811.72,3630,-3686.72,FALSE,0,0,TRUE
2026-01-27T21:20:02Z,REV_TW1_U_21,5,TRUE,1,1,0,0,1984,0,0,0,0,,,0,0,0,0,,,,,3630,-3686,1.42,0.68,,,,17,,,,,0,,,,0,0,0,0,34800,34900,34700,,,,0,60.0116,0,,128643,113212,,,,,,9,0,0,0,0,0,0,0,0,,1,,1137,4.55,4,13,0,2134.08,0,100,0,0,0,0,,,0,0,0,0,0,0,,,3.337,3.316,3.324,28,14,24.333,,,28,24,48,FALSE,FALSE,FALSE,0,2,4,6,0,342,4200,16416,1500,-1500,0,0,57,19.608,81.2,2.2,999,99,999,999,999,999,999,999,2,1,0,0,0,1,2,1,1,0,0,8,1,0,0,-33526,0,7006,0,0,0,0,0,0,0,0,0,692.36,2100,2100,1815,1875,1138.5,TRUE,0,1815,-1875,2101.05,2101.05,1815,1811.72,1137.8,TRUE,0,1815,-1811.72,3630,-3686.72,FALSE,0,0,TRUE
2026-01-27T21:20:04Z,REV_TW1_U_21,5,TRUE,1,1,0,0,1984,0,0,0,0,,,0,0,0,0,,,,,3630,-3686,1.42,0.68,,,,17,,,,,0,,,,0,0,0,0,34800,34900,34700,,,,0,60.0122,0,,128643,113212,,,,,,9,0,0,0,0,0,0,0,0,,1,,1136.9,4.55,4,13,0,2134.08,0,100,0,0,0,0,,,0,0,0,0,0,0,,,3.337,3.316,3.324,28,14,24.333,,,28,24,48,FALSE,FALSE,FALSE,0,2,4,6,0,342,4200,16416,1500,-1500,0,0,57,19.608,81.2,2.2,999,999,999,999,999,999,999,999,2,1,0,0,0,1,2,1,1,0,0,8,1,0,0,-33526,0,7008,0,0,0,0,0,0,0,0,0,692.36,2100,2100,1815,1875,1138.5,TRUE,0,1815,-1875,2101.05,2101.05,1815,1811.72,1137.8,TRUE,0,1815,-1811.72,3630,-3686.72,FALSE,0,0,TRUE
2026-01-27T21:20:06Z,REV_TW1_U_21,5,TRUE,1,1,0,0,1984,0,0,0,0,,,0,0,0,0,,,,,3630,-3686,1.42,0.68,,,,17,,,,,0,,,,0,0,0,0,34800,34900,34700,,,,0,60.0118,0,,128643,113212,,,,,,9,0,0,0,0,0,0,0,0,,1,,1136.9,4.55,4,13,0,2134.08,0,100,0,0,0,0,,,0,0,0,0,0,0,,,3.337,3.316,3.324,28,14,24.5,,,28,24,48,FALSE,FALSE,FALSE,0,2,4,6,0,342,4200,16416,1500,-1500,0,0,57,19.608,81.2,2.2,999,999,999,999,999,999,999,999,2,1,0,0,0,1,2,1,1,0,0,8,1,0,0,-33526,0,7010,0,0,0,0,0,0,0,0,0,692.36,2100,2100,1815,1875,1138.5,TRUE,0,1815,-1875,2101.05,2101.05,1815,1811.72,1137.8,TRUE,0,1815,-1811.72,3630,-3686.72,FALSE,0,0,TRUE
2026-01-27T21:20:08Z,REV_TW1_U_21,5,TRUE,1,1,0,0,1984,0,0,0,0,,,0,0,0,0,,,,,3630,-3686,1.42,0.68,,,,17,,,,,0,,,,0,0,0,0,34800,34900,34700,,,,0,60.0073,0,,128643,113212,,,,,,9,0,0,0,0,0,0,0,0,,1,,1136.9,5.68,5,13,0,2134.08,0,100,0,0,0,0,,,0,0,0,0,0,0,,,3.337,3.316,3.324,28,14,24.5,,,31,24,48,FALSE,FALSE,FALSE,0,2,4,6,0,342,4200,16416,1500,-1500,0,0,56,18.921,80.8,0.3,999,999,999,999,999,999,999,999,2,1,0,0,0,1,2,1,1,0,0,8,1,0,0,-33526,0,7012,0,0,0,0,0,0,0,0,0,692.36,2100,2100,1815,1875,1138.5,TRUE,0,1815,-1875,2101.05,2101.05,1815,1811.72,1137.8,TRUE,0,1815,-1811.72,3630,-3686.72,FALSE,0,0,TRUE
2026-01-27T21:20:10Z,REV_TW1_U_21,5,TRUE,1,1,0,0,1984,0,0,0,0,,,0,0,0,0,,,,,3630,-3686,1.42,0.68,,,,17,,,,,0,,,,0,0,0,0,34800,34900,34700,,,,0,60.0098,0,,128643,113212,,,,,,9,0,0,0,0,0,0,0,0,,1,,1138.6,12.52,11,13,0,2134.08,0,100,0,0,0,0,,,0,0,0,0,0,0,,,3.341,3.316,3.327,28,11,24.334,,,31,24,48,FALSE,FALSE,FALSE,0,2,4,6,0,342,4200,16416,1500,-1500,0,0,56,18.921,80.8,0.3,999,999,999,999,999,999,999,999,2,1,0,0,0,1,2,1,1,0,0,8,1,0,0,-33526,0,7014,0,0,0,0,0,0,0,0,0,692.36,2100,2100,1815,1875,1138.5,TRUE,0,1815,-1875,2101.05,2101.05,1815,1811.72,1137.8,TRUE,0,1815,-1811.72,3630,-3686.72,FALSE,0,0,TRUE
2026-01-27T21:20:12Z,REV_TW1_U_21,5,TRUE,1,1,0,0,1984,0,0,0,0,,,0,0,0,0,,,,,3630,-3686,1.42,0.68,,,,17,,,,,0,,,,0,0,0,0,34800,34900,34700,,,,0,60.0051,0,,128643,113212,,,,,,9,0,0,0,0,0,0,0,0,,1,,1138.6,12.52,11,13,0,2134.08,0,100,0,0,0,0,,,0,0,0,0,0,0,,,3.341,3.316,3.327,28,11,24.334,,,34,48,48,FALSE,FALSE,FALSE,0,2,4,6,0,342,4200,16416,1500,-1500,0,0,56,18.921,80.8,0.3,999,999,999,999,999,999,999,999,2,1,0,0,0,1,2,1,1,0,0,8,1,0,0,-33526,0,7016,0,0,0,0,0,0,0,0,0,692.36,2100,2100,1815,1875,1138.5,TRUE,0,1815,-1875,2101.05,2101.05,1815,1811.72,1137.8,TRUE,0,1815,-1811.72,3630,-3686.72,FALSE,0,0,TRUE
2026-01-27T21:20:14Z,REV_TW1_U_21,5,TRUE,1,1,0,0,1984,0,0,0,0,,,0,0,0,0,,,,,3630,-3686,1.42,0.68,,,,17,,,,,0,,,,0,0,0,0,34800,34900,34700,,,,0,60.0068,0,,128643,113212,,,,,,9,0,0,0,0,0,0,0,0,,1,,1138.6,12.52,11,13,0,2134.08,0,100,0,0,0,0,,,0,0,0,0,0,0,,,3.342,3.316,3.326,28,11,24.334,,,34,48,48,FALSE,FALSE,FALSE,0,2,4,6,0,342,4200,16416,1500,-1500,0,0,56,18.921,80.8,0.3,999,999,999,999,999,999,999,999,2,1,0,0,0,1,2,1,1,0,0,8,1,0,0,-33526,0,7018,0,0,0,0,0,0,0,0,0,692.36,2100,2100,1815,1875,1138.5,TRUE,0,1815,-1875,2101.05,2101.05,1815,1811.72,1137.8,TRUE,0,1815,-1811.72,3630,-3686.72,FALSE,0,0,TRUE
2026-01-27T21:20:16Z,REV_TW1_U_21,5,TRUE,1,1,0,0,1984,0,0,0,0,,,0,0,0,0,,,,,3630,-3686,1.42,0.68,,,,17,,,,,0,,,,0,0,0,0,34800,34900,34700,,,,0,60.0068,0,,128643,113212,,,,,,9,0,0,0,0,0,0,0,0,,1,,1138.6,12.52,11,13,0,2134.08,0,100,0,0,0,0,,,0,0,0,0,0,,,,3.341,3.316,3.326,28,11,24.334,,,34,48,48,FALSE,FALSE,FALSE,0,2,4,6,0,342,4200,16416,1500,-1500,0,0,56,18.921,80.8,0.3,999,999,999,999,999,999,999,99,2,1,0,0,0,1,2,1,1,0,0,8,1,0,0,-33526,0,7020,0,0,0,0,0,0,0,0,0,692.36,2100,2100,1815,1875,1138.5,TRUE,0,1815,-1875,2101.05,2101.05,1815,1811.72,1137.8,TRUE,0,1815,-1811.72,3630,-3686.72,FALSE,0,0,TRUE
2026-01-27T21:20:18Z,REV_TW1_U_21,6,TRUE,4,1,0,0,2016,0,0,0,0,,,0,0,0,0,,,,,3630,-3686,1.42,0.68,,,,17,,,,,0,,,,0,0,0,0,34800,34900,34700,,,,0,60.0029,0,,128643,113212,,,,,,9,0,0,0,0,0,0,0,0,,1,,1138.4,14.8,13,13,0,2134.08,0,100,0,0,0,0,,,0,0,0,0,0,,,,3.341,3.316,3.326,28,24,26.334,,,35,48,48,FALSE,TRUE,FALSE,0,2,3,6,0,342,4200,16416,1500,-1500,0,0,56,18.921,80.8,0.3,999,999,999,999,999,999,999,999,2,1,0,0,0,1,2,1,1,0,0,8,1,0,0,-33526,0,7022,0,0,0,0,0,0,0,0,0,692.36,2100,2100,1815,1875,1138.5,TRUE,0,1815,-1875,2101.05,2101.05,1815,1811.72,1137.8,TRUE,0,1815,-1811.72,3630,-3686.72,FALSE,0,0,TRUE
2026-01-27T21:20:20Z,REV_TW1_U_21,6,TRUE,4,1,0,0,2016,0,0,0,0,,,0,0,0,0,,,,,3630,-3686,1.42,0.68,,,,17,,,,,0,,,,0,0,0,0,34800,34900,34700,,,,0,60.0043,0,,128643,113212,,,,,,9,0,0,0,0,0,0,0,0,,1,,1138.4,15.94,14,13,0,2134.08,0,100,0,0,0,0,,,0,0,0,0,0,,,,3.341,3.316,3.326,28,24,26.334,,,35,48,48,FALSE,TRUE,FALSE,0,2,3,6,0,342,4200,16416,1500,-1500,0,0,56,18.921,80.8,0.3,999,999,999,999,999,999,999,999,2,1,0,0,0,1,2,1,1,0,0,8,1,0,0,-33526,0,7024,0,0,0,0,0,0,0,0,0,692.36,2100,2100,1815,1875,1138.5,TRUE,0,1815,-1875,2101.05,2101.05,1815,1811.72,1137.8,TRUE,0,1815,-1811.72,3630,-3686.72,FALSE,0,0,TRUE
2026-01-27T21:20:22Z,REV_TW1_U_21,6,TRUE,4,1,0,0,2016,0,0,0,0,,,0,0,0,0,,,,,3630,-3686,1.42,0.68,,,,17,,,,,0,,,,0,0,0,0,34800,34900,34700,,,,0,60.0032,0,,128643,113212,,,,,,9,0,0,0,0,0,0,0,0,,1,,1138.4,14.8,13,13,0,2134.08,0,100,0,0,0,0,,,0,0,0,0,0,,,,3.341,3.317,3.326,28,24,26.334,,,32,48,48,FALSE,TRUE,FALSE,0,2,3,6,0,342,4200,16416,1500,-1500,0,0,56,18.921,80.8,0.3,999,999,999,999,999,999,999,999,2,1,0,0,0,1,2,1,1,0,0,8,1,0,0,-33526,0,7026,0,0,0,0,0,0,0,0,0,692.36,2100,2100,1815,1875,1138.5,TRUE,0,1815,-1875,2101.05,2101.05,1815,1811.72,1137.8,TRUE,0,1815,-1811.72,3630,-3686.72,FALSE,0,0,TRUE
2026-01-27T21:20:24Z,REV_TW1_U_21,6,TRUE,4,1,0,0,2016,0,0,0,0,,,0,0,0,0,,,,,3630,-3686,1.42,0.68,,,,17,,,,,0,,,,0,0,0,0,34800,34900,34700,,,,0,59.9987,0,,128643,113212,,,,,,9,0,0,0,0,0,0,0,0,,1,,1138.4,6.83,6,13,0,2134.08,0,100,0,0,0,0,,,0,0,0,0,0,,,,,,,28,24,26.166,,,32,48,48,FALSE,TRUE,FALSE,0,2,3,6,0,342,4200,16416,1500,-1500,0,0,56,18.921,80.8,0.3,999,999,999,999,999,999,999,99,2,1,0,0,0,1,2,1,1,0,0,8,1,0,0,-33526,0,7028,0,0,0,0,0,0,0,0,0,692.36,2100,2100,1815,1875,1138.5,TRUE,0,1815,-1875,2101.05,2101.05,1815,1811.72,1137.8,TRUE,0,1815,-1811.72,3630,-3686.72,FALSE,0,0,TRUE
2026-01-27T21:20:26Z,REV_TW1_U_21,6,TRUE,4,1,0,0,2016,0,0,0,0,,,0,0,0,0,,,,,3630,-3686,1.42,0.68,,,,17,,,,,0,,,,0,0,0,0,34800,34900,34700,,,,0,60.0067,0,,128643,113212,,,,,,9,0,0,0,0,0,0,0,0,,1,,1138.4,6.83,6,13,0,2134.08,0,100,0,0,0,0,,,0,0,0,0,0,,,,,,,28,24,26.166,,,32,48,48,FALSE,TRUE,FALSE,0,2,3,6,0,342,4200,16416,1500,-1500,0,0,56,18.921,80.8,0.3,999,999,999,999,999,999,999,999,2,1,0,0,0,1,2,1,1,0,0,8,1,0,0,-33526,0,7030,0,0,0,0,0,0,0,0,0,692.36,2100,2100,1815,1875,1138.5,TRUE,0,1815,-1875,2101.05,2101.05,1815,1811.72,1137.8,TRUE,0,1815,-1811.72,3630,-3686.72,FALSE,0,0,TRUE
2026-01-27T21:20:28Z,REV_TW1_U_21,6,TRUE,4,1,0,0,2016,0,0,0,0,,,0,0,0,0,,,,,3630,-3686,1.42,0.68,,,,17,,,,,0,,,,0,0,0,0,34800,34900,34700,,,,0,60.0027,0,,128643,113212,,,,,,9,0,0,0,0,0,0,0,0,,0,,0,0,0,13,0,2134.08,0,100,0,0,0,0,,,0,0,0,0,0,,,,,,,28,24,26.166,,,0,48,48,FALSE,TRUE,FALSE,0,2,3,6,0,342,4200,16416,1500,-1500,0,0,34,13.672,2.6,0,999,999,999,999,999,999,999,999,2,1,0,0,0,1,2,1,1,0,0,8,1,0,0,-33526,0,7032,0,0,0,0,0,0,0,0,0,692.36,2100,2100,1815,1875,1138.5,TRUE,0,1815,-1875,2101.05,2101.05,1815,1811.72,1137.8,TRUE,0,1815,-1811.72,3630,-3686.72,FALSE,0,0,TRUE
2026-01-27T21:20:30Z,REV_TW1_U_21,6,TRUE,4,1,0,0,2016,0,0,0,0,,,0,0,0,0,,,,,3630,-3686,1.42,0.68,,,,17,,,,,0,,,,0,0,0,0,34800,34900,34700,,,,0,60.0058,0,,128643,113212,,,,,,9,0,0,0,0,0,0,0,0,,0,,0,0,0,13,0,2134.08,0,100,0,0,0,0,,,0,0,0,0,0,,,,,,,28,24,26.166,,,0,48,48,FALSE,TRUE,FALSE,0,2,3,6,0,342,4200,16416,1500,-1500,0,0,34,13.672,2.6,0,999,999,999,999,999,999,999,999,2,1,0,0,0,1,2,1,1,0,0,8,1,0,0,-33526,0,7034,0,0,0,0,0,0,0,0,0,692.36,2100,2100,1815,1875,1138.5,TRUE,0,1815,-1875,2101.05,2101.05,1815,1811.72,1137.8,TRUE,0,1815,-1811.72,3630,-3686.72,FALSE,0,0,TRUE
2026-01-27T21:20:32Z,REV_TW1_U_21,6,TRUE,4,1,0,0,2016,0,0,0,0,,,0,0,0,0,,,,,3630,-3686,1.42,0.68,,,,17,,,,,0,,,,0,0,0,0,34800,34900,34700,,,,0,60.0112,0,,128643,113212,,,,,,9,0,0,0,0,0,0,0,0,,0,,0,0,0,13,0,2134.08,0,100,0,0,0,0,,,0,0,0,0,0,,,,,,,28,24,26.166,,,0,48,48,FALSE,TRUE,FALSE,0,2,3,6,0,342,4200,16416,1500,-1500,0,0,34,13.672,2.6,0,999,999,999,999,999,999,999,999,2,1,0,0,0,1,2,1,1,0,0,8,1,0,0,-33526,0,7036,0,0,0,0,0,0,0,0,0,692.36,2100,2100,1815,1875,1138.5,TRUE,0,1815,-1875,2101.05,2101.05,1815,1811.72,1137.8,TRUE,0,1815,-1811.72,3630,-3686.72,FALSE,0,0,TRUE
2026-01-27T21:20:34Z,REV_TW1_U_21,6,TRUE,4,1,0,0,2016,0,0,0,0,,,0,0,0,0,,,,,3630,-3686,1.42,0.68,,,,17,,,,,0,,,,0,0,0,0,34800,34900,34700,,,,0,60.0077,0,,128643,113212,,,,,,9,0,0,0,0,0,0,0,0,,0,,0,0,0,13,0,2134.08,0,100,0,0,0,0,,,0,0,0,0,0,,,,,,,28,24,26.166,,,0,48,48,FALSE,TRUE,FALSE,0,2,3,6,0,342,4200,16416,1500,-1500,0,0,34,13.672,2.6,0,999,999,999,999,999,999,999,999,2,1,0,0,0,1,2,1,1,0,0,8,1,0,0,-33526,0,7038,0,0,0,0,0,0,0,0,0,692.36,2100,2100,1815,1875,1138.5,TRUE,0,1815,-1875,2101.05,2101.05,1815,1811.72,1137.8,TRUE,0,1815,-1811.72,3630,-3686.72,FALSE,0,0,TRUE
2026-01-27T21:20:36Z,REV_TW1_U_21,6,TRUE,4,1,0,0,2016,0,0,0,0,,,0,0,0,0,,,,,3630,-3686,1.42,0.68,,,,17,,,,,0,,,,0,0,0,0,34800,34900,34700,,,,0,60.0091,0,,128643,113212,,,,,,9,0,0,0,0,0,0,0,0,,0,,0,0,0,13,0,2134.08,0,100,0,0,0,0,,,0,0,0,0,0,,,,,,,28,24,26.166,,,0,48,48,FALSE,TRUE,FALSE,0,2,3,6,0,342,4200,16416,1500,-1500,0,0,34,13.672,2.6,0,999,99,999,999,999,999,999,999,2,1,0,0,0,1,2,1,1,0,0,8,1,0,0,-33526,0,7040,0,0,0,0,0,0,0,0,0,692.36,2100,2100,1815,1875,1138.5,TRUE,0,1815,-1875,2101.05,2101.05,1815,1811.72,1137.8,TRUE,0,1815,-1811.72,3630,-3686.72,FALSE,0,0,TRUE
2026-01-27T21:20:38Z,REV_TW1_U_21,6,TRUE,4,1,0,0,2016,0,0,0,0,,,0,0,0,0,,,,,3630,-3686,1.42,0.68,,,,17,,,,,0,,,,0,0,0,0,34800,34900,34700,,,,0,60.0092,0,,128643,113212,,,,,,9,0,0,0,0,0,0,0,0,,0,,0,0,0,13,0,2134.08,0,100,0,0,0,0,,,0,0,0,0,0,,,,,,,28,24,26.166,,,0,24,48,FALSE,TRUE,FALSE,0,2,3,6,0,342,4200,16416,1500,-1500,0,0,34,13.672,2.6,0,999,99,999,999,999,999,999,999,2,1,0,0,0,1,2,1,1,0,0,8,1,0,0,-33526,0,7042,0,0,0,0,0,0,0,0,0,692.36,2100,2100,1815,1875,1138.5,TRUE,0,1815,-1875,2101.05,2101.05,1815,1811.72,1137.8,TRUE,0,1815,-1811.72,3630,-3686.72,FALSE,0,0,TRUE
2026-01-27T21:20:40Z,REV_TW1_U_21,6,TRUE,4,1,0,0,2016,0,0,0,0,,,0,0,0,0,,,,,3630,-3686,1.42,0.68,,,,17,,,,,0,,,,0,0,0,0,34800,34900,34700,,,,0,60.0074,0,,128643,113212,,,,,,9,0,0,0,0,0,0,0,0,,0,,0,0,0,13,0,2134.08,0,100,0,0,0,0,,,0,0,0,0,0,,,,,,,28,24,26.166,,,0,24,48,FALSE,TRUE,FALSE,0,2,3,6,0,342,4200,16416,1500,-1500,0,0,34,13.672,2.6,0,999,99,999,999,999,999,999,99,2,1,0,0,0,1,2,1,1,0,0,8,1,0,0,-33526,0,7044,0,0,0,0,0,0,0,0,0,692.36,2100,2100,1815,1875,1138.5,TRUE,0,1815,-1875,2101.05,2101.05,1815,1811.72,1137.8,TRUE,0,1815,-1811.72,3630,-3686.72,FALSE,0,0,TRUE
2026-01-27T21:20:42Z,REV_TW1_U_21,6,TRUE,4,1,0,0,2016,0,0,0,0,,,0,0,0,0,,,,,3630,-3686,1.42,0.68,,,,17,,,,,0,,,,0,0,0,0,34800,34900,34700,,,,0,60.009,0,,128643,113212,,,,,,9,0,0,0,0,0,0,0,0,,0,,0,0,0,13,0,2134.08,0,100,0,0,0,0,,,0,0,0,0,0,,,,,,,28,24,26.166,,,0,24,48,FALSE,TRUE,FALSE,0,2,3,6,0,342,4200,16416,1500,-1500,0,0,34,13.672,2.6,0,999,999,999,999,999,999,999,999,2,1,0,0,0,1,2,1,1,0,0,8,1,0,0,-33526,0,7046,0,0,0,0,0,0,0,0,0,692.36,2100,2100,1815,1875,1138.5,TRUE,0,1815,-1875,2101.05,2101.05,1815,1811.72,1137.8,TRUE,0,1815,-1811.72,3630,-3686.72,FALSE,0,0,TRUE
2026-01-27T21:20:44Z,REV_TW1_U_21,6,TRUE,4,1,0,0,2016,0,0,0,0,,,0,0,0,0,,,,,3630,-3686,1.42,0.68,,,,17,,,,,0,,,,0,0,0,0,34800,34900,34700,,,,0,60.0071,0,,128643,113212,,,,,,9,0,0,0,0,0,0,0,0,,0,,0,0,0,13,0,2134.08,0,100,0,0,0,0,,,0,0,0,0,0,,,,,,,28,24,26.166,,,0,24,48,FALSE,TRUE,FALSE,0,2,3,6,0,342,4200,16416,1500,-1500,0,0,34,13.672,2.6,0,999,99,999,999,999,999,999,999,2,1,0,0,0,1,2,1,1,0,0,8,1,0,0,-33526,0,7048,0,0,0,0,0,0,0,0,0,692.36,2100,2100,1815,1875,1138.5,TRUE,0,1815,-1875,2101.05,2101.05,1815,1811.72,1137.8,TRUE,0,1815,-1811.72,3630,-3686.72,FALSE,0,0,TRUE
2026-01-27T21:20:46Z,REV_TW1_U_21,6,TRUE,4,1,0,0,2016,0,0,0,0,,,0,0,0,0,,,,,3630,-3686,1.42,0.68,,,,17,,,,,0,,,,0,0,0,0,34800,34900,34700,,,,0,60.0093,0,,128643,113212,,,,,,9,0,0,0,0,0,0,0,0,,0,,0,0,0,13,0,2134.08,0,100,0,0,0,0,,,0,0,0,0,0,,,,,,,28,24,26.166,,,0,24,48,FALSE,TRUE,FALSE,0,2,3,6,0,342,4200,16416,1500,-1500,0,0,34,13.672,2.6,0,999,999,999,999,999,999,999,999,2,1,0,0,0,1,2,1,1,0,0,8,1,0,0,-33526,0,7050,0,0,0,0,0,0,0,0,0,692.36,2100,2100,1815,1875,1138.5,TRUE,0,1815,-1875,2101.05,2101.05,1815,1811.72,1137.8,TRUE,0,1815,-1811.72,3630,-3686.72,FALSE,0,0,TRUE
2026-01-27T21:20:48Z,REV_TW1_U_21,6,TRUE,4,1,0,0,2016,0,0,0,0,,,0,0,0,0,,,,,3630,-3686,1.42,0.68,,,,17,,,,,0,,,,0,0,0,0,34800,34900,34700,,,,0,60.0125,0,,128643,113212,,,,,,9,0,0,0,0,0,0,0,0,,0,,0,0,0,13,0,2134.08,0,100,0,0,0,0,,,0,0,0,0,0,,,,,,,28,24,26.166,,,0,24,48,FALSE,TRUE,FALSE,0,2,3,6,0,342,4200,16416,1500,-1500,0,0,35,14.155,2.6,0,999,999,999,999,999,999,999,999,2,1,0,0,0,1,2,1,1,0,0,8,1,0,0,-33526,0,7052,0,0,0,0,0,0,0,0,0,692.36,2100,2100,1815,1875,1138.5,TRUE,0,1815,-1875,2101.05,2101.05,1815,1811.72,1137.8,TRUE,0,1815,-1811.72,3630,-3686.72,FALSE,0,0,TRUE
2026-01-27T21:20:50Z,REV_TW1_U_21,6,TRUE,4,1,0,0,2016,0,0,0,0,,,0,0,0,0,,,,,3630,-3686,1.42,0.68,,,,17,,,,,0,,,,0,0,0,0,34800,34900,34700,,,,0,60.0185,0,,128643,113212,,,,,,9,0,0,0,0,0,0,0,0,,0,,0,0,0,13,0,2134.08,0,100,0,0,0,0,,,0,0,0,0,0,,,,,,,28,24,26.166,,,0,24,48,FALSE,TRUE,FALSE,0,2,3,6,0,342,4200,16416,1500,-1500,0,0,35,14.155,2.6,0,999,999,999,999,999,999,999,999,2,1,0,0,0,1,2,1,1,0,0,8,1,0,0,-33526,0,7054,0,0,0,0,0,0,0,0,0,692.36,2100,2100,1815,1875,1138.5,TRUE,0,1815,-1875,2101.05,2101.05,1815,1811.72,1137.8,TRUE,0,1815,-1811.72,3630,-3686.72,FALSE,0,0,TRUE
2026-01-27T21:20:52Z,REV_TW1_U_21,6,TRUE,4,1,0,0,2016,0,0,0,0,,,0,0,0,0,,,,,3630,-3686,1.42,0.68,,,,17,,,,,0,,,,0,0,0,0,34800,34900,34700,,,,0,60.0152,0,,128643,113212,,,,,,9,0,0,0,0,0,0,0,0,,0,,0,0,0,13,0,2134.08,0,100,0,0,0,0,,,0,0,0,0,0,,,,,,,28,24,26.166,,,0,48,48,FALSE,TRUE,FALSE,0,2,3,6,0,342,4200,16416,1500,-1500,0,0,35,14.155,2.6,0,999,999,999,999,999,999,999,999,2,1,0,0,0,1,2,1,1,0,0,8,1,0,0,-33526,0,7056,0,0,0,0,0,0,0,0,0,692.36,2100,2100,1815,1875,1138.5,TRUE,0,1815,-1875,2101.05,2101.05,1815,1811.72,1137.8,TRUE,0,1815,-1811.72,3630,-3686.72,FALSE,0,0,TRUE
2026-01-27T21:20:54Z,REV_TW1_U_21,6,TRUE,4,1,0,0,2016,0,0,0,0,,,0,0,0,0,,,,,3630,-3686,1.42,0.68,,,,17,,,,,0,,,,0,0,0,0,34800,34900,34700,,,,0,60.0203,0,,128643,113212,,,,,,9,0,0,0,0,0,0,0,0,,0,,0,0,0,13,0,2134.08,0,100,0,0,0,0,,,0,0,0,0,0,0,,,,,,28,24,26.166,,,0,48,48,FALSE,TRUE,FALSE,0,2,4,6,0,342,4200,16416,1500,-1500,0,0,35,14.155,2.6,0,999,999,999,999,999,999,999,999,2,1,0,0,0,1,2,1,1,0,0,8,1,0,0,-33526,0,7058,0,0,0,0,0,0,0,0,0,692.36,2100,2100,1815,1875,1138.5,TRUE,0,1815,-1875,2101.05,2101.05,1815,1811.72,1137.8,TRUE,0,1815,-1811.72,3630,-3686.72,FALSE,0,0,TRUE
2026-01-27T21:20:56Z,REV_TW1_U_21,6,TRUE,4,1,0,0,2016,0,0,0,0,,,0,0,0,0,,,,,3630,-3686,1.42,0.68,,,,17,,,,,0,,,,0,0,0,0,34800,34900,34700,,,,0,60.0233,0,,128643,113212,,,,,,9,0,0,0,0,0,0,0,0,,0,,0,0,0,13,0,2134.08,0,100,0,0,0,0,,,0,0,0,0,0,0,,,,,,28,24,26.166,,,0,48,48,FALSE,TRUE,FALSE,0,2,4,6,0,342,4200,16416,1500,-1500,0,0,35,14.155,2.6,0,999,999,999,999,999,999,999,999,2,1,0,0,0,1,2,1,1,0,0,8,1,0,0,-33526,0,7060,0,0,0,0,0,0,0,0,0,692.36,2100,2100,1815,1875,1138.5,TRUE,0,1815,-1875,2101.05,2101.05,1815,1811.72,1137.8,TRUE,0,1815,-1811.72,3630,-3686.72,FALSE,0,0,TRUE
2026-01-27T21:20:58Z,REV_TW1_U_21,6,TRUE,4,1,0,0,2016,0,0,0,0,,,0,0,0,0,,,,,3630,-3686,1.42,0.68,,,,17,,,,,0,,,,0,0,0,0,34800,34900,34700,,,,0,60.0244,0,,128643,113212,,,,,,9,0,0,0,0,0,0,0,0,,0,,0,0,0,13,0,2134.08,0,100,0,0,0,0,,,0,0,0,0,0,0,,,,,,28,11,24.166,,,0,48,48,FALSE,FALSE,FALSE,0,2,4,6,0,342,4200,16416,1500,-1500,0,0,35,14.155,2.6,0,999,999,999,999,999,999,999,999,2,1,0,0,0,1,2,1,1,0,0,8,1,0,0,-33526,0,7062,0,0,0,0,0,0,0,0,0,692.36,2100,2100,1815,1875,1138.5,TRUE,0,1815,-1875,2101.05,2101.05,1815,1811.72,1137.8,TRUE,0,1815,-1811.72,3630,-3686.72,FALSE,0,0,TRUE
2026-01-27T21:21:00Z,REV_TW1_U_21,6,TRUE,4,1,0,0,2016,0,0,0,0,,,0,0,0,0,,,,,3630,-3686,1.42,0.68,,,,17,,,,,0,,,,0,0,0,0,34800,34900,34700,,,,0,60.0225,0,,128643,113212,,,,,,9,0,0,0,0,0,0,0,0,,0,,0,0,0,13,0,2134.08,0,100,0,0,0,0,,,0,0,0,0,0,0,,,,,,28,11,24.166,,,0,48,48,FALSE,FALSE,FALSE,0,2,4,6,0,342,4200,16416,1500,-1500,0,0,35,14.155,2.6,0,999,999,999,999,999,999,999,999,2,1,0,0,0,1,2,1,1,0,0,8,1,0,0,-33526,0,7064,0,0,0,0,0,0,0,0,0,692.36,2100,2100,1815,1875,1138.5,TRUE,0,1815,-1875,2101.05,2101.05,1815,1811.72,1137.8,TRUE,0,1815,-1811.72,3630,-3686.72,FALSE,0,0,TRUE
2026-01-27T21:21:02Z,REV_TW1_U_21,6,TRUE,4,1,0,0,2016,0,0,0,0,,,0,0,0,0,,,,,3630,-3686,1.42,0.68,,,,17,,,,,0,,,,0,0,0,0,34800,34900,34700,,,,0,60.0212,0,,128643,113212,,,,,,9,0,0,0,0,0,0,0,0,,0,,0,0,0,13,0,2134.08,0,100,0,0,0,0,,,0,0,0,0,0,0,,,,,,28,11,24.166,,,0,48,48,FALSE,FALSE,FALSE,0,2,4,6,0,342,4200,16416,1500,-1500,0,0,35,14.155,2.6,0,999,999,999,999,999,999,999,999,2,1,0,0,0,1,2,1,1,0,0,8,1,0,0,-33526,0,7066,0,0,0,0,0,0,0,0,0,692.36,2100,2100,1815,1875,1138.5,TRUE,0,1815,-1875,2101.05,2101.05,1815,1811.72,1137.8,TRUE,0,1815,-1811.72,3630,-3686.72,FALSE,0,0,TRUE
2026-01-27T21:21:04Z,REV_TW1_U_21,6,TRUE,4,1,0,0,2016,0,0,0,0,,,0,0,0,0,,,,,3630,-3686,1.42,0.68,,,,17,,,,,0,,,,0,0,0,0,34800,34900,34700,,,,0,60.0168,0,,128643,113212,,,,,,9,0,0,0,0,0,0,0,0,,0,,0,0,0,13,0,2134.08,0,100,0,0,0,0,,,0,0,0,0,0,0,,,,,,28,11,24.166,,,0,48,48,FALSE,FALSE,FALSE,0,2,4,6,0,342,4200,16416,1500,-1500,0,0,35,14.155,2.6,0,999,999,999,999,999,999,999,999,2,1,0,0,0,1,2,1,1,0,0,8,1,0,0,-33526,0,7068,0,0,0,0,0,0,0,0,0,692.36,2100,2100,1815,1875,1138.5,TRUE,0,1815,-1875,2101.05,2101.05,1815,1811.72,1137.8,TRUE,0,1815,-1811.72,3630,-3686.72,FALSE,0,0,TRUE
2026-01-27T21:21:06Z,REV_TW1_U_21,6,TRUE,4,1,0,0,2016,0,0,0,0,,,0,0,0,0,,,,,3630,-3686,1.42,0.68,,,,17,,,,,0,,,,0,0,0,0,34800,34900,34700,,,,0,60.0165,0,,128643,113212,,,,,,9,0,0,0,0,0,0,0,0,,0,,0,0,0,13,0,2134.08,0,100,0,0,0,0,,,0,0,0,0,0,0,,,,,,28,11,24.166,,,0,48,48,FALSE,FALSE,FALSE,0,2,4,6,0,342,4200,16416,1500,-1500,0,0,35,14.155,2.6,0,999,999,999,999,999,999,999,999,2,1,0,0,0,1,2,1,1,0,0,8,1,0,0,-33526,0,7070,0,0,0,0,0,0,0,0,0,692.36,2100,2100,1815,1875,1138.5,TRUE,0,1815,-1875,2101.05,2101.05,1815,1811.72,1137.8,TRUE,0,1815,-1811.72,3630,-3686.72,FALSE,0,0,TRUE
2026-01-27T21:21:08Z,REV_TW1_U_21,6,TRUE,4,1,0,0,2016,0,0,0,0,,,0,0,0,0,,,,,3630,-3686,1.42,0.68,,,,17,,,,,0,,,,0,0,0,0,34800,34900,34700,,,,0,60.0219,0,,128643,113212,,,,,,9,0,0,0,0,0,0,0,0,,0,,0,0,0,13,0,2134.08,0,100,0,0,0,0,,,0,0,0,0,0,0,,,,,,28,11,24.166,,,0,48,48,FALSE,FALSE,FALSE,0,2,4,6,0,342,4200,16416,1500,-1500,0,0,35,14.155,80,0,999,99,999,999,999,999,999,999,2,1,0,0,0,1,2,1,1,0,0,8,1,0,0,-33526,0,7072,0,0,0,0,0,0,0,0,0,692.36,2100,2100,1815,1875,1138.5,TRUE,0,1815,-1875,2101.05,2101.05,1815,1811.72,1137.8,TRUE,0,1815,-1811.72,3630,-3686.72,FALSE,0,0,TRUE
2026-01-27T21:21:10Z,REV_TW1_U_21,6,TRUE,4,1,0,0,2016,0,0,0,0,,,0,0,0,0,,,,,3630,-3686,1.42,0.68,,,,17,,,,,0,,,,0,0,0,0,34800,34900,34700,,,,0,60.0208,0,,128643,113212,,,,,,9,0,0,0,0,0,0,0,0,,0,,0,0,0,13,0,2134.08,0,100,0,0,0,0,,,0,0,0,0,0,0,,,,,,28,11,24.166,,,0,48,48,FALSE,FALSE,FALSE,0,2,4,6,0,342,4200,16416,1500,-1500,0,0,35,14.155,80,0,999,99,999,999,999,999,999,999,2,1,0,0,0,1,2,1,1,0,0,8,1,0,0,-33526,0,7074,0,0,0,0,0,0,0,0,0,692.36,2100,2100,1815,1875,1138.5,TRUE,0,1815,-1875,2101.05,2101.05,1815,1811.72,1137.8,TRUE,0,1815,-1811.72,3630,-3686.72,FALSE,0,0,TRUE
2026-01-27T21:21:12Z,REV_TW1_U_21,6,TRUE,4,1,0,0,2016,0,0,0,0,,,0,0,0,0,,,,,3630,-3686,1.42,0.68,,,,17,,,,,0,,,,0,0,0,0,34800,34900,34700,,,,0,60.0222,0,,128643,113212,,,,,,9,0,0,0,0,0,0,0,0,,0,,0,0,0,13,0,2134.08,0,100,0,0,0,0,,,0,0,0,0,0,0,,,,,,28,11,24.166,,,0,24,48,FALSE,FALSE,FALSE,0,2,4,6,0,342,4200,16416,1500,-1500,0,0,35,14.155,80,0,999,99,999,999,999,999,999,999,2,1,0,0,0,1,2,1,1,0,0,8,1,0,0,-33526,0,7076,0,0,0,0,0,0,0,0,0,692.36,2100,2100,1815,1875,1138.5,TRUE,0,1815,-1875,2101.05,2101.05,1815,1811.72,1137.8,TRUE,0,1815,-1811.72,3630,-3686.72,FALSE,0,0,TRUE
2026-01-27T21:21:14Z,REV_TW1_U_21,6,TRUE,4,1,0,0,2016,0,0,0,0,,,0,0,0,0,,,,,3630,-3686,1.42,0.68,,,,17,,,,,0,,,,0,0,0,0,34800,34900,34700,,,,0,60.0179,0,,128643,113212,,,,,,9,0,0,0,0,0,0,0,0,,0,,0,0,0,13,0,2134.08,0,100,0,0,0,0,,,0,0,0,0,0,,,,,,,28,11,24.166,,,0,24,48,FALSE,FALSE,FALSE,0,2,3,6,0,342,4200,16416,1500,-1500,0,0,35,14.155,80,0,999,99,999,999,999,999,999,99,2,1,0,0,0,1,2,1,1,0,0,8,1,0,0,-33526,0,7078,0,0,0,0,0,0,0,0,0,692.36,2100,2100,1815,1875,1138.5,TRUE,0,1815,-1875,2101.05,2101.05,1815,1811.72,1137.8,TRUE,0,1815,-1811.72,3630,-3686.72,FALSE,0,0,TRUE
2026-01-27T21:21:16Z,REV_TW1_U_21,6,TRUE,4,1,0,0,2016,0,0,0,0,,,0,0,0,0,,,,,3630,-3686,1.42,0.68,,,,17,,,,,0,,,,0,0,0,0,34800,34900,34700,,,,0,60.0201,0,,128643,113212,,,,,,9,0,0,0,0,0,0,0,0,,0,,0,0,0,13,0,2134.08,0,100,0,0,0,0,,,0,0,0,0,0,,,,,,,28,11,24.166,,,0,24,48,FALSE,FALSE,FALSE,0,2,3,6,0,342,4200,16416,1500,-1500,0,0,35,14.155,80,0,999,99,999,999,999,999,999,999,2,1,0,0,0,1,2,1,1,0,0,8,1,0,0,-33526,0,7080,0,0,0,0,0,0,0,0,0,692.36,2100,2100,1815,1875,1138.5,TRUE,0,1815,-1875,2101.05,2101.05,1815,1811.72,1137.8,TRUE,0,1815,-1811.72,3630,-3686.72,FALSE,0,0,TRUE
2026-01-27T21:21:18Z,REV_TW1_U_21,6,TRUE,4,1,0,0,2016,0,0,0,0,,,0,0,0,0,,,,,3630,-3686,1.42,0.68,,,,17,,,,,0,,,,0,0,0,0,34800,34900,34700,,,,0,60.0191,0,,128643,113212,,,,,,9,0,0,0,0,0,0,0,0,,0,,0,0,0,13,0,2134.08,0,100,0,0,0,0,,,0,0,0,0,0,,,,,,,28,11,24.166,,,0,24,48,FALSE,FALSE,FALSE,0,2,3,6,0,342,4200,16416,1500,-1500,0,0,35,14.155,80,0,999,999,999,999,999,999,999,99,2,1,0,0,0,1,2,1,1,0,0,8,1,0,0,-33526,0,7082,0,0,0,0,0,0,0,0,0,692.36,2100,2100,1815,1875,1138.5,TRUE,0,1815,-1875,2101.05,2101.05,1815,1811.72,1137.8,TRUE,0,1815,-1811.72,3630,-3686.72,FALSE,0,0,TRUE
2026-01-27T21:21:20Z,REV_TW1_U_21,6,TRUE,4,1,0,0,2016,0,0,0,0,,,0,0,0,0,,,,,3630,-3686,1.42,0.68,,,,17,,,,,0,,,,0,0,0,0,34800,34900,34700,,,,0,60.0194,0,,128643,113212,,,,,,9,0,0,0,0,0,0,0,0,,0,,0,0,0,13,0,2134.08,0,100,0,0,0,0,,,0,0,0,0,0,,,,,,,28,11,24.166,,,0,24,48,FALSE,FALSE,FALSE,0,2,3,6,0,342,4200,16416,1500,-1500,0,0,35,14.155,80,0,999,999,999,999,999,999,999,999,2,1,0,0,0,1,2,1,1,0,0,8,1,0,0,-33526,0,7084,0,0,0,0,0,0,0,0,0,692.36,2100,2100,1815,1875,1138.5,TRUE,0,1815,-1875,2101.05,2101.05,1815,1811.72,1137.8,TRUE,0,1815,-1811.72,3630,-3686.72,FALSE,0,0,TRUE
2026-01-27T21:21:22Z,REV_TW1_U_21,6,TRUE,4,1,0,0,2016,0,0,0,0,,,0,0,0,0,,,,,3630,-3686,1.42,0.68,,,,17,,,,,0,,,,0,0,0,0,34800,34900,34700,,,,0,60.0171,0,,128643,113212,,,,,,9,0,0,0,0,0,0,0,0,,0,,0,0,0,13,0,2134.08,0,100,0,0,0,0,,,0,0,0,0,0,,,,,,,28,11,24.166,,,0,24,48,FALSE,FALSE,FALSE,0,2,3,6,0,342,4200,16416,1500,-1500,0,0,35,14.155,80,0,999,999,999,999,999,999,999,999,2,1,0,0,0,1,2,1,1,0,0,8,1,0,0,-33526,0,7086,0,0,0,0,0,0,0,0,0,692.36,2100,2100,1815,1875,1138.5,TRUE,0,1815,-1875,2101.05,2101.05,1815,1811.72,1137.8,TRUE,0,1815,-1811.72,3630,-3686.72,FALSE,0,0,TRUE
2026-01-27T21:21:24Z,REV_TW1_U_21,6,TRUE,4,1,0,0,2016,0,0,0,0,,,0,0,0,0,,,,,3630,-3686,1.42,0.68,,,,17,,,,,0,,,,0,0,0,0,34800,34900,34700,,,,0,60.0166,0,,128643,113212,,,,,,9,0,0,0,0,0,0,0,0,,0,,0,0,0,13,0,2134.08,0,100,0,0,0,0,,,0,0,0,0,0,,,,,,,28,11,24.166,,,0,24,48,FALSE,FALSE,FALSE,0,2,3,6,0,342,4200,16416,1500,-1500,0,0,35,14.155,80,0,999,999,999,999,999,999,999,999,2,1,0,0,0,1,2,1,1,0,0,8,1,0,0,-33526,0,7088,0,0,0,0,0,0,0,0,0,692.36,2100,2100,1815,1875,1138.5,TRUE,0,1815,-1875,2101.05,2101.05,1815,1811.72,1137.8,TRUE,0,1815,-1811.72,3630,-3686.72,FALSE,0,0,TRUE
2026-01-27T21:21:26Z,REV_TW1_U_21,6,TRUE,4,1,0,0,2016,0,0,0,0,,,0,0,0,0,,,,,3630,-3686,1.42,0.68,,,,17,,,,,0,,,,0,0,0,0,34800,34900,34700,,,,0,60.0145,0,,128643,113212,,,,,,9,0,0,0,0,0,0,0,0,,0,,0,0,0,13,0,2134.08,0,100,0,0,0,0,,,0,0,0,0,0,,,,,,,28,11,24.166,,,0,24,48,FALSE,FALSE,FALSE,0,2,3,6,0,342,4200,16416,1500,-1500,0,0,35,14.155,80,0,999,999,999,999,999,999,999,999,2,1,0,0,0,1,2,1,1,0,0,8,1,0,0,-33526,0,7090,0,0,0,0,0,0,0,0,0,692.36,2100,2100,1815,1875,1138.5,TRUE,0,1815,-1875,2101.05,2101.05,1815,1811.72,1137.8,TRUE,0,1815,-1811.72,3630,-3686.72,FALSE,0,0,TRUE
2026-01-27T21:21:28Z,REV_TW1_U_21,6,TRUE,4,1,0,0,2016,0,0,0,0,,,0,0,0,0,,,,,3630,-3686,1.42,0.68,,,,17,,,,,0,,,,0,0,0,0,34800,34900,34700,,,,0,60.0145,0,,128643,113212,,,,,,9,0,0,0,0,0,0,0,0,,0,,0,0,0,13,0,2134.08,0,100,0,0,0,0,,,0,0,0,0,0,,,,,,,28,11,24.166,,,0,24,48,FALSE,FALSE,FALSE,0,2,3,6,0,342,4200,16416,1500,-1500,0,0,35,14.155,2.5,0,999,999,999,999,999,999,999,999,2,1,0,0,0,1,2,1,1,0,0,8,1,0,0,-33526,0,7092,0,0,0,0,0,0,0,0,0,692.36,2100,2100,1815,1875,1138.5,TRUE,0,1815,-1875,2101.05,2101.05,1815,1811.72,1137.8,TRUE,0,1815,-1811.72,3630,-3686.72,FALSE,0,0,TRUE
2026-01-27T21:21:30Z,REV_TW1_U_21,6,TRUE,4,1,0,0,2016,0,0,0,0,,,0,0,0,0,,,,,3630,-3686,1.42,0.68,,,,17,,,,,0,,,,0,0,0,0,34800,34900,34700,,,,0,60.0158,0,,128643,113212,,,,,,9,0,0,0,0,0,0,0,0,,0,,0,0,0,13,0,2134.08,0,100,0,0,0,0,,,0,0,0,0,0,,,,,,,28,11,24.166,,,0,24,48,FALSE,FALSE,FALSE,0,2,3,6,0,342,4200,16416,1500,-1500,0,0,35,14.155,2.5,0,999,99,999,999,999,999,999,999,2,1,0,0,0,1,2,1,1,0,0,8,1,0,0,-33526,0,7094,0,0,0,0,0,0,0,0,0,692.36,2100,2100,1815,1875,1138.5,TRUE,0,1815,-1875,2101.05,2101.05,1815,1811.72,1137.8,TRUE,0,1815,-1811.72,3630,-3686.72,FALSE,0,0,TRUE
2026-01-27T21:21:32Z,REV_TW1_U_21,6,TRUE,4,1,0,0,2016,0,0,0,0,,,0,0,0,0,,,,,3630,-3686,1.42,0.68,,,,17,,,,,0,,,,0,0,0,0,34800,34900,34700,,,,0,60.0186,0,,128643,113212,,,,,,9,0,0,0,0,0,0,0,0,,0,,0,0,0,13,0,2134.08,0,100,0,0,0,0,,,0,0,0,0,0,,,,,,,28,11,24.166,,,0,24,48,FALSE,FALSE,FALSE,0,2,3,6,0,342,4200,16416,1500,-1500,0,0,35,14.155,2.5,0,999,999,999,999,999,999,999,99,2,1,0,0,0,1,2,1,1,0,0,8,1,0,0,-33526,0,7096,0,0,0,0,0,0,0,0,0,692.36,2100,2100,1815,1875,1138.5,TRUE,0,1815,-1875,2101.05,2101.05,1815,1811.72,1137.8,TRUE,0,1815,-1811.72,3630,-3686.72,FALSE,0,0,TRUE
2026-01-27T21:21:34Z,REV_TW1_U_21,6,TRUE,4,1,0,0,2016,0,0,0,0,,,0,0,0,0,,,,,3630,-3686,1.42,0.68,,,,17,,,,,0,,,,0,0,0,0,34800,34900,34700,,,,0,60.015,0,,128643,113212,,,,,,9,0,0,0,0,0,0,0,0,,0,,0,0,0,13,0,2134.08,0,100,0,0,0,0,,,0,0,0,0,0,,,,,,,28,11,24.166,,,0,24,48,FALSE,FALSE,FALSE,0,2,3,6,0,342,4200,16416,1500,-1500,0,0,35,14.155,2.5,0,999,999,999,999,999,999,999,999,2,1,0,0,0,1,2,1,1,0,0,8,1,0,0,-33526,0,7098,0,0,0,0,0,0,0,0,0,692.36,2100,2100,1815,1875,1138.5,TRUE,0,1815,-1875,2101.05,2101.05,1815,1811.72,1137.8,TRUE,0,1815,-1811.72,3630,-3686.72,FALSE,0,0,TRUE
2026-01-27T21:21:36Z,REV_TW1_U_21,6,TRUE,4,1,0,0,2016,0,0,0,0,,,0,0,0,0,,,,,3630,-3686,1.42,0.68,,,,17,,,,,0,,,,0,0,0,0,34800,34900,34700,,,,0,60.0158,0,,128643,113212,,,,,,9,0,0,0,0,0,0,0,0,,0,,0,0,0,13,0,2134.08,0,100,0,0,0,0,,,0,0,0,0,0,,,,,,,28,11,24.166,,,0,24,48,FALSE,FALSE,FALSE,0,2,3,6,0,342,4200,16416,1500,-1500,0,0,35,14.155,2.5,0,999,99,999,999,999,999,999,999,2,1,0,0,0,1,2,1,1,0,0,8,1,0,0,-33526,0,7100,0,0,0,0,0,0,0,0,0,692.36,2100,2100,1815,1875,1138.5,TRUE,0,1815,-1875,2101.05,2101.05,1815,1811.72,1137.8,TRUE,0,1815,-1811.72,3630,-3686.72,FALSE,0,0,TRUE
2026-01-27T21:21:38Z,REV_TW1_U_21,6,TRUE,4,1,0,0,2016,0,0,0,0,,,0,0,0,0,,,,,3630,-3686,1.42,0.68,,,,17,,,,,0,,,,0,0,0,0,34800,34900,34700,,,,0,60.0166,0,,128643,113212,,,,,,9,0,0,0,0,0,0,0,0,,0,,0,0,0,13,0,2134.08,0,100,0,0,0,0,,,0,0,0,0,0,,,,,,,28,11,24.166,,,0,24,48,FALSE,FALSE,FALSE,0,2,3,6,0,342,4200,16416,1500,-1500,0,0,35,14.155,2.5,0,999,99,999,999,999,999,999,999,2,1,0,0,0,1,2,1,1,0,0,8,1,0,0,-33526,0,7102,0,0,0,0,0,0,0,0,0,692.36,2100,2100,1815,1875,1138.5,TRUE,0,1815,-1875,2101.05,2101.05,1815,1811.72,1137.8,TRUE,0,1815,-1811.72,3630,-3686.72,FALSE,0,0,TRUE
2026-01-27T21:21:40Z,REV_TW1_U_21,6,TRUE,4,1,0,0,2016,0,0,0,0,,,0,0,0,0,,,,,3630,-3686,1.42,0.68,,,,17,,,,,0,,,,0,0,0,0,34800,34900,34700,,,,0,60.0161,0,,128643,113212,,,,,,9,0,0,0,0,0,0,0,0,,0,,0,0,0,13,0,2134.08,0,100,0,0,0,0,,,0,0,0,0,0,,,,,,,28,11,24.166,,,0,24,48,FALSE,FALSE,FALSE,0,2,3,6,0,342,4200,16416,1500,-1500,0,0,35,14.155,2.5,0,999,999,999,999,999,999,999,999,2,1,0,0,0,1,2,1,1,0,0,8,1,0,0,-33526,0,7103,0,0,0,0,0,0,0,0,0,692.36,2100,2100,1815,1875,1138.5,TRUE,0,1815,-1875,2101.05,2101.05,1815,1811.72,1137.8,TRUE,0,1815,-1811.72,3630,-3686.72,FALSE,0,0,TRUE
2026-01-27T21:21:42Z,REV_TW1_U_21,6,TRUE,4,1,0,0,2016,0,0,0,0,,,0,0,0,0,,,,,3630,-3686,1.42,0.68,,,,17,,,,,0,,,,0,0,0,0,34800,34900,34700,,,,0,60.0166,0,,128643,113212,,,,,,9,0,0,0,0,0,0,0,0,,0,,0,0,0,13,0,2134.08,0,100,0,0,0,0,,,0,0,0,0,0,,,,,,,28,11,24.166,,,0,24,48,FALSE,FALSE,FALSE,0,2,3,6,0,342,4200,16416,1500,-1500,0,0,35,14.155,2.5,0,999,999,999,999,999,999,999,999,2,1,0,0,0,1,2,1,1,0,0,8,1,0,0,-33526,0,7106,0,0,0,0,0,0,0,0,0,692.36,2100,2100,1815,1875,1138.5,TRUE,0,1815,-1875,2101.05,2101.05,1815,1811.72,1137.8,TRUE,0,1815,-1811.72,3630,-3686.72,FALSE,0,0,TRUE
2026-01-27T21:21:44Z,REV_TW1_U_21,6,TRUE,4,1,0,0,2016,0,0,0,0,,,0,0,0,0,,,,,3630,-3686,1.42,0.68,,,,17,,,,,0,,,,0,0,0,0,34800,34900,34700,,,,0,60.0156,0,,128643,113212,,,,,,9,0,0,0,0,0,0,0,0,,0,,0,0,0,13,0,2134.08,0,100,0,0,0,0,,,0,0,0,0,0,0,,,,,,28,11,24.166,,,0,24,48,FALSE,FALSE,FALSE,0,2,4,6,0,342,4200,16416,1500,-1500,0,0,35,14.155,2.5,0,999,99,999,999,999,999,999,999,2,1,0,0,0,1,2,1,1,0,0,8,1,0,0,-33526,0,7108,0,0,0,0,0,0,0,0,0,692.36,2100,2100,1815,1875,1138.5,TRUE,0,1815,-1875,2101.05,2101.05,1815,1811.72,1137.8,TRUE,0,1815,-1811.72,3630,-3686.72,FALSE,0,0,TRUE
2026-01-27T21:21:46Z,REV_TW1_U_21,6,TRUE,4,1,0,0,2016,0,0,0,0,,,0,0,0,0,,,,,3630,-3686,1.42,0.68,,,,17,,,,,0,,,,0,0,0,0,34800,34900,34700,,,,0,60.0149,0,,128643,113212,,,,,,9,0,0,0,0,0,0,0,0,,0,,0,0,0,13,0,2134.08,0,100,0,0,0,0,,,0,0,0,0,0,0,,,,,,28,11,24.166,,,0,24,48,FALSE,FALSE,FALSE,0,2,4,6,0,342,4200,16416,1500,-1500,0,0,35,14.155,2.5,0,999,99,999,999,999,999,999,999,2,1,0,0,0,1,2,1,1,0,0,8,1,0,0,-33526,0,7110,0,0,0,0,0,0,0,0,0,692.36,2100,2100,1815,1875,1138.5,TRUE,0,1815,-1875,2101.05,2101.05,1815,1811.72,1137.8,TRUE,0,1815,-1811.72,3630,-3686.72,FALSE,0,0,TRUE
2026-01-27T21:21:48Z,REV_TW1_U_21,6,TRUE,4,1,0,0,2016,0,0,0,0,,,0,0,0,0,,,,,3630,-3686,1.42,0.68,,,,17,,,,,0,,,,0,0,0,0,34800,34900,34700,,,,0,60.0176,0,,128643,113212,,,,,,9,0,0,0,0,0,0,0,0,,0,,0,0,0,13,0,2134.08,0,100,0,0,0,0,,,0,0,0,0,0,0,,,,,,28,11,24.166,,,0,24,48,FALSE,FALSE,FALSE,0,2,4,6,0,342,4200,16416,1500,-1500,0,0,35,14.155,79.6,0,999,999,999,999,999,999,999,999,2,1,0,0,0,1,2,1,1,0,0,8,1,0,0,-33526,0,7112,0,0,0,0,0,0,0,0,0,692.36,2100,2100,1815,1875,1138.5,TRUE,0,1815,-1875,2101.05,2101.05,1815,1811.72,1137.8,TRUE,0,1815,-1811.72,3630,-3686.72,FALSE,0,0,TRUE
2026-01-27T21:21:50Z,REV_TW1_U_21,6,TRUE,4,1,0,0,2016,0,0,0,0,,,0,0,0,0,,,,,3630,-3686,1.42,0.68,,,,17,,,,,0,,,,0,0,0,0,34800,34900,34700,,,,0,60.015,0,,128643,113212,,,,,,9,0,0,0,0,0,0,0,0,,0,,0,0,0,13,0,2134.08,0,100,0,0,0,0,,,0,0,0,0,0,0,,,,,,28,11,24.166,,,0,24,48,FALSE,FALSE,FALSE,0,2,4,6,0,342,4200,16416,1500,-1500,0,0,35,14.155,79.6,0,999,999,999,999,999,999,999,999,2,1,0,0,0,1,2,1,1,0,0,8,1,0,0,-33526,0,7114,0,0,0,0,0,0,0,0,0,692.36,2100,2100,1815,1875,1138.5,TRUE,0,1815,-1875,2101.05,2101.05,1815,1811.72,1137.8,TRUE,0,1815,-1811.72,3630,-3686.72,FALSE,0,0,TRUE
2026-01-27T21:21:52Z,REV_TW1_U_21,6,TRUE,4,1,0,0,2016,0,0,0,0,,,0,0,0,0,,,,,3630,-3686,1.42,0.68,,,,17,,,,,0,,,,0,0,0,0,34800,34900,34700,,,,0,60.0188,0,,128643,113212,,,,,,9,0,0,0,0,0,0,0,0,,0,,0,0,0,13,0,2134.08,0,100,0,0,0,0,,,0,0,0,0,0,0,,,,,,28,11,24.166,,,0,24,48,FALSE,FALSE,FALSE,0,2,4,6,0,342,4200,16416,1500,-1500,0,0,35,14.155,79.6,0,999,99,999,999,999,999,999,999,2,1,0,0,0,1,2,1,1,0,0,8,1,0,0,-33526,0,7116,0,0,0,0,0,0,0,0,0,692.36,2100,2100,1815,1875,1138.5,TRUE,0,1815,-1875,2101.05,2101.05,1815,1811.72,1137.8,TRUE,0,1815,-1811.72,3630,-3686.72,FALSE,0,0,TRUE
2026-01-27T21:21:54Z,REV_TW1_U_21,6,TRUE,4,1,0,0,2016,0,0,0,0,,,0,0,0,0,,,,,3630,-3686,1.42,0.68,,,,18,,,,,0,,,,0,0,0,0,34800,34900,34700,,,,0,60.0142,0,,128643,113212,,,,,,9,0,0,0,0,0,0,0,0,,0,,0,0,0,13,0,2134.08,0,100,0,0,0,0,,,0,0,0,0,0,0,,,,,,28,11,24.166,,,0,24,48,FALSE,FALSE,FALSE,0,2,4,6,0,342,4200,16416,1500,-1500,0,0,35,14.155,79.6,0,999,999,999,999,999,999,999,99,2,1,0,0,0,1,2,1,1,0,0,8,1,0,0,-33526,0,7117,0,0,0,0,0,0,0,0,0,692.36,2100,2100,1815,1875,1138.5,TRUE,0,1815,-1875,2101.05,2101.05,1815,1811.72,1137.8,TRUE,0,1815,-1811.72,3630,-3686.72,FALSE,0,0,TRUE
2026-01-27T21:21:56Z,REV_TW1_U_21,6,TRUE,4,1,0,0,2016,0,0,0,0,,,0,0,0,0,,,,,3630,-3686,1.42,0.68,,,,17,,,,,0,,,,0,0,0,0,34800,34900,34700,,,,0,60.0175,0,,128643,113212,,,,,,9,0,0,0,0,0,0,0,0,,0,,0,0,0,13,0,2134.08,0,100,0,0,0,0,,,0,0,0,0,0,,,,,,,28,11,24.166,,,0,24,48,FALSE,FALSE,FALSE,0,2,3,6,0,342,4200,16416,1500,-1500,0,0,35,14.155,79.6,0,999,999,999,999,999,999,999,99,2,1,0,0,0,1,2,1,1,0,0,8,1,0,0,-33526,0,7120,0,0,0,0,0,0,0,0,0,692.36,2100,2100,1815,1875,1138.5,TRUE,0,1815,-1875,2101.05,2101.05,1815,1811.72,1137.8,TRUE,0,1815,-1811.72,3630,-3686.72,FALSE,0,0,TRUE
2026-01-27T21:21:58Z,REV_TW1_U_21,6,TRUE,4,1,0,0,2016,0,0,0,0,,,0,0,0,0,,,,,3630,-3686,1.42,0.68,,,,17,,,,,0,,,,0,0,0,0,34800,34900,34700,,,,0,60.0179,0,,128643,113212,,,,,,9,0,0,0,0,0,0,0,0,,0,,0,0,0,13,0,2134.08,0,100,0,0,0,0,,,0,0,0,0,0,,,,,,,28,11,24.166,,,0,24,48,FALSE,FALSE,FALSE,0,2,3,6,0,342,4200,16416,1500,-1500,0,0,35,14.155,79.6,0,999,999,999,999,999,999,999,99,2,1,0,0,0,1,2,1,1,0,0,8,1,0,0,-33526,0,7122,0,0,0,0,0,0,0,0,0,692.36,2100,2100,1815,1875,1138.5,TRUE,0,1815,-1875,2101.05,2101.05,1815,1811.72,1137.8,TRUE,0,1815,-1811.72,3630,-3686.72,FALSE,0,0,TRUE
2026-01-27T21:22:00Z,REV_TW1_U_21,6,TRUE,4,1,0,0,2016,0,0,0,0,,,0,0,0,0,,,,,3630,-3686,1.42,0.68,,,,18,,,,,0,,,,0,0,0,0,34800,34900,34700,,,,0,60.0144,0,,128643,113212,,,,,,9,0,0,0,0,0,0,0,0,,0,,0,0,0,13,0,2134.08,0,100,0,0,0,0,,,0,0,0,0,0,,,,,,,28,11,24.166,,,0,24,48,FALSE,FALSE,FALSE,0,2,3,6,0,342,4200,16416,1500,-1500,0,0,35,14.155,79.6,0,999,99,999,999,999,999,999,99,2,1,0,0,0,1,2,1,1,0,0,8,1,0,0,-33526,0,7123,0,0,0,0,0,0,0,0,0,692.36,2100,2100,1815,1875,1138.5,TRUE,0,1815,-1875,2101.05,2101.05,1815,1811.72,1137.8,TRUE,0,1815,-1811.72,3630,-3686.72,FALSE,0,0,TRUE
2026-01-27T21:22:02Z,REV_TW1_U_21,6,TRUE,4,1,0,0,2016,0,0,0,0,,,0,0,0,0,,,,,3630,-3686,1.42,0.68,,,,18,,,,,0,,,,0,0,0,0,34800,34900,34700,,,,0,60.0102,0,,128643,113212,,,,,,9,0,0,0,0,0,0,0,0,,0,,0,0,0,13,0,2134.08,0,100,0,0,0,0,,,0,0,0,0,0,,,,,,,28,11,24.166,,,0,24,48,FALSE,FALSE,FALSE,0,2,3,6,0,342,4200,16416,1500,-1500,0,0,35,14.155,79.6,0,999,99,999,999,999,999,999,999,2,1,0,0,0,1,2,1,1,0,0,8,1,0,0,-33526,0,7125,0,0,0,0,0,0,0,0,0,692.36,2100,2100,1815,1875,1138.5,TRUE,0,1815,-1875,2101.05,2101.05,1815,1811.72,1137.8,TRUE,0,1815,-1811.72,3630,-3686.72,FALSE,0,0,TRUE
2026-01-27T21:22:04Z,REV_TW1_U_21,6,TRUE,4,1,0,0,2016,0,0,0,0,,,0,0,0,0,,,,,3630,-3686,1.42,0.68,,,,18,,,,,0,,,,0,0,0,0,34800,34900,34700,,,,0,60.0062,0,,128643,113212,,,,,,9,0,0,0,0,0,0,0,0,,0,,0,0,0,13,0,2134.08,0,100,0,0,0,0,,,0,0,0,0,0,,,,,,,28,11,24.166,,,0,24,48,FALSE,FALSE,FALSE,0,2,3,6,0,342,4200,16416,1500,-1500,0,0,35,14.155,79.6,0,999,999,999,999,999,999,999,999,2,1,0,0,0,1,2,1,1,0,0,8,1,0,0,-33526,0,7128,0,0,0,0,0,0,0,0,0,692.36,2100,2100,1815,1875,1138.5,TRUE,0,1815,-1875,2101.05,2101.05,1815,1811.72,1137.8,TRUE,0,1815,-1811.72,3630,-3686.72,FALSE,0,0,TRUE
2026-01-27T21:22:06Z,REV_TW1_U_21,6,TRUE,4,1,0,0,2016,0,0,0,0,,,0,0,0,0,,,,,3630,-3686,1.42,0.68,,,,18,,,,,0,,,,0,0,0,0,34800,34900,34700,,,,0,60.0011,0,,128643,113212,,,,,,9,0,0,0,0,0,0,0,0,,0,,0,0,0,13,0,2134.08,0,100,0,0,0,0,,,0,0,0,0,0,,,,,,,28,11,24.166,,,0,24,48,FALSE,FALSE,FALSE,0,2,3,6,0,342,4200,16416,1500,-1500,0,0,35,14.155,79.6,0,999,999,999,999,999,999,999,999,2,1,0,0,0,1,2,1,1,0,0,8,1,0,0,-33526,0,7129,0,0,0,0,0,0,0,0,0,692.36,2100,2100,1815,1875,1138.5,TRUE,0,1815,-1875,2101.05,2101.05,1815,1811.72,1137.8,TRUE,0,1815,-1811.72,3630,-3686.72,FALSE,0,0,TRUE
2026-01-27T21:22:08Z,REV_TW1_U_21,6,TRUE,4,1,0,0,2016,0,0,0,0,,,0,0,0,0,,,,,3630,-3686,1.42,0.68,,,,18,,,,,0,,,,0,0,0,0,34800,34900,34700,,,,0,60.0013,0,,128643,113212,,,,,,9,0,0,0,0,0,0,0,0,,0,,0,0,0,13,0,2134.08,0,100,0,0,0,0,,,0,0,0,0,0,,,,,,,28,11,24.166,,,0,24,48,FALSE,FALSE,FALSE,0,2,3,6,0,342,4200,16416,1500,-1500,0,0,35,14.155,2.3,0,999,999,999,999,999,999,999,999,2,1,0,0,0,1,2,1,1,0,0,8,1,0,0,-33526,0,7131,0,0,0,0,0,0,0,0,0,692.36,2100,2100,1815,1875,1138.5,TRUE,0,1815,-1875,2101.05,2101.05,1815,1811.72,1137.8,TRUE,0,1815,-1811.72,3630,-3686.72,FALSE,0,0,TRUE
2026-01-27T21:22:10Z,REV_TW1_U_21,6,TRUE,4,1,0,0,2016,0,0,0,0,,,0,0,0,0,,,,,3630,-3686,1.42,0.68,,,,18,,,,,0,,,,0,0,0,0,34800,34900,34700,,,,0,59.9961,0,,128643,113212,,,,,,9,0,0,0,0,0,0,0,0,,0,,0,0,0,13,0,2134.08,0,100,0,0,0,0,,,0,0,0,0,0,,,,,,,28,11,24.166,,,0,24,48,FALSE,FALSE,FALSE,0,2,3,6,0,342,4200,16416,1500,-1500,0,0,35,14.155,2.3,0,999,99,999,999,999,999,999,99,2,1,0,0,0,1,2,1,1,0,0,8,1,0,0,-33526,0,7134,0,0,0,0,0,0,0,0,0,692.36,2100,2100,1815,1875,1138.5,TRUE,0,1815,-1875,2101.05,2101.05,1815,1811.72,1137.8,TRUE,0,1815,-1811.72,3630,-3686.72,FALSE,0,0,TRUE
2026-01-27T21:22:12Z,REV_TW1_U_21,6,TRUE,4,1,0,0,2016,0,0,0,0,,,0,0,0,0,,,,,3630,-3686,1.42,0.68,,,,18,,,,,0,,,,0,0,0,0,34800,34900,34700,,,,0,59.9982,0,,128643,113212,,,,,,9,0,0,0,0,0,0,0,0,,0,,0,0,0,13,0,2134.08,0,100,0,0,0,0,,,0,0,0,0,0,,,,,,,28,11,24.166,,,0,24,48,FALSE,FALSE,FALSE,0,2,3,6,0,342,4200,16416,1500,-1500,0,0,35,14.155,2.3,0,999,999,999,999,999,999,999,999,2,1,0,0,0,1,2,1,1,0,0,8,1,0,0,-33526,0,7135,0,0,0,0,0,0,0,0,0,692.36,2100,2100,1815,1875,1138.5,TRUE,0,1815,-1875,2101.05,2101.05,1815,1811.72,1137.8,TRUE,0,1815,-1811.72,3630,-3686.72,FALSE,0,0,TRUE
2026-01-27T21:22:14Z,REV_TW1_U_21,6,TRUE,4,1,0,0,2016,0,0,0,0,,,0,0,0,0,,,,,3630,-3686,1.42,0.68,,,,18,,,,,0,,,,0,0,0,0,34800,34900,34700,,,,0,59.9983,0,,128643,113212,,,,,,9,0,0,0,0,0,0,0,0,,0,,0,0,0,13,0,2134.08,0,100,0,0,0,0,,,0,0,0,0,0,,,,,,,28,11,24.166,,,0,24,48,FALSE,FALSE,FALSE,0,2,3,6,0,342,4200,16416,1500,-1500,0,0,35,14.155,2.3,0,999,999,999,999,999,999,999,999,2,1,0,0,0,1,2,1,1,0,0,8,1,0,0,-33526,0,7138,0,0,0,0,0,0,0,0,0,692.36,2100,2100,1815,1875,1138.5,TRUE,0,1815,-1875,2101.05,2101.05,1815,1811.72,1137.8,TRUE,0,1815,-1811.72,3630,-3686.72,FALSE,0,0,TRUE
2026-01-27T21:22:16Z,REV_TW1_U_21,6,TRUE,4,1,0,0,2016,0,0,0,0,,,0,0,0,0,,,,,3630,-3686,1.42,0.68,,,,18,,,,,0,,,,0,0,0,0,34800,34900,34700,,,,0,60.0002,0,,128643,113212,,,,,,9,0,0,0,0,0,0,0,0,,0,,0,0,0,13,0,2134.08,0,100,0,0,0,0,,,0,0,0,0,0,,,,,,,28,11,24.166,,,0,24,48,FALSE,FALSE,FALSE,0,2,3,6,0,342,4200,16416,1500,-1500,0,0,35,14.155,2.3,0,999,999,999,999,999,999,999,99,2,1,0,0,0,1,2,1,1,0,0,8,1,0,0,-33526,0,7140,0,0,0,0,0,0,0,0,0,692.36,2100,2100,1815,1875,1138.5,TRUE,0,1815,-1875,2101.05,2101.05,1815,1811.72,1137.8,TRUE,0,1815,-1811.72,3630,-3686.72,FALSE,0,0,TRUE
2026-01-27T21:22:18Z,REV_TW1_U_21,6,TRUE,4,1,0,0,2016,0,0,0,0,,,0,0,0,0,,,,,3630,-3686,1.42,0.68,,,,18,,,,,0,,,,0,0,0,0,34800,34900,34700,,,,0,60.0007,0,,128643,113212,,,,,,9,0,0,0,0,0,0,0,0,,0,,0,0,0,13,0,2134.08,0,100,0,0,0,0,,,0,0,0,0,0,,,,,,,28,11,24.166,,,0,24,48,FALSE,FALSE,FALSE,0,2,3,6,0,342,4200,16416,1500,-1500,0,0,35,14.155,2.3,0,999,99,999,999,999,999,999,99,2,1,0,0,0,1,2,1,1,0,0,8,1,0,0,-33526,0,7141,0,0,0,0,0,0,0,0,0,692.36,2100,2100,1815,1875,1138.5,TRUE,0,1815,-1875,2101.05,2101.05,1815,1811.72,1137.8,TRUE,0,1815,-1811.72,3630,-3686.72,FALSE,0,0,TRUE
2026-01-27T21:22:20Z,REV_TW1_U_21,6,TRUE,4,1,0,0,2016,0,0,0,0,,,0,0,0,0,,,,,3630,-3686,1.42,0.68,,,,18,,,,,0,,,,0,0,0,0,34800,34900,34700,,,,0,59.9993,0,,128643,113212,,,,,,9,0,0,0,0,0,0,0,0,,0,,0,0,0,13,0,2134.08,0,100,0,0,0,0,,,0,0,0,0,0,,,,,,,28,11,24.166,,,0,24,48,FALSE,FALSE,FALSE,0,2,3,6,0,342,4200,16416,1500,-1500,0,0,35,14.155,2.3,0,999,999,999,999,999,999,999,99,2,1,0,0,0,1,2,1,1,0,0,8,1,0,0,-33526,0,7143,0,0,0,0,0,0,0,0,0,692.36,2100,2100,1815,1875,1138.5,TRUE,0,1815,-1875,2101.05,2101.05,1815,1811.72,1137.8,TRUE,0,1815,-1811.72,3630,-3686.72,FALSE,0,0,TRUE
2026-01-27T21:22:22Z,REV_TW1_U_21,6,TRUE,4,1,0,0,2016,0,0,0,0,,,0,0,0,0,,,,,3630,-3686,1.42,0.68,,,,18,,,,,0,,,,0,0,0,0,34800,34900,34700,,,,0,60.0075,0,,128643,113212,,,,,,9,0,0,0,0,0,0,0,0,,0,,0,0,0,13,0,2134.08,0,100,0,0,0,0,,,0,0,0,0,0,,,,,,,28,11,24.166,,,0,24,48,FALSE,FALSE,FALSE,0,2,3,6,0,342,4200,16416,1500,-1500,0,0,35,14.155,2.3,0,999,999,999,999,999,999,999,999,2,1,0,0,0,1,2,1,1,0,0,8,1,0,0,-33526,0,7146,0,0,0,0,0,0,0,0,0,692.36,2100,2100,1815,1875,1138.5,TRUE,0,1815,-1875,2101.05,2101.05,1815,1811.72,1137.8,TRUE,0,1815,-1811.72,3630,-3686.72,FALSE,0,0,TRUE
2026-01-27T21:22:24Z,REV_TW1_U_21,6,TRUE,4,1,0,0,2016,0,0,0,0,,,0,0,0,0,,,,,3630,-3686,1.42,0.68,,,,18,,,,,0,,,,0,0,0,0,34800,34900,34700,,,,0,60.0059,0,,128643,113212,,,,,,9,0,0,0,0,0,0,0,0,,0,,0,0,0,13,0,2134.08,0,100,0,0,0,0,,,0,0,0,0,0,,,,,,,28,11,24.166,,,0,24,48,FALSE,FALSE,FALSE,0,2,3,6,0,342,4200,16416,1500,-1500,0,0,35,14.155,2.3,0,999,999,999,999,999,999,999,999,2,1,0,0,0,1,2,1,1,0,0,8,1,0,0,-33526,0,7147,0,0,0,0,0,0,0,0,0,692.36,2100,2100,1815,1875,1138.5,TRUE,0,1815,-1875,2101.05,2101.05,1815,1811.72,1137.8,TRUE,0,1815,-1811.72,3630,-3686.72,FALSE,0,0,TRUE
2026-01-27T21:22:26Z,REV_TW1_U_21,6,TRUE,4,1,0,0,2016,0,0,0,0,,,0,0,0,0,,,,,3630,-3686,1.42,0.68,,,,18,,,,,0,,,,0,0,0,0,34800,34900,34700,,,,0,60.0118,0,,128643,113212,,,,,,9,0,0,0,0,0,0,0,0,,0,,0,0,0,13,0,2134.08,0,100,0,0,0,0,,,0,0,0,0,0,,,,,,,28,11,24.166,,,0,24,48,FALSE,FALSE,FALSE,0,2,3,6,0,342,4200,16416,1500,-1500,0,0,35,14.155,2.3,0,999,999,999,999,999,999,999,99,2,1,0,0,0,1,2,1,1,0,0,8,1,0,0,-33526,0,7149,0,0,0,0,0,0,0,0,0,692.36,2100,2100,1815,1875,1138.5,TRUE,0,1815,-1875,2101.05,2101.05,1815,1811.72,1137.8,TRUE,0,1815,-1811.72,3630,-3686.72,FALSE,0,0,TRUE
2026-01-27T21:22:28Z,REV_TW1_U_21,6,TRUE,4,1,0,0,2016,0,0,0,0,,,0,0,0,0,,,,,3630,-3686,1.42,0.68,,,,18,,,,,0,,,,0,0,0,0,34800,34900,34700,,,,0,60.0185,0,,128643,113212,,,,,,9,0,0,0,0,0,0,0,0,,0,,0,0,0,13,0,2134.08,0,100,0,0,0,0,,,0,0,0,0,0,,,,,,,28,11,24.166,,,0,24,48,FALSE,FALSE,FALSE,0,2,3,6,0,342,4200,16416,1500,-1500,0,0,35,14.155,2.2,0,999,999,999,999,999,999,999,999,2,1,0,0,0,1,2,1,1,0,0,8,1,0,0,-33526,0,7151,0,0,0,0,0,0,0,0,0,692.36,2100,2100,1815,1875,1138.5,TRUE,0,1815,-1875,2101.05,2101.05,1815,1811.72,1137.8,TRUE,0,1815,-1811.72,3630,-3686.72,FALSE,0,0,TRUE
2026-01-27T21:22:30Z,REV_TW1_U_21,6,TRUE,4,1,0,0,2016,0,0,0,0,,,0,0,0,0,,,,,3630,-3686,1.42,0.68,,,,18,,,,,0,,,,0,0,0,0,34800,34900,34700,,,,0,60.0266,0,,128643,113212,,,,,,9,0,0,0,0,0,0,0,0,,0,,0,0,0,13,0,2134.08,0,100,0,0,0,0,,,0,0,0,0,0,,,,,,,28,11,24.166,,,0,24,48,FALSE,FALSE,FALSE,0,2,3,6,0,342,4200,16416,1500,-1500,0,0,35,14.155,2.2,0,999,999,999,999,999,999,999,999,2,1,0,0,0,1,2,1,1,0,0,8,1,0,0,-33526,0,7153,0,0,0,0,0,0,0,0,0,692.36,2100,2100,1815,1875,1138.5,TRUE,0,1815,-1875,2101.05,2101.05,1815,1811.72,1137.8,TRUE,0,1815,-1811.72,3630,-3686.72,FALSE,0,0,TRUE
2026-01-27T21:22:32Z,REV_TW1_U_21,6,TRUE,4,1,0,0,2016,0,0,0,0,,,0,0,0,0,,,,,3630,-3686,1.42,0.68,,,,18,,,,,0,,,,0,0,0,0,34800,34900,34700,,,,0,60.0291,0,,128643,113212,,,,,,9,0,0,0,0,0,0,0,0,,0,,0,0,0,13,0,2134.08,0,100,0,0,0,0,,,0,0,0,0,0,,,,,,,28,11,24.166,,,0,24,48,FALSE,FALSE,FALSE,0,2,3,6,0,342,4200,16416,1500,-1500,0,0,35,14.155,2.2,0,999,999,999,999,999,999,999,99,2,1,0,0,0,1,2,1,1,0,0,8,1,0,0,-33526,0,7155,0,0,0,0,0,0,0,0,0,692.36,2100,2100,1815,1875,1138.5,TRUE,0,1815,-1875,2101.05,2101.05,1815,1811.72,1137.8,TRUE,0,1815,-1811.72,3630,-3686.72,FALSE,0,0,TRUE
2026-01-27T21:22:34Z,REV_TW1_U_21,6,TRUE,4,1,0,0,2016,0,0,0,0,,,0,0,0,0,,,,,3630,-3686,1.42,0.68,,,,18,,,,,0,,,,0,0,0,0,34800,34900,34700,,,,0,60.0309,0,,128643,113212,,,,,,9,0,0,0,0,0,0,0,0,,0,,0,0,0,13,0,2134.08,0,100,0,0,0,0,,,0,0,0,0,0,,,,,,,28,11,24.166,,,0,24,48,FALSE,FALSE,FALSE,0,2,3,6,0,342,4200,16416,1500,-1500,0,0,35,14.155,2.2,0,999,999,999,999,999,999,999,99,2,1,0,0,0,1,2,1,1,0,0,8,1,0,0,-33526,0,7158,0,0,0,0,0,0,0,0,0,692.36,2100,2100,1815,1875,1138.5,TRUE,0,1815,-1875,2101.05,2101.05,1815,1811.72,1137.8,TRUE,0,1815,-1811.72,3630,-3686.72,FALSE,0,0,TRUE
2026-01-27T21:22:36Z,REV_TW1_U_21,6,TRUE,4,1,0,0,2016,0,0,0,0,,,0,0,0,0,,,,,3630,-3686,1.42,0.68,,,,18,,,,,0,,,,0,0,0,0,34800,34900,34700,,,,0,60.0279,0,,128643,113212,,,,,,9,0,0,0,0,0,0,0,0,,0,,0,0,0,13,0,2134.08,0,100,0,0,0,0,,,0,0,0,0,0,,,,,,,28,11,24.166,,,0,24,48,FALSE,FALSE,FALSE,0,2,3,6,0,342,4200,16416,1500,-1500,0,0,35,14.155,2.2,0,999,999,999,999,999,999,999,99,2,1,0,0,0,1,2,1,1,0,0,8,1,0,0,-33526,0,7159,0,0,0,0,0,0,0,0,0,692.36,2100,2100,1815,1875,1138.5,TRUE,0,1815,-1875,2101.05,2101.05,1815,1811.72,1137.8,TRUE,0,1815,-1811.72,3630,-3686.72,FALSE,0,0,TRUE
2026-01-27T21:22:38Z,REV_TW1_U_21,6,TRUE,4,1,0,0,2016,0,0,0,0,,,0,0,0,0,,,,,3630,-3686,1.42,0.68,,,,18,,,,,0,,,,0,0,0,0,34800,34900,34700,,,,0,60.024,0,,128643,113212,,,,,,9,0,0,0,0,0,0,0,0,,0,,0,0,0,13,0,2134.08,0,100,0,0,0,0,,,0,0,0,0,0,,,,,,,28,11,24.166,,,0,24,48,FALSE,FALSE,FALSE,0,2,3,6,0,342,4200,16416,1500,-1500,0,0,35,14.155,2.2,0,999,999,999,999,999,999,999,99,2,1,0,0,0,1,2,1,1,0,0,8,1,0,0,-33526,0,7161,0,0,0,0,0,0,0,0,0,692.36,2100,2100,1815,1875,1138.5,TRUE,0,1815,-1875,2101.05,2101.05,1815,1811.72,1137.8,TRUE,0,1815,-1811.72,3630,-3686.72,FALSE,0,0,TRUE
2026-01-27T21:22:40Z,REV_TW1_U_21,6,TRUE,4,1,0,0,2016,0,0,0,0,,,0,0,0,0,,,,,3630,-3686,1.42,0.68,,,,18,,,,,0,,,,0,0,0,0,34800,34900,34700,,,,0,60.0215,0,,128643,113212,,,,,,9,0,0,0,0,0,0,0,0,,0,,0,0,0,13,0,2134.08,0,100,0,0,0,0,,,0,0,0,0,0,,,,,,,28,11,24.166,,,0,24,48,FALSE,FALSE,FALSE,0,2,3,6,0,342,4200,16416,1500,-1500,0,0,35,14.155,2.2,0,999,99,999,999,999,999,999,999,2,1,0,0,0,1,2,1,1,0,0,8,1,0,0,-33526,0,7164,0,0,0,0,0,0,0,0,0,692.36,2100,2100,1815,1875,1138.5,TRUE,0,1815,-1875,2101.05,2101.05,1815,1811.72,1137.8,TRUE,0,1815,-1811.72,3630,-3686.72,FALSE,0,0,TRUE
2026-01-27T21:22:42Z,REV_TW1_U_21,6,TRUE,4,1,0,0,2016,0,0,0,0,,,0,0,0,0,,,,,3630,-3686,1.42,0.68,,,,18,,,,,0,,,,0,0,0,0,34800,34900,34700,,,,0,60.0156,0,,128643,113212,,,,,,9,0,0,0,0,0,0,0,0,,0,,0,0,0,13,0,2134.08,0,100,0,0,0,0,,,0,0,0,0,0,,,,,,,28,11,24.166,,,0,24,48,FALSE,FALSE,FALSE,0,2,3,6,0,342,4200,16416,1500,-1500,0,0,35,14.155,2.2,0,999,999,999,999,999,999,999,999,2,1,0,0,0,1,2,1,1,0,0,8,1,0,0,-33526,0,7166,0,0,0,0,0,0,0,0,0,692.36,2100,2100,1815,1875,1138.5,TRUE,0,1815,-1875,2101.05,2101.05,1815,1811.72,1137.8,TRUE,0,1815,-1811.72,3630,-3686.72,FALSE,0,0,TRUE
2026-01-27T21:22:44Z,REV_TW1_U_21,6,TRUE,4,1,0,0,2016,0,0,0,0,,,0,0,0,0,,,,,3630,-3686,1.42,0.68,,,,18,,,,,0,,,,0,0,0,0,34800,34900,34700,,,,0,60.0171,0,,128643,113212,,,,,,9,0,0,0,0,0,0,0,0,,0,,0,0,0,13,0,2134.08,0,100,0,0,0,0,,,0,0,0,0,0,,,,,,,28,11,24.166,,,0,24,48,FALSE,FALSE,FALSE,0,2,3,6,0,342,4200,16416,1500,-1500,0,0,35,14.155,2.2,0,999,999,999,999,999,999,999,999,2,1,0,0,0,1,2,1,1,0,0,8,1,0,0,-33526,0,7167,0,0,0,0,0,0,0,0,0,692.36,2100,2100,1815,1875,1138.5,TRUE,0,1815,-1875,2101.05,2101.05,1815,1811.72,1137.8,TRUE,0,1815,-1811.72,3630,-3686.72,FALSE,0,0,TRUE
2026-01-27T21:22:46Z,REV_TW1_U_21,6,TRUE,4,1,0,0,2016,0,0,0,0,,,0,0,0,0,,,,,3630,-3686,1.42,0.68,,,,18,,,,,0,,,,0,0,0,0,34800,34900,34700,,,,0,60.0124,0,,128643,113212,,,,,,9,0,0,0,0,0,0,0,0,,0,,0,0,0,13,0,2134.08,0,100,0,0,0,0,,,0,0,0,0,0,,,,,,,28,11,24.166,,,0,24,48,FALSE,FALSE,FALSE,0,2,3,6,0,342,4200,16416,1500,-1500,0,0,35,14.155,2.2,0,999,999,999,999,999,999,999,999,2,1,0,0,0,1,2,1,1,0,0,8,1,0,0,-33526,0,7169,0,0,0,0,0,0,0,0,0,692.36,2100,2100,1815,1875,1138.5,TRUE,0,1815,-1875,2101.05,2101.05,1815,1811.72,1137.8,TRUE,0,1815,-1811.72,3630,-3686.72,FALSE,0,0,TRUE
2026-01-27T21:22:48Z,REV_TW1_U_21,6,TRUE,4,1,0,0,2016,0,0,0,0,,,0,0,0,0,,,,,3630,-3686,1.42,0.68,,,,18,,,,,0,,,,0,0,0,0,34800,34900,34700,,,,0,60.0128,0,,128643,113212,,,,,,9,0,0,0,0,0,0,0,0,,0,,0,0,0,13,0,2134.08,0,100,0,0,0,0,,,0,0,0,0,0,,,,,,,28,11,24.166,,,0,24,48,FALSE,FALSE,FALSE,0,2,3,6,0,342,4200,16416,1500,-1500,0,0,35,14.155,2.3,0,999,999,999,999,999,999,999,999,2,1,0,0,0,1,2,1,1,0,0,8,1,0,0,-33526,0,7172,0,0,0,0,0,0,0,0,0,692.36,2100,2100,1815,1875,1138.5,TRUE,0,1815,-1875,2101.05,2101.05,1815,1811.72,1137.8,TRUE,0,1815,-1811.72,3630,-3686.72,FALSE,0,0,TRUE
2026-01-27T21:22:50Z,REV_TW1_U_21,6,TRUE,4,1,0,0,2016,0,0,0,0,,,0,0,0,0,,,,,3630,-3686,1.42,0.68,,,,17,,,,,0,,,,0,0,0,0,34800,34900,34700,,,,0,60.0085,0,,128643,113212,,,,,,9,0,0,0,0,0,0,0,0,,0,,0,0,0,13,0,2134.08,0,100,0,0,0,0,,,0,0,0,0,0,,,,,,,28,11,24.166,,,0,24,48,FALSE,FALSE,FALSE,0,2,3,6,0,342,4200,16416,1500,-1500,0,0,35,14.155,2.3,0,999,999,999,999,999,999,999,999,2,1,0,0,0,1,2,1,1,0,0,8,1,0,0,-33526,0,7173,0,0,0,0,0,0,0,0,0,692.36,2100,2100,1815,1875,1138.5,TRUE,0,1815,-1875,2101.05,2101.05,1815,1811.72,1137.8,TRUE,0,1815,-1811.72,3630,-3686.72,FALSE,0,0,TRUE
2026-01-27T21:22:52Z,REV_TW1_U_21,6,TRUE,4,1,0,0,2016,0,0,0,0,,,0,0,0,0,,,,,3630,-3686,1.42,0.68,,,,17,,,,,0,,,,0,0,0,0,34800,34900,34700,,,,0,60.0071,0,,128643,113212,,,,,,9,0,0,0,0,0,0,0,0,,0,,0,0,0,13,0,2134.08,0,100,0,0,0,0,,,0,0,0,0,0,,,,,,,28,11,24.166,,,0,24,48,FALSE,FALSE,FALSE,0,2,3,6,0,342,4200,16416,1500,-1500,0,0,35,14.155,2.3,0,999,999,999,999,999,999,999,999,2,1,0,0,0,1,2,1,1,0,0,8,1,0,0,-33526,0,7175,0,0,0,0,0,0,0,0,0,692.36,2100,2100,1815,1875,1138.5,TRUE,0,1815,-1875,2101.05,2101.05,1815,1811.72,1137.8,TRUE,0,1815,-1811.72,3630,-3686.72,FALSE,0,0,TRUE
2026-01-27T21:22:54Z,REV_TW1_U_21,6,TRUE,4,1,0,0,2016,0,0,0,0,,,0,0,0,0,,,,,3630,-3686,1.42,0.68,,,,17,,,,,0,,,,0,0,0,0,34800,34900,34700,,,,0,60.0048,0,,128643,113212,,,,,,9,0,0,0,0,0,0,0,0,,0,,0,0,0,13,0,2134.08,0,100,0,0,0,0,,,0,0,0,0,0,,,,,,,28,11,24.166,,,0,24,48,FALSE,FALSE,FALSE,0,2,3,6,0,342,4200,16416,1500,-1500,0,0,35,14.155,2.3,0,999,999,999,999,999,999,999,999,2,1,0,0,0,1,2,1,1,0,0,8,1,0,0,-33526,0,7178,0,0,0,0,0,0,0,0,0,692.36,2100,2100,1815,1875,1138.5,TRUE,0,1815,-1875,2101.05,2101.05,1815,1811.72,1137.8,TRUE,0,1815,-1811.72,3630,-3686.72,FALSE,0,0,TRUE
2026-01-27T21:22:56Z,REV_TW1_U_21,6,TRUE,4,1,0,0,2016,0,0,0,0,,,0,0,0,0,,,,,3630,-3686,1.42,0.68,,,,17,,,,,0,,,,0,0,0,0,34800,34900,34700,,,,0,59.9984,0,,128643,113212,,,,,,9,0,0,0,0,0,0,0,0,,0,,0,0,0,13,0,2134.08,0,100,0,0,0,0,,,0,0,0,0,0,,,,,,,28,11,24.166,,,0,24,48,FALSE,FALSE,FALSE,0,2,3,6,0,342,4200,16416,1500,-1500,0,0,35,14.155,2.3,0,999,999,999,999,999,999,999,999,2,1,0,0,0,1,2,1,1,0,0,8,1,0,0,-33526,0,7179,0,0,0,0,0,0,0,0,0,692.36,2100,2100,1815,1875,1138.5,TRUE,0,1815,-1875,2101.05,2101.05,1815,1811.72,1137.8,TRUE,0,1815,-1811.72,3630,-3686.72,FALSE,0,0,TRUE
2026-01-27T21:22:58Z,REV_TW1_U_21,6,TRUE,4,1,0,0,2016,0,0,0,0,,,0,0,0,0,,,,,3630,-3686,1.42,0.68,,,,17,,,,,0,,,,0,0,0,0,34800,34900,34700,,,,0,59.9972,0,,128643,113212,,,,,,9,0,0,0,0,0,0,0,0,,0,,0,0,0,13,0,2134.08,0,100,0,0,0,0,,,0,0,0,0,0,,,,,,,28,11,24.166,,,0,24,48,TRUE,FALSE,FALSE,0,2,3,6,0,342,4200,16416,1500,-1500,0,0,35,14.155,2.3,0,999,99,999,999,999,999,999,999,2,1,0,0,0,1,2,1,1,0,0,8,1,0,0,-33526,0,7181,1048576,0,0,0,0,0,0,0,0,692.36,2100,2100,1815,1875,1138.5,TRUE,0,1815,-1875,2101.05,2101.05,1815,1811.72,1137.8,TRUE,0,1815,-1811.72,3630,-3686.72,FALSE,0,0,TRUE
2026-01-27T21:23:00Z,REV_TW1_U_21,6,TRUE,4,1,0,0,2016,0,0,0,0,,,0,0,0,0,,,,,3630,-3686,1.42,0.68,,,,18,,,,,0,,,,0,0,0,0,34800,34900,34700,,,,0,59.9926,0,,128643,113212,,,,,,9,0,0,0,0,0,0,0,0,,0,,0,0,0,13,0,2134.08,0,100,0,0,0,0,,,0,0,0,0,0,,,,,,,28,11,24.166,,,0,24,48,TRUE,FALSE,FALSE,0,2,3,6,0,342,4200,16416,1500,-1500,0,0,35,14.155,2.3,0,999,999,999,999,999,999,999,999,2,1,0,0,2053,1,2,1,1,0,0,8,1,0,0,-33526,0,7183,1048576,0,0,0,0,0,0,0,0,692.36,2100,2100,1815,1875,1138.5,TRUE,0,1815,-1875,2101.05,2101.05,1815,1811.72,1137.8,TRUE,0,1815,-1811.72,3630,-3686.72,FALSE,0,0,TRUE
2026-01-27T21:23:02Z,REV_TW1_U_21,6,TRUE,4,1,0,0,2016,0,0,0,0,,,0,0,0,0,,,,,3630,-3686,1.42,0.68,,,,18,,,,,0,,,,0,0,0,0,34800,34900,34700,,,,0,59.9886,0,,128643,113212,,,,,,9,0,0,0,0,0,0,0,0,,0,,0,0,0,13,0,2134.08,0,100,0,0,0,0,,,0,0,0,0,0,,,,,,,28,11,24.166,,,0,24,48,TRUE,FALSE,FALSE,0,2,3,6,0,342,4200,16416,1500,-1500,0,0,35,14.155,2.3,0,999,999,999,999,999,999,999,999,2,1,0,0,2053,1,2,1,1,0,0,8,1,0,0,-33526,0,7186,1048576,0,0,0,0,0,0,0,0,692.36,2100,2100,1815,1875,1138.5,TRUE,0,1815,-1875,2101.05,2101.05,1815,1811.72,1137.8,TRUE,0,1815,-1811.72,3630,-3686.72,FALSE,0,0,TRUE
2026-01-27T21:23:04Z,REV_TW1_U_21,6,TRUE,4,1,0,0,2016,0,0,0,0,,,0,0,0,0,,,,,3630,-3686,1.42,0.68,,,,18,,,,,0,,,,0,0,0,0,34800,34900,34700,,,,0,59.9857,0,,128643,113212,,,,,,9,0,0,0,0,0,0,0,0,,0,,0,0,0,13,0,2134.08,0,100,0,0,0,0,,,0,0,0,0,0,0,,,,,,28,25,26.166,,,0,48,48,TRUE,TRUE,FALSE,0,2,4,6,0,342,4200,16416,1500,-1500,0,0,35,14.155,2.3,0,999,999,999,999,999,999,999,999,2,1,0,0,2053,1,2,1,1,0,0,8,1,0,0,-33526,0,7187,1048576,0,0,0,0,0,0,0,0,692.36,2100,2100,1815,1875,1138.5,TRUE,0,1815,-1875,2101.05,2101.05,1815,1811.72,1137.8,TRUE,0,1815,-1811.72,3630,-3686.72,FALSE,0,0,TRUE
2026-01-27T21:23:06Z,REV_TW1_U_21,6,TRUE,4,1,0,0,2016,0,0,0,0,,,0,0,0,0,,,,,3630,-3686,1.42,0.68,,,,18,,,,,0,,,,0,0,0,0,34800,34900,34700,,,,0,59.9886,0,,128643,113212,,,,,,9,0,0,0,0,0,0,0,0,,0,,0,0,0,13,0,2134.08,0,100,0,0,0,0,,,0,0,0,0,0,0,,,,,,28,25,26.166,,,0,48,48,TRUE,TRUE,FALSE,0,2,4,6,0,342,4200,16416,1500,-1500,0,0,35,14.155,2.3,0,999,999,999,999,999,999,999,999,2,1,0,0,2053,1,2,1,1,0,0,8,1,0,0,-33526,0,7189,1048576,0,0,0,0,0,0,0,0,692.36,2100,2100,1815,1875,1138.5,TRUE,0,1815,-1875,2101.05,2101.05,1815,1811.72,1137.8,TRUE,0,1815,-1811.72,3630,-3686.72,FALSE,0,0,TRUE
2026-01-27T21:23:08Z,REV_TW1_U_21,6,TRUE,4,1,0,0,2016,0,0,0,0,,,0,0,0,0,,,,,3630,-3686,1.42,0.68,,,,18,,,,,0,,,,0,0,0,0,34800,34900,34700,,,,0,59.9926,0,,128643,113212,,,,,,9,0,0,0,0,0,0,0,0,,0,,0,0,0,13,0,2134.08,0,100,0,0,0,0,,,0,0,0,0,0,0,,,,,,28,25,26.166,,,0,48,48,TRUE,TRUE,FALSE,0,2,4,6,0,342,4200,16416,1500,-1500,0,0,35,14.155,78.9,0,999,999,999,999,999,999,999,999,2,1,0,0,2053,1,2,1,1,0,0,8,1,0,0,-33526,0,7191,1048576,0,0,0,0,0,0,0,0,692.36,2100,2100,1815,1875,1138.5,TRUE,0,1815,-1875,2101.05,2101.05,1815,1811.72,1137.8,TRUE,0,1815,-1811.72,3630,-3686.72,FALSE,0,0,TRUE
2026-01-27T21:23:10Z,REV_TW1_U_21,6,TRUE,4,1,0,0,2016,0,0,0,0,,,0,0,0,0,,,,,3630,-3686,1.42,0.68,,,,18,,,,,0,,,,0,0,0,0,34800,34900,34700,,,,0,59.994,0,,128643,113212,,,,,,9,0,0,0,0,0,0,0,0,,0,,0,0,0,13,0,2134.08,0,100,0,0,0,0,,,0,0,0,0,0,,,,,,,28,25,26.166,,,0,48,48,TRUE,TRUE,FALSE,0,2,3,6,0,342,4200,16416,1500,-1500,0,0,35,14.155,78.9,0,999,999,999,999,999,999,999,999,2,1,0,0,2053,1,2,1,1,0,0,8,1,0,0,-33526,0,7193,1048576,0,0,0,0,0,0,0,0,692.36,2100,2100,1815,1875,1138.5,TRUE,0,1815,-1875,2101.05,2101.05,1815,1811.72,1137.8,TRUE,0,1815,-1811.72,3630,-3686.72,FALSE,0,0,TRUE
2026-01-27T21:23:12Z,REV_TW1_U_21,6,TRUE,4,1,0,0,2016,0,0,0,0,,,0,0,0,0,,,,,3630,-3686,1.42,0.68,,,,18,,,,,0,,,,0,0,0,0,34800,34900,34700,,,,0,59.9984,0,,128643,113212,,,,,,9,0,0,0,0,0,0,0,0,,0,,0,0,0,13,0,2134.08,0,100,0,0,0,0,,,0,0,0,0,0,,,,,,,28,25,26.166,,,0,48,48,TRUE,TRUE,FALSE,0,2,3,6,0,342,4200,16416,1500,-1500,0,0,35,14.155,78.9,0,999,999,999,999,999,999,999,999,2,1,0,0,2053,1,2,1,1,0,0,8,1,0,0,-33526,0,7195,1048576,0,0,0,0,0,0,0,0,692.36,2100,2100,1815,1875,1138.5,TRUE,0,1815,-1875,2101.05,2101.05,1815,1811.72,1137.8,TRUE,0,1815,-1811.72,3630,-3686.72,FALSE,0,0,TRUE
2026-01-27T21:23:14Z,REV_TW1_U_21,6,TRUE,4,1,0,0,2016,0,0,0,0,,,0,0,0,0,,,,,3630,-3686,1.42,0.68,,,,18,,,,,0,,,,0,0,0,0,34800,34900,34700,,,,0,60.0035,0,,128643,113212,,,,,,9,0,0,0,0,0,0,0,0,,0,,0,0,0,13,0,2134.08,0,100,0,0,0,0,,,0,0,0,0,0,,,,,,,28,25,26.166,,,0,48,48,TRUE,TRUE,FALSE,0,2,3,6,0,342,4200,16416,1500,-1500,0,0,35,14.155,78.9,0,999,999,999,999,999,999,999,999,2,1,0,0,2053,1,2,1,1,0,0,8,1,0,0,-33526,0,7197,1048576,0,0,0,0,0,0,0,0,692.36,2100,2100,1815,1875,1138.5,TRUE,0,1815,-1875,2101.05,2101.05,1815,1811.72,1137.8,TRUE,0,1815,-1811.72,3630,-3686.72,FALSE,0,0,TRUE
2026-01-27T21:23:16Z,REV_TW1_U_21,6,TRUE,4,1,0,0,2016,0,0,0,0,,,0,0,0,0,,,,,3630,-3686,1.42,0.68,,,,18,,,,,0,,,,0,0,0,0,34800,34900,34700,,,,0,60.0105,0,,128643,113212,,,,,,9,0,0,0,0,0,0,0,0,,0,,0,0,0,13,0,2134.08,0,100,0,0,0,0,,,0,0,0,0,0,,,,,,,28,25,26.166,,,0,48,48,TRUE,TRUE,FALSE,0,2,3,6,0,342,4200,16416,1500,-1500,0,0,35,14.155,78.9,0,999,999,999,999,999,999,999,999,2,1,0,0,2053,1,2,1,1,0,0,8,1,0,0,-33526,0,7200,1048576,0,0,0,0,0,0,0,0,692.36,2100,2100,1815,1875,1138.5,TRUE,0,1815,-1875,2101.05,2101.05,1815,1811.72,1137.8,TRUE,0,1815,-1811.72,3630,-3686.72,FALSE,0,0,TRUE
2026-01-27T21:23:18Z,REV_TW1_U_21,6,TRUE,4,1,0,0,2016,0,0,0,0,,,0,0,0,0,,,,,3630,-3686,1.42,0.68,,,,18,,,,,0,,,,0,0,0,0,34800,34900,34700,,,,0,60.0113,0,,128643,113212,,,,,,9,0,0,0,0,0,0,0,0,,0,,0,0,0,13,0,2134.08,0,100,0,0,0,0,,,0,0,0,0,0,,,,,,,28,25,26.166,,,0,48,48,TRUE,TRUE,FALSE,0,2,3,6,0,342,4200,16416,1500,-1500,0,0,35,14.155,78.9,0,999,999,999,999,999,999,999,99,2,1,0,0,2053,1,2,1,1,0,0,8,1,0,0,-33526,0,7201,1048576,0,0,0,0,0,0,0,0,692.36,2100,2100,1815,1875,1138.5,TRUE,0,1815,-1875,2101.05,2101.05,1815,1811.72,1137.8,TRUE,0,1815,-1811.72,3630,-3686.72,FALSE,0,0,TRUE
2026-01-27T21:23:20Z,REV_TW1_U_21,6,TRUE,4,1,0,0,2016,0,0,0,0,,,0,0,0,0,,,,,3630,-3686,1.42,0.68,,,,18,,,,,0,,,,0,0,0,0,34800,34900,34700,,,,0,60.0131,0,,128643,113212,,,,,,9,0,0,0,0,0,0,0,0,,0,,0,0,0,13,0,2134.08,0,100,0,0,0,0,,,0,0,0,0,0,,,,,,,28,25,26.166,,,0,48,48,TRUE,TRUE,FALSE,0,2,3,6,0,342,4200,16416,1500,-1500,0,0,35,14.155,78.9,0,999,999,999,999,999,999,999,999,2,1,0,0,2053,1,2,1,1,0,0,8,1,0,0,-33526,0,7203,1048576,0,0,0,0,0,0,0,0,692.36,2100,2100,1815,1875,1138.5,TRUE,0,1815,-1875,2101.05,2101.05,1815,1811.72,1137.8,TRUE,0,1815,-1811.72,3630,-3686.72,FALSE,0,0,TRUE
2026-01-27T21:23:22Z,REV_TW1_U_21,6,TRUE,4,1,0,0,2016,0,0,0,0,,,0,0,0,0,,,,,3630,-3686,1.42,0.68,,,,18,,,,,0,,,,0,0,0,0,34800,34900,34700,,,,0,60.0145,0,,128643,113212,,,,,,9,0,0,0,0,0,0,0,0,,0,,0,0,0,13,0,2134.08,0,100,0,0,0,0,,,0,0,0,0,0,,,,,,,28,25,26.166,,,0,48,48,TRUE,TRUE,FALSE,0,2,3,6,0,342,4200,16416,1500,-1500,0,0,35,14.155,78.9,0,999,999,999,999,999,999,999,999,2,1,0,0,2053,1,2,1,1,0,0,8,1,0,0,-33526,0,7206,1048576,0,0,0,0,0,0,0,0,692.36,2100,2100,1815,1875,1138.5,TRUE,0,1815,-1875,2101.05,2101.05,1815,1811.72,1137.8,TRUE,0,1815,-1811.72,3630,-3686.72,FALSE,0,0,TRUE
2026-01-27T21:23:24Z,REV_TW1_U_21,6,TRUE,4,1,0,0,2016,0,0,0,0,,,0,0,0,0,,,,,3630,-3686,1.42,0.68,,,,18,,,,,0,,,,0,0,0,0,34800,34900,34700,,,,0,60.0175,0,,128643,113212,,,,,,9,0,0,0,0,0,0,0,0,,0,,0,0,0,13,0,2134.08,0,100,0,0,0,0,,,0,0,0,0,0,,,,,,,28,25,26.166,,,0,48,48,TRUE,TRUE,FALSE,0,2,3,6,0,342,4200,16416,1500,-1500,0,0,35,14.155,78.9,0,999,999,999,999,999,999,999,999,2,1,0,0,2053,1,2,1,1,0,0,8,1,0,0,-33526,0,7207,1048576,0,0,0,0,0,0,0,0,692.36,2100,2100,1815,1875,1138.5,TRUE,0,1815,-1875,2101.05,2101.05,1815,1811.72,1137.8,TRUE,0,1815,-1811.72,3630,-3686.72,FALSE,0,0,TRUE
2026-01-27T21:23:26Z,REV_TW1_U_21,6,TRUE,4,1,0,0,2016,0,0,0,0,,,0,0,0,0,,,,,3630,-3686,1.42,0.68,,,,17,,,,,0,,,,0,0,0,0,34800,34900,34700,,,,0,60.0201,0,,128643,113212,,,,,,9,0,0,0,0,0,0,0,0,,0,,0,0,0,13,0,2134.08,0,100,0,0,0,0,,,0,0,0,0,0,,,,,,,28,25,26.166,,,0,48,48,TRUE,TRUE,FALSE,0,2,3,6,0,342,4200,16416,1500,-1500,0,0,35,14.155,78.9,0,999,999,999,999,999,999,999,999,2,1,0,0,2053,1,2,1,1,0,0,8,1,0,0,-33526,0,7209,1048576,0,0,0,0,0,0,0,0,692.36,2100,2100,1815,1875,1138.5,TRUE,0,1815,-1875,2101.05,2101.05,1815,1811.72,1137.8,TRUE,0,1815,-1811.72,3630,-3686.72,FALSE,0,0,TRUE
2026-01-27T21:23:28Z,REV_TW1_U_21,6,TRUE,4,1,0,0,2016,0,0,0,0,,,0,0,0,0,,,,,3630,-3686,1.42,0.68,,,,17,,,,,0,,,,0,0,0,0,34800,34900,34700,,,,0,60.0272,0,,128643,113212,,,,,,9,0,0,0,0,0,0,0,0,,0,,0,0,0,13,0,2134.08,0,100,0,0,0,0,,,0,0,0,0,0,,,,,,,28,25,26.166,,,0,48,48,TRUE,TRUE,FALSE,0,2,3,6,0,342,4200,16416,1500,-1500,0,0,35,14.155,2.2,0,999,999,999,999,999,999,999,999,2,1,0,0,2053,1,2,1,1,0,0,8,1,0,0,-33526,0,7211,1048576,0,0,0,0,0,0,0,0,692.36,2100,2100,1815,1875,1138.5,TRUE,0,1815,-1875,2101.05,2101.05,1815,1811.72,1137.8,TRUE,0,1815,-1811.72,3630,-3686.72,FALSE,0,0,TRUE
2026-01-27T21:23:30Z,REV_TW1_U_21,6,TRUE,4,1,0,0,2016,0,0,0,0,,,0,0,0,0,,,,,3630,-3686,1.42,0.68,,,,17,,,,,0,,,,0,0,0,0,34800,34900,34700,,,,0,60.024,0,,128643,113212,,,,,,9,0,0,0,0,0,0,0,0,,0,,0,0,0,13,0,2134.08,0,100,0,0,0,0,,,0,0,0,0,0,,,,,,,28,25,26.166,,,0,48,48,TRUE,TRUE,FALSE,0,2,3,6,0,342,4200,16416,1500,-1500,0,0,35,14.155,2.2,0,999,999,999,999,999,999,999,999,2,1,0,0,2053,1,2,1,1,0,0,8,1,0,0,-33526,0,7213,1048576,0,0,0,0,0,0,0,0,692.36,2100,2100,1815,1875,1138.5,TRUE,0,1815,-1875,2101.05,2101.05,1815,1811.72,1137.8,TRUE,0,1815,-1811.72,3630,-3686.72,FALSE,0,0,TRUE
2026-01-27T21:23:32Z,REV_TW1_U_21,6,TRUE,4,1,0,0,2016,0,0,0,0,,,0,0,0,0,,,,,3630,-3686,1.42,0.68,,,,17,,,,,0,,,,0,0,0,0,34800,34900,34700,,,,0,60.0293,0,,128643,113212,,,,,,9,0,0,0,0,0,0,0,0,,0,,0,0,0,13,0,2134.08,0,100,0,0,0,0,,,0,0,0,0,0,,,,,,,28,25,26.166,,,0,48,48,TRUE,TRUE,FALSE,0,2,3,6,0,342,4200,16416,1500,-1500,0,0,35,14.155,2.2,0,999,999,999,999,999,999,999,99,2,1,0,0,2053,1,2,1,1,0,0,8,1,0,0,-33526,0,7215,1048576,0,0,0,0,0,0,0,0,692.36,2100,2100,1815,1875,1138.5,TRUE,0,1815,-1875,2101.05,2101.05,1815,1811.72,1137.8,TRUE,0,1815,-1811.72,3630,-3686.72,FALSE,0,0,TRUE
2026-01-27T21:23:34Z,REV_TW1_U_21,6,TRUE,4,1,0,0,2016,0,0,0,0,,,0,0,0,0,,,,,3630,-3686,1.42,0.68,,,,17,,,,,0,,,,0,0,0,0,34800,34900,34700,,,,0,60.028,0,,128643,113212,,,,,,9,0,0,0,0,0,0,0,0,,0,,0,0,0,13,0,2134.08,0,100,0,0,0,0,,,0,0,0,0,0,,,,,,,28,25,26.166,,,0,48,48,TRUE,TRUE,FALSE,0,2,3,6,0,342,4200,16416,1500,-1500,0,0,35,14.155,2.2,0,999,999,999,999,999,999,999,99,2,1,0,0,2053,1,2,1,1,0,0,8,1,0,0,-33526,0,7217,1048576,0,0,0,0,0,0,0,0,692.36,2100,2100,1815,1875,1138.5,TRUE,0,1815,-1875,2101.05,2101.05,1815,1811.72,1137.8,TRUE,0,1815,-1811.72,3630,-3686.72,FALSE,0,0,TRUE
2026-01-27T21:23:36Z,REV_TW1_U_21,6,TRUE,4,1,0,0,2016,0,0,0,0,,,0,0,0,0,,,,,3630,-3686,1.42,0.68,,,,17,,,,,0,,,,0,0,0,0,34800,34900,34700,,,,0,60.0247,0,,128643,113212,,,,,,9,0,0,0,0,0,0,0,0,,0,,0,0,0,13,0,2134.08,0,100,0,0,0,0,,,0,0,0,0,0,,,,,,,28,25,26.166,,,0,48,48,TRUE,TRUE,FALSE,0,2,3,6,0,342,4200,16416,1500,-1500,0,0,35,14.155,2.2,0,999,999,999,999,999,999,999,99,2,1,0,0,2053,1,2,1,1,0,0,8,1,0,0,-33526,0,7219,1048576,0,0,0,0,0,0,0,0,692.36,2100,2100,1815,1875,1138.5,TRUE,0,1815,-1875,2101.05,2101.05,1815,1811.72,1137.8,TRUE,0,1815,-1811.72,3630,-3686.72,FALSE,0,0,TRUE
2026-01-27T21:23:38Z,REV_TW1_U_21,6,TRUE,4,1,0,0,2016,0,0,0,0,,,0,0,0,0,,,,,3630,-3686,1.42,0.68,,,,18,,,,,0,,,,0,0,0,0,34800,34900,34700,,,,0,60.0273,0,,128643,113212,,,,,,9,0,0,0,0,0,0,0,0,,0,,0,0,0,13,0,2134.08,0,100,0,0,0,0,,,0,0,0,0,0,,,,,,,28,25,26.166,,,0,48,48,TRUE,TRUE,FALSE,0,2,3,6,0,342,4200,16416,1500,-1500,0,0,35,14.155,2.2,0,999,999,999,999,999,999,999,99,2,1,0,0,2053,1,2,1,1,0,0,8,1,0,0,-33526,0,7221,1048576,0,0,0,0,0,0,0,0,692.36,2100,2100,1815,1875,1138.5,TRUE,0,1815,-1875,2101.05,2101.05,1815,1811.72,1137.8,TRUE,0,1815,-1811.72,3630,-3686.72,FALSE,0,0,TRUE
2026-01-27T21:23:40Z,REV_TW1_U_21,6,TRUE,4,1,0,0,2016,0,0,0,0,,,0,0,0,0,,,,,3630,-3686,1.42,0.68,,,,17,,,,,0,,,,0,0,0,0,34800,34900,34700,,,,0,60.0274,0,,128643,113212,,,,,,9,0,0,0,0,0,0,0,0,,0,,0,0,0,13,0,2134.08,0,100,0,0,0,0,,,0,0,0,0,0,,,,,,,28,25,26.166,,,0,48,48,FALSE,TRUE,FALSE,0,2,3,6,0,342,4200,16416,1500,-1500,0,0,35,14.155,2.2,0,999,999,999,999,999,999,999,999,2,1,0,0,2053,1,2,1,1,0,0,8,1,0,0,-33526,0,7223,0,0,0,0,0,0,0,0,0,692.36,2100,2100,1815,1875,1138.5,TRUE,0,1815,-1875,2101.05,2101.05,1815,1811.72,1137.8,TRUE,0,1815,-1811.72,3630,-3686.72,FALSE,0,0,TRUE
2026-01-27T21:23:42Z,REV_TW1_U_21,6,TRUE,4,1,0,0,2016,0,0,0,0,,,0,0,0,0,,,,,3630,-3686,1.42,0.68,,,,17,,,,,0,,,,0,0,0,0,34800,34900,34700,,,,0,60.0243,0,,128643,113212,,,,,,9,0,0,0,0,0,0,0,0,,0,,0,0,0,13,0,2134.08,0,100,0,0,0,0,,,0,0,0,0,0,,,,,,,28,25,26.166,,,0,48,48,FALSE,TRUE,FALSE,0,2,3,6,0,342,4200,16416,1500,-1500,0,0,35,14.155,2.2,0,999,999,999,999,999,999,999,999,2,1,0,0,2053,1,2,1,1,0,0,8,1,0,0,-33526,0,7225,0,0,0,0,0,0,0,0,0,692.36,2100,2100,1815,1875,1138.5,TRUE,0,1815,-1875,2101.05,2101.05,1815,1811.72,1137.8,TRUE,0,1815,-1811.72,3630,-3686.72,FALSE,0,0,TRUE
2026-01-27T21:23:44Z,REV_TW1_U_21,6,TRUE,4,1,0,0,2016,0,0,0,0,,,0,0,0,0,,,,,3630,-3686,1.42,0.68,,,,17,,,,,0,,,,0,0,0,0,34800,34900,34700,,,,0,60.023,0,,128643,113212,,,,,,9,0,0,0,0,0,0,0,0,,0,,0,0,0,13,0,2134.08,0,100,0,0,0,0,,,0,0,0,0,0,,,,,,,28,25,26.166,,,0,48,48,FALSE,TRUE,FALSE,0,2,3,6,0,342,4200,16416,1500,-1500,0,0,35,14.155,2.2,0,999,999,999,999,999,999,999,99,2,1,0,0,2053,1,2,1,1,0,0,8,1,0,0,-33526,0,7227,0,0,0,0,0,0,0,0,0,692.36,2100,2100,1815,1875,1138.5,TRUE,0,1815,-1875,2101.05,2101.05,1815,1811.72,1137.8,TRUE,0,1815,-1811.72,3630,-3686.72,FALSE,0,0,TRUE
2026-01-27T21:23:46Z,REV_TW1_U_21,6,TRUE,4,1,0,0,2016,0,0,0,0,,,0,0,0,0,,,,,3630,-3686,1.42,0.68,,,,17,,,,,0,,,,0,0,0,0,34800,34900,34700,,,,0,60.0212,0,,128643,113212,,,,,,9,0,0,0,0,0,0,0,0,,0,,0,0,0,13,0,2134.08,0,100,0,0,0,0,,,0,0,0,0,0,,,,,,,28,25,26.166,,,0,48,48,FALSE,TRUE,FALSE,0,2,3,6,0,342,4200,16416,1500,-1500,0,0,35,14.155,2.2,0,999,999,999,999,999,999,999,99,2,1,0,0,0,1,2,1,1,0,0,8,1,0,0,-33526,0,7229,0,0,0,0,0,0,0,0,0,692.36,2100,2100,1815,1875,1138.5,TRUE,0,1815,-1875,2101.05,2101.05,1815,1811.72,1137.8,TRUE,0,1815,-1811.72,3630,-3686.72,FALSE,0,0,TRUE
2026-01-27T21:23:48Z,REV_TW1_U_21,6,TRUE,4,1,0,0,2016,0,0,0,0,,,0,0,0,0,,,,,3630,-3686,1.42,0.68,,,,17,,,,,0,,,,0,0,0,0,34800,34900,34700,,,,0,60.017,0,,128643,113212,,,,,,9,0,0,0,0,0,0,0,0,,0,,0,0,0,13,0,2134.08,0,100,0,0,0,0,,,0,0,0,0,0,,,,,,,28,25,26.166,,,0,48,48,FALSE,TRUE,FALSE,0,2,3,6,0,342,4200,16416,1500,-1500,0,0,35,14.155,2.1,0,999,999,999,999,999,999,999,999,2,1,0,0,0,1,2,1,1,0,0,8,1,0,0,-33526,0,7231,0,0,0,0,0,0,0,0,0,692.36,2100,2100,1815,1875,1138.5,TRUE,0,1815,-1875,2101.05,2101.05,1815,1811.72,1137.8,TRUE,0,1815,-1811.72,3630,-3686.72,FALSE,0,0,TRUE
2026-01-27T21:23:50Z,REV_TW1_U_21,6,TRUE,4,1,0,0,2016,0,0,0,0,,,0,0,0,0,,,,,3630,-3686,1.42,0.68,,,,17,,,,,0,,,,0,0,0,0,34800,34900,34700,,,,0,60.0173,0,,128643,113212,,,,,,9,0,0,0,0,0,0,0,0,,0,,0,0,0,13,0,2134.08,0,100,0,0,0,0,,,0,0,0,0,0,,,,,,,28,25,26.166,,,0,48,48,FALSE,TRUE,FALSE,0,2,3,6,0,342,4200,16416,1500,-1500,0,0,35,14.155,2.1,0,999,999,999,999,999,999,999,999,2,1,0,0,0,1,2,1,1,0,0,8,1,0,0,-33526,0,7233,0,0,0,0,0,0,0,0,0,692.36,2100,2100,1815,1875,1138.5,TRUE,0,1815,-1875,2101.05,2101.05,1815,1811.72,1137.8,TRUE,0,1815,-1811.72,3630,-3686.72,FALSE,0,0,TRUE
2026-01-27T21:23:52Z,REV_TW1_U_21,6,TRUE,4,1,0,0,2016,0,0,0,0,,,0,0,0,0,,,,,3630,-3686,1.42,0.68,,,,17,,,,,0,,,,0,0,0,0,34800,34900,34700,,,,0,60.0166,0,,128643,113212,,,,,,9,0,0,0,0,0,0,0,0,,0,,0,0,0,13,0,2134.08,0,100,0,0,0,0,,,0,0,0,0,0,,,,,,,28,25,26.166,,,0,48,48,FALSE,TRUE,FALSE,0,2,3,6,0,342,4200,16416,1500,-1500,0,0,35,14.155,2.1,0,999,999,999,999,999,999,999,999,2,1,0,0,0,1,2,1,1,0,0,8,1,0,0,-33526,0,7235,0,0,0,0,0,0,0,0,0,692.36,2100,2100,1815,1875,1138.5,TRUE,0,1815,-1875,2101.05,2101.05,1815,1811.72,1137.8,TRUE,0,1815,-1811.72,3630,-3686.72,FALSE,0,0,TRUE
2026-01-27T21:23:54Z,REV_TW1_U_21,6,TRUE,4,1,0,0,2016,0,0,0,0,,,0,0,0,0,,,,,3630,-3686,1.42,0.68,,,,17,,,,,0,,,,0,0,0,0,34800,34900,34700,,,,0,60.0176,0,,128643,113212,,,,,,9,0,0,0,0,0,0,0,0,,0,,0,0,0,13,0,2134.08,0,100,0,0,0,0,,,0,0,0,0,0,,,,,,,28,25,26.166,,,0,48,48,FALSE,TRUE,FALSE,0,2,3,6,0,342,4200,16416,1500,-1500,0,0,35,14.155,2.1,0,999,999,999,999,999,999,999,999,2,1,0,0,0,1,2,1,1,0,0,8,1,0,0,-33526,0,7237,0,0,0,0,0,0,0,0,0,692.36,2100,2100,1815,1875,1138.5,TRUE,0,1815,-1875,2101.05,2101.05,1815,1811.72,1137.8,TRUE,0,1815,-1811.72,3630,-3686.72,FALSE,0,0,TRUE
2026-01-27T21:23:56Z,REV_TW1_U_21,6,TRUE,4,1,0,0,2016,0,0,0,0,,,0,0,0,0,,,,,3630,-3686,1.42,0.68,,,,17,,,,,0,,,,0,0,0,0,34800,34900,34700,,,,0,60.0205,0,,128643,113212,,,,,,9,0,0,0,0,0,0,0,0,,0,,0,0,0,13,0,2134.08,0,100,0,0,0,0,,,0,0,0,0,0,,,,,,,28,25,26.166,,,0,48,48,FALSE,TRUE,FALSE,0,2,3,6,0,342,4200,16416,1500,-1500,0,0,35,14.155,2.1,0,999,999,999,999,999,999,999,999,2,1,0,0,0,1,2,1,1,0,0,8,1,0,0,-33526,0,7239,0,0,0,0,0,0,0,0,0,692.36,2100,2100,1815,1875,1138.5,TRUE,0,1815,-1875,2101.05,2101.05,1815,1811.72,1137.8,TRUE,0,1815,-1811.72,3630,-3686.72,FALSE,0,0,TRUE
2026-01-27T21:23:58Z,REV_TW1_U_21,6,TRUE,4,1,0,0,2016,0,0,0,0,,,0,0,0,0,,,,,3630,-3686,1.42,0.68,,,,17,,,,,0,,,,0,0,0,0,34800,34900,34700,,,,0,60.0255,0,,128643,113212,,,,,,9,0,0,0,0,0,0,0,0,,0,,0,0,0,13,0,2134.08,0,100,0,0,0,0,,,0,0,0,0,0,,,,,,,28,25,26.166,,,0,48,48,FALSE,TRUE,FALSE,0,2,3,6,0,342,4200,16416,1500,-1500,0,0,35,14.155,2.1,0,999,999,999,999,999,999,999,999,2,1,0,0,0,1,2,1,1,0,0,8,1,0,0,-33526,0,7241,0,0,0,0,0,0,0,0,0,692.36,2100,2100,1815,1875,1138.5,TRUE,0,1815,-1875,2101.05,2101.05,1815,1811.72,1137.8,TRUE,0,1815,-1811.72,3630,-3686.72,FALSE,0,0,TRUE
2026-01-27T21:24:00Z,REV_TW1_U_21,6,TRUE,4,1,0,0,2016,0,0,0,0,,,0,0,0,0,,,,,3630,-3686,1.42,0.68,,,,18,,,,,0,,,,0,0,0,0,34800,34900,34700,,,,0,60.027,0,,128643,113212,,,,,,9,0,0,0,0,0,0,0,0,,0,,0,0,0,13,0,2134.08,0,100,0,0,0,0,,,0,0,0,0,0,,,,,,,28,25,26.166,,,0,48,48,TRUE,TRUE,FALSE,0,2,3,6,0,342,4200,16416,1500,-1500,0,0,35,14.155,2.1,0,999,999,999,999,999,999,999,999,2,1,0,0,0,1,2,1,1,0,0,8,1,0,0,-33526,0,7243,1048576,0,0,0,0,0,0,0,0,692.36,2100,2100,1815,1875,1138.5,TRUE,0,1815,-1875,2101.05,2101.05,1815,1811.72,1137.8,TRUE,0,1815,-1811.72,3630,-3686.72,FALSE,0,0,TRUE
2026-01-27T21:24:02Z,REV_TW1_U_21,6,TRUE,4,1,0,0,2016,0,0,0,0,,,0,0,0,0,,,,,3630,-3686,1.42,0.68,,,,18,,,,,0,,,,0,0,0,0,34800,34900,34700,,,,0,60.0279,0,,128643,113212,,,,,,9,0,0,0,0,0,0,0,0,,0,,0,0,0,13,0,2134.08,0,100,0,0,0,0,,,0,0,0,0,0,,,,,,,28,25,26.166,,,0,48,48,TRUE,TRUE,FALSE,0,2,3,6,0,342,4200,16416,1500,-1500,0,0,35,14.155,2.1,0,999,99,999,999,999,999,999,999,2,1,0,0,0,1,2,1,1,0,0,8,1,0,0,-33526,0,7245,1048576,0,0,0,0,0,0,0,0,692.36,2100,2100,1815,1875,1138.5,TRUE,0,1815,-1875,2101.05,2101.05,1815,1811.72,1137.8,TRUE,0,1815,-1811.72,3630,-3686.72,FALSE,0,0,TRUE
2026-01-27T21:24:04Z,REV_TW1_U_21,6,TRUE,4,1,0,0,2016,0,0,0,0,,,0,0,0,0,,,,,3630,-3686,1.42,0.68,,,,18,,,,,0,,,,0,0,0,0,34800,34900,34700,,,,0,60.0274,0,,128643,113212,,,,,,9,0,0,0,0,0,0,0,0,,0,,0,0,0,13,0,2134.08,0,100,0,0,0,0,,,0,0,0,0,0,,,,,,,28,25,26.166,,,0,24,48,TRUE,TRUE,FALSE,0,2,3,6,0,342,4200,16416,1500,-1500,0,0,35,14.155,2.1,0,999,999,999,999,999,999,999,999,2,1,0,0,0,1,2,1,1,0,0,8,1,0,0,-33526,0,7247,1048576,0,0,0,0,0,0,0,0,692.36,2100,2100,1815,1875,1138.5,TRUE,0,1815,-1875,2101.05,2101.05,1815,1811.72,1137.8,TRUE,0,1815,-1811.72,3630,-3686.72,FALSE,0,0,TRUE
2026-01-27T21:24:06Z,REV_TW1_U_21,6,TRUE,4,1,0,0,2016,0,0,0,0,,,0,0,0,0,,,,,3630,-3686,1.42,0.68,,,,18,,,,,0,,,,0,0,0,0,34800,34900,34700,,,,0,60.0283,0,,128643,113212,,,,,,9,0,0,0,0,0,0,0,0,,0,,0,0,0,13,0,2134.08,0,100,0,0,0,0,,,0,0,0,0,0,,,,,,,28,25,26.166,,,0,24,48,TRUE,TRUE,FALSE,0,2,3,6,0,342,4200,16416,1500,-1500,0,0,35,14.155,2.1,0,999,999,999,999,999,999,999,999,2,1,0,0,0,1,2,1,1,0,0,8,1,0,0,-33526,0,7249,1048576,0,0,0,0,0,0,0,0,692.36,2100,2100,1815,1875,1138.5,TRUE,0,1815,-1875,2101.05,2101.05,1815,1811.72,1137.8,TRUE,0,1815,-1811.72,3630,-3686.72,FALSE,0,0,TRUE
2026-01-27T21:24:08Z,REV_TW1_U_21,6,TRUE,4,1,0,0,2016,0,0,0,0,,,0,0,0,0,,,,,3630,-3686,1.42,0.68,,,,18,,,,,0,,,,0,0,0,0,34800,34900,34700,,,,0,60.0273,0,,128643,113212,,,,,,9,0,0,0,0,0,0,0,0,,0,,0,0,0,13,0,2134.08,0,100,0,0,0,0,,,0,0,0,0,0,,,,,,,28,25,26.166,,,0,24,48,TRUE,TRUE,FALSE,0,2,3,6,0,342,4200,16416,1500,-1500,0,0,35,14.155,2.1,0,999,99,999,999,999,999,999,999,2,1,0,0,0,1,2,1,1,0,0,8,1,0,0,-33526,0,7251,1048576,0,0,0,0,0,0,0,0,692.36,2100,2100,1815,1875,1138.5,TRUE,0,1815,-1875,2101.05,2101.05,1815,1811.72,1137.8,TRUE,0,1815,-1811.72,3630,-3686.72,FALSE,0,0,TRUE
2026-01-27T21:24:10Z,REV_TW1_U_21,6,TRUE,4,1,0,0,2016,0,0,0,0,,,0,0,0,0,,,,,3630,-3686,1.42,0.68,,,,18,,,,,0,,,,0,0,0,0,34800,34900,34700,,,,0,60.0253,0,,128643,113212,,,,,,9,0,0,0,0,0,0,0,0,,0,,0,0,0,13,0,2134.08,0,100,0,0,0,0,,,0,0,0,0,0,,,,,,,28,25,26.166,,,0,24,48,TRUE,TRUE,FALSE,0,2,3,6,0,342,4200,16416,1500,-1500,0,0,35,14.155,2.1,0,999,999,999,999,999,999,999,999,2,1,0,0,2053,1,2,1,1,0,0,8,1,0,0,-33526,0,7253,1048576,0,0,0,0,0,0,0,0,692.36,2100,2100,1815,1875,1138.5,TRUE,0,1815,-1875,2101.05,2101.05,1815,1811.72,1137.8,TRUE,0,1815,-1811.72,3630,-3686.72,FALSE,0,0,TRUE
2026-01-27T21:24:12Z,REV_TW1_U_21,6,TRUE,4,1,0,0,2016,0,0,0,0,,,0,0,0,0,,,,,3630,-3686,1.42,0.68,,,,18,,,,,0,,,,0,0,0,0,34800,34900,34700,,,,0,60.0298,0,,128643,113212,,,,,,9,0,0,0,0,0,0,0,0,,0,,0,0,0,13,0,2134.08,0,100,0,0,0,0,,,0,0,0,0,0,,,,,,,28,25,26.166,,,0,24,48,TRUE,TRUE,FALSE,0,2,3,6,0,342,4200,16416,1500,-1500,0,0,35,14.155,2.1,0,999,999,999,999,999,999,999,999,2,1,0,0,2053,1,2,1,1,0,0,8,1,0,0,-33526,0,7255,1048576,0,0,0,0,0,0,0,0,692.36,2100,2100,1815,1875,1138.5,TRUE,0,1815,-1875,2101.05,2101.05,1815,1811.72,1137.8,TRUE,0,1815,-1811.72,3630,-3686.72,FALSE,0,0,TRUE
2026-01-27T21:24:14Z,REV_TW1_U_21,6,TRUE,4,1,0,0,2016,0,0,0,0,,,0,0,0,0,,,,,3630,-3686,1.42,0.68,,,,18,,,,,0,,,,0,0,0,0,34800,34900,34700,,,,0,60.027,0,,128643,113212,,,,,,9,0,0,0,0,0,0,0,0,,0,,0,0,0,13,0,2134.08,0,100,0,0,0,0,,,0,0,0,0,0,,,,,,,28,25,26.166,,,0,24,48,TRUE,TRUE,FALSE,0,2,3,6,0,342,4200,16416,1500,-1500,0,0,35,14.155,2.1,0,999,99,999,999,999,999,999,999,2,1,0,0,2053,1,2,1,1,0,0,8,1,0,0,-33526,0,7257,1048576,0,0,0,0,0,0,0,0,692.36,2100,2100,1815,1875,1138.5,TRUE,0,1815,-1875,2101.05,2101.05,1815,1811.72,1137.8,TRUE,0,1815,-1811.72,3630,-3686.72,FALSE,0,0,TRUE
2026-01-27T21:24:16Z,REV_TW1_U_21,6,TRUE,4,1,0,0,2016,0,0,0,0,,,0,0,0,0,,,,,3630,-3686,1.42,0.68,,,,18,,,,,0,,,,0,0,0,0,34800,34900,34700,,,,0,60.0314,0,,128643,113212,,,,,,9,0,0,0,0,0,0,0,0,,0,,0,0,0,13,0,2134.08,0,100,0,0,0,0,,,0,0,0,0,0,,,,,,,28,25,26.166,,,0,24,48,TRUE,TRUE,FALSE,0,2,3,6,0,342,4200,16416,1500,-1500,0,0,35,14.155,2.1,0,999,99,999,999,999,999,999,99,2,1,0,0,2053,1,2,1,1,0,0,8,1,0,0,-33526,0,7259,1048576,0,0,0,0,0,0,0,0,692.36,2100,2100,1815,1875,1138.5,TRUE,0,1815,-1875,2101.05,2101.05,1815,1811.72,1137.8,TRUE,0,1815,-1811.72,3630,-3686.72,FALSE,0,0,TRUE
2026-01-27T21:24:18Z,REV_TW1_U_21,6,TRUE,4,1,0,0,2016,0,0,0,0,,,0,0,0,0,,,,,3630,-3686,1.42,0.68,,,,18,,,,,0,,,,0,0,0,0,34800,34900,34700,,,,0,60.0272,0,,128643,113212,,,,,,9,0,0,0,0,0,0,0,0,,0,,0,0,0,13,0,2134.08,0,100,0,0,0,0,,,0,0,0,0,0,,,,,,,28,25,26.166,,,0,24,48,TRUE,TRUE,FALSE,0,2,3,6,0,342,4200,16416,1500,-1500,0,0,35,14.155,2.1,0,999,999,999,999,999,999,999,999,2,1,0,0,2053,1,2,1,1,0,0,8,1,0,0,-33526,0,7261,1048576,0,0,0,0,0,0,0,0,692.36,2100,2100,1815,1875,1138.5,TRUE,0,1815,-1875,2101.05,2101.05,1815,1811.72,1137.8,TRUE,0,1815,-1811.72,3630,-3686.72,FALSE,0,0,TRUE
2026-01-27T21:24:20Z,REV_TW1_U_21,6,TRUE,4,1,0,0,2016,0,0,0,0,,,0,0,0,0,,,,,3630,-3686,1.42,0.68,,,,18,,,,,0,,,,0,0,0,0,34800,34900,34700,,,,0,60.0309,0,,128643,113212,,,,,,9,0,0,0,0,0,0,0,0,,0,,0,0,0,13,0,2134.08,0,100,0,0,0,0,,,0,0,0,0,0,,,,,,,28,25,26.166,,,0,24,48,TRUE,TRUE,FALSE,0,2,3,6,0,342,4200,16416,1500,-1500,0,0,35,14.155,2.1,0,999,999,999,999,999,999,999,999,2,1,0,0,2053,1,2,1,1,0,0,8,1,0,0,-33526,0,7263,1048576,0,0,0,0,0,0,0,0,692.36,2100,2100,1815,1875,1138.5,TRUE,0,1815,-1875,2101.05,2101.05,1815,1811.72,1137.8,TRUE,0,1815,-1811.72,3630,-3686.72,FALSE,0,0,TRUE
2026-01-27T21:24:22Z,REV_TW1_U_21,6,TRUE,4,1,0,0,2016,0,0,0,0,,,0,0,0,0,,,,,3630,-3686,1.42,0.68,,,,18,,,,,0,,,,0,0,0,0,34800,34900,34700,,,,0,60.0317,0,,128643,113212,,,,,,9,0,0,0,0,0,0,0,0,,0,,0,0,0,13,0,2134.08,0,100,0,0,0,0,,,0,0,0,0,0,,,,,,,28,25,26.166,,,0,24,48,TRUE,TRUE,FALSE,0,2,3,6,0,342,4200,16416,1500,-1500,0,0,35,14.155,2.1,0,999,999,999,999,999,999,999,99,2,1,0,0,2053,1,2,1,1,0,0,8,1,0,0,-33526,0,7265,1048576,0,0,0,0,0,0,0,0,692.36,2100,2100,1815,1875,1138.5,TRUE,0,1815,-1875,2101.05,2101.05,1815,1811.72,1137.8,TRUE,0,1815,-1811.72,3630,-3686.72,FALSE,0,0,TRUE
2026-01-27T21:24:24Z,REV_TW1_U_21,6,TRUE,4,1,0,0,2016,0,0,0,0,,,0,0,0,0,,,,,3630,-3686,1.42,0.68,,,,18,,,,,0,,,,0,0,0,0,34800,34900,34700,,,,0,60.0284,0,,128643,113212,,,,,,9,0,0,0,0,0,0,0,0,,0,,0,0,0,13,0,2134.08,0,100,0,0,0,0,,,0,0,0,0,0,,,,,,,28,25,26.166,,,0,48,48,TRUE,TRUE,FALSE,0,2,3,6,0,342,4200,16416,1500,-1500,0,0,35,14.155,2.1,0,999,999,999,999,999,999,999,99,2,1,0,0,2053,1,2,1,1,0,0,8,1,0,0,-33526,0,7267,1048576,0,0,0,0,0,0,0,0,692.36,2100,2100,1815,1875,1138.5,TRUE,0,1815,-1875,2101.05,2101.05,1815,1811.72,1137.8,TRUE,0,1815,-1811.72,3630,-3686.72,FALSE,0,0,TRUE
2026-01-27T21:24:26Z,REV_TW1_U_21,6,TRUE,4,1,0,0,2016,0,0,0,0,,,0,0,0,0,,,,,3630,-3686,1.42,0.68,,,,18,,,,,0,,,,0,0,0,0,34800,34900,34700,,,,0,60.0312,0,,128643,113212,,,,,,9,0,0,0,0,0,0,0,0,,0,,0,0,0,13,0,2134.08,0,100,0,0,0,0,,,0,0,0,0,0,,,,,,,28,25,26.166,,,0,48,48,FALSE,TRUE,FALSE,0,2,3,6,0,342,4200,16416,1500,-1500,0,0,35,14.155,2.1,0,999,999,999,999,999,999,999,999,2,1,0,0,2053,1,2,1,1,0,0,8,1,0,0,-33526,0,7269,0,0,0,0,0,0,0,0,0,692.36,2100,2100,1815,1875,1138.5,TRUE,0,1815,-1875,2101.05,2101.05,1815,1811.72,1137.8,TRUE,0,1815,-1811.72,3630,-3686.72,FALSE,0,0,TRUE
2026-01-27T21:24:28Z,REV_TW1_U_21,6,TRUE,4,1,0,0,2016,0,0,0,0,,,0,0,0,0,,,,,3630,-3686,1.42,0.68,,,,18,,,,,0,,,,0,0,0,0,34800,34900,34700,,,,0,60.0253,0,,128643,113212,,,,,,9,0,0,0,0,0,0,0,0,,0,,0,0,0,13,0,2134.08,0,100,0,0,0,0,,,0,0,0,0,0,,,,,,,28,25,26.166,,,0,48,48,FALSE,TRUE,FALSE,0,2,3,6,0,342,4200,16416,1500,-1500,0,0,35,14.155,2.1,0,999,999,999,999,999,999,999,999,2,1,0,0,2053,1,2,1,1,0,0,8,1,0,0,-33526,0,7271,0,0,0,0,0,0,0,0,0,692.36,2100,2100,1815,1875,1138.5,TRUE,0,1815,-1875,2101.05,2101.05,1815,1811.72,1137.8,TRUE,0,1815,-1811.72,3630,-3686.72,FALSE,0,0,TRUE
2026-01-27T21:24:30Z,REV_TW1_U_21,6,TRUE,4,1,0,0,2016,0,0,0,0,,,0,0,0,0,,,,,3630,-3686,1.42,0.68,,,,18,,,,,0,,,,0,0,0,0,34800,34900,34700,,,,0,60.0296,0,,128643,113212,,,,,,9,0,0,0,0,0,0,0,0,,0,,0,0,0,13,0,2134.08,0,100,0,0,0,0,,,0,0,0,0,0,,,,,,,28,25,26.166,,,0,48,48,FALSE,TRUE,FALSE,0,2,3,6,0,342,4200,16416,1500,-1500,0,0,35,14.155,2.1,0,999,999,999,999,999,999,999,999,2,1,0,0,0,1,2,1,1,0,0,8,1,0,0,-33526,0,7273,0,0,0,0,0,0,0,0,0,692.36,2100,2100,1815,1875,1138.5,TRUE,0,1815,-1875,2101.05,2101.05,1815,1811.72,1137.8,TRUE,0,1815,-1811.72,3630,-3686.72,FALSE,0,0,TRUE
2026-01-27T21:24:32Z,REV_TW1_U_21,6,TRUE,4,1,0,0,2016,0,0,0,0,,,0,0,0,0,,,,,3630,-3686,1.42,0.68,,,,18,,,,,0,,,,0,0,0,0,34800,34900,34700,,,,0,60.0276,0,,128643,113212,,,,,,9,0,0,0,0,0,0,0,0,,0,,0,0,0,13,0,2134.08,0,100,0,0,0,0,,,0,0,0,0,0,,,,,,,28,25,26.166,,,0,48,48,FALSE,TRUE,FALSE,0,2,3,6,0,342,4200,16416,1500,-1500,0,0,35,14.155,2.1,0,999,999,999,999,999,999,999,999,2,1,0,0,0,1,2,1,1,0,0,8,1,0,0,-33526,0,7275,0,0,0,0,0,0,0,0,0,692.36,2100,2100,1815,1875,1138.5,TRUE,0,1815,-1875,2101.05,2101.05,1815,1811.72,1137.8,TRUE,0,1815,-1811.72,3630,-3686.72,FALSE,0,0,TRUE
2026-01-27T21:24:34Z,REV_TW1_U_21,6,TRUE,4,1,0,0,2016,0,0,0,0,,,0,0,0,0,,,,,3630,-3686,1.42,0.68,,,,18,,,,,0,,,,0,0,0,0,34900,34900,34700,,,,0,60.0232,0,,128643,113212,,,,,,9,0,0,0,0,0,0,0,0,,0,,0,0,0,13,0,2134.08,0,100,0,0,0,0,,,0,0,0,0,0,,,,,,,28,25,26.166,,,0,48,48,FALSE,TRUE,FALSE,0,2,3,6,0,342,4200,16416,1500,-1500,0,0,35,14.155,2.1,0,999,999,999,999,999,999,999,99,2,1,0,0,0,1,2,1,1,0,0,8,1,0,0,-33526,0,7277,0,0,0,0,0,0,0,0,0,692.36,2100,2100,1815,1875,1138.5,TRUE,0,1815,-1875,2101.05,2101.05,1815,1811.72,1137.8,TRUE,0,1815,-1811.72,3630,-3686.72,FALSE,0,0,TRUE
2026-01-27T21:24:36Z,REV_TW1_U_21,6,TRUE,4,1,0,0,2016,0,0,0,0,,,0,0,0,0,,,,,3630,-3686,1.42,0.68,,,,18,,,,,0,,,,0,0,0,0,34900,34900,34700,,,,0,60.0266,0,,128643,113212,,,,,,9,0,0,0,0,0,0,0,0,,0,,0,0,0,13,0,2134.08,0,100,0,0,0,0,,,0,0,0,0,0,,,,,,,28,25,26.166,,,0,48,48,FALSE,TRUE,FALSE,0,2,3,6,0,342,4200,16416,1500,-1500,0,0,35,14.155,2.1,0,999,999,999,999,999,999,999,999,2,1,0,0,0,1,2,1,1,0,0,8,1,0,0,-33526,0,7279,0,0,0,0,0,0,0,0,0,692.36,2100,2100,1815,1875,1138.5,TRUE,0,1815,-1875,2101.05,2101.05,1815,1811.72,1137.8,TRUE,0,1815,-1811.72,3630,-3686.72,FALSE,0,0,TRUE
2026-01-27T21:24:38Z,REV_TW1_U_21,6,TRUE,4,1,0,0,2016,0,0,0,0,,,0,0,0,0,,,,,3630,-3686,1.42,0.68,,,,18,,,,,0,,,,0,0,0,0,34800,34900,34700,,,,0,60.0247,0,,128643,113212,,,,,,9,0,0,0,0,0,0,0,0,,0,,0,0,0,13,0,2134.08,0,100,0,0,0,0,,,0,0,0,0,0,,,,,,,28,25,26.166,,,0,48,48,FALSE,TRUE,FALSE,0,2,3,6,0,342,4200,16416,1500,-1500,0,0,35,14.155,2.1,0,999,999,999,999,999,999,999,99,2,1,0,0,0,1,2,1,1,0,0,8,1,0,0,-33526,0,7281,0,0,0,0,0,0,0,0,0,692.36,2100,2100,1815,1875,1138.5,TRUE,0,1815,-1875,2101.05,2101.05,1815,1811.72,1137.8,TRUE,0,1815,-1811.72,3630,-3686.72,FALSE,0,0,TRUE
2026-01-27T21:24:40Z,REV_TW1_U_21,6,TRUE,4,1,0,0,2016,0,0,0,0,,,0,0,0,0,,,,,3630,-3686,1.42,0.68,,,,18,,,,,0,,,,0,0,0,0,34800,34900,34700,,,,0,60.0242,0,,128643,113212,,,,,,9,0,0,0,0,0,0,0,0,,0,,0,0,0,13,0,2134.08,0,100,0,0,0,0,,,0,0,0,0,0,,,,,,,28,25,26.166,,,0,48,48,FALSE,TRUE,FALSE,0,2,3,6,0,342,4200,16416,1500,-1500,0,0,35,14.155,2.1,0,999,999,999,999,999,999,999,99,2,1,0,0,0,1,2,1,1,0,0,8,1,0,0,-33526,0,7283,0,0,0,0,0,0,0,0,0,692.36,2100,2100,1815,1875,1138.5,TRUE,0,1815,-1875,2101.05,2101.05,1815,1811.72,1137.8,TRUE,0,1815,-1811.72,3630,-3686.72,FALSE,0,0,TRUE
2026-01-27T21:24:42Z,REV_TW1_U_21,6,TRUE,4,1,0,0,2016,0,0,0,0,,,0,0,0,0,,,,,3630,-3686,1.42,0.68,,,,18,,,,,0,,,,0,0,0,0,34900,34900,34700,,,,0,60.0159,0,,128643,113212,,,,,,9,0,0,0,0,0,0,0,0,,0,,0,0,0,13,0,2134.08,0,100,0,0,0,0,,,0,0,0,0,0,,,,,,,28,25,26.166,,,0,48,48,FALSE,TRUE,FALSE,0,2,3,6,0,342,4200,16416,1500,-1500,0,0,35,14.155,2.1,0,999,999,999,999,999,999,999,999,2,1,0,0,0,1,2,1,1,0,0,8,1,0,0,-33526,0,7285,0,0,0,0,0,0,0,0,0,692.36,2100,2100,1815,1875,1138.5,TRUE,0,1815,-1875,2101.05,2101.05,1815,1811.72,1137.8,TRUE,0,1815,-1811.72,3630,-3686.72,FALSE,0,0,TRUE
2026-01-27T21:24:44Z,REV_TW1_U_21,6,TRUE,4,1,0,0,2016,0,0,0,0,,,0,0,0,0,,,,,3630,-3686,1.42,0.68,,,,18,,,,,0,,,,0,0,0,0,34900,34900,34700,,,,0,60.0156,0,,128643,113212,,,,,,9,0,0,0,0,0,0,0,0,,0,,0,0,0,13,0,2134.08,0,100,0,0,0,0,,,0,0,0,0,0,,,,,,,28,25,26.166,,,0,48,48,FALSE,TRUE,FALSE,0,2,3,6,0,342,4200,16416,1500,-1500,0,0,35,14.155,2.1,0,999,999,999,999,999,999,999,99,2,1,0,0,0,1,2,1,1,0,0,8,1,0,0,-33526,0,7287,0,0,0,0,0,0,0,0,0,692.36,2100,2100,1815,1875,1138.5,TRUE,0,1815,-1875,2101.05,2101.05,1815,1811.72,1137.8,TRUE,0,1815,-1811.72,3630,-3686.72,FALSE,0,0,TRUE
2026-01-27T21:24:46Z,REV_TW1_U_21,6,TRUE,4,1,0,0,2016,0,0,0,0,,,0,0,0,0,,,,,3630,-3686,1.42,0.68,,,,18,,,,,0,,,,0,0,0,0,34900,34900,34700,,,,0,60.0095,0,,128643,113212,,,,,,9,0,0,0,0,0,0,0,0,,0,,0,0,0,13,0,2134.08,0,100,0,0,0,0,,,0,0,0,0,0,,,,,,,28,25,26.166,,,0,48,48,FALSE,TRUE,FALSE,0,2,3,6,0,342,4200,16416,1500,-1500,0,0,35,14.155,2.1,0,999,999,999,999,999,999,999,999,2,1,0,0,0,1,2,1,1,0,0,8,1,0,0,-33526,0,7289,0,0,0,0,0,0,0,0,0,692.36,2100,2100,1815,1875,1138.5,TRUE,0,1815,-1875,2101.05,2101.05,1815,1811.72,1137.8,TRUE,0,1815,-1811.72,3630,-3686.72,FALSE,0,0,TRUE
2026-01-27T21:24:48Z,REV_TW1_U_21,6,TRUE,4,1,0,0,2016,0,0,0,0,,,0,0,0,0,,,,,3630,-3686,1.42,0.68,,,,18,,,,,0,,,,0,0,0,0,34900,34900,34700,,,,0,60.0065,0,,128643,113212,,,,,,9,0,0,0,0,0,0,0,0,,0,,0,0,0,13,0,2134.08,0,100,0,0,0,0,,,0,0,0,0,0,,,,,,,28,25,26.166,,,0,48,48,FALSE,TRUE,FALSE,0,2,3,6,0,342,4200,16416,1500,-1500,0,0,35,14.155,2.1,0,999,999,999,999,999,999,999,99,2,1,0,0,0,1,2,1,1,0,0,8,1,0,0,-33526,0,7291,0,0,0,0,0,0,0,0,0,692.36,2100,2100,1815,1875,1138.5,TRUE,0,1815,-1875,2101.05,2101.05,1815,1811.72,1137.8,TRUE,0,1815,-1811.72,3630,-3686.72,FALSE,0,0,TRUE
2026-01-27T21:24:50Z,REV_TW1_U_21,6,TRUE,4,1,0,0,2016,0,0,0,0,,,0,0,0,0,,,,,3630,-3686,1.42,0.68,,,,18,,,,,0,,,,0,0,0,0,34900,34900,34700,,,,0,60.0022,0,,128643,113212,,,,,,9,0,0,0,0,0,0,0,0,,0,,0,0,0,13,0,2134.08,0,100,0,0,0,0,,,0,0,0,0,0,,,,,,,28,25,26.166,,,0,48,48,FALSE,TRUE,FALSE,0,2,3,6,0,342,4200,16416,1500,-1500,0,0,35,14.155,2,0,999,999,999,999,999,999,999,999,2,1,0,0,0,1,2,1,1,0,0,8,1,0,0,-33526,0,7293,0,0,0,0,0,0,0,0,0,692.36,2100,2100,1815,1875,1138.5,TRUE,0,1815,-1875,2101.05,2101.05,1815,1811.72,1137.8,TRUE,0,1815,-1811.72,3630,-3686.72,FALSE,0,0,TRUE
2026-01-27T21:24:52Z,REV_TW1_U_21,6,TRUE,4,1,0,0,2016,0,0,0,0,,,0,0,0,0,,,,,3630,-3686,1.42,0.68,,,,18,,,,,0,,,,0,0,0,0,34800,34900,34700,,,,0,60.002,0,,128643,113212,,,,,,9,0,0,0,0,0,0,0,0,,0,,0,0,0,13,0,2134.08,0,100,0,0,0,0,,,0,0,0,0,0,,,,,,,28,25,26.166,,,0,48,48,FALSE,TRUE,FALSE,0,2,3,6,0,342,4200,16416,1500,-1500,0,0,35,14.155,2,0,999,999,999,999,999,999,999,999,2,1,0,0,0,1,2,1,1,0,0,8,1,0,0,-33526,0,7295,0,0,0,0,0,0,0,0,0,692.36,2100,2100,1815,1875,1138.5,TRUE,0,1815,-1875,2101.05,2101.05,1815,1811.72,1137.8,TRUE,0,1815,-1811.72,3630,-3686.72,FALSE,0,0,TRUE
2026-01-27T21:24:54Z,REV_TW1_U_21,6,TRUE,4,1,0,0,2016,0,0,0,0,,,0,0,0,0,,,,,3630,-3686,1.42,0.68,,,,18,,,,,0,,,,0,0,0,0,34900,34900,34700,,,,0,60.004,0,,128643,113212,,,,,,9,0,0,0,0,0,0,0,0,,0,,0,0,0,13,0,2134.08,0,100,0,0,0,0,,,0,0,0,0,0,0,,,,,,28,25,26.166,,,0,48,48,FALSE,TRUE,FALSE,0,2,3,6,0,342,4200,16416,1500,-1500,0,0,35,14.155,2,0,999,999,999,999,999,999,999,999,2,1,0,0,0,1,2,1,1,0,0,8,1,0,0,-33526,0,7297,0,0,0,0,0,0,0,0,0,692.36,2100,2100,1815,1875,1138.5,TRUE,0,1815,-1875,2101.05,2101.05,1815,1811.72,1137.8,TRUE,0,1815,-1811.72,3630,-3686.72,FALSE,0,0,TRUE
2026-01-27T21:24:56Z,REV_TW1_U_21,6,TRUE,4,1,0,0,2016,0,0,0,0,,,0,0,0,0,,,,,3630,-3686,1.42,0.68,,,,18,,,,,0,,,,0,0,0,0,34800,34900,34700,,,,0,60.0015,0,,128643,113212,,,,,,9,0,0,0,0,0,0,0,0,,0,,0,0,0,13,0,2134.08,0,100,0,0,0,0,,,0,0,0,0,0,0,,,,,,28,25,26.166,,,0,48,48,FALSE,TRUE,FALSE,0,2,4,6,0,342,4200,16416,1500,-1500,0,0,35,14.155,2,0,999,999,999,999,999,999,999,999,2,1,0,0,0,1,2,1,1,0,0,8,1,0,0,-33526,0,7299,0,0,0,0,0,0,0,0,0,692.36,2100,2100,1815,1875,1138.5,TRUE,0,1815,-1875,2101.05,2101.05,1815,1811.72,1137.8,TRUE,0,1815,-1811.72,3630,-3686.72,FALSE,0,0,TRUE
2026-01-27T21:24:58Z,REV_TW1_U_21,6,TRUE,4,1,0,0,2016,0,0,0,0,,,0,0,0,0,,,,,3630,-3686,1.42,0.68,,,,18,,,,,0,,,,0,0,0,0,34800,34900,34700,,,,0,60.001,0,,128643,113212,,,,,,9,0,0,0,0,0,0,0,0,,0,,0,0,0,13,0,2134.08,0,100,0,0,0,0,,,0,0,0,0,0,0,,,,,,28,25,26.166,,,0,48,48,FALSE,TRUE,FALSE,0,2,4,6,0,342,4200,16416,1500,-1500,0,0,35,14.155,2,0,999,999,999,999,999,999,999,999,2,1,0,0,0,1,2,1,1,0,0,8,1,0,0,-33526,0,7301,0,0,0,0,0,0,0,0,0,692.36,2100,2100,1815,1875,1138.5,TRUE,0,1815,-1875,2101.05,2101.05,1815,1811.72,1137.8,TRUE,0,1815,-1811.72,3630,-3686.72,FALSE,0,0,TRUE
2026-01-27T21:25:00Z,REV_TW1_U_21,6,TRUE,4,1,0,0,2016,0,0,0,0,,,0,0,0,0,,,,,3630,-3686,1.42,0.68,,,,18,,,,,0,,,,0,0,0,0,34800,34900,34700,,,,0,59.9959,0,,128643,113212,,,,,,9,0,0,0,0,0,0,0,0,,0,,0,0,0,13,0,2134.08,0,100,0,0,0,0,,,0,0,0,0,0,0,,,,,,28,25,26.166,,,0,48,48,FALSE,TRUE,FALSE,0,2,4,6,0,342,4200,16416,1500,-1500,0,0,35,14.155,2,0,999,999,999,999,999,999,999,999,2,1,0,0,0,1,2,1,1,0,0,8,1,0,0,-33526,0,7303,0,0,0,0,0,0,0,0,0,692.36,2100,2100,1815,1875,1138.5,TRUE,0,1815,-1875,2101.05,2101.05,1815,1811.72,1137.8,TRUE,0,1815,-1811.72,3630,-3686.72,FALSE,0,0,TRUE
2026-01-27T21:25:02Z,REV_TW1_U_21,6,TRUE,4,1,0,0,2016,0,0,0,0,,,0,0,0,0,,,,,3630,-3686,1.42,0.68,,,,18,,,,,0,,,,0,0,0,0,34800,34900,34700,,,,0,60.0031,0,,128643,113212,,,,,,9,0,0,0,0,0,0,0,0,,0,,0,0,0,13,0,2134.08,0,100,0,0,0,0,,,0,0,0,0,0,0,,,,,,28,25,26.166,,,0,48,48,FALSE,TRUE,FALSE,0,2,4,6,0,342,4200,16416,1500,-1500,0,0,35,14.155,2,0,999,999,999,999,999,999,999,999,2,1,0,0,0,1,2,1,1,0,0,8,1,0,0,-33526,0,7305,0,0,0,0,0,0,0,0,0,692.36,2100,2100,1815,1875,1138.5,TRUE,0,1815,-1875,2101.05,2101.05,1815,1811.72,1137.8,TRUE,0,1815,-1811.72,3630,-3686.72,FALSE,0,0,TRUE
2026-01-27T21:25:04Z,REV_TW1_U_21,6,TRUE,4,1,0,0,2016,0,0,0,0,,,0,0,0,0,,,,,3630,-3686,1.42,0.68,,,,19,,,,,0,,,,0,0,0,0,34800,34900,34700,,,,0,59.9983,0,,128643,113212,,,,,,9,0,0,0,0,0,0,0,0,,0,,0,0,0,13,0,2134.08,0,100,0,0,0,0,,,0,0,0,0,0,0,,,,,,28,25,26.166,,,0,48,48,FALSE,TRUE,FALSE,0,2,4,6,0,342,4200,16416,1500,-1500,0,0,35,14.155,2,0,999,999,999,999,999,999,999,999,2,1,0,0,0,1,2,1,1,0,0,8,1,0,0,-33526,0,7307,0,0,0,0,0,0,0,0,0,692.36,2100,2100,1815,1875,1138.5,TRUE,0,1815,-1875,2101.05,2101.05,1815,1811.72,1137.8,TRUE,0,1815,-1811.72,3630,-3686.72,FALSE,0,0,TRUE
2026-01-27T21:25:06Z,REV_TW1_U_21,6,TRUE,4,1,0,0,2016,0,0,0,0,,,0,0,0,0,,,,,3630,-3686,1.42,0.68,,,,19,,,,,0,,,,0,0,0,0,34800,34900,34700,,,,0,59.9955,0,,128643,113212,,,,,,9,0,0,0,0,0,0,0,0,,0,,0,0,0,13,0,2134.08,0,100,0,0,0,0,,,0,0,0,0,0,0,,,,,,28,25,26.166,,,0,48,48,FALSE,TRUE,FALSE,0,2,4,6,0,342,4200,16416,1500,-1500,0,0,35,14.155,2,0,999,99,999,999,999,999,999,999,2,1,0,0,0,1,2,1,1,0,0,8,1,0,0,-33526,0,7309,0,0,0,0,0,0,0,0,0,692.36,2100,2100,1815,1875,1138.5,TRUE,0,1815,-1875,2101.05,2101.05,1815,1811.72,1137.8,TRUE,0,1815,-1811.72,3630,-3686.72,FALSE,0,0,TRUE
2026-01-27T21:25:08Z,REV_TW1_U_21,6,TRUE,4,1,0,0,2016,0,0,0,0,,,0,0,0,0,,,,,3630,-3686,1.42,0.68,,,,19,,,,,0,,,,0,0,0,0,34800,34900,34700,,,,0,59.9974,0,,128643,113212,,,,,,9,0,0,0,0,0,0,0,0,,0,,0,0,0,13,0,2134.08,0,100,0,0,0,0,,,0,0,0,0,0,0,,,,,,28,25,26.166,,,0,48,48,FALSE,TRUE,FALSE,0,2,4,6,0,342,4200,16416,1500,-1500,0,0,35,14.155,2,0,999,99,999,999,999,999,999,999,2,1,0,0,0,1,2,1,1,0,0,8,1,0,0,-33526,0,7311,0,0,0,0,0,0,0,0,0,692.36,2100,2100,1815,1875,1138.5,TRUE,0,1815,-1875,2101.05,2101.05,1815,1811.72,1137.8,TRUE,0,1815,-1811.72,3630,-3686.72,FALSE,0,0,TRUE
2026-01-27T21:25:10Z,REV_TW1_U_21,6,TRUE,4,1,0,0,2016,0,0,0,0,,,0,0,0,0,,,,,3630,-3686,1.42,0.68,,,,19,,,,,0,,,,0,0,0,0,34800,34900,34700,,,,0,59.9985,0,,128643,113212,,,,,,9,0,0,0,0,0,0,0,0,,0,,0,0,0,13,0,2134.08,0,100,0,0,0,0,,,0,0,0,0,0,0,,,,,,28,25,26.166,,,0,24,48,FALSE,TRUE,FALSE,0,2,4,6,0,342,4200,16416,1500,-1500,0,0,35,14.155,78.2,0,999,99,999,999,999,999,999,999,2,1,0,0,0,1,2,1,1,0,0,8,1,0,0,-33526,0,7313,0,0,0,0,0,0,0,0,0,692.36,2100,2100,1815,1875,1138.5,TRUE,0,1815,-1875,2101.05,2101.05,1815,1811.72,1137.8,TRUE,0,1815,-1811.72,3630,-3686.72,FALSE,0,0,TRUE
2026-01-27T21:25:12Z,REV_TW1_U_21,6,TRUE,4,1,0,0,2016,0,0,0,0,,,0,0,0,0,,,,,3630,-3686,1.42,0.68,,,,19,,,,,0,,,,0,0,0,0,34800,34900,34700,,,,0,60.0009,0,,128643,113212,,,,,,9,0,0,0,0,0,0,0,0,,0,,0,0,0,13,0,2134.08,0,100,0,0,0,0,,,0,0,0,0,0,0,,,,,,28,25,26.166,,,0,24,48,FALSE,TRUE,FALSE,0,2,4,6,0,342,4200,16416,1500,-1500,0,0,35,14.155,78.2,0,999,999,999,999,999,999,999,999,2,1,0,0,0,1,2,1,1,0,0,8,1,0,0,-33526,0,7315,0,0,0,0,0,0,0,0,0,692.36,2100,2100,1815,1875,1138.5,TRUE,0,1815,-1875,2101.05,2101.05,1815,1811.72,1137.8,TRUE,0,1815,-1811.72,3630,-3686.72,FALSE,0,0,TRUE
2026-01-27T21:25:14Z,REV_TW1_U_21,6,TRUE,4,1,0,0,2016,0,0,0,0,,,0,0,0,0,,,,,3630,-3686,1.42,0.68,,,,19,,,,,0,,,,0,0,0,0,34800,34900,34700,,,,0,60.0032,0,,128643,113212,,,,,,9,0,0,0,0,0,0,0,0,,0,,0,0,0,13,0,2134.08,0,100,0,0,0,0,,,0,0,0,0,0,0,,,,,,28,25,26.166,,,0,24,48,FALSE,TRUE,FALSE,0,2,4,6,0,342,4200,16416,1500,-1500,0,0,35,14.155,78.2,0,999,999,999,999,999,999,999,999,2,1,0,0,0,1,2,1,1,0,0,8,1,0,0,-33526,0,7317,0,0,0,0,0,0,0,0,0,692.36,2100,2100,1815,1875,1138.5,TRUE,0,1815,-1875,2101.05,2101.05,1815,1811.72,1137.8,TRUE,0,1815,-1811.72,3630,-3686.72,FALSE,0,0,TRUE
2026-01-27T21:25:16Z,REV_TW1_U_21,6,TRUE,4,1,0,0,2016,0,0,0,0,,,0,0,0,0,,,,,3630,-3686,1.42,0.68,,,,19,,,,,0,,,,0,0,0,0,34800,34900,34700,,,,0,60.0073,0,,128643,113212,,,,,,9,0,0,0,0,0,0,0,0,,0,,0,0,0,13,0,2134.08,0,100,0,0,0,0,,,0,0,0,0,0,0,,,,,,28,25,26.166,,,0,24,48,FALSE,TRUE,FALSE,0,2,4,6,0,342,4200,16416,1500,-1500,0,0,35,14.155,78.2,0,999,999,999,999,999,999,999,999,2,1,0,0,0,1,2,1,1,0,0,8,1,0,0,-33526,0,7319,0,0,0,0,0,0,0,0,0,692.36,2100,2100,1815,1875,1138.5,TRUE,0,1815,-1875,2101.05,2101.05,1815,1811.72,1137.8,TRUE,0,1815,-1811.72,3630,-3686.72,FALSE,0,0,TRUE
2026-01-27T21:25:18Z,REV_TW1_U_21,6,TRUE,4,1,0,0,2016,0,0,0,0,,,0,0,0,0,,,,,3630,-3686,1.42,0.68,,,,19,,,,,0,,,,0,0,0,0,34800,34900,34700,,,,0,60.0093,0,,128643,113212,,,,,,9,0,0,0,0,0,0,0,0,,0,,0,0,0,13,0,2134.08,0,100,0,0,0,0,,,0,0,0,0,0,0,,,,,,28,25,26.166,,,0,24,48,FALSE,TRUE,FALSE,0,2,4,6,0,342,4200,16416,1500,-1500,0,0,35,14.155,78.2,0,999,99,999,999,999,999,999,999,2,1,0,0,0,1,2,1,1,0,0,8,1,0,0,-33526,0,7321,0,0,0,0,0,0,0,0,0,692.36,2100,2100,1815,1875,1138.5,TRUE,0,1815,-1875,2101.05,2101.05,1815,1811.72,1137.8,TRUE,0,1815,-1811.72,3630,-3686.72,FALSE,0,0,TRUE
2026-01-27T21:25:20Z,REV_TW1_U_21,6,TRUE,4,1,0,0,2016,0,0,0,0,,,0,0,0,0,,,,,3630,-3686,1.42,0.68,,,,19,,,,,0,,,,0,0,0,0,34800,34900,34700,,,,0,60.0074,0,,128643,113212,,,,,,9,0,0,0,0,0,0,0,0,,0,,0,0,0,13,0,2134.08,0,100,0,0,0,0,,,0,0,0,0,0,0,,,,,,28,25,26.166,,,0,24,48,FALSE,TRUE,FALSE,0,2,4,6,0,342,4200,16416,1500,-1500,0,0,35,14.155,78.2,0,999,99,999,999,999,999,999,999,2,1,0,0,0,1,2,1,1,0,0,8,1,0,0,-33526,0,7323,0,0,0,0,0,0,0,0,0,692.36,2100,2100,1815,1875,1138.5,TRUE,0,1815,-1875,2101.05,2101.05,1815,1811.72,1137.8,TRUE,0,1815,-1811.72,3630,-3686.72,FALSE,0,0,TRUE
2026-01-27T21:25:22Z,REV_TW1_U_21,6,TRUE,4,1,0,0,2016,0,0,0,0,,,0,0,0,0,,,,,3630,-3686,1.42,0.68,,,,19,,,,,0,,,,0,0,0,0,34800,34900,34700,,,,0,60.0097,0,,128643,113212,,,,,,9,0,0,0,0,0,0,0,0,,0,,0,0,0,13,0,2134.08,0,100,0,0,0,0,,,0,0,0,0,0,,,,,,,28,25,26.166,,,0,24,48,FALSE,TRUE,FALSE,0,2,3,6,0,342,4200,16416,1500,-1500,0,0,35,14.155,78.2,0,999,99,999,999,999,999,999,99,2,1,0,0,0,1,2,1,1,0,0,8,1,0,0,-33526,0,7325,0,0,0,0,0,0,0,0,0,692.36,2100,2100,1815,1875,1138.5,TRUE,0,1815,-1875,2101.05,2101.05,1815,1811.72,1137.8,TRUE,0,1815,-1811.72,3630,-3686.72,FALSE,0,0,TRUE
2026-01-27T21:25:24Z,REV_TW1_U_21,6,TRUE,4,1,0,0,2016,0,0,0,0,,,0,0,0,0,,,,,3630,-3686,1.42,0.68,,,,19,,,,,0,,,,0,0,0,0,34800,34900,34700,,,,0,60.0082,0,,128643,113212,,,,,,9,0,0,0,0,0,0,0,0,,0,,0,0,0,13,0,2134.08,0,100,0,0,0,0,,,0,0,0,0,0,,,,,,,28,25,26.166,,,0,24,48,FALSE,TRUE,FALSE,0,2,3,6,0,342,4200,16416,1500,-1500,0,0,35,14.155,78.2,0,999,99,999,999,999,999,999,999,2,1,0,0,0,1,2,1,1,0,0,8,1,0,0,-33526,0,7327,0,0,0,0,0,0,0,0,0,692.36,2100,2100,1815,1875,1138.5,TRUE,0,1815,-1875,2101.05,2101.05,1815,1811.72,1137.8,TRUE,0,1815,-1811.72,3630,-3686.72,FALSE,0,0,TRUE
2026-01-27T21:25:26Z,REV_TW1_U_21,6,TRUE,4,1,0,0,2016,0,0,0,0,,,0,0,0,0,,,,,3630,-3686,1.42,0.68,,,,19,,,,,0,,,,0,0,0,0,34800,34900,34700,,,,0,60.0098,0,,128643,113212,,,,,,9,0,0,0,0,0,0,0,0,,0,,0,0,0,13,0,2134.08,0,100,0,0,0,0,,,0,0,0,0,0,,,,,,,28,25,26.166,,,0,24,48,FALSE,TRUE,FALSE,0,2,3,6,0,342,4200,16416,1500,-1500,0,0,35,14.155,78.2,0,999,99,999,999,999,999,999,999,2,1,0,0,0,1,2,1,1,0,0,8,1,0,0,-33526,0,7329,0,0,0,0,0,0,0,0,0,692.36,2100,2100,1815,1875,1138.5,TRUE,0,1815,-1875,2101.05,2101.05,1815,1811.72,1137.8,TRUE,0,1815,-1811.72,3630,-3686.72,FALSE,0,0,TRUE
2026-01-27T21:25:28Z,REV_TW1_U_21,6,TRUE,4,1,0,0,2016,0,0,0,0,,,0,0,0,0,,,,,3630,-3686,1.42,0.68,,,,19,,,,,0,,,,0,0,0,0,34800,34900,34700,,,,0,60.0107,0,,128643,113212,,,,,,9,0,0,0,0,0,0,0,0,,0,,0,0,0,13,0,2134.08,0,100,0,0,0,0,,,0,0,0,0,0,,,,,,,28,25,26.166,,,0,24,48,FALSE,TRUE,FALSE,0,2,3,6,0,342,4200,16416,1500,-1500,0,0,35,14.155,78.2,0,999,999,999,999,999,999,999,999,2,1,0,0,0,1,2,1,1,0,0,8,1,0,0,-33526,0,7331,0,0,0,0,0,0,0,0,0,692.36,2100,2100,1815,1875,1138.5,TRUE,0,1815,-1875,2101.05,2101.05,1815,1811.72,1137.8,TRUE,0,1815,-1811.72,3630,-3686.72,FALSE,0,0,TRUE
2026-01-27T21:25:30Z,REV_TW1_U_21,6,TRUE,4,1,0,0,2016,0,0,0,0,,,0,0,0,0,,,,,3630,-3686,1.42,0.68,,,,19,,,,,0,,,,0,0,0,0,34800,34900,34700,,,,0,60.0134,0,,128643,113212,,,,,,9,0,0,0,0,0,0,0,0,,0,,0,0,0,13,0,2134.08,0,100,0,0,0,0,,,0,0,0,0,0,,,,,,,28,25,26.166,,,0,24,48,FALSE,TRUE,FALSE,0,2,3,6,0,342,4200,16416,1500,-1500,0,0,35,14.155,1.9,0,999,999,999,999,999,999,999,99,2,1,0,0,0,1,2,1,1,0,0,8,1,0,0,-33526,0,7333,0,0,0,0,0,0,0,0,0,692.36,2100,2100,1815,1875,1138.5,TRUE,0,1815,-1875,2101.05,2101.05,1815,1811.72,1137.8,TRUE,0,1815,-1811.72,3630,-3686.72,FALSE,0,0,TRUE
2026-01-27T21:25:32Z,REV_TW1_U_21,6,TRUE,4,1,0,0,2016,0,0,0,0,,,0,0,0,0,,,,,3630,-3686,1.42,0.68,,,,19,,,,,0,,,,0,0,0,0,34800,34900,34700,,,,0,60.0124,0,,128643,113212,,,,,,9,0,0,0,0,0,0,0,0,,0,,0,0,0,13,0,2134.08,0,100,0,0,0,0,,,0,0,0,0,0,,,,,,,28,25,26.166,,,0,24,48,FALSE,TRUE,FALSE,0,2,3,6,0,342,4200,16416,1500,-1500,0,0,35,14.155,1.9,0,999,999,999,999,999,999,999,999,2,1,0,0,0,1,2,1,1,0,0,8,1,0,0,-33526,0,7335,0,0,0,0,0,0,0,0,0,692.36,2100,2100,1815,1875,1138.5,TRUE,0,1815,-1875,2101.05,2101.05,1815,1811.72,1137.8,TRUE,0,1815,-1811.72,3630,-3686.72,FALSE,0,0,TRUE
2026-01-27T21:25:34Z,REV_TW1_U_21,6,TRUE,4,1,0,0,2016,0,0,0,0,,,0,0,0,0,,,,,3630,-3686,1.42,0.68,,,,19,,,,,0,,,,0,0,0,0,34800,34900,34700,,,,0,60.0123,0,,128643,113212,,,,,,9,0,0,0,0,0,0,0,0,,0,,0,0,0,13,0,2134.08,0,100,0,0,0,0,,,0,0,0,0,0,,,,,,,28,25,26.166,,,0,24,48,FALSE,TRUE,FALSE,0,2,3,6,0,342,4200,16416,1500,-1500,0,0,35,14.155,1.9,0,999,99,999,999,999,999,999,999,2,1,0,0,0,1,2,1,1,0,0,8,1,0,0,-33526,0,7337,0,0,0,0,0,0,0,0,0,692.36,2100,2100,1815,1875,1138.5,TRUE,0,1815,-1875,2101.05,2101.05,1815,1811.72,1137.8,TRUE,0,1815,-1811.72,3630,-3686.72,FALSE,0,0,TRUE
2026-01-27T21:25:36Z,REV_TW1_U_21,6,TRUE,4,1,0,0,2016,0,0,0,0,,,0,0,0,0,,,,,3630,-3686,1.42,0.68,,,,19,,,,,0,,,,0,0,0,0,34800,34900,34700,,,,0,60.0133,0,,128643,113212,,,,,,9,0,0,0,0,0,0,0,0,,0,,0,0,0,13,0,2134.08,0,100,0,0,0,0,,,0,0,0,0,0,,,,,,,28,25,26.166,,,0,24,48,FALSE,TRUE,FALSE,0,2,3,6,0,342,4200,16416,1500,-1500,0,0,35,14.155,1.9,0,999,999,999,999,999,999,999,999,2,1,0,0,0,1,2,1,1,0,0,8,1,0,0,-33526,0,7339,0,0,0,0,0,0,0,0,0,692.36,2100,2100,1815,1875,1138.5,TRUE,0,1815,-1875,2101.05,2101.05,1815,1811.72,1137.8,TRUE,0,1815,-1811.72,3630,-3686.72,FALSE,0,0,TRUE
2026-01-27T21:25:38Z,REV_TW1_U_21,6,TRUE,4,1,0,0,2016,0,0,0,0,,,0,0,0,0,,,,,3630,-3686,1.42,0.68,,,,19,,,,,0,,,,0,0,0,0,34800,34900,34700,,,,0,60.0145,0,,128643,113212,,,,,,9,0,0,0,0,0,0,0,0,,0,,0,0,0,13,0,2134.08,0,100,0,0,0,0,,,0,0,0,0,0,,,,,,,28,25,26.166,,,0,24,48,FALSE,TRUE,FALSE,0,2,3,6,0,342,4200,16416,1500,-1500,0,0,35,14.155,1.9,0,999,999,999,999,999,999,999,99,2,1,0,0,0,1,2,1,1,0,0,8,1,0,0,-33526,0,7341,0,0,0,0,0,0,0,0,0,692.36,2100,2100,1815,1875,1138.5,TRUE,0,1815,-1875,2101.05,2101.05,1815,1811.72,1137.8,TRUE,0,1815,-1811.72,3630,-3686.72,FALSE,0,0,TRUE
2026-01-27T21:25:40Z,REV_TW1_U_21,6,TRUE,4,1,0,0,2016,0,0,0,0,,,0,0,0,0,,,,,3630,-3686,1.42,0.68,,,,18,,,,,0,,,,0,0,0,0,34800,34900,34700,,,,0,60.0137,0,,128643,113212,,,,,,9,0,0,0,0,0,0,0,0,,0,,0,0,0,13,0,2134.08,0,100,0,0,0,0,,,0,0,0,0,0,,,,,,,28,25,26.166,,,0,48,48,FALSE,TRUE,FALSE,0,2,3,6,0,342,4200,16416,1500,-1500,0,0,35,14.155,1.9,0,999,999,999,999,999,999,999,999,2,1,0,0,0,1,2,1,1,0,0,8,1,0,0,-33526,0,7343,0,0,0,0,0,0,0,0,0,692.36,2100,2100,1815,1875,1138.5,TRUE,0,1815,-1875,2101.05,2101.05,1815,1811.72,1137.8,TRUE,0,1815,-1811.72,3630,-3686.72,FALSE,0,0,TRUE
2026-01-27T21:25:42Z,REV_TW1_U_21,6,TRUE,4,1,0,0,2016,0,0,0,0,,,0,0,0,0,,,,,3630,-3686,1.42,0.68,,,,19,,,,,0,,,,0,0,0,0,34800,34900,34700,,,,0,60.0148,0,,128643,113212,,,,,,9,0,0,0,0,0,0,0,0,,0,,0,0,0,13,0,2134.08,0,100,0,0,0,0,,,0,0,0,0,0,,,,,,,28,25,26.166,,,0,48,48,FALSE,TRUE,FALSE,0,2,3,6,0,342,4200,16416,1500,-1500,0,0,35,14.155,1.9,0,999,999,999,999,999,999,999,999,2,1,0,0,0,1,2,1,1,0,0,8,1,0,0,-33526,0,7345,0,0,0,0,0,0,0,0,0,692.36,2100,2100,1815,1875,1138.5,TRUE,0,1815,-1875,2101.05,2101.05,1815,1811.72,1137.8,TRUE,0,1815,-1811.72,3630,-3686.72,FALSE,0,0,TRUE
2026-01-27T21:25:44Z,REV_TW1_U_21,6,TRUE,4,1,0,0,2016,0,0,0,0,,,0,0,0,0,,,,,3630,-3686,1.42,0.68,,,,19,,,,,0,,,,0,0,0,0,34800,34900,34700,,,,0,60.014,0,,128643,113212,,,,,,9,0,0,0,0,0,0,0,0,,0,,0,0,0,13,0,2134.08,0,100,0,0,0,0,,,0,0,0,0,0,,,,,,,28,25,26.166,,,0,48,48,FALSE,TRUE,FALSE,0,2,3,6,0,342,4200,16416,1500,-1500,0,0,35,14.155,1.9,0,999,999,999,999,999,999,999,999,2,1,0,0,0,1,2,1,1,0,0,8,1,0,0,-33526,0,7347,0,0,0,0,0,0,0,0,0,692.36,2100,2100,1815,1875,1138.5,TRUE,0,1815,-1875,2101.05,2101.05,1815,1811.72,1137.8,TRUE,0,1815,-1811.72,3630,-3686.72,FALSE,0,0,TRUE
2026-01-27T21:25:46Z,REV_TW1_U_21,6,TRUE,4,1,0,0,2016,0,0,0,0,,,0,0,0,0,,,,,3630,-3686,1.42,0.68,,,,19,,,,,0,,,,0,0,0,0,34800,34900,34700,,,,0,60.0127,0,,128643,113212,,,,,,9,0,0,0,0,0,0,0,0,,0,,0,0,0,13,0,2134.08,0,100,0,0,0,0,,,0,0,0,0,0,,,,,,,28,25,26.166,,,0,48,48,FALSE,TRUE,FALSE,0,2,3,6,0,342,4200,16416,1500,-1500,0,0,35,14.155,1.9,0,999,999,999,999,999,999,999,999,2,1,0,0,0,1,2,1,1,0,0,8,1,0,0,-33526,0,7349,0,0,0,0,0,0,0,0,0,692.36,2100,2100,1815,1875,1138.5,TRUE,0,1815,-1875,2101.05,2101.05,1815,1811.72,1137.8,TRUE,0,1815,-1811.72,3630,-3686.72,FALSE,0,0,TRUE
2026-01-27T21:25:48Z,REV_TW1_U_21,6,TRUE,4,1,0,0,2016,0,0,0,0,,,0,0,0,0,,,,,3630,-3686,1.42,0.68,,,,19,,,,,0,,,,0,0,0,0,34800,34900,34700,,,,0,60.0126,0,,128643,113212,,,,,,9,0,0,0,0,0,0,0,0,,0,,0,0,0,13,0,2134.08,0,100,0,0,0,0,,,0,0,0,0,0,,,,,,,28,25,26.166,,,0,48,48,FALSE,TRUE,FALSE,0,2,3,6,0,342,4200,16416,1500,-1500,0,0,35,14.155,1.9,0,999,999,999,999,999,999,999,999,2,1,0,0,0,1,2,1,1,0,0,8,1,0,0,-33526,0,7351,0,0,0,0,0,0,0,0,0,692.36,2100,2100,1815,1875,1138.5,TRUE,0,1815,-1875,2101.05,2101.05,1815,1811.72,1137.8,TRUE,0,1815,-1811.72,3630,-3686.72,FALSE,0,0,TRUE
2026-01-27T21:25:50Z,REV_TW1_U_21,6,TRUE,4,1,0,0,2016,0,0,0,0,,,0,0,0,0,,,,,3630,-3686,1.42,0.68,,,,19,,,,,0,,,,0,0,0,0,34800,34900,34700,,,,0,60.0159,0,,128643,113212,,,,,,9,0,0,0,0,0,0,0,0,,0,,0,0,0,13,0,2134.08,0,100,0,0,0,0,,,0,0,0,0,0,,,,,,,28,25,26.166,,,0,48,48,FALSE,TRUE,FALSE,0,2,3,6,0,342,4200,16416,1500,-1500,0,0,35,14.155,1.9,0,999,999,999,999,999,999,999,999,2,1,0,0,0,1,2,1,1,0,0,8,1,0,0,-33526,0,7353,0,0,0,0,0,0,0,0,0,692.36,2100,2100,1815,1875,1138.5,TRUE,0,1815,-1875,2101.05,2101.05,1815,1811.72,1137.8,TRUE,0,1815,-1811.72,3630,-3686.72,FALSE,0,0,TRUE
2026-01-27T21:25:52Z,REV_TW1_U_21,6,TRUE,4,1,0,0,2016,0,0,0,0,,,0,0,0,0,,,,,3630,-3686,1.42,0.68,,,,19,,,,,0,,,,0,0,0,0,34800,34900,34700,,,,0,60.0143,0,,128643,113212,,,,,,9,0,0,0,0,0,0,0,0,,0,,0,0,0,13,0,2134.08,0,100,0,0,0,0,,,0,0,0,0,0,,,,,,,28,25,26.166,,,0,48,48,TRUE,TRUE,FALSE,0,2,3,6,0,342,4200,16416,1500,-1500,0,0,35,14.155,1.9,0,999,99,999,999,999,999,999,999,2,1,0,0,2053,1,2,1,1,0,0,8,1,0,0,-33526,0,7355,1048576,0,0,0,0,0,0,0,0,694.307,2100,2100,1815,1875,1138.5,TRUE,0,1815,-1875,2101.05,2101.05,1815,1811.72,1137.8,TRUE,0,1815,-1811.72,3630,-3686.72,FALSE,0,0,TRUE
2026-01-27T21:25:54Z,REV_TW1_U_21,6,TRUE,4,1,0,0,2016,0,0,0,0,,,0,0,0,0,,,,,3630,-3686,1.42,0.68,,,,19,,,,,0,,,,0,0,0,0,34800,34900,34700,,,,0,60.0126,0,,128643,113212,,,,,,9,0,0,0,0,0,0,0,0,,0,,0,0,0,13,0,2134.08,0,100,0,0,0,0,,,0,0,0,0,0,,,,,,,28,25,26.166,,,0,24,48,TRUE,TRUE,FALSE,0,2,3,6,0,342,4200,16416,1500,-1500,0,0,35,14.155,1.9,0,999,999,999,999,999,999,999,99,2,1,0,0,2053,1,2,1,1,0,0,8,1,0,0,-33526,0,7357,1048576,0,0,0,0,0,0,0,0,694.307,2100,2100,1815,1875,1138.5,TRUE,0,1815,-1875,2101.05,2101.05,1815,1811.72,1137.8,TRUE,0,1815,-1811.72,3630,-3686.72,FALSE,0,0,TRUE
2026-01-27T21:25:56Z,REV_TW1_U_21,6,TRUE,4,1,0,0,2016,0,0,0,0,,,0,0,0,0,,,,,3630,-3686,1.42,0.68,,,,19,,,,,0,,,,0,0,0,0,34800,34900,34700,,,,0,60.0148,0,,128643,113212,,,,,,9,0,0,0,0,0,0,0,0,,0,,0,0,0,13,0,2134.08,0,100,0,0,0,0,,,0,0,0,0,0,,,,,,,28,25,26.166,,,0,24,48,TRUE,TRUE,FALSE,0,2,3,6,0,342,4200,16416,1500,-1500,0,0,35,14.155,1.9,0,999,999,999,999,999,999,999,999,2,1,0,0,2053,1,2,1,1,0,0,8,1,0,0,-33526,0,7358,1048576,0,0,0,0,0,0,0,0,694.307,2100,2100,1815,1875,1138.5,TRUE,0,1815,-1875,2101.05,2101.05,1815,1811.72,1137.8,TRUE,0,1815,-1811.72,3630,-3686.72,FALSE,0,0,TRUE
2026-01-27T21:25:58Z,REV_TW1_U_21,6,TRUE,4,1,0,0,2016,0,0,0,0,,,0,0,0,0,,,,,3630,-3686,1.42,0.68,,,,19,,,,,0,,,,0,0,0,0,34800,34900,34700,,,,0,60.0135,0,,128643,113212,,,,,,9,0,0,0,0,0,0,0,0,,0,,0,0,0,13,0,2134.08,0,100,0,0,0,0,,,0,0,0,0,0,,,,,,,28,25,26.166,,,0,24,48,TRUE,TRUE,FALSE,0,2,3,6,0,342,4200,16416,1500,-1500,0,0,35,14.155,1.9,0,999,999,999,999,999,999,999,999,2,1,0,0,2053,1,2,1,1,0,0,8,1,0,0,-33526,0,7361,1048576,0,0,0,0,0,0,0,0,694.307,2100,2100,1815,1875,1138.5,TRUE,0,1815,-1875,2101.05,2101.05,1815,1811.72,1137.8,TRUE,0,1815,-1811.72,3630,-3686.72,FALSE,0,0,TRUE
2026-01-27T21:26:00Z,REV_TW1_U_21,6,TRUE,4,1,0,0,2016,0,0,0,0,,,0,0,0,0,,,,,3630,-3686,1.42,0.68,,,,19,,,,,0,,,,0,0,0,0,34800,34900,34700,,,,0,60.013,0,,128643,113212,,,,,,9,0,0,0,0,0,0,0,0,,0,,0,0,0,13,0,2134.08,0,100,0,0,0,0,,,0,0,0,0,0,0,,,,,,28,11,24.166,,,0,48,48,TRUE,FALSE,FALSE,0,2,4,6,0,342,4200,16416,1500,-1500,0,0,35,14.155,1.9,0,999,999,999,999,999,999,999,999,2,1,0,0,2053,1,2,1,1,0,0,8,1,0,0,-33526,0,7363,1048576,0,0,0,0,0,0,0,0,694.307,2100,2100,1815,1875,1138.5,TRUE,0,1815,-1875,2101.05,2101.05,1815,1811.72,1137.8,TRUE,0,1815,-1811.72,3630,-3686.72,FALSE,0,0,TRUE
2026-01-27T21:26:02Z,REV_TW1_U_21,6,TRUE,4,1,0,0,2016,0,0,0,0,,,0,0,0,0,,,,,3630,-3686,1.42,0.68,,,,19,,,,,0,,,,0,0,0,0,34800,34900,34700,,,,0,60.0116,0,,128643,113212,,,,,,9,0,0,0,0,0,0,0,0,,0,,0,0,0,13,0,2134.08,0,100,0,0,0,0,,,0,0,0,0,0,0,,,,,,28,11,24.166,,,0,48,48,TRUE,FALSE,FALSE,0,2,4,6,0,342,4200,16416,1500,-1500,0,0,35,14.155,1.9,0,999,999,999,999,999,999,999,999,2,1,0,0,2053,1,2,1,1,0,0,8,1,0,0,-33526,0,7364,1048576,0,0,0,0,0,0,0,0,694.307,2100,2100,1815,1875,1138.5,TRUE,0,1815,-1875,2101.05,2101.05,1815,1811.72,1137.8,TRUE,0,1815,-1811.72,3630,-3686.72,FALSE,0,0,TRUE
2026-01-27T21:26:04Z,REV_TW1_U_21,6,TRUE,4,1,0,0,2016,0,0,0,0,,,0,0,0,0,,,,,3630,-3686,1.42,0.68,,,,19,,,,,0,,,,0,0,0,0,34900,34900,34700,,,,0,60.0119,0,,128643,113212,,,,,,9,0,0,0,0,0,0,0,0,,0,,0,0,0,13,0,2134.08,0,100,0,0,0,0,,,0,0,0,0,0,0,,,,,,28,11,24.166,,,0,48,48,TRUE,FALSE,FALSE,0,2,4,6,0,342,4200,16416,1500,-1500,0,0,35,14.155,1.9,0,999,999,999,999,999,999,999,999,2,1,0,0,2053,1,2,1,1,0,0,8,1,0,0,-33526,0,7367,1048576,0,0,0,0,0,0,0,0,694.307,2100,2100,1815,1875,1138.5,TRUE,0,1815,-1875,2101.05,2101.05,1815,1811.72,1137.8,TRUE,0,1815,-1811.72,3630,-3686.72,FALSE,0,0,TRUE
2026-01-27T21:26:06Z,REV_TW1_U_21,6,TRUE,4,1,0,0,2016,0,0,0,0,,,0,0,0,0,,,,,3630,-3686,1.42,0.68,,,,19,,,,,0,,,,0,0,0,0,34800,34900,34700,,,,0,60.0129,0,,128643,113212,,,,,,9,0,0,0,0,0,0,0,0,,0,,0,0,0,13,0,2134.08,0,100,0,0,0,0,,,0,0,0,0,0,0,,,,,,28,11,24.166,,,0,48,48,TRUE,FALSE,FALSE,0,2,4,6,0,342,4200,16416,1500,-1500,0,0,35,14.155,1.9,0,999,999,999,999,999,999,999,999,2,1,0,0,2053,1,2,1,1,0,0,8,1,0,0,-33526,0,7369,1048576,0,0,0,0,0,0,0,0,694.307,2100,2100,1815,1875,1138.5,TRUE,0,1815,-1875,2101.05,2101.05,1815,1811.72,1137.8,TRUE,0,1815,-1811.72,3630,-3686.72,FALSE,0,0,TRUE
2026-01-27T21:26:08Z,REV_TW1_U_21,6,TRUE,4,1,0,0,2016,0,0,0,0,,,0,0,0,0,,,,,3630,-3686,1.42,0.68,,,,19,,,,,0,,,,0,0,0,0,34800,34900,34700,,,,0,60.017,0,,128643,113212,,,,,,9,0,0,0,0,0,0,0,0,,0,,0,0,0,13,0,2134.08,0,100,0,0,0,0,,,0,0,0,0,0,0,,,,,,28,11,24.166,,,0,48,48,TRUE,FALSE,FALSE,0,2,4,6,0,342,4200,16416,1500,-1500,0,0,35,14.155,1.9,0,999,999,999,999,999,999,999,999,2,1,0,0,2053,1,2,1,1,0,0,8,1,0,0,-33526,0,7370,1048576,0,0,0,0,0,0,0,0,694.307,2100,2100,1815,1875,1138.5,TRUE,0,1815,-1875,2101.05,2101.05,1815,1811.72,1137.8,TRUE,0,1815,-1811.72,3630,-3686.72,FALSE,0,0,TRUE
2026-01-27T21:26:10Z,REV_TW1_U_21,6,TRUE,4,1,0,0,2016,0,0,0,0,,,0,0,0,0,,,,,3630,-3686,1.42,0.68,,,,19,,,,,0,,,,0,0,0,0,34800,34900,34700,,,,0,60.0196,0,,128643,113212,,,,,,9,0,0,0,0,0,0,0,0,,0,,0,0,0,13,0,2134.08,0,100,0,0,0,0,,,0,0,0,0,0,0,,,,,,28,11,24.166,,,0,48,48,TRUE,FALSE,FALSE,0,2,4,6,0,342,4200,16416,1500,-1500,0,0,35,14.155,78,0,999,999,999,999,999,999,999,999,2,1,0,0,2053,1,2,1,1,0,0,8,1,0,0,-33526,0,7373,1048576,0,0,0,0,0,0,0,0,694.307,2100,2100,1815,1875,1138.5,TRUE,0,1815,-1875,2101.05,2101.05,1815,1811.72,1137.8,TRUE,0,1815,-1811.72,3630,-3686.72,FALSE,0,0,TRUE
2026-01-27T21:26:12Z,REV_TW1_U_21,6,TRUE,4,1,0,0,2016,0,0,0,0,,,0,0,0,0,,,,,3630,-3686,1.42,0.68,,,,19,,,,,0,,,,0,0,0,0,34900,34900,34700,,,,0,60.0237,0,,128643,113212,,,,,,9,0,0,0,0,0,0,0,0,,0,,0,0,0,13,0,2134.08,0,100,0,0,0,0,,,0,0,0,0,0,0,,,,,,28,11,24.166,,,0,48,48,TRUE,FALSE,FALSE,0,2,4,6,0,342,4200,16416,1500,-1500,0,0,35,14.155,78,0,999,999,999,999,999,999,999,99,2,1,0,0,2053,1,2,1,1,0,0,8,1,0,0,-33526,0,7374,1048576,0,0,0,0,0,0,0,0,694.307,2100,2100,1815,1875,1138.5,TRUE,0,1815,-1875,2101.05,2101.05,1815,1811.72,1137.8,TRUE,0,1815,-1811.72,3630,-3686.72,FALSE,0,0,TRUE
2026-01-27T21:26:14Z,REV_TW1_U_21,6,TRUE,4,1,0,0,2016,0,0,0,0,,,0,0,0,0,,,,,3630,-3686,1.42,0.68,,,,19,,,,,0,,,,0,0,0,0,34800,34900,34700,,,,0,60.0284,0,,128643,113212,,,,,,9,0,0,0,0,0,0,0,0,,0,,0,0,0,13,0,2134.08,0,100,0,0,0,0,,,0,0,0,0,0,,,,,,,28,11,24.166,,,0,24,48,TRUE,FALSE,FALSE,0,2,3,6,0,342,4200,16416,1500,-1500,0,0,35,14.155,78,0,999,999,999,999,999,999,999,999,2,1,0,0,2053,1,2,1,1,0,0,8,1,0,0,-33526,0,7376,1048576,0,0,0,0,0,0,0,0,694.307,2100,2100,1815,1875,1138.5,TRUE,0,1815,-1875,2101.05,2101.05,1815,1811.72,1137.8,TRUE,0,1815,-1811.72,3630,-3686.72,FALSE,0,0,TRUE
2026-01-27T21:26:16Z,REV_TW1_U_21,6,TRUE,4,1,0,0,2016,0,0,0,0,,,0,0,0,0,,,,,3630,-3686,1.42,0.68,,,,19,,,,,0,,,,0,0,0,0,34800,34900,34700,,,,0,60.0288,0,,128643,113212,,,,,,9,0,0,0,0,0,0,0,0,,0,,0,0,0,13,0,2134.08,0,100,0,0,0,0,,,0,0,0,0,0,,,,,,,28,11,24.166,,,0,24,48,FALSE,FALSE,FALSE,0,2,3,6,0,342,4200,16416,1500,-1500,0,0,35,14.155,78,0,999,999,999,999,999,999,999,999,2,1,0,0,2053,1,2,1,1,0,0,8,1,0,0,-33526,0,7378,0,0,0,0,0,0,0,0,0,694.307,2100,2100,1815,1875,1138.5,TRUE,0,1815,-1875,2101.05,2101.05,1815,1811.72,1137.8,TRUE,0,1815,-1811.72,3630,-3686.72,FALSE,0,0,TRUE
2026-01-27T21:26:18Z,REV_TW1_U_21,6,TRUE,4,1,0,0,2016,0,0,0,0,,,0,0,0,0,,,,,3630,-3686,1.42,0.68,,,,19,,,,,0,,,,0,0,0,0,34800,34900,34700,,,,0,60.0288,0,,128643,113212,,,,,,9,0,0,0,0,0,0,0,0,,0,,0,0,0,13,0,2134.08,0,100,0,0,0,0,,,0,0,0,0,0,,,,,,,28,11,24.166,,,0,24,48,FALSE,FALSE,FALSE,0,2,3,6,0,342,4200,16416,1500,-1500,0,0,35,14.155,78,0,999,99,999,999,999,999,999,999,2,1,0,0,2053,1,2,1,1,0,0,8,1,0,0,-33526,0,7380,0,0,0,0,0,0,0,0,0,694.307,2100,2100,1815,1875,1138.5,TRUE,0,1815,-1875,2101.05,2101.05,1815,1811.72,1137.8,TRUE,0,1815,-1811.72,3630,-3686.72,FALSE,0,0,TRUE
2026-01-27T21:26:20Z,REV_TW1_U_21,6,TRUE,4,1,0,0,2016,0,0,0,0,,,0,0,0,0,,,,,3630,-3686,1.42,0.68,,,,19,,,,,0,,,,0,0,0,0,34800,34900,34700,,,,0,60.0237,0,,128643,113212,,,,,,9,0,0,0,0,0,0,0,0,,0,,0,0,0,13,0,2134.08,0,100,0,0,0,0,,,0,0,0,0,0,,,,,,,28,11,24.166,,,0,24,48,FALSE,FALSE,FALSE,0,2,3,6,0,342,4200,16416,1500,-1500,0,0,35,14.155,78,0,999,99,999,999,999,999,999,999,2,1,0,0,0,1,2,1,1,0,0,8,1,0,0,-33526,0,7382,0,0,0,0,0,0,0,0,0,694.307,2100,2100,1815,1875,1138.5,TRUE,0,1815,-1875,2101.05,2101.05,1815,1811.72,1137.8,TRUE,0,1815,-1811.72,3630,-3686.72,FALSE,0,0,TRUE
2026-01-27T21:26:22Z,REV_TW1_U_21,6,TRUE,4,1,0,0,2016,0,0,0,0,,,0,0,0,0,,,,,3630,-3686,1.42,0.68,,,,19,,,,,0,,,,0,0,0,0,34800,34900,34700,,,,0,60.0291,0,,128643,113212,,,,,,9,0,0,0,0,0,0,0,0,,0,,0,0,0,13,0,2134.08,0,100,0,0,0,0,,,0,0,0,0,0,,,,,,,28,11,24.166,,,0,24,48,TRUE,FALSE,FALSE,0,2,3,6,0,342,4200,16416,1500,-1500,0,0,35,14.155,78,0,999,999,999,999,999,999,999,999,2,1,0,0,0,1,2,1,1,0,0,8,1,0,0,-33526,0,7385,1048576,0,0,0,0,0,0,0,0,694.307,2100,2100,1815,1875,1138.5,TRUE,0,1815,-1875,2101.05,2101.05,1815,1811.72,1137.8,TRUE,0,1815,-1811.72,3630,-3686.72,FALSE,0,0,TRUE
2026-01-27T21:26:24Z,REV_TW1_U_21,6,TRUE,4,1,0,0,2016,0,0,0,0,,,0,0,0,0,,,,,3630,-3686,1.42,0.68,,,,19,,,,,0,,,,0,0,0,0,34800,34900,34700,,,,0,60.0246,0,,128643,113212,,,,,,9,0,0,0,0,0,0,0,0,,0,,0,0,0,13,0,2134.08,0,100,0,0,0,0,,,0,0,0,0,0,,,,,,,28,11,24.166,,,0,24,48,TRUE,FALSE,FALSE,0,2,3,6,0,342,4200,16416,1500,-1500,0,0,35,14.155,78,0,999,999,999,999,999,999,999,99,2,1,0,0,0,1,2,1,1,0,0,8,1,0,0,-33526,0,7386,1048576,0,0,0,0,0,0,0,0,694.307,2100,2100,1815,1875,1138.5,TRUE,0,1815,-1875,2101.05,2101.05,1815,1811.72,1137.8,TRUE,0,1815,-1811.72,3630,-3686.72,FALSE,0,0,TRUE
2026-01-27T21:26:26Z,REV_TW1_U_21,6,TRUE,4,1,0,0,2016,0,0,0,0,,,0,0,0,0,,,,,3630,-3686,1.42,0.68,,,,19,,,,,0,,,,0,0,0,0,34800,34900,34700,,,,0,60.0272,0,,128643,113212,,,,,,9,0,0,0,0,0,0,0,0,,0,,0,0,0,13,0,2134.08,0,100,0,0,0,0,,,0,0,0,0,0,,,,,,,28,11,24.166,,,0,24,48,TRUE,FALSE,FALSE,0,2,3,6,0,342,4200,16416,1500,-1500,0,0,35,14.155,78,0,999,99,999,999,999,999,999,99,2,1,0,0,0,1,2,1,1,0,0,8,1,0,0,-33526,0,7388,1048576,0,0,0,0,0,0,0,0,694.307,2100,2100,1815,1875,1138.5,TRUE,0,1815,-1875,2101.05,2101.05,1815,1811.72,1137.8,TRUE,0,1815,-1811.72,3630,-3686.72,FALSE,0,0,TRUE
2026-01-27T21:26:28Z,REV_TW1_U_21,6,TRUE,4,1,0,0,2016,0,0,0,0,,,0,0,0,0,,,,,3630,-3686,1.42,0.68,,,,19,,,,,0,,,,0,0,0,0,34800,34900,34700,,,,0,60.0244,0,,128643,113212,,,,,,9,0,0,0,0,0,0,0,0,,0,,0,0,0,13,0,2134.08,0,100,0,0,0,0,,,0,0,0,0,0,,,,,,,28,11,24.166,,,0,24,48,TRUE,FALSE,FALSE,0,2,3,6,0,342,4200,16416,1500,-1500,0,0,35,14.155,78,0,999,99,999,999,999,999,999,99,2,1,0,0,2053,1,2,1,1,0,0,8,1,0,0,-33526,0,7390,1048576,0,0,0,0,0,0,0,0,694.307,2100,2100,1815,1875,1138.5,TRUE,0,1815,-1875,2101.05,2101.05,1815,1811.72,1137.8,TRUE,0,1815,-1811.72,3630,-3686.72,FALSE,0,0,TRUE
2026-01-27T21:26:30Z,REV_TW1_U_21,6,TRUE,4,1,0,0,2016,0,0,0,0,,,0,0,0,0,,,,,3630,-3686,1.42,0.68,,,,19,,,,,0,,,,0,0,0,0,34800,34900,34700,,,,0,60.0197,0,,128643,113212,,,,,,9,0,0,0,0,0,0,0,0,,0,,0,0,0,13,0,2134.08,0,100,0,0,0,0,,,0,0,0,0,0,,,,,,,28,11,24.166,,,0,24,48,TRUE,FALSE,FALSE,0,2,3,6,0,342,4200,16416,1500,-1500,0,0,35,14.155,1.9,0,999,999,999,999,999,999,999,999,2,1,0,0,2053,1,2,1,1,0,0,8,1,0,0,-33526,0,7392,1048576,0,0,0,0,0,0,0,0,694.307,2100,2100,1815,1875,1138.5,TRUE,0,1815,-1875,2101.05,2101.05,1815,1811.72,1137.8,TRUE,0,1815,-1811.72,3630,-3686.72,FALSE,0,0,TRUE
2026-01-27T21:26:32Z,REV_TW1_U_21,6,TRUE,4,1,0,0,2016,0,0,0,0,,,0,0,0,0,,,,,3630,-3686,1.42,0.68,,,,19,,,,,0,,,,0,0,0,0,34800,34900,34700,,,,0,60.0218,0,,128643,113212,,,,,,9,0,0,0,0,0,0,0,0,,0,,0,0,0,13,0,2134.08,0,100,0,0,0,0,,,0,0,0,0,0,,,,,,,28,11,24.166,,,0,24,48,TRUE,FALSE,FALSE,0,2,3,6,0,342,4200,16416,1500,-1500,0,0,35,14.155,1.9,0,999,99,999,999,999,999,999,999,2,1,0,0,2053,1,2,1,1,0,0,8,1,0,0,-33526,0,7394,1048576,0,0,0,0,0,0,0,0,694.307,2100,2100,1815,1875,1138.5,TRUE,0,1815,-1875,2101.05,2101.05,1815,1811.72,1137.8,TRUE,0,1815,-1811.72,3630,-3686.72,FALSE,0,0,TRUE
2026-01-27T21:26:34Z,REV_TW1_U_21,6,TRUE,4,1,0,0,2016,0,0,0,0,,,0,0,0,0,,,,,3630,-3686,1.42,0.68,,,,19,,,,,0,,,,0,0,0,0,34800,34900,34700,,,,0,60.019,0,,128643,113212,,,,,,9,0,0,0,0,0,0,0,0,,0,,0,0,0,13,0,2134.08,0,100,0,0,0,0,,,0,0,0,0,0,,,,,,,28,11,24.166,,,0,24,48,TRUE,FALSE,FALSE,0,2,3,6,0,342,4200,16416,1500,-1500,0,0,35,14.155,1.9,0,999,999,999,999,999,999,999,99,2,1,0,0,2053,1,2,1,1,0,0,8,1,0,0,-33526,0,7396,1048576,0,0,0,0,0,0,0,0,694.307,2100,2100,1815,1875,1138.5,TRUE,0,1815,-1875,2101.05,2101.05,1815,1811.72,1137.8,TRUE,0,1815,-1811.72,3630,-3686.72,FALSE,0,0,TRUE
2026-01-27T21:26:36Z,REV_TW1_U_21,6,TRUE,4,1,0,0,2016,0,0,0,0,,,0,0,0,0,,,,,3630,-3686,1.42,0.68,,,,19,,,,,0,,,,0,0,0,0,34800,34900,34700,,,,0,60.0131,0,,128643,113212,,,,,,9,0,0,0,0,0,0,0,0,,0,,0,0,0,13,0,2134.08,0,100,0,0,0,0,,,0,0,0,0,0,,,,,,,28,11,24.166,,,0,24,48,TRUE,FALSE,FALSE,0,2,3,6,0,342,4200,16416,1500,-1500,0,0,35,14.155,1.9,0,999,999,999,999,999,999,999,99,2,1,0,0,2053,1,2,1,1,0,0,8,1,0,0,-33526,0,7399,1048576,0,0,0,0,0,0,0,0,694.307,2100,2100,1815,1875,1138.5,TRUE,0,1815,-1875,2101.05,2101.05,1815,1811.72,1137.8,TRUE,0,1815,-1811.72,3630,-3686.72,FALSE,0,0,TRUE
2026-01-27T21:26:38Z,REV_TW1_U_21,6,TRUE,4,1,0,0,2016,0,0,0,0,,,0,0,0,0,,,,,3630,-3686,1.42,0.68,,,,19,,,,,0,,,,0,0,0,0,34800,34900,34700,,,,0,60.0204,0,,128643,113212,,,,,,9,0,0,0,0,0,0,0,0,,0,,0,0,0,13,0,2134.08,0,100,0,0,0,0,,,0,0,0,0,0,,,,,,,28,25,26.166,,,0,24,48,TRUE,TRUE,FALSE,0,2,3,6,0,342,4200,16416,1500,-1500,0,0,35,14.155,1.9,0,999,999,999,999,999,999,999,999,2,1,0,0,2053,1,2,1,1,0,0,8,1,0,0,-33526,0,7400,1048576,0,0,0,0,0,0,0,0,694.307,2100,2100,1815,1875,1138.5,TRUE,0,1815,-1875,2101.05,2101.05,1815,1811.72,1137.8,TRUE,0,1815,-1811.72,3630,-3686.72,FALSE,0,0,TRUE
2026-01-27T21:26:40Z,REV_TW1_U_21,6,TRUE,4,1,0,0,2016,0,0,0,0,,,0,0,0,0,,,,,3630,-3686,1.42,0.68,,,,19,,,,,0,,,,0,0,0,0,34800,34900,34700,,,,0,60.0211,0,,128643,113212,,,,,,9,0,0,0,0,0,0,0,0,,0,,0,0,0,13,0,2134.08,0,100,0,0,0,0,,,0,0,0,0,0,,,,,,,28,25,26.166,,,0,48,48,TRUE,TRUE,FALSE,0,2,3,6,0,342,4200,16416,1500,-1500,0,0,35,14.155,1.9,0,999,999,999,999,999,999,999,999,2,1,0,0,2053,1,2,1,1,0,0,8,1,0,0,-33526,0,7402,1048576,0,0,0,0,0,0,0,0,694.307,2100,2100,1815,1875,1138.5,TRUE,0,1815,-1875,2101.05,2101.05,1815,1811.72,1137.8,TRUE,0,1815,-1811.72,3630,-3686.72,FALSE,0,0,TRUE
2026-01-27T21:26:42Z,REV_TW1_U_21,6,TRUE,4,1,0,0,2016,0,0,0,0,,,0,0,0,0,,,,,3630,-3686,1.42,0.68,,,,19,,,,,0,,,,0,0,0,0,34800,34900,34700,,,,0,60.0124,0,,128643,113212,,,,,,9,0,0,0,0,0,0,0,0,,0,,0,0,0,13,0,2134.08,0,100,0,0,0,0,,,0,0,0,0,0,,,,,,,28,25,26.166,,,0,48,48,TRUE,TRUE,FALSE,0,2,3,6,0,342,4200,16416,1500,-1500,0,0,35,14.155,1.9,0,999,999,999,999,999,999,999,99,2,1,0,0,2053,1,2,1,1,0,0,8,1,0,0,-33526,0,7405,1048576,0,0,0,0,0,0,0,0,694.307,2100,2100,1815,1875,1138.5,TRUE,0,1815,-1875,2101.05,2101.05,1815,1811.72,1137.8,TRUE,0,1815,-1811.72,3630,-3686.72,FALSE,0,0,TRUE
2026-01-27T21:26:44Z,REV_TW1_U_21,6,TRUE,4,1,0,0,2016,0,0,0,0,,,0,0,0,0,,,,,3630,-3686,1.42,0.68,,,,19,,,,,0,,,,0,0,0,0,34800,34900,34700,,,,0,60.01,0,,128643,113212,,,,,,9,0,0,0,0,0,0,0,0,,0,,0,0,0,13,0,2134.08,0,100,0,0,0,0,,,0,0,0,0,0,,,,,,,28,25,26.166,,,0,48,48,FALSE,TRUE,FALSE,0,2,3,6,0,342,4200,16416,1500,-1500,0,0,35,14.155,1.9,0,999,999,999,999,999,999,999,999,2,1,0,0,2053,1,2,1,1,0,0,8,1,0,0,-33526,0,7406,0,0,0,0,0,0,0,0,0,694.307,2100,2100,1815,1875,1138.5,TRUE,0,1815,-1875,2101.05,2101.05,1815,1811.72,1137.8,TRUE,0,1815,-1811.72,3630,-3686.72,FALSE,0,0,TRUE
2026-01-27T21:26:46Z,REV_TW1_U_21,6,TRUE,4,1,0,0,2016,0,0,0,0,,,0,0,0,0,,,,,3630,-3686,1.42,0.68,,,,19,,,,,0,,,,0,0,0,0,34800,34900,34700,,,,0,60.0099,0,,128643,113212,,,,,,9,0,0,0,0,0,0,0,0,,0,,0,0,0,13,0,2134.08,0,100,0,0,0,0,,,0,0,0,0,0,,,,,,,28,25,26.166,,,0,48,48,FALSE,TRUE,FALSE,0,2,3,6,0,342,4200,16416,1500,-1500,0,0,35,14.155,1.9,0,999,99,999,999,999,999,999,999,2,1,0,0,2053,1,2,1,1,0,0,8,1,0,0,-33526,0,7408,0,0,0,0,0,0,0,0,0,694.307,2100,2100,1815,1875,1138.5,TRUE,0,1815,-1875,2101.05,2101.05,1815,1811.72,1137.8,TRUE,0,1815,-1811.72,3630,-3686.72,FALSE,0,0,TRUE
2026-01-27T21:26:48Z,REV_TW1_U_21,6,TRUE,4,1,0,0,2016,0,0,0,0,,,0,0,0,0,,,,,3630,-3686,1.42,0.68,,,,19,,,,,0,,,,0,0,0,0,34800,34900,34700,,,,0,60.0115,0,,128643,113212,,,,,,9,0,0,0,0,0,0,0,0,,0,,0,0,0,13,0,2134.08,0,100,0,0,0,0,,,0,0,0,0,0,,,,,,,28,25,26.166,,,0,48,48,FALSE,TRUE,FALSE,0,2,3,6,0,342,4200,16416,1500,-1500,0,0,35,14.155,1.9,0,999,99,999,999,999,999,999,999,2,1,0,0,0,1,2,1,1,0,0,8,1,0,0,-33526,0,7410,0,0,0,0,0,0,0,0,0,694.307,2100,2100,1815,1875,1138.5,TRUE,0,1815,-1875,2101.05,2101.05,1815,1811.72,1137.8,TRUE,0,1815,-1811.72,3630,-3686.72,FALSE,0,0,TRUE
2026-01-27T21:26:50Z,REV_TW1_U_21,6,TRUE,4,1,0,0,2016,0,0,0,0,,,0,0,0,0,,,,,3630,-3686,1.42,0.68,,,,19,,,,,0,,,,0,0,0,0,34800,34900,34700,,,,0,60.0078,0,,128643,113212,,,,,,9,0,0,0,0,0,0,0,0,,0,,0,0,0,13,0,2134.08,0,100,0,0,0,0,,,0,0,0,0,0,,,,,,,28,25,26.166,,,0,24,48,FALSE,TRUE,FALSE,0,2,3,6,0,342,4200,16416,1500,-1500,0,0,35,14.155,1.8,0,999,99,999,999,999,999,999,999,2,1,0,0,0,1,2,1,1,0,0,8,1,0,0,-33526,0,7412,0,0,0,0,0,0,0,0,0,694.307,2100,2100,1815,1875,1138.5,TRUE,0,1815,-1875,2101.05,2101.05,1815,1811.72,1137.8,TRUE,0,1815,-1811.72,3630,-3686.72,FALSE,0,0,TRUE
2026-01-27T21:26:52Z,REV_TW1_U_21,6,TRUE,4,1,0,0,2016,0,0,0,0,,,0,0,0,0,,,,,3630,-3686,1.42,0.68,,,,19,,,,,0,,,,0,0,0,0,34900,34900,34700,,,,0,60.007,0,,128643,113212,,,,,,9,0,0,0,0,0,0,0,0,,0,,0,0,0,13,0,2134.08,0,100,0,0,0,0,,,0,0,0,0,0,,,,,,,28,25,26.166,,,0,24,48,FALSE,TRUE,FALSE,0,2,3,6,0,342,4200,16416,1500,-1500,0,0,35,14.155,1.8,0,999,999,999,999,999,999,999,999,2,1,0,0,0,1,2,1,1,0,0,8,1,0,0,-33526,0,7414,0,0,0,0,0,0,0,0,0,694.307,2100,2100,1815,1875,1138.5,TRUE,0,1815,-1875,2101.05,2101.05,1815,1811.72,1137.8,TRUE,0,1815,-1811.72,3630,-3686.72,FALSE,0,0,TRUE
2026-01-27T21:26:54Z,REV_TW1_U_21,6,TRUE,4,1,0,0,2016,0,0,0,0,,,0,0,0,0,,,,,3630,-3686,1.42,0.68,,,,19,,,,,0,,,,0,0,0,0,34800,34900,34700,,,,0,60.0131,0,,128643,113212,,,,,,9,0,0,0,0,0,0,0,0,,0,,0,0,0,13,0,2134.08,0,100,0,0,0,0,,,0,0,0,0,0,,,,,,,28,25,26.166,,,0,24,48,FALSE,TRUE,FALSE,0,2,3,6,0,342,4200,16416,1500,-1500,0,0,35,14.155,1.8,0,999,999,999,999,999,999,999,999,2,1,0,0,0,1,2,1,1,0,0,8,1,0,0,-33526,0,7416,0,0,0,0,0,0,0,0,0,694.307,2100,2100,1815,1875,1138.5,TRUE,0,1815,-1875,2101.05,2101.05,1815,1811.72,1137.8,TRUE,0,1815,-1811.72,3630,-3686.72,FALSE,0,0,TRUE
2026-01-27T21:26:56Z,REV_TW1_U_21,6,TRUE,4,1,0,0,2016,0,0,0,0,,,0,0,0,0,,,,,3630,-3686,1.42,0.68,,,,19,,,,,0,,,,0,0,0,0,34900,34900,34700,,,,0,60.0146,0,,128643,113212,,,,,,9,0,0,0,0,0,0,0,0,,0,,0,0,0,13,0,2134.08,0,100,0,0,0,0,,,0,0,0,0,0,,,,,,,28,25,26.166,,,0,24,48,FALSE,TRUE,FALSE,0,2,3,6,0,342,4200,16416,1500,-1500,0,0,35,14.155,1.8,0,999,99,999,999,999,999,999,999,2,1,0,0,0,1,2,1,1,0,0,8,1,0,0,-33526,0,7418,0,0,0,0,0,0,0,0,0,694.307,2100,2100,1815,1875,1138.5,TRUE,0,1815,-1875,2101.05,2101.05,1815,1811.72,1137.8,TRUE,0,1815,-1811.72,3630,-3686.72,FALSE,0,0,TRUE
2026-01-27T21:26:58Z,REV_TW1_U_21,6,TRUE,4,1,0,0,2016,0,0,0,0,,,0,0,0,0,,,,,3630,-3686,1.42,0.68,,,,19,,,,,0,,,,0,0,0,0,34800,34900,34700,,,,0,60.0175,0,,128643,113212,,,,,,9,0,0,0,0,0,0,0,0,,0,,0,0,0,13,0,2134.08,0,100,0,0,0,0,,,0,0,0,0,0,,,,,,,28,25,26.166,,,0,24,48,FALSE,TRUE,FALSE,0,2,3,6,0,342,4200,16416,1500,-1500,0,0,35,14.155,1.8,0,999,99,999,999,999,999,999,99,2,1,0,0,0,1,2,1,1,0,0,8,1,0,0,-33526,0,7420,0,0,0,0,0,0,0,0,0,694.307,2100,2100,1815,1875,1138.5,TRUE,0,1815,-1875,2101.05,2101.05,1815,1811.72,1137.8,TRUE,0,1815,-1811.72,3630,-3686.72,FALSE,0,0,TRUE
2026-01-27T21:27:00Z,REV_TW1_U_21,6,TRUE,4,1,0,0,2016,0,0,0,0,,,0,0,0,0,,,,,3630,-3686,1.42,0.68,,,,19,,,,,0,,,,0,0,0,0,34800,34900,34700,,,,0,60.0109,0,,128643,113212,,,,,,9,0,0,0,0,0,0,0,0,,0,,0,0,0,13,0,2134.08,0,100,0,0,0,0,,,0,0,0,0,0,,,,,,,28,25,26.166,,,0,24,48,FALSE,TRUE,FALSE,0,2,3,6,0,342,4200,16416,1500,-1500,0,0,35,14.155,1.8,0,999,99,999,999,999,999,999,99,2,1,0,0,0,1,2,1,1,0,0,8,1,0,0,-33526,0,7422,0,0,0,0,0,0,0,0,0,694.307,2100,2100,1815,1875,1138.5,TRUE,0,1815,-1875,2101.05,2101.05,1815,1811.72,1137.8,TRUE,0,1815,-1811.72,3630,-3686.72,FALSE,0,0,TRUE
2026-01-27T21:27:02Z,REV_TW1_U_21,6,TRUE,4,1,0,0,2016,0,0,0,0,,,0,0,0,0,,,,,3630,-3686,1.42,0.68,,,,19,,,,,0,,,,0,0,0,0,34800,34900,34700,,,,0,60.0056,0,,128643,113212,,,,,,9,0,0,0,0,0,0,0,0,,0,,0,0,0,13,0,2134.08,0,100,0,0,0,0,,,0,0,0,0,0,,,,,,,28,25,26.166,,,0,24,48,FALSE,TRUE,FALSE,0,2,3,6,0,342,4200,16416,1500,-1500,0,0,35,14.155,1.8,0,999,999,999,999,999,999,999,999,2,1,0,0,0,1,2,1,1,0,0,8,1,0,0,-33526,0,7424,0,0,0,0,0,0,0,0,0,694.307,2100,2100,1815,1875,1138.5,TRUE,0,1815,-1875,2101.05,2101.05,1815,1811.72,1137.8,TRUE,0,1815,-1811.72,3630,-3686.72,FALSE,0,0,TRUE
2026-01-27T21:27:04Z,REV_TW1_U_21,6,TRUE,4,1,0,0,2016,0,0,0,0,,,0,0,0,0,,,,,3630,-3686,1.42,0.68,,,,19,,,,,0,,,,0,0,0,0,34800,34900,34700,,,,0,60.01,0,,128643,113212,,,,,,9,0,0,0,0,0,0,0,0,,0,,0,0,0,13,0,2134.08,0,100,0,0,0,0,,,0,0,0,0,0,,,,,,,28,25,26.166,,,0,24,48,FALSE,TRUE,FALSE,0,2,3,6,0,342,4200,16416,1500,-1500,0,0,35,14.155,1.8,0,999,999,999,999,999,999,999,99,2,1,0,0,0,1,2,1,1,0,0,8,1,0,0,-33526,0,7426,0,0,0,0,0,0,0,0,0,694.307,2100,2100,1815,1875,1138.5,TRUE,0,1815,-1875,2101.05,2101.05,1815,1811.72,1137.8,TRUE,0,1815,-1811.72,3630,-3686.72,FALSE,0,0,TRUE
2026-01-27T21:27:06Z,REV_TW1_U_21,6,TRUE,4,1,0,0,2016,0,0,0,0,,,0,0,0,0,,,,,3630,-3686,1.42,0.68,,,,19,,,,,0,,,,0,0,0,0,34800,34900,34700,,,,0,60.0074,0,,128643,113212,,,,,,9,0,0,0,0,0,0,0,0,,0,,0,0,0,13,0,2134.08,0,100,0,0,0,0,,,0,0,0,0,0,,,,,,,28,25,26.166,,,0,24,48,FALSE,TRUE,FALSE,0,2,3,6,0,342,4200,16416,1500,-1500,0,0,35,14.155,1.8,0,999,999,999,999,999,999,999,99,2,1,0,0,0,1,2,1,1,0,0,8,1,0,0,-33526,0,7428,0,0,0,0,0,0,0,0,0,694.307,2100,2100,1815,1875,1138.5,TRUE,0,1815,-1875,2101.05,2101.05,1815,1811.72,1137.8,TRUE,0,1815,-1811.72,3630,-3686.72,FALSE,0,0,TRUE
2026-01-27T21:27:08Z,REV_TW1_U_21,6,TRUE,4,1,0,0,2016,0,0,0,0,,,0,0,0,0,,,,,3630,-3686,1.42,0.68,,,,19,,,,,0,,,,0,0,0,0,34800,34900,34700,,,,0,60.0113,0,,128643,113212,,,,,,9,0,0,0,0,0,0,0,0,,0,,0,0,0,13,0,2134.08,0,100,0,0,0,0,,,0,0,0,0,0,,,,,,,28,25,26.166,,,0,24,48,FALSE,TRUE,FALSE,0,2,3,6,0,342,4200,16416,1500,-1500,0,0,35,14.155,1.8,0,999,999,999,999,999,999,999,99,2,1,0,0,0,1,2,1,1,0,0,8,1,0,0,-33526,0,7430,0,0,0,0,0,0,0,0,0,694.307,2100,2100,1815,1875,1138.5,TRUE,0,1815,-1875,2101.05,2101.05,1815,1811.72,1137.8,TRUE,0,1815,-1811.72,3630,-3686.72,FALSE,0,0,TRUE
2026-01-27T21:27:10Z,REV_TW1_U_21,6,TRUE,4,1,0,0,2016,0,0,0,0,,,0,0,0,0,,,,,3630,-3686,1.42,0.68,,,,19,,,,,0,,,,0,0,0,0,34800,34900,34700,,,,0,60.0164,0,,128643,113212,,,,,,9,0,0,0,0,0,0,0,0,,0,,0,0,0,13,0,2134.08,0,100,0,0,0,0,,,0,0,0,0,0,,,,,,,28,25,26.166,,,0,48,48,FALSE,TRUE,FALSE,0,2,3,6,0,342,4200,16416,1500,-1500,0,0,35,14.155,1.9,0,999,999,999,999,999,999,999,999,2,1,0,0,0,1,2,1,1,0,0,8,1,0,0,-33526,0,7432,0,0,0,0,0,0,0,0,0,694.307,2100,2100,1815,1875,1138.5,TRUE,0,1815,-1875,2101.05,2101.05,1815,1811.72,1137.8,TRUE,0,1815,-1811.72,3630,-3686.72,FALSE,0,0,TRUE
2026-01-27T21:27:12Z,REV_TW1_U_21,6,TRUE,4,1,0,0,2016,0,0,0,0,,,0,0,0,0,,,,,3630,-3686,1.42,0.68,,,,19,,,,,0,,,,0,0,0,0,34900,34900,34700,,,,0,60.0133,0,,128643,113212,,,,,,9,0,0,0,0,0,0,0,0,,0,,0,0,0,13,0,2134.08,0,100,0,0,0,0,,,0,0,0,0,0,,,,,,,28,25,26.166,,,0,48,48,FALSE,TRUE,FALSE,0,2,3,6,0,342,4200,16416,1500,-1500,0,0,35,14.155,1.9,0,999,999,999,999,999,999,999,999,2,1,0,0,0,1,2,1,1,0,0,8,1,0,0,-33526,0,7434,0,0,0,0,0,0,0,0,0,694.307,2100,2100,1815,1875,1138.5,TRUE,0,1815,-1875,2101.05,2101.05,1815,1811.72,1137.8,TRUE,0,1815,-1811.72,3630,-3686.72,FALSE,0,0,TRUE
2026-01-27T21:27:14Z,REV_TW1_U_21,6,TRUE,4,1,0,0,2016,0,0,0,0,,,0,0,0,0,,,,,3630,-3686,1.42,0.68,,,,19,,,,,0,,,,0,0,0,0,34800,34900,34700,,,,0,60.0196,0,,128643,113212,,,,,,9,0,0,0,0,0,0,0,0,,0,,0,0,0,13,0,2134.08,0,100,0,0,0,0,,,0,0,0,0,0,,,,,,,28,25,26.166,,,0,48,48,FALSE,TRUE,FALSE,0,2,3,6,0,342,4200,16416,1500,-1500,0,0,35,14.155,1.9,0,999,999,999,999,999,999,999,999,2,1,0,0,0,1,2,1,1,0,0,8,1,0,0,-33526,0,7436,0,0,0,0,0,0,0,0,0,694.307,2100,2100,1815,1875,1138.5,TRUE,0,1815,-1875,2101.05,2101.05,1815,1811.72,1137.8,TRUE,0,1815,-1811.72,3630,-3686.72,FALSE,0,0,TRUE
2026-01-27T21:27:16Z,REV_TW1_U_21,6,TRUE,4,1,0,0,2016,0,0,0,0,,,0,0,0,0,,,,,3630,-3686,1.42,0.68,,,,19,,,,,0,,,,0,0,0,0,34800,34900,34700,,,,0,60.0213,0,,128643,113212,,,,,,9,0,0,0,0,0,0,0,0,,0,,0,0,0,13,0,2134.08,0,100,0,0,0,0,,,0,0,0,0,0,,,,,,,28,25,26.166,,,0,48,48,FALSE,TRUE,FALSE,0,2,3,6,0,342,4200,16416,1500,-1500,0,0,35,14.155,1.9,0,999,999,999,999,999,999,999,999,2,1,0,0,0,1,2,1,1,0,0,8,1,0,0,-33526,0,7438,0,0,0,0,0,0,0,0,0,694.307,2100,2100,1815,1875,1138.5,TRUE,0,1815,-1875,2101.05,2101.05,1815,1811.72,1137.8,TRUE,0,1815,-1811.72,3630,-3686.72,FALSE,0,0,TRUE
2026-01-27T21:27:18Z,REV_TW1_U_21,6,TRUE,4,1,0,0,2016,0,0,0,0,,,0,0,0,0,,,,,3630,-3686,1.42,0.68,,,,19,,,,,0,,,,0,0,0,0,34800,34900,34700,,,,0,60.0207,0,,128643,113212,,,,,,9,0,0,0,0,0,0,0,0,,0,,0,0,0,13,0,2134.08,0,100,0,0,0,0,,,0,0,0,0,0,,,,,,,28,25,26.166,,,0,48,48,FALSE,TRUE,FALSE,0,2,3,6,0,342,4200,16416,1500,-1500,0,0,35,14.155,1.9,0,999,999,999,999,999,999,999,999,2,1,0,0,0,1,2,1,1,0,0,8,1,0,0,-33526,0,7440,0,0,0,0,0,0,0,0,0,694.307,2100,2100,1815,1875,1138.5,TRUE,0,1815,-1875,2101.05,2101.05,1815,1811.72,1137.8,TRUE,0,1815,-1811.72,3630,-3686.72,FALSE,0,0,TRUE
2026-01-27T21:27:20Z,REV_TW1_U_21,6,TRUE,4,1,0,0,2016,0,0,0,0,,,0,0,0,0,,,,,3630,-3686,1.42,0.68,,,,19,,,,,0,,,,0,0,0,0,34800,34900,34700,,,,0,60.0221,0,,128643,113212,,,,,,9,0,0,0,0,0,0,0,0,,0,,0,0,0,13,0,2134.08,0,100,0,0,0,0,,,0,0,0,0,0,,,,,,,28,25,26.166,,,0,48,48,FALSE,TRUE,FALSE,0,2,3,6,0,342,4200,16416,1500,-1500,0,0,35,14.155,1.9,0,999,999,999,999,999,999,999,99,2,1,0,0,0,1,2,1,1,0,0,8,1,0,0,-33526,0,7442,0,0,0,0,0,0,0,0,0,694.307,2100,2100,1815,1875,1138.5,TRUE,0,1815,-1875,2101.05,2101.05,1815,1811.72,1137.8,TRUE,0,1815,-1811.72,3630,-3686.72,FALSE,0,0,TRUE
2026-01-27T21:27:22Z,REV_TW1_U_21,6,TRUE,4,1,0,0,2016,0,0,0,0,,,0,0,0,0,,,,,3630,-3686,1.42,0.68,,,,19,,,,,0,,,,0,0,0,0,34800,34900,34700,,,,0,60.0211,0,,128643,113212,,,,,,9,0,0,0,0,0,0,0,0,,0,,0,0,0,13,0,2134.08,0,100,0,0,0,0,,,0,0,0,0,0,,,,,,,28,25,26.166,,,0,48,48,FALSE,TRUE,FALSE,0,2,3,6,0,342,4200,16416,1500,-1500,0,0,35,14.155,1.9,0,999,999,999,999,999,999,999,999,2,1,0,0,0,1,2,1,1,0,0,8,1,0,0,-33526,0,7444,0,0,0,0,0,0,0,0,0,694.307,2100,2100,1815,1875,1138.5,TRUE,0,1815,-1875,2101.05,2101.05,1815,1811.72,1137.8,TRUE,0,1815,-1811.72,3630,-3686.72,FALSE,0,0,TRUE
2026-01-27T21:27:24Z,REV_TW1_U_21,6,TRUE,4,1,0,0,2016,0,0,0,0,,,0,0,0,0,,,,,3630,-3686,1.42,0.68,,,,19,,,,,0,,,,0,0,0,0,34800,34900,34700,,,,0,60.0181,0,,128643,113212,,,,,,9,0,0,0,0,0,0,0,0,,0,,0,0,0,13,0,2134.08,0,100,0,0,0,0,,,0,0,0,0,0,,,,,,,28,25,26.166,,,0,48,48,FALSE,TRUE,FALSE,0,2,3,6,0,342,4200,16416,1500,-1500,0,0,35,14.155,1.9,0,999,999,999,999,999,999,999,999,2,1,0,0,0,1,2,1,1,0,0,8,1,0,0,-33526,0,7446,0,0,0,0,0,0,0,0,0,694.307,2100,2100,1815,1875,1138.5,TRUE,0,1815,-1875,2101.05,2101.05,1815,1811.72,1137.8,TRUE,0,1815,-1811.72,3630,-3686.72,FALSE,0,0,TRUE
2026-01-27T21:27:26Z,REV_TW1_U_21,6,TRUE,4,1,0,0,2016,0,0,0,0,,,0,0,0,0,,,,,3630,-3686,1.42,0.68,,,,19,,,,,0,,,,0,0,0,0,34900,34900,34700,,,,0,60.0159,0,,128643,113212,,,,,,9,0,0,0,0,0,0,0,0,,0,,0,0,0,13,0,2134.08,0,100,0,0,0,0,,,0,0,0,0,0,,,,,,,28,25,26.166,,,0,48,48,FALSE,TRUE,FALSE,0,2,3,6,0,342,4200,16416,1500,-1500,0,0,35,14.155,1.9,0,999,999,999,999,999,999,999,99,2,1,0,0,0,1,2,1,1,0,0,8,1,0,0,-33526,0,7448,0,0,0,0,0,0,0,0,0,694.307,2100,2100,1815,1875,1138.5,TRUE,0,1815,-1875,2101.05,2101.05,1815,1811.72,1137.8,TRUE,0,1815,-1811.72,3630,-3686.72,FALSE,0,0,TRUE
2026-01-27T21:27:28Z,REV_TW1_U_21,6,TRUE,4,1,0,0,2016,0,0,0,0,,,0,0,0,0,,,,,3630,-3686,1.42,0.68,,,,19,,,,,0,,,,0,0,0,0,34800,34900,34700,,,,0,60.0163,0,,128643,113212,,,,,,9,0,0,0,0,0,0,0,0,,0,,0,0,0,13,0,2134.08,0,100,0,0,0,0,,,0,0,0,0,0,,,,,,,28,25,26.166,,,0,48,48,FALSE,TRUE,FALSE,0,2,3,6,0,342,4200,16416,1500,-1500,0,0,35,14.155,1.9,0,999,999,999,999,999,999,999,99,2,1,0,0,0,1,2,1,1,0,0,8,1,0,0,-33526,0,7450,0,0,0,0,0,0,0,0,0,694.307,2100,2100,1815,1875,1138.5,TRUE,0,1815,-1875,2101.05,2101.05,1815,1811.72,1137.8,TRUE,0,1815,-1811.72,3630,-3686.72,FALSE,0,0,TRUE
2026-01-27T21:27:30Z,REV_TW1_U_21,6,TRUE,4,1,0,0,2016,0,0,0,0,,,0,0,0,0,,,,,3630,-3686,1.42,0.68,,,,19,,,,,0,,,,0,0,0,0,34900,34900,34700,,,,0,60.0149,0,,128643,113212,,,,,,9,0,0,0,0,0,0,0,0,,0,,0,0,0,13,0,2134.08,0,100,0,0,0,0,,,0,0,0,0,0,,,,,,,28,25,26,,,0,48,48,FALSE,TRUE,FALSE,0,2,3,6,0,342,4200,16416,1500,-1500,0,0,35,14.155,1.9,0,999,99,999,999,999,999,999,99,2,1,0,0,0,1,2,1,1,0,0,8,1,0,0,-33526,0,7452,0,0,0,0,0,0,0,0,0,694.307,2100,2100,1815,1875,1138.5,TRUE,0,1815,-1875,2101.05,2101.05,1815,1811.72,1137.8,TRUE,0,1815,-1811.72,3630,-3686.72,FALSE,0,0,TRUE
2026-01-27T21:27:32Z,REV_TW1_U_21,6,TRUE,4,1,0,0,2016,0,0,0,0,,,0,0,0,0,,,,,3630,-3686,1.42,0.68,,,,19,,,,,0,,,,0,0,0,0,34900,34900,34700,,,,0,60.014,0,,128643,113212,,,,,,9,0,0,0,0,0,0,0,0,,0,,0,0,0,13,0,2134.08,0,100,0,0,0,0,,,0,0,0,0,0,,,,,,,28,25,26,,,0,48,48,FALSE,TRUE,FALSE,0,2,3,6,0,342,4200,16416,1500,-1500,0,0,35,14.155,1.9,0,999,999,999,999,999,999,999,99,2,1,0,0,0,1,2,1,1,0,0,8,1,0,0,-33526,0,7454,0,0,0,0,0,0,0,0,0,694.307,2100,2100,1815,1875,1138.5,TRUE,0,1815,-1875,2101.05,2101.05,1815,1811.72,1137.8,TRUE,0,1815,-1811.72,3630,-3686.72,FALSE,0,0,TRUE
2026-01-27T21:27:34Z,REV_TW1_U_21,6,TRUE,4,1,0,0,2016,0,0,0,0,,,0,0,0,0,,,,,3630,-3686,1.42,0.68,,,,19,,,,,0,,,,0,0,0,0,34900,34900,34700,,,,0,60.0157,0,,128643,113212,,,,,,9,0,0,0,0,0,0,0,0,,0,,0,0,0,13,0,2134.08,0,100,0,0,0,0,,,0,0,0,0,0,,,,,,,28,25,26,,,0,48,48,FALSE,TRUE,FALSE,0,2,3,6,0,342,4200,16416,1500,-1500,0,0,35,14.155,1.9,0,999,999,999,999,999,999,999,99,2,1,0,0,0,1,2,1,1,0,0,8,1,0,0,-33526,0,7456,0,0,0,0,0,0,0,0,0,694.307,2100,2100,1815,1875,1138.5,TRUE,0,1815,-1875,2101.05,2101.05,1815,1811.72,1137.8,TRUE,0,1815,-1811.72,3630,-3686.72,FALSE,0,0,TRUE
2026-01-27T21:27:36Z,REV_TW1_U_21,6,TRUE,4,1,0,0,2016,0,0,0,0,,,0,0,0,0,,,,,3630,-3686,1.42,0.68,,,,18,,,,,0,,,,0,0,0,0,34900,34900,34700,,,,0,60.0163,0,,128643,113212,,,,,,9,0,0,0,0,0,0,0,0,,0,,0,0,0,13,0,2134.08,0,100,0,0,0,0,,,0,0,0,0,0,,,,,,,28,25,26,,,0,24,48,FALSE,TRUE,FALSE,0,2,3,6,0,342,4200,16416,1500,-1500,0,0,35,14.155,1.9,0,999,999,999,999,999,999,999,999,2,1,0,0,0,1,2,1,1,0,0,8,1,0,0,-33526,0,7458,0,0,0,0,0,0,0,0,0,694.307,2100,2100,1815,1875,1138.5,TRUE,0,1815,-1875,2101.05,2101.05,1815,1811.72,1137.8,TRUE,0,1815,-1811.72,3630,-3686.72,FALSE,0,0,TRUE
2026-01-27T21:27:38Z,REV_TW1_U_21,6,TRUE,4,1,0,0,2016,0,0,0,0,,,0,0,0,0,,,,,3630,-3686,1.42,0.68,,,,18,,,,,0,,,,0,0,0,0,34900,34900,34800,,,,0,60.021,0,,128643,113212,,,,,,9,0,0,0,0,0,0,0,0,,0,,0,0,0,13,0,2134.08,0,100,0,0,0,0,,,0,0,0,0,0,,,,,,,28,25,26,,,0,24,48,FALSE,TRUE,FALSE,0,2,3,6,0,342,4200,16416,1500,-1500,0,0,35,14.155,1.9,0,999,999,999,999,999,999,999,99,2,1,0,0,0,1,2,1,1,0,0,8,1,0,0,-33526,0,7460,0,0,0,0,0,0,0,0,0,694.307,2100,2100,1815,1875,1138.5,TRUE,0,1815,-1875,2101.05,2101.05,1815,1811.72,1137.8,TRUE,0,1815,-1811.72,3630,-3686.72,FALSE,0,0,TRUE
2026-01-27T21:27:40Z,REV_TW1_U_21,6,TRUE,4,1,0,0,2016,0,0,0,0,,,0,0,0,0,,,,,3630,-3686,1.42,0.68,,,,18,,,,,0,,,,0,0,0,0,34900,34900,34700,,,,0,60.0172,0,,128643,113212,,,,,,9,0,0,0,0,0,0,0,0,,0,,0,0,0,13,0,2134.08,0,100,0,0,0,0,,,0,0,0,0,0,,,,,,,28,25,26,,,0,24,48,FALSE,TRUE,FALSE,0,2,3,6,0,342,4200,16416,1500,-1500,0,0,35,14.155,1.9,0,999,999,999,999,999,999,999,999,2,1,0,0,0,1,2,1,1,0,0,8,1,0,0,-33526,0,7462,0,0,0,0,0,0,0,0,0,694.307,2100,2100,1815,1875,1138.5,TRUE,0,1815,-1875,2101.05,2101.05,1815,1811.72,1137.8,TRUE,0,1815,-1811.72,3630,-3686.72,FALSE,0,0,TRUE
2026-01-27T21:27:42Z,REV_TW1_U_21,6,TRUE,4,1,0,0,2016,0,0,0,0,,,0,0,0,0,,,,,3630,-3686,1.42,0.68,,,,18,,,,,0,,,,0,0,0,0,34800,34900,34700,,,,0,60.0192,0,,128643,113212,,,,,,9,0,0,0,0,0,0,0,0,,0,,0,0,0,13,0,2134.08,0,100,0,0,0,0,,,0,0,0,0,0,,,,,,,28,25,26,,,0,24,48,FALSE,TRUE,FALSE,0,2,3,6,0,342,4200,16416,1500,-1500,0,0,35,14.155,1.9,0,999,99,999,999,999,999,999,999,2,1,0,0,0,1,2,1,1,0,0,8,1,0,0,-33526,0,7464,0,0,0,0,0,0,0,0,0,694.307,2100,2100,1815,1875,1138.5,TRUE,0,1815,-1875,2101.05,2101.05,1815,1811.72,1137.8,TRUE,0,1815,-1811.72,3630,-3686.72,FALSE,0,0,TRUE
2026-01-27T21:27:44Z,REV_TW1_U_21,6,TRUE,4,1,0,0,2016,0,0,0,0,,,0,0,0,0,,,,,3630,-3686,1.42,0.68,,,,18,,,,,0,,,,0,0,0,0,34800,34900,34700,,,,0,60.0152,0,,128643,113212,,,,,,9,0,0,0,0,0,0,0,0,,0,,0,0,0,13,0,2134.08,0,100,0,0,0,0,,,0,0,0,0,0,,,,,,,28,25,26,,,0,24,48,FALSE,TRUE,FALSE,0,2,3,6,0,342,4200,16416,1500,-1500,0,0,35,14.155,1.9,0,999,999,999,999,999,999,999,99,2,1,0,0,0,1,2,1,1,0,0,8,1,0,0,-33526,0,7466,0,0,0,0,0,0,0,0,0,694.307,2100,2100,1815,1875,1138.5,TRUE,0,1815,-1875,2101.05,2101.05,1815,1811.72,1137.8,TRUE,0,1815,-1811.72,3630,-3686.72,FALSE,0,0,TRUE
2026-01-27T21:27:46Z,REV_TW1_U_21,6,TRUE,4,1,0,0,2016,0,0,0,0,,,0,0,0,0,,,,,3630,-3686,1.42,0.68,,,,18,,,,,0,,,,0,0,0,0,34900,34900,34700,,,,0,60.0139,0,,128643,113212,,,,,,9,0,0,0,0,0,0,0,0,,0,,0,0,0,13,0,2134.08,0,100,0,0,0,0,,,0,0,0,0,0,,,,,,,28,25,26,,,0,24,48,FALSE,TRUE,FALSE,0,2,3,6,0,342,4200,16416,1500,-1500,0,0,35,14.155,1.9,0,999,99,999,999,999,999,999,99,2,1,0,0,0,1,2,1,1,0,0,8,1,0,0,-33526,0,7468,0,0,0,0,0,0,0,0,0,694.307,2100,2100,1815,1875,1138.5,TRUE,0,1815,-1875,2101.05,2101.05,1815,1811.72,1137.8,TRUE,0,1815,-1811.72,3630,-3686.72,FALSE,0,0,TRUE
2026-01-27T21:27:48Z,REV_TW1_U_21,6,TRUE,4,1,0,0,2016,0,0,0,0,,,0,0,0,0,,,,,3630,-3686,1.42,0.68,,,,18,,,,,0,,,,0,0,0,0,34800,34900,34700,,,,0,60.0133,0,,128643,113212,,,,,,9,0,0,0,0,0,0,0,0,,0,,0,0,0,13,0,2134.08,0,100,0,0,0,0,,,0,0,0,0,0,,,,,,,28,25,26,,,0,24,48,FALSE,TRUE,FALSE,0,2,3,6,0,342,4200,16416,1500,-1500,0,0,35,14.155,1.9,0,999,99,999,999,999,999,999,999,2,1,0,0,0,1,2,1,1,0,0,8,1,0,0,-33526,0,7470,0,0,0,0,0,0,0,0,0,694.307,2100,2100,1815,1875,1138.5,TRUE,0,1815,-1875,2101.05,2101.05,1815,1811.72,1137.8,TRUE,0,1815,-1811.72,3630,-3686.72,FALSE,0,0,TRUE
2026-01-27T21:27:50Z,REV_TW1_U_21,6,TRUE,4,1,0,0,2016,0,0,0,0,,,0,0,0,0,,,,,3630,-3686,1.42,0.68,,,,18,,,,,0,,,,0,0,0,0,34900,34900,34700,,,,0,60.011,0,,128643,113212,,,,,,9,0,0,0,0,0,0,0,0,,0,,0,0,0,13,0,2134.08,0,100,0,0,0,0,,,0,0,0,0,0,,,,,,,28,25,26,,,0,24,48,FALSE,TRUE,FALSE,0,2,3,6,0,342,4200,16416,1500,-1500,0,0,35,14.155,1.8,0,999,999,999,999,999,999,999,999,2,1,0,0,0,1,2,1,1,0,0,8,1,0,0,-33526,0,7472,0,0,0,0,0,0,0,0,0,694.307,2100,2100,1815,1875,1138.5,TRUE,0,1815,-1875,2101.05,2101.05,1815,1811.72,1137.8,TRUE,0,1815,-1811.72,3630,-3686.72,FALSE,0,0,TRUE
2026-01-27T21:27:52Z,REV_TW1_U_21,6,TRUE,4,1,0,0,2016,0,0,0,0,,,0,0,0,0,,,,,3630,-3686,1.42,0.68,,,,18,,,,,0,,,,0,0,0,0,34800,34900,34700,,,,0,60.0111,0,,128643,113212,,,,,,9,0,0,0,0,0,0,0,0,,0,,0,0,0,13,0,2134.08,0,100,0,0,0,0,,,0,0,0,0,0,,,,,,,28,25,26,,,0,24,48,FALSE,TRUE,FALSE,0,2,3,6,0,342,4200,16416,1500,-1500,0,0,35,14.155,1.8,0,999,999,999,999,999,999,999,99,2,1,0,0,0,1,2,1,1,0,0,8,1,0,0,-33526,0,7474,0,0,0,0,0,0,0,0,0,694.307,2100,2100,1815,1875,1138.5,TRUE,0,1815,-1875,2101.05,2101.05,1815,1811.72,1137.8,TRUE,0,1815,-1811.72,3630,-3686.72,FALSE,0,0,TRUE
2026-01-27T21:27:54Z,REV_TW1_U_21,6,TRUE,4,1,0,0,2016,0,0,0,0,,,0,0,0,0,,,,,3630,-3686,1.42,0.68,,,,18,,,,,0,,,,0,0,0,0,34800,34900,34700,,,,0,60.0104,0,,128643,113212,,,,,,9,0,0,0,0,0,0,0,0,,0,,0,0,0,13,0,2134.08,0,100,0,0,0,0,,,0,0,0,0,0,,,,,,,28,25,26,,,0,24,48,FALSE,TRUE,FALSE,0,2,3,6,0,342,4200,16416,1500,-1500,0,0,35,14.155,1.8,0,999,999,999,999,999,999,999,99,2,1,0,0,0,1,2,1,1,0,0,8,1,0,0,-33526,0,7476,0,0,0,0,0,0,0,0,0,694.307,2100,2100,1815,1875,1138.5,TRUE,0,1815,-1875,2101.05,2101.05,1815,1811.72,1137.8,TRUE,0,1815,-1811.72,3630,-3686.72,FALSE,0,0,TRUE
2026-01-27T21:27:56Z,REV_TW1_U_21,6,TRUE,4,1,0,0,2016,0,0,0,0,,,0,0,0,0,,,,,3630,-3686,1.42,0.68,,,,18,,,,,0,,,,0,0,0,0,34800,34900,34700,,,,0,60.0131,0,,128643,113212,,,,,,9,0,0,0,0,0,0,0,0,,0,,0,0,0,13,0,2134.08,0,100,0,0,0,0,,,0,0,0,0,0,,,,,,,28,25,26,,,0,24,48,FALSE,TRUE,FALSE,0,2,3,6,0,342,4200,16416,1500,-1500,0,0,35,14.155,1.8,0,999,999,999,999,999,999,999,999,2,1,0,0,0,1,2,1,1,0,0,8,1,0,0,-33526,0,7478,0,0,0,0,0,0,0,0,0,694.307,2100,2100,1815,1875,1138.5,TRUE,0,1815,-1875,2101.05,2101.05,1815,1811.72,1137.8,TRUE,0,1815,-1811.72,3630,-3686.72,FALSE,0,0,TRUE
2026-01-27T21:27:58Z,REV_TW1_U_21,6,TRUE,4,1,0,0,2016,0,0,0,0,,,0,0,0,0,,,,,3630,-3686,1.42,0.68,,,,18,,,,,0,,,,0,0,0,0,34800,34900,34700,,,,0,60.0083,0,,128643,113212,,,,,,9,0,0,0,0,0,0,0,0,,0,,0,0,0,13,0,2134.08,0,100,0,0,0,0,,,0,0,0,0,0,,,,,,,28,25,26,,,0,24,48,FALSE,TRUE,FALSE,0,2,3,6,0,342,4200,16416,1500,-1500,0,0,35,14.155,1.8,0,999,999,999,999,999,999,999,999,2,1,0,0,0,1,2,1,1,0,0,8,1,0,0,-33526,0,7480,0,0,0,0,0,0,0,0,0,694.307,2100,2100,1815,1875,1138.5,TRUE,0,1815,-1875,2101.05,2101.05,1815,1811.72,1137.8,TRUE,0,1815,-1811.72,3630,-3686.72,FALSE,0,0,TRUE
2026-01-27T21:28:00Z,REV_TW1_U_21,6,TRUE,4,1,0,0,2016,0,0,0,0,,,0,0,0,0,,,,,3630,-3686,1.42,0.68,,,,18,,,,,0,,,,0,0,0,0,34800,34900,34700,,,,0,60.0105,0,,128643,113212,,,,,,9,0,0,0,0,0,0,0,0,,0,,0,0,0,13,0,2134.08,0,100,0,0,0,0,,,0,0,0,0,0,,,,,,,28,25,26,,,0,48,48,FALSE,TRUE,FALSE,0,2,3,6,0,342,4200,16416,1500,-1500,0,0,35,14.155,1.8,0,999,999,999,999,999,999,999,999,2,1,0,0,0,1,2,1,1,0,0,8,1,0,0,-33526,0,7482,0,0,0,0,0,0,0,0,0,694.307,2100,2100,1815,1875,1138.5,TRUE,0,1815,-1875,2101.05,2101.05,1815,1811.72,1137.8,TRUE,0,1815,-1811.72,3630,-3686.72,FALSE,0,0,TRUE
2026-01-27T21:28:02Z,REV_TW1_U_21,6,TRUE,4,1,0,0,2016,0,0,0,0,,,0,0,0,0,,,,,3630,-3686,1.42,0.68,,,,19,,,,,0,,,,0,0,0,0,34800,34900,34700,,,,0,60.0099,0,,128643,113212,,,,,,9,0,0,0,0,0,0,0,0,,0,,0,0,0,13,0,2134.08,0,100,0,0,0,0,,,0,0,0,0,0,,,,,,,28,25,26,,,0,48,48,FALSE,TRUE,FALSE,0,2,3,6,0,342,4200,16416,1500,-1500,0,0,35,14.155,1.8,0,999,999,999,999,999,999,999,999,2,1,0,0,0,1,2,1,1,0,0,8,1,0,0,-33526,0,7484,0,0,0,0,0,0,0,0,0,694.307,2100,2100,1815,1875,1138.5,TRUE,0,1815,-1875,2101.05,2101.05,1815,1811.72,1137.8,TRUE,0,1815,-1811.72,3630,-3686.72,FALSE,0,0,TRUE
2026-01-27T21:28:04Z,REV_TW1_U_21,6,TRUE,4,1,0,0,2016,0,0,0,0,,,0,0,0,0,,,,,3630,-3686,1.42,0.68,,,,18,,,,,0,,,,0,0,0,0,34800,34900,34700,,,,0,60.0074,0,,128643,113212,,,,,,9,0,0,0,0,0,0,0,0,,0,,0,0,0,13,0,2134.08,0,100,0,0,0,0,,,0,0,0,0,0,,,,,,,28,25,26,,,0,48,48,FALSE,TRUE,FALSE,0,2,3,6,0,342,4200,16416,1500,-1500,0,0,35,14.155,1.8,0,999,999,999,999,999,999,999,999,2,1,0,0,0,1,2,1,1,0,0,8,1,0,0,-33526,0,7486,0,0,0,0,0,0,0,0,0,694.307,2100,2100,1815,1875,1138.5,TRUE,0,1815,-1875,2101.05,2101.05,1815,1811.72,1137.8,TRUE,0,1815,-1811.72,3630,-3686.72,FALSE,0,0,TRUE
2026-01-27T21:28:06Z,REV_TW1_U_21,6,TRUE,4,1,0,0,2016,0,0,0,0,,,0,0,0,0,,,,,3630,-3686,1.42,0.68,,,,19,,,,,0,,,,0,0,0,0,34800,34900,34700,,,,0,60.0049,0,,128643,113212,,,,,,9,0,0,0,0,0,0,0,0,,0,,0,0,0,13,0,2134.08,0,100,0,0,0,0,,,0,0,0,0,0,,,,,,,28,25,26,,,0,48,48,FALSE,TRUE,FALSE,0,2,3,6,0,342,4200,16416,1500,-1500,0,0,35,14.155,1.8,0,999,999,999,999,999,999,999,999,2,1,0,0,0,1,2,1,1,0,0,8,1,0,0,-33526,0,7488,0,0,0,0,0,0,0,0,0,694.307,2100,2100,1815,1875,1138.5,TRUE,0,1815,-1875,2101.05,2101.05,1815,1811.72,1137.8,TRUE,0,1815,-1811.72,3630,-3686.72,FALSE,0,0,TRUE
2026-01-27T21:28:08Z,REV_TW1_U_21,6,TRUE,4,1,0,0,2016,0,0,0,0,,,0,0,0,0,,,,,3630,-3686,1.42,0.68,,,,19,,,,,0,,,,0,0,0,0,34800,34900,34700,,,,0,60.0026,0,,128643,113212,,,,,,9,0,0,0,0,0,0,0,0,,0,,0,0,0,13,0,2134.08,0,100,0,0,0,0,,,0,0,0,0,0,,,,,,,28,25,26,,,0,48,48,FALSE,TRUE,FALSE,0,2,3,6,0,342,4200,16416,1500,-1500,0,0,35,14.155,1.8,0,999,999,999,999,999,999,999,999,2,1,0,0,0,1,2,1,1,0,0,8,1,0,0,-33526,0,7490,0,0,0,0,0,0,0,0,0,694.307,2100,2100,1815,1875,1138.5,TRUE,0,1815,-1875,2101.05,2101.05,1815,1811.72,1137.8,TRUE,0,1815,-1811.72,3630,-3686.72,FALSE,0,0,TRUE
2026-01-27T21:28:10Z,REV_TW1_U_21,6,TRUE,4,1,0,0,2016,0,0,0,0,,,0,0,0,0,,,,,3630,-3686,1.42,0.68,,,,18,,,,,0,,,,0,0,0,0,34800,34900,34700,,,,0,59.9948,0,,128643,113212,,,,,,9,0,0,0,0,0,0,0,0,,0,,0,0,0,13,0,2134.08,0,100,0,0,0,0,,,0,0,0,0,0,,,,,,,28,25,26,,,0,48,48,FALSE,TRUE,FALSE,0,2,3,6,0,342,4200,16416,1500,-1500,0,0,35,14.155,1.8,0,999,999,999,999,999,999,999,999,2,1,0,0,0,1,2,1,1,0,0,8,1,0,0,-33526,0,7492,0,0,0,0,0,0,0,0,0,694.307,2100,2100,1815,1875,1138.5,TRUE,0,1815,-1875,2101.05,2101.05,1815,1811.72,1137.8,TRUE,0,1815,-1811.72,3630,-3686.72,FALSE,0,0,TRUE
2026-01-27T21:28:12Z,REV_TW1_U_21,6,TRUE,4,1,0,0,2016,0,0,0,0,,,0,0,0,0,,,,,3630,-3686,1.42,0.68,,,,19,,,,,0,,,,0,0,0,0,34800,34900,34700,,,,0,59.997,0,,128643,113212,,,,,,9,0,0,0,0,0,0,0,0,,0,,0,0,0,13,0,2134.08,0,100,0,0,0,0,,,0,0,0,0,0,,,,,,,28,25,26,,,0,48,48,FALSE,TRUE,FALSE,0,2,3,6,0,342,4200,16416,1500,-1500,0,0,35,14.155,1.8,0,999,99,999,999,999,999,999,999,2,1,0,0,0,1,2,1,1,0,0,8,1,0,0,-33526,0,7494,0,0,0,0,0,0,0,0,0,694.307,2100,2100,1815,1875,1138.5,TRUE,0,1815,-1875,2101.05,2101.05,1815,1811.72,1137.8,TRUE,0,1815,-1811.72,3630,-3686.72,FALSE,0,0,TRUE
2026-01-27T21:28:14Z,REV_TW1_U_21,6,TRUE,4,1,0,0,2016,0,0,0,0,,,0,0,0,0,,,,,3630,-3686,1.42,0.68,,,,18,,,,,0,,,,0,0,0,0,34800,34900,34700,,,,0,59.9924,0,,128643,113212,,,,,,9,0,0,0,0,0,0,0,0,,0,,0,0,0,13,0,2134.08,0,100,0,0,0,0,,,0,0,0,0,0,0,,,,,,28,25,26,,,0,48,48,FALSE,TRUE,FALSE,0,2,3,6,0,342,4200,16416,1500,-1500,0,0,35,14.155,1.8,0,999,99,999,999,999,999,999,999,2,1,0,0,0,1,2,1,1,0,0,8,1,0,0,-33526,0,7496,0,0,0,0,0,0,0,0,0,694.307,2100,2100,1815,1875,1138.5,TRUE,0,1815,-1875,2101.05,2101.05,1815,1811.72,1137.8,TRUE,0,1815,-1811.72,3630,-3686.72,FALSE,0,0,TRUE
2026-01-27T21:28:16Z,REV_TW1_U_21,6,TRUE,4,1,0,0,2016,0,0,0,0,,,0,0,0,0,,,,,3630,-3686,1.42,0.68,,,,18,,,,,0,,,,0,0,0,0,34800,34900,34700,,,,0,59.9949,0,,128643,113212,,,,,,9,0,0,0,0,0,0,0,0,,0,,0,0,0,13,0,2134.08,0,100,0,0,0,0,,,0,0,0,0,0,0,,,,,,28,25,26,,,0,24,48,FALSE,TRUE,FALSE,0,2,4,6,0,342,4200,16416,1500,-1500,0,0,35,14.155,1.8,0,999,99,999,999,999,999,999,999,2,1,0,0,0,1,2,1,1,0,0,8,1,0,0,-33526,0,7498,0,0,0,0,0,0,0,0,0,694.307,2100,2100,1815,1875,1138.5,TRUE,0,1815,-1875,2101.05,2101.05,1815,1811.72,1137.8,TRUE,0,1815,-1811.72,3630,-3686.72,FALSE,0,0,TRUE
2026-01-27T21:28:18Z,REV_TW1_U_21,6,TRUE,4,1,0,0,2016,0,0,0,0,,,0,0,0,0,,,,,3630,-3686,1.42,0.68,,,,19,,,,,0,,,,0,0,0,0,34800,34900,34700,,,,0,59.9936,0,,128643,113212,,,,,,9,0,0,0,0,0,0,0,0,,0,,0,0,0,13,0,2134.08,0,100,0,0,0,0,,,0,0,0,0,0,0,,,,,,28,25,26,,,0,24,48,FALSE,TRUE,FALSE,0,2,4,6,0,342,4200,16416,1500,-1500,0,0,35,14.155,1.8,0,999,99,999,999,999,999,999,999,2,1,0,0,0,1,2,1,1,0,0,8,1,0,0,-33526,0,7500,0,0,0,0,0,0,0,0,0,694.307,2100,2100,1815,1875,1138.5,TRUE,0,1815,-1875,2101.05,2101.05,1815,1811.72,1137.8,TRUE,0,1815,-1811.72,3630,-3686.72,FALSE,0,0,TRUE
2026-01-27T21:28:20Z,REV_TW1_U_21,6,TRUE,4,1,0,0,2016,0,0,0,0,,,0,0,0,0,,,,,3630,-3686,1.42,0.68,,,,18,,,,,0,,,,0,0,0,0,34800,34900,34700,,,,0,59.9896,0,,128643,113212,,,,,,9,0,0,0,0,0,0,0,0,,0,,0,0,0,13,0,2134.08,0,100,0,0,0,0,,,0,0,0,0,0,0,,,,,,28,25,26,,,0,24,48,FALSE,TRUE,FALSE,0,2,4,6,0,342,4200,16416,1500,-1500,0,0,35,14.155,1.8,0,999,99,999,999,999,999,999,999,2,1,0,0,0,1,2,1,1,0,0,8,1,0,0,-33526,0,7502,0,0,0,0,0,0,0,0,0,694.307,2100,2100,1815,1875,1138.5,TRUE,0,1815,-1875,2101.05,2101.05,1815,1811.72,1137.8,TRUE,0,1815,-1811.72,3630,-3686.72,FALSE,0,0,TRUE
2026-01-27T21:28:22Z,REV_TW1_U_21,6,TRUE,4,1,0,0,2016,0,0,0,0,,,0,0,0,0,,,,,3630,-3686,1.42,0.68,,,,18,,,,,0,,,,0,0,0,0,34800,34900,34700,,,,0,59.9927,0,,128643,113212,,,,,,9,0,0,0,0,0,0,0,0,,0,,0,0,0,13,0,2134.08,0,100,0,0,0,0,,,0,0,0,0,0,0,,,,,,28,25,26,,,0,24,48,FALSE,TRUE,FALSE,0,2,4,6,0,342,4200,16416,1500,-1500,0,0,35,14.155,1.8,0,999,999,999,999,999,999,999,999,2,1,0,0,0,1,2,1,1,0,0,8,1,0,0,-33526,0,7504,0,0,0,0,0,0,0,0,0,694.307,2100,2100,1815,1875,1138.5,TRUE,0,1815,-1875,2101.05,2101.05,1815,1811.72,1137.8,TRUE,0,1815,-1811.72,3630,-3686.72,FALSE,0,0,TRUE
2026-01-27T21:28:24Z,REV_TW1_U_21,6,TRUE,4,1,0,0,2016,0,0,0,0,,,0,0,0,0,,,,,3630,-3686,1.42,0.68,,,,18,,,,,0,,,,0,0,0,0,34800,34900,34700,,,,0,59.9935,0,,128643,113212,,,,,,9,0,0,0,0,0,0,0,0,,0,,0,0,0,13,0,2134.08,0,100,0,0,0,0,,,0,0,0,0,0,0,,,,,,28,25,26,,,0,24,48,FALSE,TRUE,FALSE,0,2,4,6,0,342,4200,16416,1500,-1500,0,0,35,14.155,1.8,0,999,999,999,999,999,999,999,999,2,1,0,0,0,1,2,1,1,0,0,8,1,0,0,-33526,0,7506,0,0,0,0,0,0,0,0,0,694.307,2100,2100,1815,1875,1138.5,TRUE,0,1815,-1875,2101.05,2101.05,1815,1811.72,1137.8,TRUE,0,1815,-1811.72,3630,-3686.72,FALSE,0,0,TRUE
2026-01-27T21:28:26Z,REV_TW1_U_21,6,TRUE,4,1,0,0,2016,0,0,0,0,,,0,0,0,0,,,,,3630,-3686,1.42,0.68,,,,18,,,,,0,,,,0,0,0,0,34800,34900,34700,,,,0,59.9939,0,,128643,113212,,,,,,9,0,0,0,0,0,0,0,0,,0,,0,0,0,13,0,2134.08,0,100,0,0,0,0,,,0,0,0,0,0,0,,,,,,28,25,26,,,0,24,48,FALSE,TRUE,FALSE,0,2,4,6,0,342,4200,16416,1500,-1500,0,0,35,14.155,1.8,0,999,99,999,999,999,999,999,999,2,1,0,0,0,1,2,1,1,0,0,8,1,0,0,-33526,0,7508,0,0,0,0,0,0,0,0,0,694.307,2100,2100,1815,1875,1138.5,TRUE,0,1815,-1875,2101.05,2101.05,1815,1811.72,1137.8,TRUE,0,1815,-1811.72,3630,-3686.72,FALSE,0,0,TRUE
2026-01-27T21:28:28Z,REV_TW1_U_21,6,TRUE,4,1,0,0,2016,0,0,0,0,,,0,0,0,0,,,,,3630,-3686,1.42,0.68,,,,18,,,,,0,,,,0,0,0,0,34800,34900,34700,,,,0,60.004,0,,128643,113212,,,,,,9,0,0,0,0,0,0,0,0,,0,,0,0,0,13,0,2134.08,0,100,0,0,0,0,,,0,0,0,0,0,0,,,,,,28,25,26,,,0,24,48,FALSE,TRUE,FALSE,0,2,4,6,0,342,4200,16416,1500,-1500,0,0,35,14.155,1.8,0,999,99,999,999,999,999,999,999,2,1,0,0,0,1,2,1,1,0,0,8,1,0,0,-33526,0,7510,0,0,0,0,0,0,0,0,0,694.307,2100,2100,1815,1875,1138.5,TRUE,0,1815,-1875,2101.05,2101.05,1815,1811.72,1137.8,TRUE,0,1815,-1811.72,3630,-3686.72,FALSE,0,0,TRUE
2026-01-27T21:28:30Z,REV_TW1_U_21,6,TRUE,4,1,0,0,2016,0,0,0,0,,,0,0,0,0,,,,,3630,-3686,1.42,0.68,,,,18,,,,,0,,,,0,0,0,0,34800,34900,34700,,,,0,60.0032,0,,128643,113212,,,,,,9,0,0,0,0,0,0,0,0,,0,,0,0,0,13,0,2134.08,0,100,0,0,0,0,,,0,0,0,0,0,0,,,,,,28,25,26,,,0,24,48,FALSE,TRUE,FALSE,0,2,4,6,0,342,4200,16416,1500,-1500,0,0,35,14.155,77.4,0,999,99,999,999,999,999,999,999,2,1,0,0,0,1,2,1,1,0,0,8,1,0,0,-33526,0,7512,0,0,0,0,0,0,0,0,0,694.307,2100,2100,1815,1875,1138.5,TRUE,0,1815,-1875,2101.05,2101.05,1815,1811.72,1137.8,TRUE,0,1815,-1811.72,3630,-3686.72,FALSE,0,0,TRUE
2026-01-27T21:28:32Z,REV_TW1_U_21,6,TRUE,4,1,0,0,2016,0,0,0,0,,,0,0,0,0,,,,,3630,-3686,1.42,0.68,,,,18,,,,,0,,,,0,0,0,0,34800,34900,34700,,,,0,60.006,0,,128643,113212,,,,,,9,0,0,0,0,0,0,0,0,,0,,0,0,0,13,0,2134.08,0,100,0,0,0,0,,,0,0,0,0,0,0,,,,,,28,25,26,,,0,24,48,FALSE,TRUE,FALSE,0,2,4,6,0,342,4200,16416,1500,-1500,0,0,35,14.155,77.4,0,999,999,999,999,999,999,999,999,2,1,0,0,0,1,2,1,1,0,0,8,1,0,0,-33526,0,7514,0,0,0,0,0,0,0,0,0,694.307,2100,2100,1815,1875,1138.5,TRUE,0,1815,-1875,2101.05,2101.05,1815,1811.72,1137.8,TRUE,0,1815,-1811.72,3630,-3686.72,FALSE,0,0,TRUE
2026-01-27T21:28:34Z,REV_TW1_U_21,6,TRUE,4,1,0,0,2016,0,0,0,0,,,0,0,0,0,,,,,3630,-3686,1.42,0.68,,,,18,,,,,0,,,,0,0,0,0,34800,34900,34700,,,,0,60.0091,0,,128643,113212,,,,,,9,0,0,0,0,0,0,0,0,,0,,0,0,0,13,0,2134.08,0,100,0,0,0,0,,,0,0,0,0,0,0,,,,,,28,11,24,,,0,24,48,FALSE,FALSE,FALSE,0,2,4,6,0,342,4200,16416,1500,-1500,0,0,35,14.155,77.4,0,999,999,999,999,999,999,999,999,2,1,0,0,0,1,2,1,1,0,0,8,1,0,0,-33526,0,7516,0,0,0,0,0,0,0,0,0,694.307,2100,2100,1815,1875,1138.5,TRUE,0,1815,-1875,2101.05,2101.05,1815,1811.72,1137.8,TRUE,0,1815,-1811.72,3630,-3686.72,FALSE,0,0,TRUE
2026-01-27T21:28:36Z,REV_TW1_U_21,6,TRUE,4,1,0,0,2016,0,0,0,0,,,0,0,0,0,,,,,3630,-3686,1.42,0.68,,,,18,,,,,0,,,,0,0,0,0,34800,34900,34700,,,,0,60.0134,0,,128643,113212,,,,,,9,0,0,0,0,0,0,0,0,,0,,0,0,0,13,0,2134.08,0,100,0,0,0,0,,,0,0,0,0,0,0,,,,,,28,11,24,,,0,48,48,FALSE,FALSE,FALSE,0,2,4,6,0,342,4200,16416,1500,-1500,0,0,35,14.155,77.4,0,999,999,999,999,999,999,999,999,2,1,0,0,0,1,2,1,1,0,0,8,1,0,0,-33526,0,7518,0,0,0,0,0,0,0,0,0,694.307,2100,2100,1815,1875,1138.5,TRUE,0,1815,-1875,2101.05,2101.05,1815,1811.72,1137.8,TRUE,0,1815,-1811.72,3630,-3686.72,FALSE,0,0,TRUE
2026-01-27T21:28:38Z,REV_TW1_U_21,6,TRUE,4,1,0,0,2016,0,0,0,0,,,0,0,0,0,,,,,3630,-3686,1.42,0.68,,,,18,,,,,0,,,,0,0,0,0,34800,34900,34700,,,,0,60.0145,0,,128643,113212,,,,,,9,0,0,0,0,0,0,0,0,,0,,0,0,0,13,0,2134.08,0,100,0,0,0,0,,,0,0,0,0,0,0,,,,,,28,11,24,,,0,48,48,FALSE,FALSE,FALSE,0,2,4,6,0,342,4200,16416,1500,-1500,0,0,35,14.155,77.4,0,999,999,999,999,999,999,999,999,2,1,0,0,0,1,2,1,1,0,0,8,1,0,0,-33526,0,7520,0,0,0,0,0,0,0,0,0,694.307,2100,2100,1815,1875,1138.5,TRUE,0,1815,-1875,2101.05,2101.05,1815,1811.72,1137.8,TRUE,0,1815,-1811.72,3630,-3686.72,FALSE,0,0,TRUE
2026-01-27T21:28:40Z,REV_TW1_U_21,6,TRUE,4,1,0,0,2016,0,0,0,0,,,0,0,0,0,,,,,3630,-3686,1.42,0.68,,,,18,,,,,0,,,,0,0,0,0,34800,34900,34700,,,,0,60.0144,0,,128643,113212,,,,,,9,0,0,0,0,0,0,0,0,,0,,0,0,0,13,0,2134.08,0,100,0,0,0,0,,,0,0,0,0,0,0,,,,,,28,11,24,,,0,48,48,FALSE,FALSE,FALSE,0,2,4,6,0,342,4200,16416,1500,-1500,0,0,35,14.155,77.4,0,999,999,999,999,999,999,999,999,2,1,0,0,0,1,2,1,1,0,0,8,1,0,0,-33526,0,7522,0,0,0,0,0,0,0,0,0,694.307,2100,2100,1815,1875,1138.5,TRUE,0,1815,-1875,2101.05,2101.05,1815,1811.72,1137.8,TRUE,0,1815,-1811.72,3630,-3686.72,FALSE,0,0,TRUE
2026-01-27T21:28:42Z,REV_TW1_U_21,6,TRUE,4,1,0,0,2016,0,0,0,0,,,0,0,0,0,,,,,3630,-3686,1.42,0.68,,,,18,,,,,0,,,,0,0,0,0,34800,34900,34700,,,,0,60.012,0,,128643,113212,,,,,,9,0,0,0,0,0,0,0,0,,0,,0,0,0,13,0,2134.08,0,100,0,0,0,0,,,0,0,0,0,0,0,,,,,,28,11,24,,,0,48,48,FALSE,FALSE,FALSE,0,2,4,6,0,342,4200,16416,1500,-1500,0,0,35,14.155,77.4,0,999,999,999,999,999,999,999,999,2,1,0,0,0,1,2,1,1,0,0,8,1,0,0,-33526,0,7524,0,0,0,0,0,0,0,0,0,694.307,2100,2100,1815,1875,1138.5,TRUE,0,1815,-1875,2101.05,2101.05,1815,1811.72,1137.8,TRUE,0,1815,-1811.72,3630,-3686.72,FALSE,0,0,TRUE
2026-01-27T21:28:44Z,REV_TW1_U_21,6,TRUE,4,1,0,0,2016,0,0,0,0,,,0,0,0,0,,,,,3630,-3686,1.42,0.68,,,,18,,,,,0,,,,0,0,0,0,34800,34900,34700,,,,0,60.0143,0,,128643,113212,,,,,,9,0,0,0,0,0,0,0,0,,0,,0,0,0,13,0,2134.08,0,100,0,0,0,0,,,0,0,0,0,0,0,,,,,,28,11,24,,,0,48,48,FALSE,FALSE,FALSE,0,2,4,6,0,342,4200,16416,1500,-1500,0,0,35,14.155,77.4,0,999,999,999,999,999,999,999,999,2,1,0,0,0,1,2,1,1,0,0,8,1,0,0,-33526,0,7526,0,0,0,0,0,0,0,0,0,694.307,2100,2100,1815,1875,1138.5,TRUE,0,1815,-1875,2101.05,2101.05,1815,1811.72,1137.8,TRUE,0,1815,-1811.72,3630,-3686.72,FALSE,0,0,TRUE
2026-01-27T21:28:46Z,REV_TW1_U_21,6,TRUE,4,1,0,0,2016,0,0,0,0,,,0,0,0,0,,,,,3630,-3686,1.42,0.68,,,,18,,,,,0,,,,0,0,0,0,34800,34900,34700,,,,0,60.014,0,,128643,113212,,,,,,9,0,0,0,0,0,0,0,0,,0,,0,0,0,13,0,2134.08,0,100,0,0,0,0,,,0,0,0,0,0,0,,,,,,28,11,24,,,0,48,48,FALSE,FALSE,FALSE,0,2,4,6,0,342,4200,16416,1500,-1500,0,0,35,14.155,77.4,0,999,999,999,999,999,999,999,999,2,1,0,0,0,1,2,1,1,0,0,8,1,0,0,-33526,0,7528,0,0,0,0,0,0,0,0,0,694.307,2100,2100,1815,1875,1138.5,TRUE,0,1815,-1875,2101.05,2101.05,1815,1811.72,1137.8,TRUE,0,1815,-1811.72,3630,-3686.72,FALSE,0,0,TRUE
2026-01-27T21:28:48Z,REV_TW1_U_21,6,TRUE,4,1,0,0,2016,0,0,0,0,,,0,0,0,0,,,,,3630,-3686,1.42,0.68,,,,18,,,,,0,,,,0,0,0,0,34800,34900,34700,,,,0,60.0107,0,,128643,113212,,,,,,9,0,0,0,0,0,0,0,0,,0,,0,0,0,13,0,2134.08,0,100,0,0,0,0,,,0,0,0,0,0,0,,,,,,28,11,24,,,0,48,48,FALSE,FALSE,FALSE,0,2,4,6,0,342,4200,16416,1500,-1500,0,0,35,14.155,77.4,0,999,999,999,999,999,999,999,999,2,1,0,0,0,1,2,1,1,0,0,8,1,0,0,-33526,0,7530,0,0,0,0,0,0,0,0,0,685.623,2100,2100,1815,1875,1138.5,TRUE,0,1815,-1875,2101.05,2101.05,1815,1811.72,1137.8,TRUE,0,1815,-1811.72,3630,-3686.72,FALSE,0,0,TRUE
2026-01-27T21:28:50Z,REV_TW1_U_21,6,TRUE,4,1,0,0,2016,0,0,0,0,,,0,0,0,0,,,,,3630,-3686,1.42,0.68,,,,18,,,,,0,,,,0,0,0,0,34800,34900,34700,,,,0,60.014,0,,128643,113212,,,,,,9,0,0,0,0,0,0,0,0,,0,,0,0,0,13,0,2134.08,0,100,0,0,0,0,,,0,0,0,0,0,0,,,,,,28,11,24,,,0,48,48,FALSE,FALSE,FALSE,0,2,4,6,0,342,4200,16416,1500,-1500,0,0,35,14.155,77.4,0,999,999,999,999,999,999,999,999,2,1,0,0,0,1,2,1,1,0,0,8,1,0,0,-33526,0,7531,0,0,0,0,0,0,0,0,0,685.623,2100,2100,1815,1875,1138.5,TRUE,0,1815,-1875,2101.05,2101.05,1815,1811.72,1137.8,TRUE,0,1815,-1811.72,3630,-3686.72,FALSE,0,0,TRUE
2026-01-27T21:28:52Z,REV_TW1_U_21,6,TRUE,4,1,0,0,2016,0,0,0,0,,,0,0,0,0,,,,,3630,-3686,1.42,0.68,,,,18,,,,,0,,,,0,0,0,0,34800,34900,34700,,,,0,60.0127,0,,128643,113212,,,,,,9,0,0,0,0,0,0,0,0,,0,,0,0,0,13,0,2134.08,0,100,0,0,0,0,,,0,0,0,0,0,0,,,,,,28,11,24,,,0,48,48,FALSE,FALSE,FALSE,0,2,4,6,0,342,4200,16416,1500,-1500,0,0,35,14.155,77.4,0,999,99,999,999,999,999,999,999,2,1,0,0,0,1,2,1,1,0,0,8,1,0,0,-33526,0,7534,0,0,0,0,0,0,0,0,0,685.623,2100,2100,1815,1875,1138.5,TRUE,0,1815,-1875,2101.05,2101.05,1815,1811.72,1137.8,TRUE,0,1815,-1811.72,3630,-3686.72,FALSE,0,0,TRUE
2026-01-27T21:28:54Z,REV_TW1_U_21,6,TRUE,4,1,0,0,2016,0,0,0,0,,,0,0,0,0,,,,,3630,-3686,1.42,0.68,,,,18,,,,,0,,,,0,0,0,0,34800,34900,34700,,,,0,60.0135,0,,128643,113212,,,,,,9,0,0,0,0,0,0,0,0,,0,,0,0,0,13,0,2134.08,0,100,0,0,0,0,,,0,0,0,0,0,0,,,,,,28,11,24,,,0,48,48,FALSE,FALSE,FALSE,0,2,4,6,0,342,4200,16416,1500,-1500,0,0,35,14.155,77.4,0,999,999,999,999,999,999,999,999,2,1,0,0,0,1,2,1,1,0,0,8,1,0,0,-33526,0,7536,0,0,0,0,0,0,0,0,0,685.623,2100,2100,1815,1875,1138.5,TRUE,0,1815,-1875,2101.05,2101.05,1815,1811.72,1137.8,TRUE,0,1815,-1811.72,3630,-3686.72,FALSE,0,0,TRUE
2026-01-27T21:28:56Z,REV_TW1_U_21,6,TRUE,4,1,0,0,2016,0,0,0,0,,,0,0,0,0,,,,,3630,-3686,1.42,0.68,,,,19,,,,,0,,,,0,0,0,0,34800,34900,34700,,,,0,60.0136,0,,128643,113212,,,,,,9,0,0,0,0,0,0,0,0,,0,,0,0,0,13,0,2134.08,0,100,0,0,0,0,,,0,0,0,0,0,0,,,,,,28,11,24,,,0,24,48,FALSE,FALSE,FALSE,0,2,4,6,0,342,4200,16416,1500,-1500,0,0,35,14.155,77.4,0,999,999,999,999,999,999,999,999,2,1,0,0,0,1,2,1,1,0,0,8,1,0,0,-33526,0,7537,0,0,0,0,0,0,0,0,0,685.623,2100,2100,1815,1875,1138.5,TRUE,0,1815,-1875,2101.05,2101.05,1815,1811.72,1137.8,TRUE,0,1815,-1811.72,3630,-3686.72,FALSE,0,0,TRUE
2026-01-27T21:28:58Z,REV_TW1_U_21,6,TRUE,4,1,0,0,2016,0,0,0,0,,,0,0,0,0,,,,,3630,-3686,1.42,0.68,,,,18,,,,,0,,,,0,0,0,0,34800,34900,34700,,,,0,60.0086,0,,128643,113212,,,,,,9,0,0,0,0,0,0,0,0,,0,,0,0,0,13,0,2134.08,0,100,0,0,0,0,,,0,0,0,0,0,0,,,,,,28,11,24,,,0,24,48,FALSE,FALSE,FALSE,0,2,4,6,0,342,4200,16416,1500,-1500,0,0,35,14.155,77.4,0,999,99,999,999,999,999,999,999,2,1,0,0,0,1,2,1,1,0,0,8,1,0,0,-33526,0,7540,0,0,0,0,0,0,0,0,0,685.623,2100,2100,1815,1875,1138.5,TRUE,0,1815,-1875,2101.05,2101.05,1815,1811.72,1137.8,TRUE,0,1815,-1811.72,3630,-3686.72,FALSE,0,0,TRUE
2026-01-27T21:29:00Z,REV_TW1_U_21,6,TRUE,4,1,0,0,2016,0,0,0,0,,,0,0,0,0,,,,,3630,-3686,1.42,0.68,,,,18,,,,,0,,,,0,0,0,0,34800,34900,34700,,,,0,60.0053,0,,128643,113212,,,,,,9,0,0,0,0,0,0,0,0,,0,,0,0,0,13,0,2134.08,0,100,0,0,0,0,,,0,0,0,0,0,0,,,,,,28,11,24,,,0,24,48,FALSE,FALSE,FALSE,0,2,4,6,0,342,4200,16416,1500,-1500,0,0,35,14.155,77.4,0,999,99,999,999,999,999,999,999,2,1,0,0,0,1,2,1,1,0,0,8,1,0,0,-33526,0,7542,0,0,0,0,0,0,0,0,0,685.623,2100,2100,1815,1875,1138.5,TRUE,0,1815,-1875,2101.05,2101.05,1815,1811.72,1137.8,TRUE,0,1815,-1811.72,3630,-3686.72,FALSE,0,0,TRUE
2026-01-27T21:29:02Z,REV_TW1_U_21,6,TRUE,4,1,0,0,2016,0,0,0,0,,,0,0,0,0,,,,,3630,-3686,1.42,0.68,,,,19,,,,,0,,,,0,0,0,0,34800,34900,34700,,,,0,60.001,0,,128643,113212,,,,,,9,0,0,0,0,0,0,0,0,,0,,0,0,0,13,0,2134.08,0,100,0,0,0,0,,,0,0,0,0,0,0,,,,,,28,11,24,,,0,24,48,FALSE,FALSE,FALSE,0,2,4,6,0,342,4200,16416,1500,-1500,0,0,35,14.155,77.4,0,999,99,999,999,999,999,999,999,2,1,0,0,0,1,2,1,1,0,0,8,1,0,0,-33526,0,7544,0,0,0,0,0,0,0,0,0,685.623,2100,2100,1815,1875,1138.5,TRUE,0,1815,-1875,2101.05,2101.05,1815,1811.72,1137.8,TRUE,0,1815,-1811.72,3630,-3686.72,FALSE,0,0,TRUE
2026-01-27T21:29:04Z,REV_TW1_U_21,6,TRUE,4,1,0,0,2016,0,0,0,0,,,0,0,0,0,,,,,3630,-3686,1.42,0.68,,,,19,,,,,0,,,,0,0,0,0,34800,34900,34700,,,,0,59.9949,0,,128643,113212,,,,,,9,0,0,0,0,0,0,0,0,,0,,0,0,0,13,0,2134.08,0,100,0,0,0,0,,,0,0,0,0,0,0,,,,,,28,11,24,,,0,24,48,FALSE,FALSE,FALSE,0,2,4,6,0,342,4200,16416,1500,-1500,0,0,35,14.155,77.4,0,999,999,999,999,999,999,999,999,2,1,0,0,0,1,2,1,1,0,0,8,1,0,0,-33526,0,7546,0,0,0,0,0,0,0,0,0,685.623,2100,2100,1815,1875,1138.5,TRUE,0,1815,-1875,2101.05,2101.05,1815,1811.72,1137.8,TRUE,0,1815,-1811.72,3630,-3686.72,FALSE,0,0,TRUE
2026-01-27T21:29:06Z,REV_TW1_U_21,6,TRUE,4,1,0,0,2016,0,0,0,0,,,0,0,0,0,,,,,3630,-3686,1.42,0.68,,,,19,,,,,0,,,,0,0,0,0,34800,34900,34700,,,,0,59.9911,0,,128643,113212,,,,,,9,0,0,0,0,0,0,0,0,,0,,0,0,0,13,0,2134.08,0,100,0,0,0,0,,,0,0,0,0,0,,,,,,,28,11,24,,,0,24,48,FALSE,FALSE,FALSE,0,2,3,6,0,342,4200,16416,1500,-1500,0,0,35,14.155,77.4,0,999,999,999,999,999,999,999,99,2,1,0,0,0,1,2,1,1,0,0,8,1,0,0,-33526,0,7548,0,0,0,0,0,0,0,0,0,685.623,2100,2100,1815,1875,1138.5,TRUE,0,1815,-1875,2101.05,2101.05,1815,1811.72,1137.8,TRUE,0,1815,-1811.72,3630,-3686.72,FALSE,0,0,TRUE
2026-01-27T21:29:08Z,REV_TW1_U_21,6,TRUE,4,1,0,0,2016,0,0,0,0,,,0,0,0,0,,,,,3630,-3686,1.42,0.68,,,,19,,,,,0,,,,0,0,0,0,34800,34900,34700,,,,0,59.9882,0,,128643,113212,,,,,,9,0,0,0,0,0,0,0,0,,0,,0,0,0,13,0,2134.08,0,100,0,0,0,0,,,0,0,0,0,0,,,,,,,28,11,24,,,0,24,48,FALSE,FALSE,FALSE,0,2,3,6,0,342,4200,16416,1500,-1500,0,0,35,14.155,77.4,0,999,99,999,999,999,999,999,99,2,1,0,0,0,1,2,1,1,0,0,8,1,0,0,-33526,0,7550,0,0,0,0,0,0,0,0,0,685.623,2100,2100,1815,1875,1138.5,TRUE,0,1815,-1875,2101.05,2101.05,1815,1811.72,1137.8,TRUE,0,1815,-1811.72,3630,-3686.72,FALSE,0,0,TRUE
2026-01-27T21:29:10Z,REV_TW1_U_21,6,TRUE,4,1,0,0,2016,0,0,0,0,,,0,0,0,0,,,,,3630,-3686,1.42,0.68,,,,19,,,,,0,,,,0,0,0,0,34800,34900,34700,,,,0,59.9869,0,,128643,113212,,,,,,9,0,0,0,0,0,0,0,0,,0,,0,0,0,13,0,2134.08,0,100,0,0,0,0,,,0,0,0,0,0,,,,,,,28,11,24,,,0,24,48,FALSE,FALSE,FALSE,0,2,3,6,0,342,4200,16416,1500,-1500,0,0,35,14.155,1.7,0,999,999,999,999,999,999,999,999,2,1,0,0,0,1,2,1,1,0,0,8,1,0,0,-33526,0,7552,0,0,0,0,0,0,0,0,0,685.623,2100,2100,1815,1875,1138.5,TRUE,0,1815,-1875,2101.05,2101.05,1815,1811.72,1137.8,TRUE,0,1815,-1811.72,3630,-3686.72,FALSE,0,0,TRUE
2026-01-27T21:29:12Z,REV_TW1_U_21,6,TRUE,4,1,0,0,2016,0,0,0,0,,,0,0,0,0,,,,,3630,-3686,1.42,0.68,,,,19,,,,,0,,,,0,0,0,0,34800,34900,34700,,,,0,59.987,0,,128643,113212,,,,,,9,0,0,0,0,0,0,0,0,,0,,0,0,0,13,0,2134.08,0,100,0,0,0,0,,,0,0,0,0,0,,,,,,,28,11,24,,,0,24,48,FALSE,FALSE,FALSE,0,2,3,6,0,342,4200,16416,1500,-1500,0,0,35,14.155,1.7,0,999,999,999,999,999,999,999,999,2,1,0,0,0,1,2,1,1,0,0,8,1,0,0,-33526,0,7553,0,0,0,0,0,0,0,0,0,685.623,2100,2100,1815,1875,1138.5,TRUE,0,1815,-1875,2101.05,2101.05,1815,1811.72,1137.8,TRUE,0,1815,-1811.72,3630,-3686.72,FALSE,0,0,TRUE
2026-01-27T21:29:14Z,REV_TW1_U_21,6,TRUE,4,1,0,0,2016,0,0,0,0,,,0,0,0,0,,,,,3630,-3686,1.42,0.68,,,,19,,,,,0,,,,0,0,0,0,34800,34900,34700,,,,0,59.9897,0,,128643,113212,,,,,,9,0,0,0,0,0,0,0,0,,0,,0,0,0,13,0,2134.08,0,100,0,0,0,0,,,0,0,0,0,0,,,,,,,28,11,24,,,0,24,48,FALSE,FALSE,FALSE,0,2,3,6,0,342,4200,16416,1500,-1500,0,0,35,14.155,1.7,0,999,999,999,999,999,999,999,999,2,1,0,0,0,1,2,1,1,0,0,8,1,0,0,-33526,0,7556,0,0,0,0,0,0,0,0,0,685.623,2100,2100,1815,1875,1138.5,TRUE,0,1815,-1875,2101.05,2101.05,1815,1811.72,1137.8,TRUE,0,1815,-1811.72,3630,-3686.72,FALSE,0,0,TRUE
2026-01-27T21:29:16Z,REV_TW1_U_21,6,TRUE,4,1,0,0,2016,0,0,0,0,,,0,0,0,0,,,,,3630,-3686,1.42,0.68,,,,19,,,,,0,,,,0,0,0,0,34800,34900,34700,,,,0,59.9925,0,,128643,113212,,,,,,9,0,0,0,0,0,0,0,0,,0,,0,0,0,13,0,2134.08,0,100,0,0,0,0,,,0,0,0,0,0,,,,,,,28,11,24,,,0,24,48,FALSE,FALSE,FALSE,0,2,3,6,0,342,4200,16416,1500,-1500,0,0,35,14.155,1.7,0,999,99,999,999,999,999,999,999,2,1,0,0,0,1,2,1,1,0,0,8,1,0,0,-33526,0,7558,0,0,0,0,0,0,0,0,0,685.623,2100,2100,1815,1875,1138.5,TRUE,0,1815,-1875,2101.05,2101.05,1815,1811.72,1137.8,TRUE,0,1815,-1811.72,3630,-3686.72,FALSE,0,0,TRUE
2026-01-27T21:29:18Z,REV_TW1_U_21,6,TRUE,4,1,0,0,2016,0,0,0,0,,,0,0,0,0,,,,,3630,-3686,1.42,0.68,,,,19,,,,,0,,,,0,0,0,0,34800,34900,34700,,,,0,59.9956,0,,128643,113212,,,,,,9,0,0,0,0,0,0,0,0,,0,,0,0,0,13,0,2134.08,0,100,0,0,0,0,,,0,0,0,0,0,,,,,,,28,11,24,,,0,24,48,TRUE,FALSE,FALSE,0,2,3,6,0,342,4200,16416,1500,-1500,0,0,35,14.155,1.7,0,999,99,999,999,999,999,999,999,2,1,0,0,0,1,2,1,1,0,0,8,1,0,0,-33526,0,7559,1048576,0,0,0,0,0,0,0,0,685.623,2100,2100,1815,1875,1138.5,TRUE,0,1815,-1875,2101.05,2101.05,1815,1811.72,1137.8,TRUE,0,1815,-1811.72,3630,-3686.72,FALSE,0,0,TRUE
2026-01-27T21:29:20Z,REV_TW1_U_21,6,TRUE,4,1,0,0,2016,0,0,0,0,,,0,0,0,0,,,,,3630,-3686,1.42,0.68,,,,19,,,,,0,,,,0,0,0,0,34800,34900,34700,,,,0,59.9974,0,,128643,113212,,,,,,9,0,0,0,0,0,0,0,0,,0,,0,0,0,13,0,2134.08,0,100,0,0,0,0,,,0,0,0,0,0,,,,,,,28,11,24,,,0,24,48,TRUE,FALSE,FALSE,0,2,3,6,0,342,4200,16416,1500,-1500,0,0,35,14.155,1.7,0,999,999,999,999,999,999,999,999,2,1,0,0,2053,1,2,1,1,0,0,8,1,0,0,-33526,0,7561,1048576,0,0,0,0,0,0,0,0,685.623,2100,2100,1815,1875,1138.5,TRUE,0,1815,-1875,2101.05,2101.05,1815,1811.72,1137.8,TRUE,0,1815,-1811.72,3630,-3686.72,FALSE,0,0,TRUE
2026-01-27T21:29:22Z,REV_TW1_U_21,6,TRUE,4,1,0,0,2016,0,0,0,0,,,0,0,0,0,,,,,3630,-3686,1.42,0.68,,,,19,,,,,0,,,,0,0,0,0,34800,34900,34700,,,,0,59.9904,0,,128643,113212,,,,,,9,0,0,0,0,0,0,0,0,,0,,0,0,0,13,0,2134.08,0,100,0,0,0,0,,,0,0,0,0,0,,,,,,,28,11,24,,,0,24,48,TRUE,FALSE,FALSE,0,2,3,6,0,342,4200,16416,1500,-1500,0,0,35,14.155,1.7,0,999,999,999,999,999,999,999,999,2,1,0,0,2053,1,2,1,1,0,0,8,1,0,0,-33526,0,7563,1048576,0,0,0,0,0,0,0,0,685.623,2100,2100,1815,1875,1138.5,TRUE,0,1815,-1875,2101.05,2101.05,1815,1811.72,1137.8,TRUE,0,1815,-1811.72,3630,-3686.72,FALSE,0,0,TRUE
2026-01-27T21:29:24Z,REV_TW1_U_21,6,TRUE,4,1,0,0,2016,0,0,0,0,,,0,0,0,0,,,,,3630,-3686,1.42,0.68,,,,18,,,,,0,,,,0,0,0,0,34800,34900,34700,,,,0,59.9915,0,,128643,113212,,,,,,9,0,0,0,0,0,0,0,0,,0,,0,0,0,13,0,2134.08,0,100,0,0,0,0,,,0,0,0,0,0,,,,,,,28,11,24,,,0,24,48,TRUE,FALSE,FALSE,0,2,3,6,0,342,4200,16416,1500,-1500,0,0,35,14.155,1.7,0,999,999,999,999,999,999,999,999,2,1,0,0,2053,1,2,1,1,0,0,8,1,0,0,-33526,0,7566,1048576,0,0,0,0,0,0,0,0,685.623,2100,2100,1815,1875,1138.5,TRUE,0,1815,-1875,2101.05,2101.05,1815,1811.72,1137.8,TRUE,0,1815,-1811.72,3630,-3686.72,FALSE,0,0,TRUE
2026-01-27T21:29:26Z,REV_TW1_U_21,6,TRUE,4,1,0,0,2016,0,0,0,0,,,0,0,0,0,,,,,3630,-3686,1.42,0.68,,,,19,,,,,0,,,,0,0,0,0,34800,34900,34700,,,,0,59.9886,0,,128643,113212,,,,,,9,0,0,0,0,0,0,0,0,,0,,0,0,0,13,0,2134.08,0,100,0,0,0,0,,,0,0,0,0,0,,,,,,,28,11,24,,,0,24,48,TRUE,FALSE,FALSE,0,2,3,6,0,342,4200,16416,1500,-1500,0,0,35,14.155,1.7,0,999,99,999,999,999,999,999,999,2,1,0,0,2053,1,2,1,1,0,0,8,1,0,0,-33526,0,7567,1048576,0,0,0,0,0,0,0,0,685.623,2100,2100,1815,1875,1138.5,TRUE,0,1815,-1875,2101.05,2101.05,1815,1811.72,1137.8,TRUE,0,1815,-1811.72,3630,-3686.72,FALSE,0,0,TRUE
2026-01-27T21:29:28Z,REV_TW1_U_21,6,TRUE,4,1,0,0,2016,0,0,0,0,,,0,0,0,0,,,,,3630,-3686,1.42,0.68,,,,19,,,,,0,,,,0,0,0,0,34800,34900,34700,,,,0,59.9881,0,,128643,113212,,,,,,9,0,0,0,0,0,0,0,0,,0,,0,0,0,13,0,2134.08,0,100,0,0,0,0,,,0,0,0,0,0,,,,,,,28,11,24,,,0,24,48,TRUE,FALSE,FALSE,0,2,3,6,0,342,4200,16416,1500,-1500,0,0,35,14.155,1.7,0,999,99,999,999,999,999,999,99,2,1,0,0,2053,1,2,1,1,0,0,8,1,0,0,-33526,0,7569,1048576,0,0,0,0,0,0,0,0,685.623,2100,2100,1815,1875,1138.5,TRUE,0,1815,-1875,2101.05,2101.05,1815,1811.72,1137.8,TRUE,0,1815,-1811.72,3630,-3686.72,FALSE,0,0,TRUE
2026-01-27T21:29:30Z,REV_TW1_U_21,6,TRUE,4,1,0,0,2016,0,0,0,0,,,0,0,0,0,,,,,3630,-3686,1.42,0.68,,,,19,,,,,0,,,,0,0,0,0,34800,34900,34700,,,,0,59.984,0,,128643,113212,,,,,,9,0,0,0,0,0,0,0,0,,0,,0,0,0,13,0,2134.08,0,100,0,0,0,0,,,0,0,0,0,0,,,,,,,28,11,24,,,0,24,48,TRUE,FALSE,FALSE,0,2,3,6,0,342,4200,16416,1500,-1500,0,0,35,14.155,1.7,0,999,999,999,999,999,999,999,999,2,1,0,0,2053,1,2,1,1,0,0,8,1,0,0,-33526,0,7571,1048576,0,0,0,0,0,0,0,0,685.623,2100,2100,1815,1875,1138.5,TRUE,0,1815,-1875,2101.05,2101.05,1815,1811.72,1137.8,TRUE,0,1815,-1811.72,3630,-3686.72,FALSE,0,0,TRUE
2026-01-27T21:29:32Z,REV_TW1_U_21,6,TRUE,4,1,0,0,2016,0,0,0,0,,,0,0,0,0,,,,,3630,-3686,1.42,0.68,,,,19,,,,,0,,,,0,0,0,0,34800,34900,34700,,,,0,59.9872,0,,128643,113212,,,,,,9,0,0,0,0,0,0,0,0,,0,,0,0,0,13,0,2134.08,0,100,0,0,0,0,,,0,0,0,0,0,,,,,,,28,11,24,,,0,24,48,TRUE,FALSE,FALSE,0,2,3,6,0,342,4200,16416,1500,-1500,0,0,35,14.155,1.7,0,999,999,999,999,999,999,999,999,2,1,0,0,2053,1,2,1,1,0,0,8,1,0,0,-33526,0,7573,1048576,0,0,0,0,0,0,0,0,685.623,2100,2100,1815,1875,1138.5,TRUE,0,1815,-1875,2101.05,2101.05,1815,1811.72,1137.8,TRUE,0,1815,-1811.72,3630,-3686.72,FALSE,0,0,TRUE
2026-01-27T21:29:34Z,REV_TW1_U_21,6,TRUE,4,1,0,0,2016,0,0,0,0,,,0,0,0,0,,,,,3630,-3686,1.42,0.68,,,,19,,,,,0,,,,0,0,0,0,34800,34900,34700,,,,0,59.9877,0,,128643,113212,,,,,,9,0,0,0,0,0,0,0,0,,0,,0,0,0,13,0,2134.08,0,100,0,0,0,0,,,0,0,0,0,0,,,,,,,28,25,26,,,0,24,48,TRUE,TRUE,FALSE,0,2,3,6,0,342,4200,16416,1500,-1500,0,0,35,14.155,1.7,0,999,999,999,999,999,999,999,99,2,1,0,0,2053,1,2,1,1,0,0,8,1,0,0,-33526,0,7575,1048576,0,0,0,0,0,0,0,0,685.623,2100,2100,1815,1875,1138.5,TRUE,0,1815,-1875,2101.05,2101.05,1815,1811.72,1137.8,TRUE,0,1815,-1811.72,3630,-3686.72,FALSE,0,0,TRUE
2026-01-27T21:29:36Z,REV_TW1_U_21,6,TRUE,4,1,0,0,2016,0,0,0,0,,,0,0,0,0,,,,,3630,-3686,1.42,0.68,,,,19,,,,,0,,,,0,0,0,0,34800,34900,34700,,,,0,59.9871,0,,128643,113212,,,,,,9,0,0,0,0,0,0,0,0,,0,,0,0,0,13,0,2134.08,0,100,0,0,0,0,,,0,0,0,0,0,,,,,,,28,25,26,,,0,48,48,TRUE,TRUE,FALSE,0,2,3,6,0,342,4200,16416,1500,-1500,0,0,35,14.155,1.7,0,999,999,999,999,999,999,999,99,2,1,0,0,2053,1,2,1,1,0,0,8,1,0,0,-33526,0,7577,1048576,0,0,0,0,0,0,0,0,685.623,2100,2100,1815,1875,1138.5,TRUE,0,1815,-1875,2101.05,2101.05,1815,1811.72,1137.8,TRUE,0,1815,-1811.72,3630,-3686.72,FALSE,0,0,TRUE
2026-01-27T21:29:38Z,REV_TW1_U_21,6,TRUE,4,1,0,0,2016,0,0,0,0,,,0,0,0,0,,,,,3630,-3686,1.42,0.68,,,,19,,,,,0,,,,0,0,0,0,34800,34900,34700,,,,0,59.9922,0,,128643,113212,,,,,,9,0,0,0,0,0,0,0,0,,0,,0,0,0,13,0,2134.08,0,100,0,0,0,0,,,0,0,0,0,0,,,,,,,28,25,26,,,0,48,48,TRUE,TRUE,FALSE,0,2,3,6,0,342,4200,16416,1500,-1500,0,0,35,14.155,1.7,0,999,999,999,999,999,999,999,99,2,1,0,0,2053,1,2,1,1,0,0,8,1,0,0,-33526,0,7579,1048576,0,0,0,0,0,0,0,0,685.623,2100,2100,1815,1875,1138.5,TRUE,0,1815,-1875,2101.05,2101.05,1815,1811.72,1137.8,TRUE,0,1815,-1811.72,3630,-3686.72,FALSE,0,0,TRUE
2026-01-27T21:29:40Z,REV_TW1_U_21,6,TRUE,4,1,0,0,2016,0,0,0,0,,,0,0,0,0,,,,,3630,-3686,1.42,0.68,,,,19,,,,,0,,,,0,0,0,0,34800,34900,34800,,,,0,60.0021,0,,128643,113212,,,,,,9,0,0,0,0,0,0,0,0,,0,,0,0,0,13,0,2134.08,0,100,0,0,0,0,,,0,0,0,0,0,,,,,,,28,25,26,,,0,48,48,FALSE,TRUE,FALSE,0,2,3,6,0,342,4200,16416,1500,-1500,0,0,35,14.155,1.7,0,999,99,999,999,999,999,999,999,2,1,0,0,0,1,2,1,1,0,0,8,1,0,0,-33526,0,7581,0,0,0,0,0,0,0,0,0,685.623,2100,2100,1815,1875,1138.5,TRUE,0,1815,-1875,2101.05,2101.05,1815,1811.72,1137.8,TRUE,0,1815,-1811.72,3630,-3686.72,FALSE,0,0,TRUE
2026-01-27T21:29:42Z,REV_TW1_U_21,6,TRUE,4,1,0,0,2016,0,0,0,0,,,0,0,0,0,,,,,3630,-3686,1.42,0.68,,,,19,,,,,0,,,,0,0,0,0,34900,34900,34700,,,,0,60.0059,0,,128643,113212,,,,,,9,0,0,0,0,0,0,0,0,,0,,0,0,0,13,0,2134.08,0,100,0,0,0,0,,,0,0,0,0,0,,,,,,,28,25,26,,,0,48,48,FALSE,TRUE,FALSE,0,2,3,6,0,342,4200,16416,1500,-1500,0,0,35,14.155,1.7,0,999,99,999,999,999,999,999,999,2,1,0,0,0,1,2,1,1,0,0,8,1,0,0,-33526,0,7584,0,0,0,0,0,0,0,0,0,685.623,2100,2100,1815,1875,1138.5,TRUE,0,1815,-1875,2101.05,2101.05,1815,1811.72,1137.8,TRUE,0,1815,-1811.72,3630,-3686.72,FALSE,0,0,TRUE
2026-01-27T21:29:44Z,REV_TW1_U_21,6,TRUE,4,1,0,0,2016,0,0,0,0,,,0,0,0,0,,,,,3630,-3686,1.42,0.68,,,,19,,,,,0,,,,0,0,0,0,34900,34900,34800,,,,0,60.0086,0,,128643,113212,,,,,,9,0,0,0,0,0,0,0,0,,0,,0,0,0,13,0,2134.08,0,100,0,0,0,0,,,0,0,0,0,0,,,,,,,28,25,26,,,0,48,48,FALSE,TRUE,FALSE,0,2,3,6,0,342,4200,16416,1500,-1500,0,0,35,14.155,1.7,0,999,99,999,999,999,999,999,99,2,1,0,0,0,1,2,1,1,0,0,8,1,0,0,-33526,0,7585,0,0,0,0,0,0,0,0,0,685.623,2100,2100,1815,1875,1138.5,TRUE,0,1815,-1875,2101.05,2101.05,1815,1811.72,1137.8,TRUE,0,1815,-1811.72,3630,-3686.72,FALSE,0,0,TRUE
2026-01-27T21:29:46Z,REV_TW1_U_21,6,TRUE,4,1,0,0,2016,0,0,0,0,,,0,0,0,0,,,,,3630,-3686,1.42,0.68,,,,19,,,,,0,,,,0,0,0,0,34900,34900,34800,,,,0,60.009,0,,128643,113212,,,,,,9,0,0,0,0,0,0,0,0,,0,,0,0,0,13,0,2134.08,0,100,0,0,0,0,,,0,0,0,0,0,,,,,,,28,25,26,,,0,24,48,FALSE,TRUE,FALSE,0,2,3,6,0,342,4200,16416,1500,-1500,0,0,35,14.155,1.7,0,999,999,999,999,999,999,999,99,2,1,0,0,0,1,2,1,1,0,0,8,1,0,0,-33526,0,7587,0,0,0,0,0,0,0,0,0,685.623,2100,2100,1815,1875,1138.5,TRUE,0,1815,-1875,2101.05,2101.05,1815,1811.72,1137.8,TRUE,0,1815,-1811.72,3630,-3686.72,FALSE,0,0,TRUE
2026-01-27T21:29:48Z,REV_TW1_U_21,6,TRUE,4,1,0,0,2016,0,0,0,0,,,0,0,0,0,,,,,3630,-3686,1.42,0.68,,,,18,,,,,0,,,,0,0,0,0,34900,34900,34700,,,,0,60.0136,0,,128643,113212,,,,,,9,0,0,0,0,0,0,0,0,,0,,0,0,0,13,0,2134.08,0,100,0,0,0,0,,,0,0,0,0,0,,,,,,,28,25,26,,,0,24,48,FALSE,TRUE,FALSE,0,2,3,6,0,342,4200,16416,1500,-1500,0,0,35,14.155,1.7,0,999,99,999,999,999,999,999,999,2,1,0,0,0,1,2,1,1,0,0,8,1,0,0,-33526,0,7589,0,0,0,0,0,0,0,0,0,685.623,2100,2100,1815,1875,1138.5,TRUE,0,1815,-1875,2101.05,2101.05,1815,1811.72,1137.8,TRUE,0,1815,-1811.72,3630,-3686.72,FALSE,0,0,TRUE
2026-01-27T21:29:50Z,REV_TW1_U_21,6,TRUE,4,1,0,0,2016,0,0,0,0,,,0,0,0,0,,,,,3630,-3686,1.42,0.68,,,,19,,,,,0,,,,0,0,0,0,34900,34900,34800,,,,0,60.0211,0,,128643,113212,,,,,,9,0,0,0,0,0,0,0,0,,0,,0,0,0,13,0,2134.08,0,100,0,0,0,0,,,0,0,0,0,0,,,,,,,28,25,26,,,0,24,48,FALSE,TRUE,FALSE,0,2,3,6,0,342,4200,16416,1500,-1500,0,0,35,14.155,1.8,0,999,99,999,999,999,999,999,999,2,1,0,0,0,1,2,1,1,0,0,8,1,0,0,-33526,0,7591,0,0,0,0,0,0,0,0,0,685.623,2100,2100,1815,1875,1138.5,TRUE,0,1815,-1875,2101.05,2101.05,1815,1811.72,1137.8,TRUE,0,1815,-1811.72,3630,-3686.72,FALSE,0,0,TRUE
2026-01-27T21:29:52Z,REV_TW1_U_21,6,TRUE,4,1,0,0,2016,0,0,0,0,,,0,0,0,0,,,,,3630,-3686,1.42,0.68,,,,19,,,,,0,,,,0,0,0,0,34900,34900,34800,,,,0,60.0209,0,,128643,113212,,,,,,9,0,0,0,0,0,0,0,0,,0,,0,0,0,13,0,2134.08,0,100,0,0,0,0,,,0,0,0,0,0,,,,,,,28,25,26,,,0,24,48,FALSE,TRUE,FALSE,0,2,3,6,0,342,4200,16416,1500,-1500,0,0,35,14.155,1.8,0,999,99,999,999,999,999,999,99,2,1,0,0,0,1,2,1,1,0,0,8,1,0,0,-33526,0,7593,0,0,0,0,0,0,0,0,0,685.623,2100,2100,1815,1875,1138.5,TRUE,0,1815,-1875,2101.05,2101.05,1815,1811.72,1137.8,TRUE,0,1815,-1811.72,3630,-3686.72,FALSE,0,0,TRUE
2026-01-27T21:29:54Z,REV_TW1_U_21,6,TRUE,4,1,0,0,2016,0,0,0,0,,,0,0,0,0,,,,,3630,-3686,1.42,0.68,,,,19,,,,,0,,,,0,0,0,0,34900,34900,34800,,,,0,60.0252,0,,128643,113212,,,,,,9,0,0,0,0,0,0,0,0,,0,,0,0,0,13,0,2134.08,0,100,0,0,0,0,,,0,0,0,0,0,,,,,,,28,25,26,,,0,24,48,FALSE,TRUE,FALSE,0,2,3,6,0,342,4200,16416,1500,-1500,0,0,35,14.155,1.8,0,999,999,999,999,999,999,999,999,2,1,0,0,0,1,2,1,1,0,0,8,1,0,0,-33526,0,7595,0,0,0,0,0,0,0,0,0,685.623,2100,2100,1815,1875,1138.5,TRUE,0,1815,-1875,2101.05,2101.05,1815,1811.72,1137.8,TRUE,0,1815,-1811.72,3630,-3686.72,FALSE,0,0,TRUE
2026-01-27T21:29:56Z,REV_TW1_U_21,6,TRUE,4,1,0,0,2016,0,0,0,0,,,0,0,0,0,,,,,3630,-3686,1.42,0.68,,,,19,,,,,0,,,,0,0,0,0,34900,34900,34800,,,,0,60.0298,0,,128643,113212,,,,,,9,0,0,0,0,0,0,0,0,,0,,0,0,0,13,0,2134.08,0,100,0,0,0,0,,,0,0,0,0,0,,,,,,,28,25,26,,,0,24,48,FALSE,TRUE,FALSE,0,2,3,6,0,342,4200,16416,1500,-1500,0,0,35,14.155,1.8,0,999,999,999,999,999,999,999,999,2,1,0,0,0,1,2,1,1,0,0,8,1,0,0,-33526,0,7597,0,0,0,0,0,0,0,0,0,685.623,2100,2100,1815,1875,1138.5,TRUE,0,1815,-1875,2101.05,2101.05,1815,1811.72,1137.8,TRUE,0,1815,-1811.72,3630,-3686.72,FALSE,0,0,TRUE
2026-01-27T21:29:58Z,REV_TW1_U_21,6,TRUE,4,1,0,0,2016,0,0,0,0,,,0,0,0,0,,,,,3630,-3686,1.42,0.68,,,,18,,,,,0,,,,0,0,0,0,34900,34900,34800,,,,0,60.0307,0,,128643,113212,,,,,,9,0,0,0,0,0,0,0,0,,0,,0,0,0,13,0,2134.08,0,100,0,0,0,0,,,0,0,0,0,0,,,,,,,28,25,26,,,0,24,48,FALSE,TRUE,FALSE,0,2,3,6,0,342,4200,16416,1500,-1500,0,0,35,14.155,1.8,0,999,99,999,999,999,999,999,99,2,1,0,0,0,1,2,1,1,0,0,8,1,0,0,-33526,0,7599,0,0,0,0,0,0,0,0,0,685.623,2100,2100,1815,1875,1138.5,TRUE,0,1815,-1875,2101.05,2101.05,1815,1811.72,1137.8,TRUE,0,1815,-1811.72,3630,-3686.72,FALSE,0,0,TRUE
2026-01-27T21:30:00Z,REV_TW1_U_21,6,TRUE,4,1,0,0,2016,0,0,0,0,,,0,0,0,0,,,,,3630,-3686,1.42,0.68,,,,18,,,,,0,,,,0,0,0,0,34900,34900,34800,,,,0,60.0339,0,,128643,113212,,,,,,9,0,0,0,0,0,0,0,0,,0,,0,0,0,13,0,2134.08,0,100,0,0,0,0,,,0,0,0,0,0,,,,,,,28,25,26,,,0,24,48,FALSE,TRUE,FALSE,0,2,3,6,0,342,4200,16416,1500,-1500,0,0,35,14.155,1.8,0,999,99,999,999,999,999,999,99,2,1,0,0,0,1,2,1,1,0,0,8,1,0,0,-33526,0,7601,0,0,0,0,0,0,0,0,0,685.623,2100,2100,1815,1875,1138.5,TRUE,0,1815,-1875,2101.05,2101.05,1815,1811.72,1137.8,TRUE,0,1815,-1811.72,3630,-3686.72,FALSE,0,0,TRUE
2026-01-27T21:30:02Z,REV_TW1_U_21,6,TRUE,4,1,0,0,2016,0,0,0,0,,,0,0,0,0,,,,,3630,-3686,1.42,0.68,,,,18,,,,,0,,,,0,0,0,0,34900,34900,34800,,,,0,60.0216,0,,128643,113212,,,,,,9,0,0,0,0,0,0,0,0,,0,,0,0,0,13,0,2134.08,0,100,0,0,0,0,,,0,0,0,0,0,,,,,,,28,25,26,,,0,24,48,FALSE,TRUE,FALSE,0,2,3,6,0,342,4200,16416,1500,-1500,0,0,35,14.155,1.8,0,999,999,999,999,999,999,999,999,2,1,0,0,0,1,2,1,1,0,0,8,1,0,0,-33526,0,7603,0,0,0,0,0,0,0,0,0,685.623,2100,2100,1815,1875,1138.5,TRUE,0,1815,-1875,2101.05,2101.05,1815,1811.72,1137.8,TRUE,0,1815,-1811.72,3630,-3686.72,FALSE,0,0,TRUE
2026-01-27T21:30:04Z,REV_TW1_U_21,6,TRUE,4,1,0,0,2016,0,0,0,0,,,0,0,0,0,,,,,3630,-3686,1.42,0.68,,,,19,,,,,0,,,,0,0,0,0,34900,34900,34800,,,,0,60.0241,0,,128643,113212,,,,,,9,0,0,0,0,0,0,0,0,,0,,0,0,0,13,0,2134.08,0,100,0,0,0,0,,,0,0,0,0,0,,,,,,,28,25,26,,,0,24,48,FALSE,TRUE,FALSE,0,2,3,6,0,342,4200,16416,1500,-1500,0,0,35,14.155,1.8,0,999,999,999,999,999,999,999,999,2,1,0,0,0,1,2,1,1,0,0,8,1,0,0,-33526,0,7605,0,0,0,0,0,0,0,0,0,685.623,2100,2100,1815,1875,1138.5,TRUE,0,1815,-1875,2101.05,2101.05,1815,1811.72,1137.8,TRUE,0,1815,-1811.72,3630,-3686.72,FALSE,0,0,TRUE
2026-01-27T21:30:06Z,REV_TW1_U_21,6,TRUE,4,1,0,0,2016,0,0,0,0,,,0,0,0,0,,,,,3630,-3686,1.42,0.68,,,,19,,,,,0,,,,0,0,0,0,34900,34900,34800,,,,0,60.0225,0,,128643,113212,,,,,,9,0,0,0,0,0,0,0,0,,0,,0,0,0,13,0,2134.08,0,100,0,0,0,0,,,0,0,0,0,0,,,,,,,28,25,26,,,0,24,48,FALSE,TRUE,FALSE,0,2,3,6,0,342,4200,16416,1500,-1500,0,0,35,14.155,1.8,0,999,99,999,999,999,999,999,99,2,1,0,0,0,1,2,1,1,0,0,8,1,0,0,-33526,0,7607,0,0,0,0,0,0,0,0,0,685.623,2100,2100,1815,1875,1138.5,TRUE,0,1815,-1875,2101.05,2101.05,1815,1811.72,1137.8,TRUE,0,1815,-1811.72,3630,-3686.72,FALSE,0,0,TRUE
2026-01-27T21:30:08Z,REV_TW1_U_21,6,TRUE,4,1,0,0,2016,0,0,0,0,,,0,0,0,0,,,,,3630,-3686,1.42,0.68,,,,18,,,,,0,,,,0,0,0,0,34900,34900,34800,,,,0,60.0182,0,,128643,113212,,,,,,9,0,0,0,0,0,0,0,0,,0,,0,0,0,13,0,2134.08,0,100,0,0,0,0,,,0,0,0,0,0,,,,,,,28,25,26,,,0,24,48,FALSE,TRUE,FALSE,0,2,3,6,0,342,4200,16416,1500,-1500,0,0,35,14.155,1.8,0,999,99,999,999,999,999,999,999,2,1,0,0,0,1,2,1,1,0,0,8,1,0,0,-33526,0,7609,0,0,0,0,0,0,0,0,0,685.623,2100,2100,1815,1875,1138.5,TRUE,0,1815,-1875,2101.05,2101.05,1815,1811.72,1137.8,TRUE,0,1815,-1811.72,3630,-3686.72,FALSE,0,0,TRUE
2026-01-27T21:30:10Z,REV_TW1_U_21,6,TRUE,4,1,0,0,2016,0,0,0,0,,,0,0,0,0,,,,,3630,-3686,1.42,0.68,,,,18,,,,,0,,,,0,0,0,0,34900,34900,34800,,,,0,60.0151,0,,128643,113212,,,,,,9,0,0,0,0,0,0,0,0,,0,,0,0,0,13,0,2134.08,0,100,0,0,0,0,,,0,0,0,0,0,,,,,,,28,25,26,,,0,24,48,FALSE,TRUE,FALSE,0,2,3,6,0,342,4200,16416,1500,-1500,0,0,35,14.155,1.8,0,999,999,999,999,999,999,999,999,2,1,0,0,0,1,2,1,1,0,0,8,1,0,0,-33526,0,7611,0,0,0,0,0,0,0,0,0,685.623,2100,2100,1815,1875,1138.5,TRUE,0,1815,-1875,2101.05,2101.05,1815,1811.72,1137.8,TRUE,0,1815,-1811.72,3630,-3686.72,FALSE,0,0,TRUE
2026-01-27T21:30:12Z,REV_TW1_U_21,6,TRUE,4,1,0,0,2016,0,0,0,0,,,0,0,0,0,,,,,3630,-3686,1.42,0.68,,,,19,,,,,0,,,,0,0,0,0,34900,34900,34800,,,,0,60.0153,0,,128643,113212,,,,,,9,0,0,0,0,0,0,0,0,,0,,0,0,0,13,0,2134.08,0,100,0,0,0,0,,,0,0,0,0,0,,,,,,,28,25,26,,,0,24,48,FALSE,TRUE,FALSE,0,2,3,6,0,342,4200,16416,1500,-1500,0,0,35,14.155,1.7,0,999,999,999,999,999,999,999,999,2,1,0,0,0,1,2,1,1,0,0,8,1,0,0,-33526,0,7613,0,0,0,0,0,0,0,0,0,685.623,2100,2100,1815,1875,1138.5,TRUE,0,1815,-1875,2101.05,2101.05,1815,1811.72,1137.8,TRUE,0,1815,-1811.72,3630,-3686.72,FALSE,0,0,TRUE
2026-01-27T21:30:14Z,REV_TW1_U_21,6,TRUE,4,1,0,0,2016,0,0,0,0,,,0,0,0,0,,,,,3630,-3686,1.42,0.68,,,,19,,,,,0,,,,0,0,0,0,34900,34900,34800,,,,0,60.0111,0,,128643,113212,,,,,,9,0,0,0,0,0,0,0,0,,0,,0,0,0,13,0,2134.08,0,100,0,0,0,0,,,0,0,0,0,0,,,,,,,28,25,26,,,0,24,48,FALSE,TRUE,FALSE,0,2,3,6,0,342,4200,16416,1500,-1500,0,0,35,14.155,1.7,0,999,99,999,999,999,999,999,99,2,1,0,0,0,1,2,1,1,0,0,8,1,0,0,-33526,0,7615,0,0,0,0,0,0,0,0,0,685.623,2100,2100,1815,1875,1138.5,TRUE,0,1815,-1875,2101.05,2101.05,1815,1811.72,1137.8,TRUE,0,1815,-1811.72,3630,-3686.72,FALSE,0,0,TRUE
2026-01-27T21:30:16Z,REV_TW1_U_21,6,TRUE,4,1,0,0,2016,0,0,0,0,,,0,0,0,0,,,,,3630,-3686,1.42,0.68,,,,19,,,,,0,,,,0,0,0,0,34900,34900,34800,,,,0,60.0057,0,,128643,113212,,,,,,9,0,0,0,0,0,0,0,0,,0,,0,0,0,13,0,2134.08,0,100,0,0,0,0,,,0,0,0,0,0,,,,,,,28,25,26,,,0,24,48,FALSE,TRUE,FALSE,0,2,3,6,0,342,4200,16416,1500,-1500,0,0,35,14.155,1.7,0,999,99,999,999,999,999,999,999,2,1,0,0,0,1,2,1,1,0,0,8,1,0,0,-33526,0,7617,0,0,0,0,0,0,0,0,0,685.623,2100,2100,1815,1875,1138.5,TRUE,0,1815,-1875,2101.05,2101.05,1815,1811.72,1137.8,TRUE,0,1815,-1811.72,3630,-3686.72,FALSE,0,0,TRUE
2026-01-27T21:30:18Z,REV_TW1_U_21,6,TRUE,4,1,0,0,2016,0,0,0,0,,,0,0,0,0,,,,,3630,-3686,1.42,0.68,,,,19,,,,,0,,,,0,0,0,0,34900,34900,34800,,,,0,59.9984,0,,128643,113212,,,,,,9,0,0,0,0,0,0,0,0,,0,,0,0,0,13,0,2134.08,0,100,0,0,0,0,,,0,0,0,0,0,,,,,,,28,25,26,,,0,24,48,FALSE,TRUE,FALSE,0,2,3,6,0,342,4200,16416,1500,-1500,0,0,35,14.155,1.7,0,999,99,999,999,999,999,999,999,2,1,0,0,0,1,2,1,1,0,0,8,1,0,0,-33526,0,7619,0,0,0,0,0,0,0,0,0,685.623,2100,2100,1815,1875,1138.5,TRUE,0,1815,-1875,2101.05,2101.05,1815,1811.72,1137.8,TRUE,0,1815,-1811.72,3630,-3686.72,FALSE,0,0,TRUE
2026-01-27T21:30:20Z,REV_TW1_U_21,6,TRUE,4,1,0,0,2016,0,0,0,0,,,0,0,0,0,,,,,3630,-3686,1.42,0.68,,,,19,,,,,0,,,,0,0,0,0,34900,34900,34800,,,,0,60.0011,0,,128643,113212,,,,,,9,0,0,0,0,0,0,0,0,,0,,0,0,0,13,0,2134.08,0,100,0,0,0,0,,,0,0,0,0,0,,,,,,,28,25,26,,,0,24,48,FALSE,TRUE,FALSE,0,2,3,6,0,342,4200,16416,1500,-1500,0,0,35,14.155,1.7,0,999,999,999,999,999,999,999,999,2,1,0,0,0,1,2,1,1,0,0,8,1,0,0,-33526,0,7621,0,0,0,0,0,0,0,0,0,685.623,2100,2100,1815,1875,1138.5,TRUE,0,1815,-1875,2101.05,2101.05,1815,1811.72,1137.8,TRUE,0,1815,-1811.72,3630,-3686.72,FALSE,0,0,TRUE
2026-01-27T21:30:22Z,REV_TW1_U_21,6,TRUE,4,1,0,0,2016,0,0,0,0,,,0,0,0,0,,,,,3630,-3686,1.42,0.68,,,,19,,,,,0,,,,0,0,0,0,34900,34900,34800,,,,0,59.9994,0,,128643,113212,,,,,,9,0,0,0,0,0,0,0,0,,0,,0,0,0,13,0,2134.08,0,100,0,0,0,0,,,0,0,0,0,0,,,,,,,28,25,26,,,0,24,48,FALSE,TRUE,FALSE,0,2,3,6,0,342,4200,16416,1500,-1500,0,0,35,14.155,1.7,0,999,999,999,999,999,999,999,999,2,1,0,0,0,1,2,1,1,0,0,8,1,0,0,-33526,0,7623,0,0,0,0,0,0,0,0,0,685.623,2100,2100,1815,1875,1138.5,TRUE,0,1815,-1875,2101.05,2101.05,1815,1811.72,1137.8,TRUE,0,1815,-1811.72,3630,-3686.72,FALSE,0,0,TRUE
2026-01-27T21:30:24Z,REV_TW1_U_21,6,TRUE,4,1,0,0,2016,0,0,0,0,,,0,0,0,0,,,,,3630,-3686,1.42,0.68,,,,19,,,,,0,,,,0,0,0,0,34900,34900,34800,,,,0,60.0009,0,,128643,113212,,,,,,9,0,0,0,0,0,0,0,0,,0,,0,0,0,13,0,2134.08,0,100,0,0,0,0,,,0,0,0,0,0,,,,,,,28,25,26,,,0,24,48,FALSE,TRUE,FALSE,0,2,3,6,0,342,4200,16416,1500,-1500,0,0,35,14.155,1.7,0,999,99,999,999,999,999,999,999,2,1,0,0,0,1,2,1,1,0,0,8,1,0,0,-33526,0,7625,0,0,0,0,0,0,0,0,0,685.623,2100,2100,1815,1875,1138.5,TRUE,0,1815,-1875,2101.05,2101.05,1815,1811.72,1137.8,TRUE,0,1815,-1811.72,3630,-3686.72,FALSE,0,0,TRUE
2026-01-27T21:30:26Z,REV_TW1_U_21,6,TRUE,4,1,0,0,2016,0,0,0,0,,,0,0,0,0,,,,,3630,-3686,1.42,0.68,,,,19,,,,,0,,,,0,0,0,0,34900,34900,34800,,,,0,60.002,0,,128643,113212,,,,,,9,0,0,0,0,0,0,0,0,,0,,0,0,0,13,0,2134.08,0,100,0,0,0,0,,,0,0,0,0,0,,,,,,,28,25,26,,,0,24,48,FALSE,TRUE,FALSE,0,2,3,6,0,342,4200,16416,1500,-1500,0,0,35,14.155,1.7,0,999,99,999,999,999,999,999,999,2,1,0,0,0,1,2,1,1,0,0,8,1,0,0,-33526,0,7627,0,0,0,0,0,0,0,0,0,685.623,2100,2100,1815,1875,1138.5,TRUE,0,1815,-1875,2101.05,2101.05,1815,1811.72,1137.8,TRUE,0,1815,-1811.72,3630,-3686.72,FALSE,0,0,TRUE
2026-01-27T21:30:28Z,REV_TW1_U_21,6,TRUE,4,1,0,0,2016,0,0,0,0,,,0,0,0,0,,,,,3630,-3686,1.42,0.68,,,,19,,,,,0,,,,0,0,0,0,34900,34900,34800,,,,0,60.0005,0,,128643,113212,,,,,,9,0,0,0,0,0,0,0,0,,0,,0,0,0,13,0,2134.08,0,100,0,0,0,0,,,0,0,0,0,0,,,,,,,28,25,26,,,0,24,48,FALSE,TRUE,FALSE,0,2,3,6,0,342,4200,16416,1500,-1500,0,0,35,14.155,1.7,0,999,99,999,999,999,999,999,99,2,1,0,0,0,1,2,1,1,0,0,8,1,0,0,-33526,0,7629,0,0,0,0,0,0,0,0,0,685.623,2100,2100,1815,1875,1138.5,TRUE,0,1815,-1875,2101.05,2101.05,1815,1811.72,1137.8,TRUE,0,1815,-1811.72,3630,-3686.72,FALSE,0,0,TRUE
2026-01-27T21:30:30Z,REV_TW1_U_21,6,TRUE,4,1,0,0,2016,0,0,0,0,,,0,0,0,0,,,,,3630,-3686,1.42,0.68,,,,19,,,,,0,,,,0,0,0,0,34900,34900,34800,,,,0,59.9977,0,,128643,113212,,,,,,9,0,0,0,0,0,0,0,0,,0,,0,0,0,13,0,2134.08,0,100,0,0,0,0,,,0,0,0,0,0,,,,,,,28,25,26,,,0,24,48,FALSE,TRUE,FALSE,0,2,3,6,0,342,4200,16416,1500,-1500,0,0,35,14.155,1.7,0,999,99,999,999,999,999,999,99,2,1,0,0,0,1,2,1,1,0,0,8,1,0,0,-33526,0,7631,0,0,0,0,0,0,0,0,0,685.623,2100,2100,1815,1875,1138.5,TRUE,0,1815,-1875,2101.05,2101.05,1815,1811.72,1137.8,TRUE,0,1815,-1811.72,3630,-3686.72,FALSE,0,0,TRUE
2026-01-27T21:30:32Z,REV_TW1_U_21,6,TRUE,4,1,0,0,2016,0,0,0,0,,,0,0,0,0,,,,,3630,-3686,1.42,0.68,,,,19,,,,,0,,,,0,0,0,0,34900,34900,34800,,,,0,59.9961,0,,128643,113212,,,,,,9,0,0,0,0,0,0,0,0,,0,,0,0,0,13,0,2134.08,0,100,0,0,0,0,,,0,0,0,0,0,,,,,,,28,25,26,,,0,24,48,FALSE,TRUE,FALSE,0,2,3,6,0,342,4200,16416,1500,-1500,0,0,35,14.155,1.7,0,999,999,999,999,999,999,999,999,2,1,0,0,0,1,2,1,1,0,0,8,1,0,0,-33526,0,7633,0,0,0,0,0,0,0,0,0,685.623,2100,2100,1815,1875,1138.5,TRUE,0,1815,-1875,2101.05,2101.05,1815,1811.72,1137.8,TRUE,0,1815,-1811.72,3630,-3686.72,FALSE,0,0,TRUE
2026-01-27T21:30:34Z,REV_TW1_U_21,6,TRUE,4,1,0,0,2016,0,0,0,0,,,0,0,0,0,,,,,3630,-3686,1.42,0.68,,,,19,,,,,0,,,,0,0,0,0,34900,34900,34800,,,,0,59.9964,0,,128643,113212,,,,,,9,0,0,0,0,0,0,0,0,,0,,0,0,0,13,0,2134.08,0,100,0,0,0,0,,,0,0,0,0,0,,,,,,,28,25,26,,,0,24,48,FALSE,TRUE,FALSE,0,2,3,6,0,342,4200,16416,1500,-1500,0,0,35,14.155,1.7,0,999,999,999,999,999,999,999,999,2,1,0,0,0,1,2,1,1,0,0,8,1,0,0,-33526,0,7635,0,0,0,0,0,0,0,0,0,685.623,2100,2100,1815,1875,1138.5,TRUE,0,1815,-1875,2101.05,2101.05,1815,1811.72,1137.8,TRUE,0,1815,-1811.72,3630,-3686.72,FALSE,0,0,TRUE
2026-01-27T21:30:36Z,REV_TW1_U_21,6,TRUE,4,1,0,0,2016,0,0,0,0,,,0,0,0,0,,,,,3630,-3686,1.42,0.68,,,,19,,,,,0,,,,0,0,0,0,34900,34900,34800,,,,0,59.9995,0,,128643,113212,,,,,,9,0,0,0,0,0,0,0,0,,0,,0,0,0,13,0,2134.08,0,100,0,0,0,0,,,0,0,0,0,0,,,,,,,28,25,26,,,0,24,48,FALSE,TRUE,FALSE,0,2,3,6,0,342,4200,16416,1500,-1500,0,0,35,14.155,1.7,0,999,99,999,999,999,999,999,99,2,1,0,0,0,1,2,1,1,0,0,8,1,0,0,-33526,0,7637,0,0,0,0,0,0,0,0,0,685.623,2100,2100,1815,1875,1138.5,TRUE,0,1815,-1875,2101.05,2101.05,1815,1811.72,1137.8,TRUE,0,1815,-1811.72,3630,-3686.72,FALSE,0,0,TRUE
2026-01-27T21:30:38Z,REV_TW1_U_21,6,TRUE,4,1,0,0,2016,0,0,0,0,,,0,0,0,0,,,,,3630,-3686,1.42,0.68,,,,18,,,,,0,,,,0,0,0,0,34900,34900,34800,,,,0,60.0038,0,,128643,113212,,,,,,9,0,0,0,0,0,0,0,0,,0,,0,0,0,13,0,2134.08,0,100,0,0,0,0,,,0,0,0,0,0,,,,,,,28,25,26,,,0,24,48,FALSE,TRUE,FALSE,0,2,3,6,0,342,4200,16416,1500,-1500,0,0,35,14.155,1.7,0,999,99,999,999,999,999,999,999,2,1,0,0,0,1,2,1,1,0,0,8,1,0,0,-33526,0,7639,0,0,0,0,0,0,0,0,0,685.623,2100,2100,1815,1875,1138.5,TRUE,0,1815,-1875,2101.05,2101.05,1815,1811.72,1137.8,TRUE,0,1815,-1811.72,3630,-3686.72,FALSE,0,0,TRUE
2026-01-27T21:30:40Z,REV_TW1_U_21,6,TRUE,4,1,0,0,2016,0,0,0,0,,,0,0,0,0,,,,,3630,-3686,1.42,0.68,,,,18,,,,,0,,,,0,0,0,0,34900,34900,34800,,,,0,60.0046,0,,128643,113212,,,,,,9,0,0,0,0,0,0,0,0,,0,,0,0,0,13,0,2134.08,0,100,0,0,0,0,,,0,0,0,0,0,,,,,,,28,25,26,,,0,24,48,FALSE,TRUE,FALSE,0,2,3,6,0,342,4200,16416,1500,-1500,0,0,35,14.155,1.7,0,999,999,999,999,999,999,999,999,2,1,0,0,0,1,2,1,1,0,0,8,1,0,0,-33526,0,7641,0,0,0,0,0,0,0,0,0,685.623,2100,2100,1815,1875,1138.5,TRUE,0,1815,-1875,2101.05,2101.05,1815,1811.72,1137.8,TRUE,0,1815,-1811.72,3630,-3686.72,FALSE,0,0,TRUE
2026-01-27T21:30:42Z,REV_TW1_U_21,6,TRUE,4,1,0,0,2016,0,0,0,0,,,0,0,0,0,,,,,3630,-3686,1.42,0.68,,,,18,,,,,0,,,,0,0,0,0,34900,34900,34800,,,,0,60.0076,0,,128643,113212,,,,,,9,0,0,0,0,0,0,0,0,,0,,0,0,0,13,0,2134.08,0,100,0,0,0,0,,,0,0,0,0,0,,,,,,,28,25,26,,,0,24,48,FALSE,TRUE,FALSE,0,2,3,6,0,342,4200,16416,1500,-1500,0,0,35,14.155,1.7,0,999,999,999,999,999,999,999,99,2,1,0,0,0,1,2,1,1,0,0,8,1,0,0,-33526,0,7643,0,0,0,0,0,0,0,0,0,685.623,2100,2100,1815,1875,1138.5,TRUE,0,1815,-1875,2101.05,2101.05,1815,1811.72,1137.8,TRUE,0,1815,-1811.72,3630,-3686.72,FALSE,0,0,TRUE
2026-01-27T21:30:44Z,REV_TW1_U_21,6,TRUE,4,1,0,0,2016,0,0,0,0,,,0,0,0,0,,,,,3630,-3686,1.42,0.68,,,,18,,,,,0,,,,0,0,0,0,34900,34900,34800,,,,0,60.0065,0,,128643,113212,,,,,,9,0,0,0,0,0,0,0,0,,0,,0,0,0,13,0,2134.08,0,100,0,0,0,0,,,0,0,0,0,0,,,,,,,28,25,26,,,0,24,48,FALSE,TRUE,FALSE,0,2,3,6,0,342,4200,16416,1500,-1500,0,0,35,14.155,1.7,0,999,99,999,999,999,999,999,99,2,1,0,0,0,1,2,1,1,0,0,8,1,0,0,-33526,0,7645,0,0,0,0,0,0,0,0,0,685.623,2100,2100,1815,1875,1138.5,TRUE,0,1815,-1875,2101.05,2101.05,1815,1811.72,1137.8,TRUE,0,1815,-1811.72,3630,-3686.72,FALSE,0,0,TRUE
2026-01-27T21:30:46Z,REV_TW1_U_21,6,TRUE,4,1,0,0,2016,0,0,0,0,,,0,0,0,0,,,,,3630,-3686,1.42,0.68,,,,18,,,,,0,,,,0,0,0,0,34900,34900,34800,,,,0,60.0082,0,,128643,113212,,,,,,9,0,0,0,0,0,0,0,0,,0,,0,0,0,13,0,2134.08,0,100,0,0,0,0,,,0,0,0,0,0,,,,,,,28,25,26,,,0,24,48,FALSE,TRUE,FALSE,0,2,3,6,0,342,4200,16416,1500,-1500,0,0,35,14.155,1.7,0,999,999,999,999,999,999,999,99,2,1,0,0,0,1,2,1,1,0,0,8,1,0,0,-33526,0,7647,0,0,0,0,0,0,0,0,0,685.623,2100,2100,1815,1875,1138.5,TRUE,0,1815,-1875,2101.05,2101.05,1815,1811.72,1137.8,TRUE,0,1815,-1811.72,3630,-3686.72,FALSE,0,0,TRUE
2026-01-27T21:30:48Z,REV_TW1_U_21,6,TRUE,4,1,0,0,2016,0,0,0,0,,,0,0,0,0,,,,,3630,-3686,1.42,0.68,,,,18,,,,,0,,,,0,0,0,0,34900,34900,34800,,,,0,60.007,0,,128643,113212,,,,,,9,0,0,0,0,0,0,0,0,,0,,0,0,0,13,0,2134.08,0,100,0,0,0,0,,,0,0,0,0,0,,,,,,,28,25,26,,,0,24,48,FALSE,TRUE,FALSE,0,2,3,6,0,342,4200,16416,1500,-1500,0,0,35,14.155,1.7,0,999,999,999,999,999,999,999,999,2,1,0,0,0,1,2,1,1,0,0,8,1,0,0,-33526,0,7649,0,0,0,0,0,0,0,0,0,685.623,2100,2100,1815,1875,1138.5,TRUE,0,1815,-1875,2101.05,2101.05,1815,1811.72,1137.8,TRUE,0,1815,-1811.72,3630,-3686.72,FALSE,0,0,TRUE
2026-01-27T21:30:50Z,REV_TW1_U_21,6,TRUE,4,1,0,0,2016,0,0,0,0,,,0,0,0,0,,,,,3630,-3686,1.42,0.68,,,,18,,,,,0,,,,0,0,0,0,34900,34900,34800,,,,0,60.0113,0,,128643,113212,,,,,,9,0,0,0,0,0,0,0,0,,0,,0,0,0,13,0,2134.08,0,100,0,0,0,0,,,0,0,0,0,0,,,,,,,28,25,26,,,0,24,48,FALSE,TRUE,FALSE,0,2,3,6,0,342,4200,16416,1500,-1500,0,0,35,14.155,1.7,0,999,999,999,999,999,999,999,999,2,1,0,0,0,1,2,1,1,0,0,8,1,0,0,-33526,0,7651,0,0,0,0,0,0,0,0,0,685.623,2100,2100,1815,1875,1138.5,TRUE,0,1815,-1875,2101.05,2101.05,1815,1811.72,1137.8,TRUE,0,1815,-1811.72,3630,-3686.72,FALSE,0,0,TRUE
2026-01-27T21:30:52Z,REV_TW1_U_21,6,TRUE,4,1,0,0,2016,0,0,0,0,,,0,0,0,0,,,,,3630,-3686,1.42,0.68,,,,18,,,,,0,,,,0,0,0,0,34900,34900,34800,,,,0,60.016,0,,128643,113212,,,,,,9,0,0,0,0,0,0,0,0,,0,,0,0,0,13,0,2134.08,0,100,0,0,0,0,,,0,0,0,0,0,,,,,,,28,25,26,,,0,24,48,FALSE,TRUE,FALSE,0,2,3,6,0,342,4200,16416,1500,-1500,0,0,35,14.155,1.7,0,999,99,999,999,999,999,999,99,2,1,0,0,0,1,2,1,1,0,0,8,1,0,0,-33526,0,7653,0,0,0,0,0,0,0,0,0,685.623,2100,2100,1815,1875,1138.5,TRUE,0,1815,-1875,2101.05,2101.05,1815,1811.72,1137.8,TRUE,0,1815,-1811.72,3630,-3686.72,FALSE,0,0,TRUE
2026-01-27T21:30:54Z,REV_TW1_U_21,6,TRUE,4,1,0,0,2016,0,0,0,0,,,0,0,0,0,,,,,3630,-3686,1.42,0.68,,,,18,,,,,0,,,,0,0,0,0,34900,34900,34800,,,,0,60.0225,0,,128643,113212,,,,,,9,0,0,0,0,0,0,0,0,,0,,0,0,0,13,0,2134.08,0,100,0,0,0,0,,,0,0,0,0,0,,,,,,,28,25,26,,,0,24,48,FALSE,TRUE,FALSE,0,2,3,6,0,342,4200,16416,1500,-1500,0,0,35,14.155,1.7,0,999,99,999,999,999,999,999,999,2,1,0,0,0,1,2,1,1,0,0,8,1,0,0,-33526,0,7655,0,0,0,0,0,0,0,0,0,685.623,2100,2100,1815,1875,1138.5,TRUE,0,1815,-1875,2101.05,2101.05,1815,1811.72,1137.8,TRUE,0,1815,-1811.72,3630,-3686.72,FALSE,0,0,TRUE
2026-01-27T21:30:56Z,REV_TW1_U_21,6,TRUE,4,1,0,0,2016,0,0,0,0,,,0,0,0,0,,,,,3630,-3686,1.42,0.68,,,,18,,,,,0,,,,0,0,0,0,34900,34900,34800,,,,0,60.0176,0,,128643,113212,,,,,,9,0,0,0,0,0,0,0,0,,0,,0,0,0,13,0,2134.08,0,100,0,0,0,0,,,0,0,0,0,0,,,,,,,28,25,26,,,0,24,48,FALSE,TRUE,FALSE,0,2,3,6,0,342,4200,16416,1500,-1500,0,0,35,14.155,1.7,0,999,999,999,999,999,999,999,999,2,1,0,0,0,1,2,1,1,0,0,8,1,0,0,-33526,0,7657,0,0,0,0,0,0,0,0,0,685.623,2100,2100,1815,1875,1138.5,TRUE,0,1815,-1875,2101.05,2101.05,1815,1811.72,1137.8,TRUE,0,1815,-1811.72,3630,-3686.72,FALSE,0,0,TRUE
2026-01-27T21:30:58Z,REV_TW1_U_21,6,TRUE,4,1,0,0,2016,0,0,0,0,,,0,0,0,0,,,,,3630,-3686,1.42,0.68,,,,18,,,,,0,,,,0,0,0,0,34900,34900,34800,,,,0,60.0231,0,,128643,113212,,,,,,9,0,0,0,0,0,0,0,0,,0,,0,0,0,13,0,2134.08,0,100,0,0,0,0,,,0,0,0,0,0,,,,,,,28,25,26,,,0,24,48,FALSE,TRUE,FALSE,0,2,3,6,0,342,4200,16416,1500,-1500,0,0,35,14.155,1.7,0,999,99,999,999,999,999,999,999,2,1,0,0,0,1,2,1,1,0,0,8,1,0,0,-33526,0,7659,0,0,0,0,0,0,0,0,0,685.623,2100,2100,1815,1875,1138.5,TRUE,0,1815,-1875,2101.05,2101.05,1815,1811.72,1137.8,TRUE,0,1815,-1811.72,3630,-3686.72,FALSE,0,0,TRUE
2026-01-27T21:31:00Z,REV_TW1_U_21,6,TRUE,4,1,0,0,2016,0,0,0,0,,,0,0,0,0,,,,,3630,-3686,1.42,0.68,,,,18,,,,,0,,,,0,0,0,0,34900,34900,34800,,,,0,60.0224,0,,128643,113212,,,,,,9,0,0,0,0,0,0,0,0,,0,,0,0,0,13,0,2134.08,0,100,0,0,0,0,,,0,0,0,0,0,,,,,,,28,25,26,,,0,24,48,FALSE,TRUE,FALSE,0,2,3,6,0,342,4200,16416,1500,-1500,0,0,35,14.155,1.7,0,999,999,999,999,999,999,999,999,2,1,0,0,0,1,2,1,1,0,0,8,1,0,0,-33526,0,7661,0,0,0,0,0,0,0,0,0,685.623,2100,2100,1815,1875,1138.5,TRUE,0,1815,-1875,2101.05,2101.05,1815,1811.72,1137.8,TRUE,0,1815,-1811.72,3630,-3686.72,FALSE,0,0,TRUE
2026-01-27T21:31:02Z,REV_TW1_U_21,6,TRUE,4,1,0,0,2016,0,0,0,0,,,0,0,0,0,,,,,3630,-3686,1.42,0.68,,,,18,,,,,0,,,,0,0,0,0,34900,34900,34800,,,,0,60.0203,0,,128643,113212,,,,,,9,0,0,0,0,0,0,0,0,,0,,0,0,0,13,0,2134.08,0,100,0,0,0,0,,,0,0,0,0,0,,,,,,,28,25,26,,,0,24,48,FALSE,TRUE,FALSE,0,2,3,6,0,342,4200,16416,1500,-1500,0,0,35,14.155,1.7,0,999,999,999,999,999,999,999,999,2,1,0,0,0,1,2,1,1,0,0,8,1,0,0,-33526,0,7663,0,0,0,0,0,0,0,0,0,685.623,2100,2100,1815,1875,1138.5,TRUE,0,1815,-1875,2101.05,2101.05,1815,1811.72,1137.8,TRUE,0,1815,-1811.72,3630,-3686.72,FALSE,0,0,TRUE
2026-01-27T21:31:04Z,REV_TW1_U_21,6,TRUE,4,1,0,0,2016,0,0,0,0,,,0,0,0,0,,,,,3630,-3686,1.42,0.68,,,,18,,,,,0,,,,0,0,0,0,34900,34900,34800,,,,0,60.0137,0,,128643,113212,,,,,,9,0,0,0,0,0,0,0,0,,0,,0,0,0,13,0,2134.08,0,100,0,0,0,0,,,0,0,0,0,0,,,,,,,28,25,26,,,0,24,48,FALSE,TRUE,FALSE,0,2,3,6,0,342,4200,16416,1500,-1500,0,0,35,14.155,1.7,0,999,999,999,999,999,999,999,99,2,1,0,0,0,1,2,1,1,0,0,8,1,0,0,-33526,0,7665,0,0,0,0,0,0,0,0,0,685.623,2100,2100,1815,1875,1138.5,TRUE,0,1815,-1875,2101.05,2101.05,1815,1811.72,1137.8,TRUE,0,1815,-1811.72,3630,-3686.72,FALSE,0,0,TRUE
2026-01-27T21:31:06Z,REV_TW1_U_21,6,TRUE,4,1,0,0,2016,0,0,0,0,,,0,0,0,0,,,,,3630,-3686,1.42,0.68,,,,18,,,,,0,,,,0,0,0,0,34900,34900,34800,,,,0,60.0161,0,,128643,113212,,,,,,9,0,0,0,0,0,0,0,0,,0,,0,0,0,13,0,2134.08,0,100,0,0,0,0,,,0,0,0,0,0,,,,,,,28,25,26,,,0,24,48,FALSE,TRUE,FALSE,0,2,3,6,0,342,4200,16416,1500,-1500,0,0,35,14.155,1.7,0,999,99,999,999,999,999,999,999,2,1,0,0,0,1,2,1,1,0,0,8,1,0,0,-33526,0,7667,0,0,0,0,0,0,0,0,0,685.623,2100,2100,1815,1875,1138.5,TRUE,0,1815,-1875,2101.05,2101.05,1815,1811.72,1137.8,TRUE,0,1815,-1811.72,3630,-3686.72,FALSE,0,0,TRUE
2026-01-27T21:31:08Z,REV_TW1_U_21,6,TRUE,4,1,0,0,2016,0,0,0,0,,,0,0,0,0,,,,,3630,-3686,1.42,0.68,,,,18,,,,,0,,,,0,0,0,0,34900,34900,34800,,,,0,60.0138,0,,128643,113212,,,,,,9,0,0,0,0,0,0,0,0,,0,,0,0,0,13,0,2134.08,0,100,0,0,0,0,,,0,0,0,0,0,,,,,,,28,25,26,,,0,24,48,FALSE,TRUE,FALSE,0,2,3,6,0,342,4200,16416,1500,-1500,0,0,35,14.155,1.7,0,999,999,999,999,999,999,999,999,2,1,0,0,0,1,2,1,1,0,0,8,1,0,0,-33526,0,7669,0,0,0,0,0,0,0,0,0,685.623,2100,2100,1815,1875,1138.5,TRUE,0,1815,-1875,2101.05,2101.05,1815,1811.72,1137.8,TRUE,0,1815,-1811.72,3630,-3686.72,FALSE,0,0,TRUE
2026-01-27T21:31:10Z,REV_TW1_U_21,6,TRUE,4,1,0,0,2016,0,0,0,0,,,0,0,0,0,,,,,3630,-3686,1.42,0.68,,,,18,,,,,0,,,,0,0,0,0,34900,34900,34800,,,,0,60.0134,0,,128643,113212,,,,,,9,0,0,0,0,0,0,0,0,,0,,0,0,0,13,0,2134.08,0,100,0,0,0,0,,,0,0,0,0,0,,,,,,,28,25,26,,,0,24,48,FALSE,TRUE,FALSE,0,2,3,6,0,342,4200,16416,1500,-1500,0,0,35,14.155,1.7,0,999,999,999,999,999,999,999,99,2,1,0,0,0,1,2,1,1,0,0,8,1,0,0,-33526,0,7671,0,0,0,0,0,0,0,0,0,685.623,2100,2100,1815,1875,1138.5,TRUE,0,1815,-1875,2101.05,2101.05,1815,1811.72,1137.8,TRUE,0,1815,-1811.72,3630,-3686.72,FALSE,0,0,TRUE
2026-01-27T21:31:12Z,REV_TW1_U_21,6,TRUE,4,1,0,0,2016,0,0,0,0,,,0,0,0,0,,,,,3630,-3686,1.42,0.68,,,,18,,,,,0,,,,0,0,0,0,34900,34900,34800,,,,0,60.0063,0,,128643,113212,,,,,,9,0,0,0,0,0,0,0,0,,0,,0,0,0,13,0,2134.08,0,100,0,0,0,0,,,0,0,0,0,0,,,,,,,28,25,26,,,0,24,48,FALSE,TRUE,FALSE,0,2,3,6,0,342,4200,16416,1500,-1500,0,0,35,14.155,1.6,0,999,99,999,999,999,999,999,999,2,1,0,0,0,1,2,1,1,0,0,8,1,0,0,-33526,0,7673,0,0,0,0,0,0,0,0,0,685.623,2100,2100,1815,1875,1138.5,TRUE,0,1815,-1875,2101.05,2101.05,1815,1811.72,1137.8,TRUE,0,1815,-1811.72,3630,-3686.72,FALSE,0,0,TRUE
2026-01-27T21:31:14Z,REV_TW1_U_21,6,TRUE,4,1,0,0,2016,0,0,0,0,,,0,0,0,0,,,,,3630,-3686,1.42,0.68,,,,18,,,,,0,,,,0,0,0,0,34900,34900,34800,,,,0,60.0026,0,,128643,113212,,,,,,9,0,0,0,0,0,0,0,0,,0,,0,0,0,13,0,2134.08,0,100,0,0,0,0,,,0,0,0,0,0,,,,,,,28,25,26,,,0,24,48,FALSE,TRUE,FALSE,0,2,3,6,0,342,4200,16416,1500,-1500,0,0,35,14.155,1.6,0,999,99,999,999,999,999,999,999,2,1,0,0,0,1,2,1,1,0,0,8,1,0,0,-33526,0,7675,0,0,0,0,0,0,0,0,0,685.623,2100,2100,1815,1875,1138.5,TRUE,0,1815,-1875,2101.05,2101.05,1815,1811.72,1137.8,TRUE,0,1815,-1811.72,3630,-3686.72,FALSE,0,0,TRUE
2026-01-27T21:31:16Z,REV_TW1_U_21,6,TRUE,4,1,0,0,2016,0,0,0,0,,,0,0,0,0,,,,,3630,-3686,1.42,0.68,,,,18,,,,,0,,,,0,0,0,0,34900,34900,34800,,,,0,60.0053,0,,128643,113212,,,,,,9,0,0,0,0,0,0,0,0,,0,,0,0,0,13,0,2134.08,0,100,0,0,0,0,,,0,0,0,0,0,,,,,,,28,25,26,,,0,24,48,FALSE,TRUE,FALSE,0,2,3,6,0,342,4200,16416,1500,-1500,0,0,35,14.155,1.6,0,999,999,999,999,999,999,999,999,2,1,0,0,0,1,2,1,1,0,0,8,1,0,0,-33526,0,7677,0,0,0,0,0,0,0,0,0,685.623,2100,2100,1815,1875,1138.5,TRUE,0,1815,-1875,2101.05,2101.05,1815,1811.72,1137.8,TRUE,0,1815,-1811.72,3630,-3686.72,FALSE,0,0,TRUE
2026-01-27T21:31:18Z,REV_TW1_U_21,6,TRUE,4,1,0,0,2016,0,0,0,0,,,0,0,0,0,,,,,3630,-3686,1.42,0.68,,,,18,,,,,0,,,,0,0,0,0,34900,34900,34800,,,,0,60.001,0,,128643,113212,,,,,,9,0,0,0,0,0,0,0,0,,0,,0,0,0,13,0,2134.08,0,100,0,0,0,0,,,0,0,0,0,0,,,,,,,28,25,26,,,0,24,48,FALSE,TRUE,FALSE,0,2,3,6,0,342,4200,16416,1500,-1500,0,0,35,14.155,1.6,0,999,999,999,999,999,999,999,999,2,1,0,0,0,1,2,1,1,0,0,8,1,0,0,-33526,0,7679,0,0,0,0,0,0,0,0,0,685.623,2100,2100,1815,1875,1138.5,TRUE,0,1815,-1875,2101.05,2101.05,1815,1811.72,1137.8,TRUE,0,1815,-1811.72,3630,-3686.72,FALSE,0,0,TRUE
2026-01-27T21:31:20Z,REV_TW1_U_21,6,TRUE,4,1,0,0,2016,0,0,0,0,,,0,0,0,0,,,,,3630,-3686,1.42,0.68,,,,18,,,,,0,,,,0,0,0,0,34900,34900,34800,,,,0,59.9989,0,,128643,113212,,,,,,9,0,0,0,0,0,0,0,0,,0,,0,0,0,13,0,2134.08,0,100,0,0,0,0,,,0,0,0,0,0,,,,,,,28,25,26,,,0,24,48,FALSE,TRUE,FALSE,0,2,3,6,0,342,4200,16416,1500,-1500,0,0,35,14.155,1.6,0,999,99,999,999,999,999,999,99,2,1,0,0,0,1,2,1,1,0,0,8,1,0,0,-33526,0,7681,0,0,0,0,0,0,0,0,0,685.623,2100,2100,1815,1875,1138.5,TRUE,0,1815,-1875,2101.05,2101.05,1815,1811.72,1137.8,TRUE,0,1815,-1811.72,3630,-3686.72,FALSE,0,0,TRUE
2026-01-27T21:31:22Z,REV_TW1_U_21,6,TRUE,4,1,0,0,2016,0,0,0,0,,,0,0,0,0,,,,,3630,-3686,1.42,0.68,,,,18,,,,,0,,,,0,0,0,0,34900,34900,34800,,,,0,59.9971,0,,128643,113212,,,,,,9,0,0,0,0,0,0,0,0,,0,,0,0,0,13,0,2134.08,0,100,0,0,0,0,,,0,0,0,0,0,,,,,,,28,25,26,,,0,24,48,FALSE,TRUE,FALSE,0,2,3,6,0,342,4200,16416,1500,-1500,0,0,35,14.155,1.6,0,999,99,999,999,999,999,999,99,2,1,0,0,0,1,2,1,1,0,0,8,1,0,0,-33526,0,7683,0,0,0,0,0,0,0,0,0,685.623,2100,2100,1815,1875,1138.5,TRUE,0,1815,-1875,2101.05,2101.05,1815,1811.72,1137.8,TRUE,0,1815,-1811.72,3630,-3686.72,FALSE,0,0,TRUE
2026-01-27T21:31:24Z,REV_TW1_U_21,6,TRUE,4,1,0,0,2016,0,0,0,0,,,0,0,0,0,,,,,3630,-3686,1.42,0.68,,,,18,,,,,0,,,,0,0,0,0,34900,34900,34800,,,,0,59.9966,0,,128643,113212,,,,,,9,0,0,0,0,0,0,0,0,,0,,0,0,0,13,0,2134.08,0,100,0,0,0,0,,,0,0,0,0,0,,,,,,,28,25,26,,,0,24,48,FALSE,TRUE,FALSE,0,2,3,6,0,342,4200,16416,1500,-1500,0,0,35,14.155,1.6,0,999,99,999,999,999,999,999,999,2,1,0,0,0,1,2,1,1,0,0,8,1,0,0,-33526,0,7685,0,0,0,0,0,0,0,0,0,685.623,2100,2100,1815,1875,1138.5,TRUE,0,1815,-1875,2101.05,2101.05,1815,1811.72,1137.8,TRUE,0,1815,-1811.72,3630,-3686.72,FALSE,0,0,TRUE
2026-01-27T21:31:26Z,REV_TW1_U_21,6,TRUE,4,1,0,0,2016,0,0,0,0,,,0,0,0,0,,,,,3630,-3686,1.42,0.68,,,,18,,,,,0,,,,0,0,0,0,34900,34900,34800,,,,0,59.995,0,,128643,113212,,,,,,9,0,0,0,0,0,0,0,0,,0,,0,0,0,13,0,2134.08,0,100,0,0,0,0,,,0,0,0,0,0,,,,,,,28,25,26,,,0,24,48,FALSE,TRUE,FALSE,0,2,3,6,0,342,4200,16416,1500,-1500,0,0,35,14.155,1.6,0,999,999,999,999,999,999,999,999,2,1,0,0,0,1,2,1,1,0,0,8,1,0,0,-33526,0,7687,0,0,0,0,0,0,0,0,0,685.623,2100,2100,1815,1875,1138.5,TRUE,0,1815,-1875,2101.05,2101.05,1815,1811.72,1137.8,TRUE,0,1815,-1811.72,3630,-3686.72,FALSE,0,0,TRUE
2026-01-27T21:31:28Z,REV_TW1_U_21,6,TRUE,4,1,0,0,2016,0,0,0,0,,,0,0,0,0,,,,,3630,-3686,1.42,0.68,,,,18,,,,,0,,,,0,0,0,0,34900,34900,34800,,,,0,59.9912,0,,128643,113212,,,,,,9,0,0,0,0,0,0,0,0,,0,,0,0,0,13,0,2134.08,0,100,0,0,0,0,,,0,0,0,0,0,,,,,,,28,25,26,,,0,24,48,FALSE,TRUE,FALSE,0,2,3,6,0,342,4200,16416,1500,-1500,0,0,35,14.155,1.6,0,999,999,999,999,999,999,999,99,2,1,0,0,0,1,2,1,1,0,0,8,1,0,0,-33526,0,7689,0,0,0,0,0,0,0,0,0,685.623,2100,2100,1815,1875,1138.5,TRUE,0,1815,-1875,2101.05,2101.05,1815,1811.72,1137.8,TRUE,0,1815,-1811.72,3630,-3686.72,FALSE,0,0,TRUE
2026-01-27T21:31:30Z,REV_TW1_U_21,6,TRUE,4,1,0,0,2016,0,0,0,0,,,0,0,0,0,,,,,3630,-3686,1.42,0.68,,,,18,,,,,0,,,,0,0,0,0,34900,34900,34800,,,,0,59.9914,0,,128643,113212,,,,,,9,0,0,0,0,0,0,0,0,,0,,0,0,0,13,0,2134.08,0,100,0,0,0,0,,,0,0,0,0,0,,,,,,,28,25,26,,,0,24,48,FALSE,TRUE,FALSE,0,2,3,6,0,342,4200,16416,1500,-1500,0,0,35,14.155,1.6,0,999,99,999,999,999,999,999,99,2,1,0,0,0,1,2,1,1,0,0,8,1,0,0,-33526,0,7691,0,0,0,0,0,0,0,0,0,685.623,2100,2100,1815,1875,1138.5,TRUE,0,1815,-1875,2101.05,2101.05,1815,1811.72,1137.8,TRUE,0,1815,-1811.72,3630,-3686.72,FALSE,0,0,TRUE
2026-01-27T21:31:32Z,REV_TW1_U_21,6,TRUE,4,1,0,0,2016,0,0,0,0,,,0,0,0,0,,,,,3630,-3686,1.42,0.68,,,,18,,,,,0,,,,0,0,0,0,34900,34900,34800,,,,0,59.9945,0,,128643,113212,,,,,,9,0,0,0,0,0,0,0,0,,0,,0,0,0,13,0,2134.08,0,100,0,0,0,0,,,0,0,0,0,0,,,,,,,28,25,26,,,0,24,48,FALSE,TRUE,FALSE,0,2,3,6,0,342,4200,16416,1500,-1500,0,0,35,14.155,1.6,0,999,999,999,999,999,999,999,99,2,1,0,0,0,1,2,1,1,0,0,8,1,0,0,-33526,0,7693,0,0,0,0,0,0,0,0,0,685.623,2100,2100,1815,1875,1138.5,TRUE,0,1815,-1875,2101.05,2101.05,1815,1811.72,1137.8,TRUE,0,1815,-1811.72,3630,-3686.72,FALSE,0,0,TRUE
2026-01-27T21:31:34Z,REV_TW1_U_21,6,TRUE,4,1,0,0,2016,0,0,0,0,,,0,0,0,0,,,,,3630,-3686,1.42,0.68,,,,18,,,,,0,,,,0,0,0,0,34900,34900,34800,,,,0,59.994,0,,128643,113212,,,,,,9,0,0,0,0,0,0,0,0,,0,,0,0,0,13,0,2134.08,0,100,0,0,0,0,,,0,0,0,0,0,,,,,,,28,25,26,,,0,24,48,FALSE,TRUE,FALSE,0,2,3,6,0,342,4200,16416,1500,-1500,0,0,35,14.155,1.6,0,999,999,999,999,999,999,999,999,2,1,0,0,0,1,2,1,1,0,0,8,1,0,0,-33526,0,7695,0,0,0,0,0,0,0,0,0,685.623,2100,2100,1815,1875,1138.5,TRUE,0,1815,-1875,2101.05,2101.05,1815,1811.72,1137.8,TRUE,0,1815,-1811.72,3630,-3686.72,FALSE,0,0,TRUE
2026-01-27T21:31:36Z,REV_TW1_U_21,6,TRUE,4,1,0,0,2016,0,0,0,0,,,0,0,0,0,,,,,3630,-3686,1.42,0.68,,,,18,,,,,0,,,,0,0,0,0,34900,34900,34800,,,,0,59.9942,0,,128643,113212,,,,,,9,0,0,0,0,0,0,0,0,,0,,0,0,0,13,0,2134.08,0,100,0,0,0,0,,,0,0,0,0,0,,,,,,,28,25,26,,,0,24,48,FALSE,TRUE,FALSE,0,2,3,6,0,342,4200,16416,1500,-1500,0,0,35,14.155,1.6,0,999,99,999,999,999,999,999,999,2,1,0,0,0,1,2,1,1,0,0,8,1,0,0,-33526,0,7697,0,0,0,0,0,0,0,0,0,685.623,2100,2100,1815,1875,1138.5,TRUE,0,1815,-1875,2101.05,2101.05,1815,1811.72,1137.8,TRUE,0,1815,-1811.72,3630,-3686.72,FALSE,0,0,TRUE
2026-01-27T21:31:38Z,REV_TW1_U_21,6,TRUE,4,1,0,0,2016,0,0,0,0,,,0,0,0,0,,,,,3630,-3686,1.42,0.68,,,,18,,,,,0,,,,0,0,0,0,34900,34900,34800,,,,0,59.9941,0,,128643,113212,,,,,,9,0,0,0,0,0,0,0,0,,0,,0,0,0,13,0,2134.08,0,100,0,0,0,0,,,0,0,0,0,0,,,,,,,28,25,26,,,0,24,48,FALSE,TRUE,FALSE,0,2,3,6,0,342,4200,16416,1500,-1500,0,0,35,14.155,1.6,0,999,999,999,999,999,999,999,999,2,1,0,0,0,1,2,1,1,0,0,8,1,0,0,-33526,0,7699,0,0,0,0,0,0,0,0,0,685.623,2100,2100,1815,1875,1138.5,TRUE,0,1815,-1875,2101.05,2101.05,1815,1811.72,1137.8,TRUE,0,1815,-1811.72,3630,-3686.72,FALSE,0,0,TRUE
2026-01-27T21:31:40Z,REV_TW1_U_21,6,TRUE,4,1,0,0,2016,0,0,0,0,,,0,0,0,0,,,,,3630,-3686,1.42,0.68,,,,18,,,,,0,,,,0,0,0,0,34900,34900,34800,,,,0,59.9956,0,,128643,113212,,,,,,9,0,0,0,0,0,0,0,0,,0,,0,0,0,13,0,2134.08,0,100,0,0,0,0,,,0,0,0,0,0,,,,,,,28,25,26,,,0,24,48,FALSE,TRUE,FALSE,0,2,3,6,0,342,4200,16416,1500,-1500,0,0,35,14.155,1.6,0,999,999,999,999,999,999,999,999,2,1,0,0,0,1,2,1,1,0,0,8,1,0,0,-33526,0,7701,0,0,0,0,0,0,0,0,0,685.623,2100,2100,1815,1875,1138.5,TRUE,0,1815,-1875,2101.05,2101.05,1815,1811.72,1137.8,TRUE,0,1815,-1811.72,3630,-3686.72,FALSE,0,0,TRUE
2026-01-27T21:31:42Z,REV_TW1_U_21,6,TRUE,4,1,0,0,2016,0,0,0,0,,,0,0,0,0,,,,,3630,-3686,1.42,0.68,,,,17,,,,,0,,,,0,0,0,0,34900,34900,34800,,,,0,59.9937,0,,128643,113212,,,,,,9,0,0,0,0,0,0,0,0,,0,,0,0,0,13,0,2134.08,0,100,0,0,0,0,,,0,0,0,0,0,,,,,,,28,25,26,,,0,24,48,FALSE,TRUE,FALSE,0,2,3,6,0,342,4200,16416,1500,-1500,0,0,35,14.155,1.6,0,999,999,999,999,999,999,999,99,2,1,0,0,0,1,2,1,1,0,0,8,1,0,0,-33526,0,7703,0,0,0,0,0,0,0,0,0,685.623,2100,2100,1815,1875,1138.5,TRUE,0,1815,-1875,2101.05,2101.05,1815,1811.72,1137.8,TRUE,0,1815,-1811.72,3630,-3686.72,FALSE,0,0,TRUE
2026-01-27T21:31:44Z,REV_TW1_U_21,6,TRUE,4,1,0,0,2016,0,0,0,0,,,0,0,0,0,,,,,3630,-3686,1.42,0.68,,,,17,,,,,0,,,,0,0,0,0,34900,34900,34800,,,,0,59.9981,0,,128643,113212,,,,,,9,0,0,0,0,0,0,0,0,,0,,0,0,0,13,0,2134.08,0,100,0,0,0,0,,,0,0,0,0,0,,,,,,,28,25,26,,,0,24,48,FALSE,TRUE,FALSE,0,2,3,6,0,342,4200,16416,1500,-1500,0,0,35,14.155,1.6,0,999,99,999,999,999,999,999,999,2,1,0,0,0,1,2,1,1,0,0,8,1,0,0,-33526,0,7705,0,0,0,0,0,0,0,0,0,685.623,2100,2100,1815,1875,1138.5,TRUE,0,1815,-1875,2101.05,2101.05,1815,1811.72,1137.8,TRUE,0,1815,-1811.72,3630,-3686.72,FALSE,0,0,TRUE
2026-01-27T21:31:46Z,REV_TW1_U_21,6,TRUE,4,1,0,0,2016,0,0,0,0,,,0,0,0,0,,,,,3630,-3686,1.42,0.68,,,,18,,,,,0,,,,0,0,0,0,34900,34900,34800,,,,0,60.0009,0,,128643,113212,,,,,,9,0,0,0,0,0,0,0,0,,0,,0,0,0,13,0,2134.08,0,100,0,0,0,0,,,0,0,0,0,0,,,,,,,28,25,26,,,0,24,48,FALSE,TRUE,FALSE,0,2,3,6,0,342,4200,16416,1500,-1500,0,0,35,14.155,1.6,0,999,99,999,999,999,999,999,99,2,1,0,0,0,1,2,1,1,0,0,8,1,0,0,-33526,0,7707,0,0,0,0,0,0,0,0,0,685.623,2100,2100,1815,1875,1138.5,TRUE,0,1815,-1875,2101.05,2101.05,1815,1811.72,1137.8,TRUE,0,1815,-1811.72,3630,-3686.72,FALSE,0,0,TRUE
2026-01-27T21:31:48Z,REV_TW1_U_21,6,TRUE,4,1,0,0,2016,0,0,0,0,,,0,0,0,0,,,,,3630,-3686,1.42,0.68,,,,17,,,,,0,,,,0,0,0,0,34900,34900,34800,,,,0,59.9982,0,,128643,113212,,,,,,9,0,0,0,0,0,0,0,0,,0,,0,0,0,13,0,2134.08,0,100,0,0,0,0,,,0,0,0,0,0,,,,,,,28,25,26,,,0,24,48,FALSE,TRUE,FALSE,0,2,3,6,0,342,4200,16416,1500,-1500,0,0,35,14.155,1.6,0,999,99,999,999,999,999,999,999,2,1,0,0,0,1,2,1,1,0,0,8,1,0,0,-33526,0,7709,0,0,0,0,0,0,0,0,0,685.623,2100,2100,1815,1875,1138.5,TRUE,0,1815,-1875,2101.05,2101.05,1815,1811.72,1137.8,TRUE,0,1815,-1811.72,3630,-3686.72,FALSE,0,0,TRUE
2026-01-27T21:31:50Z,REV_TW1_U_21,6,TRUE,4,1,0,0,2016,0,0,0,0,,,0,0,0,0,,,,,3630,-3686,1.42,0.68,,,,17,,,,,0,,,,0,0,0,0,34900,34900,34800,,,,0,59.9944,0,,128643,113212,,,,,,9,0,0,0,0,0,0,0,0,,0,,0,0,0,13,0,2134.08,0,100,0,0,0,0,,,0,0,0,0,0,,,,,,,28,25,26,,,0,24,48,FALSE,TRUE,FALSE,0,2,3,6,0,342,4200,16416,1500,-1500,0,0,35,14.155,1.6,0,999,999,999,999,999,999,999,999,2,1,0,0,0,1,2,1,1,0,0,8,1,0,0,-33526,0,7711,0,0,0,0,0,0,0,0,0,685.623,2100,2100,1815,1875,1138.5,TRUE,0,1815,-1875,2101.05,2101.05,1815,1811.72,1137.8,TRUE,0,1815,-1811.72,3630,-3686.72,FALSE,0,0,TRUE
2026-01-27T21:31:52Z,REV_TW1_U_21,6,TRUE,4,1,0,0,2016,0,0,0,0,,,0,0,0,0,,,,,3630,-3686,1.42,0.68,,,,17,,,,,0,,,,0,0,0,0,34900,34900,34800,,,,0,59.9966,0,,128643,113212,,,,,,9,0,0,0,0,0,0,0,0,,0,,0,0,0,13,0,2134.08,0,100,0,0,0,0,,,0,0,0,0,0,,,,,,,28,25,26,,,0,24,48,FALSE,TRUE,FALSE,0,2,3,6,0,342,4200,16416,1500,-1500,0,0,35,14.155,1.7,0,999,999,999,999,999,999,999,999,2,1,0,0,0,1,2,1,1,0,0,8,1,0,0,-33526,0,7713,0,0,0,0,0,0,0,0,0,685.623,2100,2100,1815,1875,1138.5,TRUE,0,1815,-1875,2101.05,2101.05,1815,1811.72,1137.8,TRUE,0,1815,-1811.72,3630,-3686.72,FALSE,0,0,TRUE
2026-01-27T21:31:54Z,REV_TW1_U_21,6,TRUE,4,1,0,0,2016,0,0,0,0,,,0,0,0,0,,,,,3630,-3686,1.42,0.68,,,,17,,,,,0,,,,0,0,0,0,34900,34900,34800,,,,0,59.9982,0,,128643,113212,,,,,,9,0,0,0,0,0,0,0,0,,0,,0,0,0,13,0,2134.08,0,100,0,0,0,0,,,0,0,0,0,0,,,,,,,28,25,26,,,0,24,48,FALSE,TRUE,FALSE,0,2,3,6,0,342,4200,16416,1500,-1500,0,0,35,14.155,1.7,0,999,99,999,999,999,999,999,999,2,1,0,0,0,1,2,1,1,0,0,8,1,0,0,-33526,0,7715,0,0,0,0,0,0,0,0,0,685.623,2100,2100,1815,1875,1138.5,TRUE,0,1815,-1875,2101.05,2101.05,1815,1811.72,1137.8,TRUE,0,1815,-1811.72,3630,-3686.72,FALSE,0,0,TRUE
2026-01-27T21:31:56Z,REV_TW1_U_21,6,TRUE,4,1,0,0,2016,0,0,0,0,,,0,0,0,0,,,,,3630,-3686,1.42,0.68,,,,17,,,,,0,,,,0,0,0,0,34900,34900,34800,,,,0,60.0026,0,,128643,113212,,,,,,9,0,0,0,0,0,0,0,0,,0,,0,0,0,13,0,2134.08,0,100,0,0,0,0,,,0,0,0,0,0,,,,,,,28,25,26,,,0,24,48,FALSE,TRUE,FALSE,0,2,3,6,0,342,4200,16416,1500,-1500,0,0,35,14.155,1.7,0,999,999,999,999,999,999,999,999,2,1,0,0,0,1,2,1,1,0,0,8,1,0,0,-33526,0,7717,0,0,0,0,0,0,0,0,0,685.623,2100,2100,1815,1875,1138.5,TRUE,0,1815,-1875,2101.05,2101.05,1815,1811.72,1137.8,TRUE,0,1815,-1811.72,3630,-3686.72,FALSE,0,0,TRUE
2026-01-27T21:31:58Z,REV_TW1_U_21,6,TRUE,4,1,0,0,2016,0,0,0,0,,,0,0,0,0,,,,,3630,-3686,1.42,0.68,,,,18,,,,,0,,,,0,0,0,0,34900,34900,34800,,,,0,60.0036,0,,128643,113212,,,,,,9,0,0,0,0,0,0,0,0,,0,,0,0,0,13,0,2134.08,0,100,0,0,0,0,,,0,0,0,0,0,,,,,,,28,25,26,,,0,24,48,FALSE,TRUE,FALSE,0,2,3,6,0,342,4200,16416,1500,-1500,0,0,35,14.155,1.7,0,999,999,999,999,999,999,999,999,2,1,0,0,0,1,2,1,1,0,0,8,1,0,0,-33526,0,7718,0,0,0,0,0,0,0,0,0,685.623,2100,2100,1815,1875,1138.5,TRUE,0,1815,-1875,2101.05,2101.05,1815,1811.72,1137.8,TRUE,0,1815,-1811.72,3630,-3686.72,FALSE,0,0,TRUE
2026-01-27T21:32:00Z,REV_TW1_U_21,6,TRUE,4,1,0,0,2016,0,0,0,0,,,0,0,0,0,,,,,3630,-3686,1.42,0.68,,,,17,,,,,0,,,,0,0,0,0,34900,34900,34800,,,,0,60.0059,0,,128643,113212,,,,,,9,0,0,0,0,0,0,0,0,,0,,0,0,0,13,0,2134.08,0,100,0,0,0,0,,,0,0,0,0,0,,,,,,,28,25,26,,,0,24,48,FALSE,TRUE,FALSE,0,2,3,6,0,342,4200,16416,1500,-1500,0,0,35,14.155,1.7,0,999,999,999,999,999,999,999,999,2,1,0,0,0,1,2,1,1,0,0,8,1,0,0,-33526,0,7721,0,0,0,0,0,0,0,0,0,685.623,2100,2100,1815,1875,1138.5,TRUE,0,1815,-1875,2101.05,2101.05,1815,1811.72,1137.8,TRUE,0,1815,-1811.72,3630,-3686.72,FALSE,0,0,TRUE
2026-01-27T21:32:02Z,REV_TW1_U_21,6,TRUE,4,1,0,0,2016,0,0,0,0,,,0,0,0,0,,,,,3630,-3686,1.42,0.68,,,,18,,,,,0,,,,0,0,0,0,34900,34900,34800,,,,0,60.0034,0,,128643,113212,,,,,,9,0,0,0,0,0,0,0,0,,0,,0,0,0,13,0,2134.08,0,100,0,0,0,0,,,0,0,0,0,0,,,,,,,28,25,26,,,0,24,48,FALSE,TRUE,FALSE,0,2,3,6,0,342,4200,16416,1500,-1500,0,0,35,14.155,1.7,0,999,99,999,999,999,999,999,99,2,1,0,0,0,1,2,1,1,0,0,8,1,0,0,-33526,0,7723,0,0,0,0,0,0,0,0,0,685.623,2100,2100,1815,1875,1138.5,TRUE,0,1815,-1875,2101.05,2101.05,1815,1811.72,1137.8,TRUE,0,1815,-1811.72,3630,-3686.72,FALSE,0,0,TRUE
2026-01-27T21:32:04Z,REV_TW1_U_21,6,TRUE,4,1,0,0,2016,0,0,0,0,,,0,0,0,0,,,,,3630,-3686,1.42,0.68,,,,18,,,,,0,,,,0,0,0,0,34900,34900,34800,,,,0,60.009,0,,128643,113212,,,,,,9,0,0,0,0,0,0,0,0,,0,,0,0,0,13,0,2134.08,0,100,0,0,0,0,,,0,0,0,0,0,,,,,,,28,25,26,,,0,24,48,FALSE,TRUE,FALSE,0,2,3,6,0,342,4200,16416,1500,-1500,0,0,35,14.155,1.7,0,999,999,999,999,999,999,999,99,2,1,0,0,0,1,2,1,1,0,0,8,1,0,0,-33526,0,7725,0,0,0,0,0,0,0,0,0,685.623,2100,2100,1815,1875,1138.5,TRUE,0,1815,-1875,2101.05,2101.05,1815,1811.72,1137.8,TRUE,0,1815,-1811.72,3630,-3686.72,FALSE,0,0,TRUE
2026-01-27T21:32:06Z,REV_TW1_U_21,6,TRUE,4,1,0,0,2016,0,0,0,0,,,0,0,0,0,,,,,3630,-3686,1.42,0.68,,,,18,,,,,0,,,,0,0,0,0,34900,34900,34800,,,,0,60.0088,0,,128643,113212,,,,,,9,0,0,0,0,0,0,0,0,,0,,0,0,0,13,0,2134.08,0,100,0,0,0,0,,,0,0,0,0,0,,,,,,,28,25,26,,,0,24,48,FALSE,TRUE,FALSE,0,2,3,6,0,342,4200,16416,1500,-1500,0,0,35,14.155,1.7,0,999,999,999,999,999,999,999,999,2,1,0,0,0,1,2,1,1,0,0,8,1,0,0,-33526,0,7727,0,0,0,0,0,0,0,0,0,685.623,2100,2100,1815,1875,1138.5,TRUE,0,1815,-1875,2101.05,2101.05,1815,1811.72,1137.8,TRUE,0,1815,-1811.72,3630,-3686.72,FALSE,0,0,TRUE
2026-01-27T21:32:08Z,REV_TW1_U_21,6,TRUE,4,1,0,0,2016,0,0,0,0,,,0,0,0,0,,,,,3630,-3686,1.42,0.68,,,,18,,,,,0,,,,0,0,0,0,34900,34900,34800,,,,0,60.003,0,,128643,113212,,,,,,9,0,0,0,0,0,0,0,0,,0,,0,0,0,13,0,2134.08,0,100,0,0,0,0,,,0,0,0,0,0,,,,,,,28,25,26,,,0,24,48,FALSE,TRUE,FALSE,0,2,3,6,0,342,4200,16416,1500,-1500,0,0,35,14.155,1.7,0,999,999,999,999,999,999,999,999,2,1,0,0,0,1,2,1,1,0,0,8,1,0,0,-33526,0,7728,0,0,0,0,0,0,0,0,0,685.623,2100,2100,1815,1875,1138.5,TRUE,0,1815,-1875,2101.05,2101.05,1815,1811.72,1137.8,TRUE,0,1815,-1811.72,3630,-3686.72,FALSE,0,0,TRUE
2026-01-27T21:32:10Z,REV_TW1_U_21,6,TRUE,4,1,0,0,2016,0,0,0,0,,,0,0,0,0,,,,,3630,-3686,1.42,0.68,,,,18,,,,,0,,,,0,0,0,0,34900,34900,34800,,,,0,60.0049,0,,128643,113212,,,,,,9,0,0,0,0,0,0,0,0,,0,,0,0,0,13,0,2134.08,0,100,0,0,0,0,,,0,0,0,0,0,,,,,,,28,25,26,,,0,24,48,FALSE,TRUE,FALSE,0,2,3,6,0,342,4200,16416,1500,-1500,0,0,35,14.155,1.7,0,999,999,999,999,999,999,999,999,2,1,0,0,0,1,2,1,1,0,0,8,1,0,0,-33526,0,7731,0,0,0,0,0,0,0,0,0,685.623,2100,2100,1815,1875,1138.5,TRUE,0,1815,-1875,2101.05,2101.05,1815,1811.72,1137.8,TRUE,0,1815,-1811.72,3630,-3686.72,FALSE,0,0,TRUE
2026-01-27T21:32:12Z,REV_TW1_U_21,6,TRUE,4,1,0,0,2016,0,0,0,0,,,0,0,0,0,,,,,3630,-3686,1.42,0.68,,,,17,,,,,0,,,,0,0,0,0,34900,34900,34800,,,,0,60.0061,0,,128643,113212,,,,,,9,0,0,0,0,0,0,0,0,,0,,0,0,0,13,0,2134.08,0,100,0,0,0,0,,,0,0,0,0,0,,,,,,,28,25,26,,,0,24,48,FALSE,TRUE,FALSE,0,2,3,6,0,342,4200,16416,1500,-1500,0,0,35,14.155,1.6,0,999,99,999,999,999,999,999,99,2,1,0,0,0,1,2,1,1,0,0,8,1,0,0,-33526,0,7733,0,0,0,0,0,0,0,0,0,685.623,2100,2100,1815,1875,1138.5,TRUE,0,1815,-1875,2101.05,2101.05,1815,1811.72,1137.8,TRUE,0,1815,-1811.72,3630,-3686.72,FALSE,0,0,TRUE
2026-01-27T21:32:14Z,REV_TW1_U_21,6,TRUE,4,1,0,0,2016,0,0,0,0,,,0,0,0,0,,,,,3630,-3686,1.42,0.68,,,,17,,,,,0,,,,0,0,0,0,34900,34900,34800,,,,0,60.0086,0,,128643,113212,,,,,,9,0,0,0,0,0,0,0,0,,0,,0,0,0,13,0,2134.08,0,100,0,0,0,0,,,0,0,0,0,0,,,,,,,28,25,26,,,0,24,48,FALSE,TRUE,FALSE,0,2,3,6,0,342,4200,16416,1500,-1500,0,0,35,14.155,1.6,0,999,99,999,999,999,999,999,99,2,1,0,0,0,1,2,1,1,0,0,8,1,0,0,-33526,0,7735,0,0,0,0,0,0,0,0,0,685.623,2100,2100,1815,1875,1138.5,TRUE,0,1815,-1875,2101.05,2101.05,1815,1811.72,1137.8,TRUE,0,1815,-1811.72,3630,-3686.72,FALSE,0,0,TRUE
2026-01-27T21:32:16Z,REV_TW1_U_21,6,TRUE,4,1,0,0,2016,0,0,0,0,,,0,0,0,0,,,,,3630,-3686,1.42,0.68,,,,17,,,,,0,,,,0,0,0,0,34900,34900,34800,,,,0,60.0018,0,,128643,113212,,,,,,9,0,0,0,0,0,0,0,0,,0,,0,0,0,13,0,2134.08,0,100,0,0,0,0,,,0,0,0,0,0,,,,,,,28,25,26,,,0,24,48,FALSE,TRUE,FALSE,0,2,3,6,0,342,4200,16416,1500,-1500,0,0,35,14.155,1.6,0,999,99,999,999,999,999,999,99,2,1,0,0,0,1,2,1,1,0,0,8,1,0,0,-33526,0,7736,0,0,0,0,0,0,0,0,0,685.623,2100,2100,1815,1875,1138.5,TRUE,0,1815,-1875,2101.05,2101.05,1815,1811.72,1137.8,TRUE,0,1815,-1811.72,3630,-3686.72,FALSE,0,0,TRUE
2026-01-27T21:32:18Z,REV_TW1_U_21,6,TRUE,4,1,0,0,2016,0,0,0,0,,,0,0,0,0,,,,,3630,-3686,1.42,0.68,,,,17,,,,,0,,,,0,0,0,0,34900,34900,34700,,,,0,60.0065,0,,128643,113212,,,,,,9,0,0,0,0,0,0,0,0,,0,,0,0,0,13,0,2134.08,0,100,0,0,0,0,,,0,0,0,0,0,,,,,,,28,25,26,,,0,24,48,FALSE,TRUE,FALSE,0,2,3,6,0,342,4200,16416,1500,-1500,0,0,35,14.155,1.6,0,999,999,999,999,999,999,999,999,2,1,0,0,0,1,2,1,1,0,0,8,1,0,0,-33526,0,7739,0,0,0,0,0,0,0,0,0,685.623,2100,2100,1815,1875,1138.5,TRUE,0,1815,-1875,2101.05,2101.05,1815,1811.72,1137.8,TRUE,0,1815,-1811.72,3630,-3686.72,FALSE,0,0,TRUE
2026-01-27T21:32:20Z,REV_TW1_U_21,6,TRUE,4,1,0,0,2016,0,0,0,0,,,0,0,0,0,,,,,3630,-3686,1.42,0.68,,,,17,,,,,0,,,,0,0,0,0,34900,34900,34800,,,,0,60.0032,0,,128643,113212,,,,,,9,0,0,0,0,0,0,0,0,,0,,0,0,0,13,0,2134.08,0,100,0,0,0,0,,,0,0,0,0,0,,,,,,,28,25,26,,,0,24,48,FALSE,TRUE,FALSE,0,2,3,6,0,342,4200,16416,1500,-1500,0,0,35,14.155,1.6,0,999,999,999,999,999,999,999,999,2,1,0,0,0,1,2,1,1,0,0,8,1,0,0,-33526,0,7741,0,0,0,0,0,0,0,0,0,685.623,2100,2100,1815,1875,1138.5,TRUE,0,1815,-1875,2101.05,2101.05,1815,1811.72,1137.8,TRUE,0,1815,-1811.72,3630,-3686.72,FALSE,0,0,TRUE
2026-01-27T21:32:22Z,REV_TW1_U_21,6,TRUE,4,1,0,0,2016,0,0,0,0,,,0,0,0,0,,,,,3630,-3686,1.42,0.68,,,,17,,,,,0,,,,0,0,0,0,34900,34900,34800,,,,0,60.0083,0,,128643,113212,,,,,,9,0,0,0,0,0,0,0,0,,0,,0,0,0,13,0,2134.08,0,100,0,0,0,0,,,0,0,0,0,0,,,,,,,28,25,26,,,0,24,48,FALSE,TRUE,FALSE,0,2,3,6,0,342,4200,16416,1500,-1500,0,0,35,14.155,1.6,0,999,99,999,999,999,999,999,99,2,1,0,0,0,1,2,1,1,0,0,8,1,0,0,-33526,0,7742,0,0,0,0,0,0,0,0,0,685.623,2100,2100,1815,1875,1138.5,TRUE,0,1815,-1875,2101.05,2101.05,1815,1811.72,1137.8,TRUE,0,1815,-1811.72,3630,-3686.72,FALSE,0,0,TRUE
2026-01-27T21:32:24Z,REV_TW1_U_21,6,TRUE,4,1,0,0,2016,0,0,0,0,,,0,0,0,0,,,,,3630,-3686,1.42,0.68,,,,17,,,,,0,,,,0,0,0,0,34900,34900,34800,,,,0,60.0096,0,,128643,113212,,,,,,9,0,0,0,0,0,0,0,0,,0,,0,0,0,13,0,2134.08,0,100,0,0,0,0,,,0,0,0,0,0,,,,,,,28,25,26,,,0,24,48,FALSE,TRUE,FALSE,0,2,3,6,0,342,4200,16416,1500,-1500,0,0,35,14.155,1.6,0,999,99,999,999,999,999,999,99,2,1,0,0,0,1,2,1,1,0,0,8,1,0,0,-33526,0,7745,0,0,0,0,0,0,0,0,0,685.623,2100,2100,1815,1875,1138.5,TRUE,0,1815,-1875,2101.05,2101.05,1815,1811.72,1137.8,TRUE,0,1815,-1811.72,3630,-3686.72,FALSE,0,0,TRUE
2026-01-27T21:32:26Z,REV_TW1_U_21,6,TRUE,4,1,0,0,2016,0,0,0,0,,,0,0,0,0,,,,,3630,-3686,1.42,0.68,,,,17,,,,,0,,,,0,0,0,0,34900,34900,34800,,,,0,60.0127,0,,128643,113212,,,,,,9,0,0,0,0,0,0,0,0,,0,,0,0,0,13,0,2134.08,0,100,0,0,0,0,,,0,0,0,0,0,,,,,,,28,25,26,,,0,24,48,FALSE,TRUE,FALSE,0,2,3,6,0,342,4200,16416,1500,-1500,0,0,35,14.155,1.6,0,999,99,999,999,999,999,999,99,2,1,0,0,0,1,2,1,1,0,0,8,1,0,0,-33526,0,7747,0,0,0,0,0,0,0,0,0,685.623,2100,2100,1815,1875,1138.5,TRUE,0,1815,-1875,2101.05,2101.05,1815,1811.72,1137.8,TRUE,0,1815,-1811.72,3630,-3686.72,FALSE,0,0,TRUE
