Time,Unit #01 (11A1).kW Measured (kW),Unit #02 (11A2).kW Measured (kW),Unit #03 (11A3).kW Measured (kW),Unit #04 (11A4).kW Measured (kW),Unit #05 (11A5).kW Measured (kW),Unit #06 (11A6).kW Measured (kW),Unit #07 (11A7).kW Measured (kW),Unit #08 (11A8).kW Measured (kW),Unit #09 (11B1).kW Measured (kW),Unit #10 (11B2).kW Measured (kW),Unit #11 (11B3).kW Measured (kW),Unit #12 (11B4).kW Measured (kW),Unit #13 (11B5).kW Measured (kW),Unit #14 (11B6).kW Measured (kW),Unit #15 (11B7).kW Measured (kW),Unit #16 (11B8).kW Measured (kW),Unit #17 (12A1).kW Measured (kW),Unit #18 (12A2).kW Measured (kW),Unit #19 (12A3).kW Measured (kW),Unit #20 (12A4).kW Measured (kW),Unit #27 (12B3).kW Measured (kW),Unit #28 (12B4).kW Measured (kW),Unit #29 (12B5).kW Measured (kW),Unit #30 (12B6).kW Measured (kW),Unit #31 (12B7).kW Measured (kW),Unit #32 (12B8).kW Measured (kW),Unit #21 (12A5).kW Measured (kW),Unit #22 (12A6).kW Measured (kW),Unit #23 (12A7).kW Measured (kW),Unit #24 (12A8).kW Measured (kW),Unit #25 (12B1).kW Measured (kW),Unit #26 (12B2).kW Measured (kW)
3/13/2026 10:30,0,0,0,0,0,0,0,0,-4,-3,-4,-7,-3,-5,-6,-4,-50,0,-6,-5,-3,-4,-3,0,-4,0,0,-6,-6,-3,-4,-5
3/13/2026 10:30,0,0,0,0,0,0,0,0,-4,-3,-3,-7,-5,-6,-6,-3,-51,0,-6,-6,-3,-4,-4,0,-4,0,0,-6,-6,-3,-3,-6
3/13/2026 10:30,0,0,0,0,0,0,0,0,-4,-4,-4,-6,-4,-6,-5,-4,-51,0,-5,-6,-4,-4,-4,0,-4,0,0,-5,-7,-3,-3,-7
3/13/2026 10:30,0,0,0,0,0,0,0,0,-4,-4,-4,-6,-5,-6,-4,-5,-52,0,-5,-6,-4,-5,-4,0,-4,0,0,-5,-7,-3,-3,-7
3/13/2026 10:30,0,0,0,0,0,0,0,0,-3,-5,-4,-6,-6,-6,-3,-6,-52,0,-4,-6,-3,-6,-5,0,-4,0,0,-5,-6,-3,-3,-7
3/13/2026 10:30,0,0,0,0,0,0,0,0,-3,-5,-3,-6,-7,-7,-3,-5,-52,0,-4,-6,-3,-6,-5,0,-4,0,0,-5,-6,-4,-3,-7
3/13/2026 10:30,0,0,0,0,0,0,0,0,-3,-6,-4,-5,-6,-5,-3,-6,-52,0,-4,-5,-4,-6,-6,0,-4,0,0,-4,-6,-4,-4,-8
3/13/2026 10:30,0,0,0,0,0,0,0,0,-4,-7,-5,-5,-7,-5,-3,-7,-52,0,-4,-5,-4,-6,-7,0,-5,0,0,-4,-5,-5,-4,-7
3/13/2026 10:30,0,0,0,0,0,0,0,0,-4,-8,-5,-4,-7,-5,-3,-6,-51,0,-4,-5,-4,-7,-7,0,-5,0,0,-3,-5,-5,-4,-6
3/13/2026 10:30,0,0,0,0,0,0,0,0,-3,-8,-5,-4,-7,-5,-3,-7,-52,0,-4,-5,-5,-7,-7,0,-5,0,0,-3,-5,-5,-5,-7
3/13/2026 10:30,0,0,0,0,0,0,0,0,-5,-8,-6,-3,-6,-5,-3,-7,-52,0,-4,-5,-5,-6,-7,0,-5,0,0,-3,-4,-7,-6,-6
3/13/2026 10:30,0,0,0,0,0,0,0,0,-5,-7,-6,-3,-7,-5,-3,-6,-51,0,-4,-4,-5,-5,-7,0,-6,0,0,-3,-5,-7,-6,-5
3/13/2026 10:30,0,0,0,0,0,0,0,0,-5,-8,-7,-3,-6,-5,-4,-6,-51,0,-4,-4,-6,-6,-7,0,-6,0,0,-4,-4,-7,-7,-5
3/13/2026 10:30,0,0,0,0,0,0,0,0,-6,-7,-7,-3,-5,-5,-4,-5,-51,0,-4,-4,-7,-6,-6,0,-6,0,0,-3,-4,-8,-7,-4
3/13/2026 10:30,0,0,0,0,0,0,0,0,-7,-6,-7,-3,-4,-4,-4,-5,-50,0,-4,-4,-7,-5,-6,0,-6,0,0,-4,-4,-7,-8,-4
3/13/2026 10:30,0,0,0,0,0,0,0,0,-7,-5,-7,-3,-4,-4,-4,-5,-50,0,-5,-4,-7,-5,-5,0,-6,0,0,-5,-4,-7,-7,-5
3/13/2026 10:30,0,0,0,0,0,0,0,0,-7,-4,-6,-3,-4,-4,-5,-4,-49,0,-6,-4,-8,-4,-5,0,-6,0,0,-5,-4,-7,-6,-3
3/13/2026 10:30,0,0,0,0,0,0,0,0,-7,-4,-6,-4,-4,-5,-6,-4,-51,0,-6,-5,-7,-5,-4,0,-6,0,0,-5,-4,-7,-6,-3
3/13/2026 10:30,0,0,0,0,0,0,0,0,-7,-3,-6,-3,-4,-4,-7,-4,-50,0,-6,-5,-7,-5,-4,0,-6,0,0,-5,-4,-6,-6,-3
3/13/2026 10:30,0,0,0,0,0,0,0,0,-7,-4,-4,-4,-3,-3,-7,-4,-50,0,-6,-4,-7,-4,-4,0,-6,0,0,-5,-4,-5,-6,-4
3/13/2026 10:30,0,0,0,0,0,0,0,0,-7,-3,-5,-5,-3,-4,-7,-4,-50,0,-7,-4,-6,-4,-4,0,-6,0,0,-6,-4,-5,-6,-3
3/13/2026 10:30,0,0,0,0,0,0,0,0,-6,-4,-4,-5,-4,-4,-7,-3,-50,0,-7,-5,-5,-4,-3,0,-5,0,0,-7,-4,-4,-5,-3
3/13/2026 10:30,0,0,0,0,0,0,0,0,-6,-3,-4,-6,-4,-5,-7,-3,-50,0,-6,-5,-5,-4,-3,0,-4,0,0,-7,-5,-4,-5,-3
3/13/2026 10:30,0,0,0,0,0,0,0,0,-5,-3,-4,-7,-3,-5,-7,-3,-50,0,-7,-5,-5,-4,-3,0,-4,0,0,-7,-5,-4,-4,-3
3/13/2026 10:30,0,0,0,0,0,0,0,0,-5,-3,-4,-7,-3,-4,-6,-3,-51,0,-6,-5,-4,-4,-3,0,-4,0,0,-7,-5,-4,-4,-4
3/13/2026 10:30,0,0,0,0,0,0,0,0,-4,-3,-4,-7,-3,-4,-6,-3,-50,0,-6,-5,-4,-4,-3,0,-5,0,0,-7,-5,-4,-4,-5
3/13/2026 10:30,0,0,0,0,0,0,0,0,-4,-3,-3,-7,-3,-4,-5,-3,-50,0,-6,-5,-3,-4,-3,0,-4,0,0,-7,-5,-3,-4,-5
3/13/2026 10:30,0,0,0,0,0,0,0,0,-5,-3,-3,-7,-4,-4,-5,-3,-50,0,-6,-6,-3,-4,-4,0,-5,0,0,-6,-6,-3,-3,-5
3/13/2026 10:30,0,0,0,0,0,0,0,0,-3,-3,-3,-7,-4,-4,-5,-4,-51,0,-6,-6,-4,-4,-3,0,-5,0,0,-6,-6,-3,-4,-5
3/13/2026 10:30,0,0,0,0,0,0,0,0,-3,-3,-3,-8,-4,-5,-5,-4,-51,0,-5,-6,-4,-4,-3,0,-4,0,0,-6,-6,-3,-3,-5
3/13/2026 10:31,0,0,0,0,0,0,0,0,-4,-3,-3,-7,-5,-6,-5,-4,-51,0,-5,-6,-3,-4,-3,0,-4,0,0,-6,-6,-3,-4,-6
3/13/2026 10:31,0,0,0,0,0,0,0,0,-3,-3,-3,-7,-5,-5,-4,-4,-51,0,-5,-5,-3,-4,-4,0,-4,0,0,-6,-6,-3,-4,-5
3/13/2026 10:31,0,0,0,0,0,0,0,0,-3,-3,-4,-6,-6,-5,-4,-4,-51,0,-5,-6,-3,-5,-4,0,-4,0,0,-6,-6,-3,-3,-6
3/13/2026 10:31,0,0,0,0,0,0,0,0,-3,-4,-3,-7,-6,-6,-4,-4,-51,0,-5,-6,-3,-5,-5,0,-4,0,0,-6,-6,-3,-3,-7
3/13/2026 10:31,0,0,0,0,0,0,0,0,-4,-4,-3,-6,-5,-6,-4,-5,-51,0,-5,-6,-3,-4,-5,0,-4,0,0,-6,-7,-3,-3,-7
3/13/2026 10:31,0,0,0,0,0,0,0,0,-3,-4,-4,-6,-6,-7,-4,-6,-51,0,-5,-7,-3,-5,-4,0,-5,0,0,-6,-7,-3,-2,-6
3/13/2026 10:31,0,0,0,0,0,0,0,0,-3,-5,-4,-6,-6,-7,-3,-6,-51,0,-5,-6,-3,-5,-5,0,-5,0,0,-5,-6,-3,-3,-7
3/13/2026 10:31,0,0,0,0,0,0,0,0,-3,-5,-4,-5,-6,-6,-3,-6,-51,0,-5,-6,-3,-5,-5,0,-5,0,0,-5,-6,-3,-4,-7
3/13/2026 10:31,0,0,0,0,0,0,0,0,-3,-5,-4,-6,-6,-6,-3,-6,-51,0,-5,-6,-3,-5,-5,0,-4,0,0,-5,-6,-3,-3,-7
3/13/2026 10:31,0,0,0,0,0,0,0,0,-3,-5,-4,-5,-7,-6,-4,-6,-52,0,-4,-6,-3,-6,-6,0,-5,0,0,-4,-6,-3,-4,-8
3/13/2026 10:31,0,0,0,0,0,0,0,0,-3,-6,-4,-5,-7,-6,-3,-6,-52,0,-4,-6,-3,-6,-7,0,-4,0,0,-4,-6,-4,-4,-8
3/13/2026 10:31,0,0,0,0,0,0,0,0,-3,-6,-5,-5,-7,-6,-4,-7,-52,0,-4,-6,-3,-6,-7,0,-4,0,0,-5,-6,-5,-4,-7
3/13/2026 10:31,0,0,0,0,0,0,0,0,-4,-7,-6,-4,-6,-6,-3,-7,-52,0,-5,-5,-4,-6,-8,0,-5,0,0,-4,-6,-6,-4,-7
3/13/2026 10:31,0,0,0,0,0,0,0,0,-4,-7,-5,-4,-7,-7,-3,-7,-52,0,-4,-5,-5,-7,-8,0,-5,0,0,-4,-6,-6,-5,-6
3/13/2026 10:31,0,0,0,0,0,0,0,0,-4,-7,-6,-4,-6,-5,-3,-7,-52,0,-4,-5,-5,-7,-7,0,-5,0,0,-4,-5,-6,-6,-7
3/13/2026 10:31,0,0,0,0,0,0,0,0,-5,-7,-6,-4,-6,-5,-3,-6,-51,0,-4,-5,-5,-6,-8,0,-5,0,0,-4,-5,-7,-7,-6
3/13/2026 10:31,0,0,0,0,0,0,0,0,-5,-7,-7,-3,-5,-5,-3,-6,-51,0,-4,-5,-6,-6,-7,0,-6,0,0,-4,-5,-8,-7,-5
3/13/2026 10:31,0,0,0,0,0,0,0,0,-6,-7,-7,-3,-5,-5,-5,-6,-50,0,-3,-4,-6,-6,-6,0,-6,0,0,-3,-5,-8,-7,-5
3/13/2026 10:31,0,0,0,0,0,0,0,0,-6,-6,-6,-3,-4,-5,-4,-5,-51,0,-4,-4,-7,-6,-6,0,-6,0,0,-3,-4,-7,-8,-5
3/13/2026 10:31,0,0,0,0,0,0,0,0,-7,-5,-6,-3,-5,-4,-6,-5,-50,0,-4,-4,-8,-5,-5,0,-6,0,0,-3,-5,-7,-7,-4
3/13/2026 10:31,0,0,0,0,0,0,0,0,-7,-5,-6,-3,-3,-4,-7,-4,-50,0,-5,-4,-7,-5,-4,0,-7,0,0,-4,-4,-6,-7,-4
3/13/2026 10:31,0,0,0,0,0,0,0,0,-7,-4,-5,-4,-4,-4,-7,-4,-50,0,-5,-4,-7,-4,-4,0,-5,0,0,-4,-4,-6,-6,-2
3/13/2026 10:31,0,0,0,0,0,0,0,0,-6,-4,-4,-5,-3,-4,-7,-3,-50,0,-6,-4,-6,-4,-4,0,-5,0,0,-5,-4,-4,-5,-3
3/13/2026 10:31,0,0,0,0,0,0,0,0,-5,-3,-4,-6,-3,-4,-7,-4,-50,0,-6,-4,-5,-4,-3,0,-5,0,0,-6,-4,-4,-4,-3
3/13/2026 10:31,0,0,0,0,0,0,0,0,-5,-3,-4,-7,-4,-4,-6,-3,-50,0,-6,-5,-4,-4,-3,0,-5,0,0,-7,-4,-4,-4,-3
3/13/2026 10:31,0,0,0,0,0,0,0,0,-5,-4,-4,-6,-3,-4,-6,-4,-50,0,-7,-5,-4,-4,-3,0,-4,0,0,-7,-5,-4,-3,-3
3/13/2026 10:31,0,0,0,0,0,0,0,0,-5,-4,-4,-7,-4,-4,-5,-4,-50,0,-7,-5,-4,-4,-3,0,-4,0,0,-7,-5,-3,-3,-3
3/13/2026 10:31,0,0,0,0,0,0,0,0,-4,-3,-3,-7,-4,-5,-5,-4,-50,0,-6,-5,-3,-4,-3,0,-4,0,0,-7,-6,-3,-4,-4
3/13/2026 10:31,0,0,0,0,0,0,0,0,-3,-3,-3,-6,-4,-5,-5,-4,-50,0,-6,-5,-3,-4,-3,0,-5,0,0,-7,-6,-3,-3,-5
3/13/2026 10:31,0,0,0,0,0,0,0,0,-3,-3,-4,-6,-6,-5,-4,-5,-51,0,-5,-6,-3,-4,-5,0,-4,0,0,-7,-6,-3,-4,-6
3/13/2026 10:32,0,0,0,0,0,0,0,0,-3,-5,-4,-6,-6,-6,-4,-6,-51,0,-5,-6,-3,-5,-6,0,-4,0,0,-5,-6,-3,-3,-7
3/13/2026 10:32,0,0,0,0,0,0,0,0,-3,-5,-4,-5,-6,-6,-3,-7,-52,0,-5,-6,-4,-5,-6,0,-4,0,0,-6,-6,-5,-3,-8
3/13/2026 10:32,0,0,0,0,0,0,0,0,-3,-6,-5,-5,-7,-6,-3,-7,-52,0,-4,-6,-4,-6,-7,0,-5,0,0,-5,-6,-5,-3,-8
3/13/2026 10:32,0,0,0,0,0,0,0,0,-3,-7,-5,-4,-6,-5,-3,-7,-52,0,-4,-6,-4,-6,-7,0,-5,0,0,-4,-6,-5,-4,-7
3/13/2026 10:32,0,0,0,0,0,0,0,0,-4,-7,-6,-4,-6,-6,-3,-7,-52,0,-4,-5,-5,-6,-7,0,-5,0,0,-4,-6,-7,-4,-7
3/13/2026 10:32,0,0,0,0,0,0,0,0,-5,-6,-6,-4,-6,-5,-4,-6,-53,0,-4,-5,-5,-7,-7,0,-6,0,0,-3,-6,-7,-6,-7
3/13/2026 10:32,0,0,0,0,0,0,0,0,-5,-7,-7,-3,-5,-6,-4,-6,-52,0,-4,-4,-6,-7,-7,0,-6,0,0,-3,-4,-7,-6,-6
3/13/2026 10:32,0,0,0,0,0,0,0,0,-6,-7,-7,-3,-5,-5,-4,-6,-52,0,-4,-4,-7,-6,-7,0,-6,0,0,-3,-5,-7,-7,-6
3/13/2026 10:32,0,0,0,0,0,0,0,0,-7,-7,-7,-3,-5,-4,-5,-6,-51,0,-4,-4,-7,-6,-6,0,-6,0,0,-3,-4,-7,-8,-5
3/13/2026 10:32,0,0,0,0,0,0,0,0,-7,-6,-6,-3,-4,-4,-6,-5,-50,0,-4,-4,-7,-6,-5,0,-6,0,0,-3,-4,-6,-8,-5
3/13/2026 10:32,0,0,0,0,0,0,0,0,-7,-6,-6,-3,-4,-5,-6,-4,-50,0,-4,-4,-7,-5,-5,0,-6,0,0,-4,-4,-7,-7,-4
3/13/2026 10:32,0,0,0,0,0,0,0,0,-7,-5,-6,-4,-4,-5,-6,-5,-50,0,-5,-5,-7,-5,-5,0,-6,0,0,-4,-4,-7,-7,-4
3/13/2026 10:32,0,0,0,0,0,0,0,0,-6,-5,-4,-5,-4,-3,-7,-4,-50,0,-5,-4,-6,-5,-4,0,-6,0,0,-4,-3,-5,-7,-4
3/13/2026 10:32,0,0,0,0,0,0,0,0,-7,-5,-4,-5,-3,-4,-8,-4,-50,0,-5,-4,-6,-4,-3,0,-5,0,0,-5,-4,-5,-6,-3
3/13/2026 10:32,0,0,0,0,0,0,0,0,-6,-3,-4,-6,-4,-4,-7,-3,-50,0,-6,-5,-5,-4,-3,0,-5,0,0,-5,-4,-4,-6,-3
3/13/2026 10:32,0,0,0,0,0,0,0,0,-5,-4,-4,-6,-3,-4,-7,-4,-50,0,-6,-5,-4,-4,-3,0,-5,0,0,-6,-4,-4,-5,-3
3/13/2026 10:32,0,0,0,0,0,0,0,0,-5,-3,-3,-7,-3,-4,-6,-3,-50,0,-7,-5,-4,-4,-3,0,-5,0,0,-6,-4,-3,-4,-3
3/13/2026 10:32,0,0,0,0,0,0,0,0,-4,-3,-3,-6,-4,-5,-5,-3,-50,0,-7,-5,-4,-4,-4,0,-4,0,0,-7,-4,-4,-3,-4
3/13/2026 10:32,0,0,0,0,0,0,0,0,-4,-3,-3,-7,-5,-5,-5,-3,-50,0,-6,-5,-4,-4,-4,0,-5,0,0,-7,-5,-3,-4,-5
3/13/2026 10:32,0,0,0,0,0,0,0,0,-3,-3,-4,-6,-5,-6,-4,-4,-50,0,-6,-6,-3,-4,-5,0,-4,0,0,-7,-6,-3,-3,-5
3/13/2026 10:32,0,0,0,0,0,0,0,0,-3,-3,-4,-5,-7,-6,-3,-5,-51,0,-6,-6,-3,-4,-6,0,-4,0,0,-6,-6,-3,-3,-6
3/13/2026 10:32,0,0,0,0,0,0,0,0,-3,-3,-4,-5,-6,-6,-4,-5,-51,0,-6,-6,-3,-4,-6,0,-5,0,0,-5,-6,-4,-3,-7
3/13/2026 10:32,0,0,0,0,0,0,0,0,-2,-4,-5,-5,-6,-6,-3,-6,-52,0,-5,-6,-4,-5,-7,0,-4,0,0,-6,-7,-4,-3,-7
3/13/2026 10:32,0,0,0,0,0,0,0,0,-4,-4,-5,-4,-7,-6,-3,-7,-52,0,-4,-7,-4,-6,-8,0,-5,0,0,-6,-6,-5,-4,-8
3/13/2026 10:32,0,0,0,0,0,0,0,0,-4,-5,-6,-4,-7,-7,-3,-7,-52,0,-4,-6,-3,-6,-7,0,-4,0,0,-5,-6,-6,-4,-7
3/13/2026 10:32,0,0,0,0,0,0,0,0,-4,-6,-7,-4,-7,-5,-3,-7,-52,0,-4,-6,-4,-6,-8,0,-5,0,0,-4,-6,-6,-5,-7
3/13/2026 10:32,0,0,0,0,0,0,0,0,-4,-7,-7,-4,-6,-6,-3,-7,-52,0,-4,-5,-4,-6,-7,0,-5,0,0,-4,-6,-6,-4,-7
3/13/2026 10:32,0,0,0,0,0,0,0,0,-5,-7,-6,-4,-6,-5,-3,-7,-52,0,-4,-6,-5,-6,-7,0,-5,0,0,-3,-6,-6,-5,-7
3/13/2026 10:32,0,0,0,0,0,0,0,0,-5,-8,-6,-4,-6,-6,-3,-7,-52,0,-4,-6,-6,-7,-7,0,-5,0,0,-4,-5,-7,-5,-7
3/13/2026 10:32,0,0,0,0,0,0,0,0,-5,-8,-7,-3,-6,-5,-4,-6,-52,0,-4,-5,-6,-6,-7,0,-6,0,0,-4,-5,-7,-6,-7
3/13/2026 10:33,0,0,0,0,0,0,0,0,-6,-8,-7,-3,-6,-5,-4,-6,-52,0,-4,-5,-6,-6,-7,0,-6,0,0,-3,-5,-7,-6,-6
3/13/2026 10:33,0,0,0,0,0,0,0,0,-6,-8,-6,-3,-5,-5,-4,-5,-52,0,-4,-5,-7,-7,-6,0,-6,0,0,-3,-5,-8,-7,-5
3/13/2026 10:33,0,0,0,0,0,0,0,0,-6,-8,-7,-3,-5,-4,-5,-6,-51,0,-4,-5,-6,-6,-5,0,-7,0,0,-3,-4,-7,-7,-6
3/13/2026 10:33,0,0,0,0,0,0,0,0,-6,-7,-6,-4,-5,-5,-5,-5,-51,0,-4,-5,-7,-6,-5,0,-6,0,0,-3,-4,-7,-7,-5
3/13/2026 10:33,0,0,0,0,0,0,0,0,-6,-7,-6,-4,-5,-5,-6,-5,-50,0,-4,-4,-7,-6,-5,0,-6,0,0,-3,-4,-7,-7,-5
3/13/2026 10:33,0,0,0,0,0,0,0,0,-7,-7,-5,-4,-4,-5,-6,-5,-50,0,-4,-4,-8,-5,-5,0,-6,0,0,-3,-4,-6,-7,-5
3/13/2026 10:33,0,0,0,0,0,0,0,0,-7,-6,-5,-3,-3,-5,-6,-5,-50,0,-4,-4,-7,-5,-4,0,-6,0,0,-4,-4,-6,-7,-4
3/13/2026 10:33,0,0,0,0,0,0,0,0,-7,-6,-5,-4,-4,-5,-7,-4,-50,0,-3,-4,-7,-5,-4,0,-5,0,0,-3,-4,-5,-6,-4
3/13/2026 10:33,0,0,0,0,0,0,0,0,-7,-5,-5,-5,-4,-4,-8,-4,-50,0,-4,-4,-6,-5,-3,0,-5,0,0,-3,-4,-5,-6,-3
3/13/2026 10:33,0,0,0,0,0,0,0,0,-6,-4,-4,-6,-3,-4,-7,-4,-50,0,-5,-4,-6,-5,-4,0,-5,0,0,-5,-4,-5,-6,-3
3/13/2026 10:33,0,0,0,0,0,0,0,0,-6,-3,-4,-6,-3,-4,-7,-4,-50,0,-5,-4,-5,-4,-3,0,-5,0,0,-5,-4,-4,-6,-3
3/13/2026 10:33,0,0,0,0,0,0,0,0,-5,-3,-3,-7,-4,-4,-6,-4,-50,0,-6,-4,-5,-4,-3,0,-5,0,0,-5,-4,-4,-5,-2
3/13/2026 10:33,0,0,0,0,0,0,0,0,-4,-3,-3,-6,-4,-3,-5,-4,-50,0,-6,-4,-4,-4,-3,0,-5,0,0,-6,-5,-3,-4,-3
3/13/2026 10:33,0,0,0,0,0,0,0,0,-4,-3,-3,-7,-5,-4,-5,-3,-50,0,-7,-4,-3,-4,-3,0,-4,0,0,-6,-4,-3,-3,-3
3/13/2026 10:33,0,0,0,0,0,0,0,0,-4,-3,-4,-7,-5,-5,-4,-4,-50,0,-7,-5,-3,-5,-4,0,-4,0,0,-7,-6,-3,-4,-3
3/13/2026 10:33,0,0,0,0,0,0,0,0,-4,-3,-4,-7,-6,-5,-4,-4,-50,0,-6,-5,-4,-3,-4,0,-4,0,0,-7,-5,-4,-3,-4
3/13/2026 10:33,0,0,0,0,0,0,0,0,-3,-4,-4,-6,-6,-5,-4,-5,-51,0,-6,-6,-3,-4,-6,0,-5,0,0,-7,-6,-4,-3,-5
3/13/2026 10:33,0,0,0,0,0,0,0,0,-4,-4,-4,-5,-7,-5,-4,-6,-51,0,-6,-6,-4,-4,-6,0,-4,0,0,-6,-6,-4,-3,-6
3/13/2026 10:33,0,0,0,0,0,0,0,0,-4,-4,-5,-4,-6,-6,-4,-6,-51,0,-5,-6,-4,-5,-7,0,-5,0,0,-6,-6,-5,-3,-7
3/13/2026 10:33,0,0,0,0,0,0,0,0,-3,-4,-6,-4,-6,-6,-3,-7,-51,0,-5,-6,-4,-6,-7,0,-5,0,0,-6,-6,-5,-4,-7
3/13/2026 10:33,0,0,0,0,0,0,0,0,-4,-5,-6,-4,-7,-6,-3,-7,-52,0,-5,-6,-4,-6,-7,0,-5,0,0,-5,-6,-6,-4,-7
3/13/2026 10:33,0,0,0,0,0,0,0,0,-4,-6,-7,-4,-7,-5,-2,-7,-52,0,-4,-6,-4,-6,-7,0,-5,0,0,-5,-6,-7,-5,-7
3/13/2026 10:33,0,0,0,0,0,0,0,0,-5,-6,-7,-3,-7,-6,-3,-7,-52,0,-5,-6,-5,-6,-7,0,-5,0,0,-5,-6,-7,-5,-7
3/13/2026 10:33,0,0,0,0,0,0,0,0,-5,-6,-7,-3,-6,-6,-3,-7,-52,0,-5,-6,-5,-6,-7,0,-6,0,0,-4,-6,-7,-5,-7
3/13/2026 10:33,0,0,0,0,0,0,0,0,-4,-6,-7,-4,-6,-6,-3,-6,-52,0,-4,-6,-5,-6,-7,0,-6,0,0,-5,-6,-6,-4,-7
3/13/2026 10:33,0,0,0,0,0,0,0,0,-5,-7,-7,-3,-5,-6,-4,-6,-52,0,-4,-6,-5,-6,-7,0,-6,0,0,-5,-6,-7,-5,-7
3/13/2026 10:33,0,0,0,0,0,0,0,0,-5,-7,-7,-4,-5,-6,-4,-6,-52,0,-4,-5,-6,-6,-7,0,-6,0,0,-4,-6,-7,-5,-8
3/13/2026 10:33,0,0,0,0,0,0,0,0,-5,-7,-7,-3,-6,-6,-4,-6,-51,0,-4,-5,-6,-6,-7,0,-5,0,0,-4,-5,-7,-5,-7
3/13/2026 10:33,0,0,0,0,0,0,0,0,-5,-8,-7,-2,-6,-5,-4,-6,-52,0,-4,-6,-6,-7,-6,0,-6,0,0,-4,-5,-7,-6,-8
3/13/2026 10:33,0,0,0,0,0,0,0,0,-5,-7,-7,-3,-5,-5,-4,-6,-52,0,-4,-6,-6,-6,-7,0,-6,0,0,-4,-5,-7,-6,-7
3/13/2026 10:34,0,0,0,0,0,0,0,0,-6,-7,-7,-3,-5,-5,-5,-6,-52,0,-4,-5,-7,-7,-6,0,-6,0,0,-4,-5,-7,-7,-6
3/13/2026 10:34,0,0,0,0,0,0,0,0,-6,-7,-6,-3,-5,-6,-5,-6,-52,0,-4,-5,-7,-7,-6,0,-6,0,0,-4,-5,-7,-7,-6
3/13/2026 10:34,0,0,0,0,0,0,0,0,-6,-7,-6,-3,-5,-6,-5,-6,-51,0,-4,-5,-7,-6,-6,0,-6,0,0,-4,-5,-7,-6,-6
3/13/2026 10:34,0,0,0,0,0,0,0,0,-6,-7,-6,-3,-4,-5,-5,-6,-52,0,-4,-5,-6,-6,-5,0,-6,0,0,-4,-5,-7,-6,-6
3/13/2026 10:34,0,0,0,0,0,0,0,0,-6,-7,-6,-3,-5,-5,-5,-6,-52,0,-4,-6,-6,-6,-6,0,-6,0,0,-4,-5,-8,-7,-6
3/13/2026 10:34,0,0,0,0,0,0,0,0,-6,-8,-7,-3,-5,-4,-5,-6,-52,0,-4,-6,-7,-6,-5,0,-6,0,0,-3,-5,-7,-7,-6
3/13/2026 10:34,0,0,0,0,0,0,0,0,-7,-7,-6,-3,-4,-5,-7,-6,-51,0,-4,-5,-7,-6,-5,0,-6,0,0,-3,-5,-7,-7,-5
3/13/2026 10:34,0,0,0,0,0,0,0,0,-7,-8,-6,-3,-4,-5,-7,-5,-51,0,-4,-5,-7,-6,-5,0,-5,0,0,-3,-4,-6,-7,-6
3/13/2026 10:34,0,0,0,0,0,0,0,0,-8,-7,-5,-3,-3,-5,-7,-5,-51,0,-4,-5,-7,-6,-4,0,-6,0,0,-4,-4,-6,-7,-5
3/13/2026 10:34,0,0,0,0,0,0,0,0,-7,-7,-4,-4,-3,-4,-7,-4,-51,0,-4,-5,-7,-6,-3,0,-6,0,0,-4,-3,-5,-7,-5
3/13/2026 10:34,0,0,0,0,0,0,0,0,-7,-6,-5,-4,-3,-5,-7,-4,-50,0,-4,-4,-6,-5,-4,0,-5,0,0,-3,-4,-5,-7,-4
3/13/2026 10:34,0,0,0,0,0,0,0,0,-6,-5,-4,-6,-3,-4,-7,-4,-50,0,-4,-4,-5,-5,-3,0,-5,0,0,-4,-4,-4,-6,-4
3/13/2026 10:34,0,0,0,0,0,0,0,0,-6,-4,-4,-6,-3,-3,-6,-4,-50,0,-5,-4,-5,-4,-4,0,-5,0,0,-4,-4,-3,-5,-3
3/13/2026 10:34,0,0,0,0,0,0,0,0,-5,-4,-4,-7,-3,-5,-6,-3,-50,0,-6,-4,-4,-4,-3,0,-4,0,0,-5,-4,-3,-4,-3
3/13/2026 10:34,0,0,0,0,0,0,0,0,-4,-4,-3,-6,-4,-5,-5,-4,-50,0,-6,-4,-4,-4,-4,0,-4,0,0,-5,-5,-4,-4,-3
3/13/2026 10:34,0,0,0,0,0,0,0,0,-4,-3,-4,-6,-5,-4,-4,-4,-50,0,-7,-5,-3,-4,-4,0,-4,0,0,-6,-4,-3,-3,-4
3/13/2026 10:34,0,0,0,0,0,0,0,0,-3,-2,-4,-6,-6,-4,-4,-5,-50,0,-7,-5,-3,-4,-5,0,-4,0,0,-7,-5,-4,-3,-4
3/13/2026 10:34,0,0,0,0,0,0,0,0,-4,-3,-5,-5,-7,-5,-3,-5,-50,0,-6,-5,-4,-4,-6,0,-4,0,0,-7,-5,-4,-3,-5
3/13/2026 10:34,0,0,0,0,0,0,0,0,-3,-4,-6,-4,-7,-6,-3,-6,-51,0,-6,-6,-4,-4,-7,0,-4,0,0,-6,-6,-5,-3,-7
3/13/2026 10:34,0,0,0,0,0,0,0,0,-4,-4,-7,-3,-6,-6,-3,-7,-51,0,-5,-6,-4,-5,-7,0,-5,0,0,-6,-6,-6,-4,-7
3/13/2026 10:34,0,0,0,0,0,0,0,0,-4,-5,-7,-3,-6,-6,-3,-7,-52,0,-5,-6,-5,-5,-8,0,-6,0,0,-5,-6,-7,-4,-7
3/13/2026 10:34,0,0,0,0,0,0,0,0,-5,-5,-7,-3,-5,-6,-4,-7,-52,0,-5,-6,-5,-6,-7,0,-6,0,0,-5,-6,-7,-4,-7
3/13/2026 10:34,0,0,0,0,0,0,0,0,-6,-7,-6,-3,-5,-6,-5,-6,-52,0,-4,-6,-6,-6,-7,0,-6,0,0,-5,-5,-7,-5,-7
3/13/2026 10:34,0,0,0,0,0,0,0,0,-7,-7,-6,-3,-4,-6,-6,-6,-52,0,-4,-5,-7,-7,-6,0,-6,0,0,-4,-5,-7,-6,-6
3/13/2026 10:34,0,0,0,0,0,0,0,0,-7,-7,-5,-3,-3,-5,-6,-5,-52,0,-4,-5,-7,-6,-5,0,-6,0,0,-3,-5,-7,-8,-6
3/13/2026 10:34,0,0,0,0,0,0,0,0,-6,-7,-5,-3,-4,-5,-6,-5,-51,0,-4,-5,-8,-6,-4,0,-6,0,0,-3,-4,-6,-8,-6
3/13/2026 10:34,0,0,0,0,0,0,0,0,-7,-7,-5,-3,-3,-5,-8,-5,-51,0,-4,-5,-7,-6,-4,0,-6,0,0,-3,-5,-6,-7,-5
3/13/2026 10:34,0,0,0,0,0,0,0,0,-8,-6,-4,-4,-4,-4,-7,-4,-50,0,-4,-4,-6,-6,-4,0,-6,0,0,-4,-4,-5,-7,-4
3/13/2026 10:34,0,0,0,0,0,0,0,0,-6,-6,-4,-5,-3,-4,-7,-4,-51,0,-3,-5,-6,-6,-3,0,-6,0,0,-4,-4,-5,-7,-3
3/13/2026 10:34,0,0,0,0,0,0,0,0,-6,-6,-4,-5,-3,-4,-6,-3,-50,0,-4,-5,-5,-5,-3,0,-5,0,0,-4,-4,-4,-6,-4
3/13/2026 10:35,0,0,0,0,0,0,0,0,-5,-6,-4,-6,-3,-4,-6,-3,-50,0,-4,-4,-5,-5,-4,0,-4,0,0,-3,-4,-4,-6,-3
3/13/2026 10:35,0,0,0,0,0,0,0,0,-5,-5,-3,-6,-4,-5,-6,-4,-50,0,-5,-4,-5,-5,-3,0,-5,0,0,-4,-4,-4,-5,-3
3/13/2026 10:35,0,0,0,0,0,0,0,0,-5,-5,-4,-6,-3,-7,-6,-4,-50,0,-4,-4,-5,-5,-3,0,-5,0,0,-4,-4,-3,-5,-3
3/13/2026 10:35,0,0,0,0,0,0,0,0,-5,-5,-4,-7,-4,-21,-5,-3,-49,0,-5,-4,-5,-4,-3,0,-5,0,0,-4,-4,-3,-6,-3
3/13/2026 10:35,0,0,0,0,0,0,0,0,-4,-4,-4,-6,-4,-36,-5,-3,-50,0,-5,-4,-5,-4,-3,0,-4,0,0,-4,-4,-4,-5,-3
3/13/2026 10:35,0,0,0,0,0,0,0,0,-4,-5,-3,-7,-4,-57,-4,-3,-50,0,-5,-4,-4,-4,-3,0,-5,0,0,-4,-4,-4,-5,-3
3/13/2026 10:35,0,0,0,0,0,0,0,0,-4,-4,-3,-6,-5,-78,-5,-3,-50,0,-6,-4,-4,-4,-3,0,-4,0,0,-5,-4,-4,-5,-3
3/13/2026 10:35,0,0,0,0,0,0,0,0,-3,-3,-4,-7,-4,-100,-5,-3,-50,0,-6,-4,-3,-4,-4,0,-4,0,0,-5,-5,-3,-4,-3
3/13/2026 10:35,0,0,0,0,0,0,0,0,-4,-2,-4,-7,-5,-114,-4,-4,-50,0,-6,-5,-3,-4,-4,0,-5,0,0,-5,-5,-3,-4,-3
3/13/2026 10:35,0,0,0,0,0,0,0,0,-3,-3,-4,-6,-6,-136,-3,-3,-50,0,-6,-5,-4,-4,-5,0,-4,0,0,-7,-5,-3,-4,-4
3/13/2026 10:35,0,0,0,0,0,0,0,0,-3,-3,-4,-6,-6,-157,-3,-5,-49,0,-6,-4,-3,-4,-6,0,-4,0,0,-7,-5,-3,-4,-5
3/13/2026 10:35,0,0,0,0,0,0,0,0,-3,-3,-5,-5,-7,-177,-3,-5,-50,0,-7,-5,-4,-4,-7,0,-4,0,0,-8,-5,-4,-3,-5
3/13/2026 10:35,0,0,0,0,0,0,0,0,-3,-3,-6,-4,-7,-195,-3,-6,-50,0,-6,-6,-4,-4,-7,0,-4,0,0,-7,-6,-5,-3,-6
3/13/2026 10:35,0,0,0,0,0,0,0,0,-3,-3,-6,-4,-6,-216,-3,-6,-50,0,-5,-6,-5,-4,-7,0,-5,0,0,-6,-6,-6,-4,-7
3/13/2026 10:35,0,0,0,0,0,0,0,0,-5,-5,-7,-4,-5,-237,-3,-6,-51,0,-5,-7,-5,-5,-7,0,-5,0,0,-6,-6,-7,-5,-7
3/13/2026 10:35,0,0,0,0,0,0,0,0,-5,-6,-6,-3,-5,-257,-4,-7,-52,0,-5,-6,-6,-6,-6,0,-6,0,0,-5,-6,-7,-5,-7
3/13/2026 10:35,0,0,0,0,0,0,0,0,-6,-7,-6,-3,-4,-276,-6,-6,-51,0,-4,-6,-7,-6,-6,0,-6,0,0,-5,-6,-8,-5,-7
3/13/2026 10:35,0,0,0,0,0,0,0,0,-7,-7,-5,-3,-4,-296,-7,-5,-52,0,-4,-5,-7,-7,-5,0,-6,0,0,-4,-6,-7,-6,-7
3/13/2026 10:35,0,0,0,0,0,0,0,0,-7,-7,-5,-3,-4,-312,-6,-4,-51,0,-4,-5,-7,-6,-5,0,-6,0,0,-4,-5,-6,-7,-5
3/13/2026 10:35,0,0,0,0,0,0,0,0,-6,-7,-4,-4,-3,-335,-7,-4,-51,0,-4,-5,-7,-6,-4,0,-4,0,0,-4,-5,-5,-7,-5
3/13/2026 10:35,0,0,0,0,0,0,0,0,-6,-5,-4,-5,-3,-352,-7,-4,-50,0,-4,-4,-5,-6,-3,0,-5,0,0,-3,-4,-5,-7,-4
3/13/2026 10:35,0,0,0,0,0,0,0,0,-6,-5,-4,-6,-3,-369,-6,-3,-50,0,-4,-4,-5,-5,-3,0,-4,0,0,-3,-5,-4,-6,-4
3/13/2026 10:35,0,0,0,0,0,0,0,0,-5,-4,-4,-6,-3,-392,-6,-3,-50,0,-4,-5,-5,-5,-3,0,-5,0,0,-4,-5,-3,-5,-3
3/13/2026 10:35,0,0,0,0,0,0,0,0,-4,-4,-4,-7,-4,-411,-5,-3,-50,0,-5,-5,-3,-4,-3,0,-4,0,0,-4,-4,-3,-5,-3
3/13/2026 10:35,0,0,0,0,0,0,0,0,-4,-3,-3,-6,-5,-427,-4,-4,-50,0,-6,-4,-3,-4,-4,0,-4,0,0,-5,-4,-3,-4,-3
3/13/2026 10:35,0,0,0,0,0,0,0,0,-4,-3,-4,-6,-5,-449,-3,-4,-50,0,-6,-4,-3,-4,-4,0,-5,0,0,-5,-4,-3,-4,-3
3/13/2026 10:35,0,0,0,0,0,0,0,0,-3,-3,-4,-5,-7,-470,-4,-4,-50,0,-6,-4,-3,-4,-5,0,-4,0,0,-6,-5,-3,-3,-4
3/13/2026 10:35,0,0,0,0,0,0,0,0,-3,-4,-5,-5,-6,-493,-4,-4,-50,0,-7,-5,-3,-4,-7,0,-4,0,0,-7,-5,-4,-3,-4
3/13/2026 10:35,0,0,0,0,0,0,0,0,-3,-3,-6,-4,-7,-508,-3,-5,-50,0,-7,-5,-3,-3,-7,0,-4,0,0,-7,-5,-5,-3,-4
3/13/2026 10:35,0,0,0,0,0,0,0,0,-3,-3,-6,-5,-7,-530,-3,-6,-50,0,-6,-5,-4,-3,-7,0,-4,0,0,-7,-7,-5,-3,-5
3/13/2026 10:36,0,0,0,0,0,0,0,0,-4,-4,-6,-4,-6,-553,-4,-7,-50,0,-6,-5,-4,-4,-8,0,-4,0,0,-7,-6,-6,-3,-6
3/13/2026 10:36,0,0,0,0,0,0,0,0,-4,-4,-7,-4,-6,-573,-4,-6,-51,0,-7,-6,-4,-5,-8,0,-5,0,0,-6,-6,-6,-3,-6
3/13/2026 10:36,0,0,0,0,0,0,0,0,-4,-4,-7,-4,-5,-588,-3,-6,-51,0,-6,-6,-5,-5,-7,0,-5,0,0,-7,-7,-7,-3,-7
3/13/2026 10:36,0,0,0,0,0,0,0,0,-4,-5,-12,-4,-6,-600,-4,-7,-51,0,-5,-6,-5,-5,-7,0,-6,0,0,-6,-6,-7,-4,-7
3/13/2026 10:36,0,0,0,0,0,0,0,0,-4,-5,-30,-3,-6,-601,-4,-6,-51,0,-5,-6,-6,-5,-6,0,-7,0,0,-6,-6,-7,-4,-7
3/13/2026 10:36,0,0,0,0,0,0,0,0,-5,-5,-50,-3,-5,-602,-5,-7,-51,0,-5,-6,-6,-6,-7,0,-6,0,0,-5,-6,-7,-5,-7
3/13/2026 10:36,0,0,0,0,0,0,0,0,-6,-6,-67,-3,-4,-602,-6,-6,-52,0,-5,-6,-7,-6,-6,0,-6,0,0,-5,-6,-7,-6,-7
3/13/2026 10:36,0,0,0,0,0,0,0,0,-7,-6,-85,-3,-4,-603,-6,-6,-52,0,-5,-7,-7,-6,-6,0,-6,0,0,-5,-6,-7,-6,-7
3/13/2026 10:36,0,0,0,0,0,0,0,0,-6,-7,-68,-4,-4,-602,-8,-6,-52,0,-5,-6,-7,-6,-5,0,-6,0,0,-5,-5,-7,-6,-7
3/13/2026 10:36,0,0,0,0,0,0,0,0,-7,-7,-20,-3,-3,-592,-7,-5,-52,0,-5,-6,-7,-6,-5,0,-7,0,0,-5,-5,-7,-7,-6
3/13/2026 10:36,0,0,0,0,0,0,0,0,-7,-7,-7,-3,-3,-528,-7,-4,-51,0,-4,-6,-7,-6,-4,0,-6,0,0,-4,-5,-6,-7,-7
3/13/2026 10:36,0,0,0,0,0,0,0,0,-7,-8,-5,-4,-4,-460,-7,-4,-51,0,-4,-5,-7,-6,-4,0,-6,0,0,-3,-5,-6,-7,-7
3/13/2026 10:36,0,0,0,0,0,0,0,0,-7,-7,-5,-4,-3,-416,-7,-4,-51,0,-4,-6,-7,-6,-4,0,-6,0,0,-3,-5,-5,-7,-5
3/13/2026 10:36,0,0,0,0,0,0,0,0,-7,-6,-4,-5,-4,-361,-7,-5,-51,0,-4,-5,-6,-6,-3,0,-6,0,0,-3,-5,-5,-7,-5
3/13/2026 10:36,0,0,0,0,0,0,0,0,-6,-7,-4,-5,-3,-314,-7,-4,-51,0,-4,-5,-5,-6,-4,0,-5,0,0,-3,-5,-5,-7,-4
3/13/2026 10:36,0,0,0,0,0,0,0,0,-6,-6,-4,-7,-3,-284,-6,-4,-50,0,-4,-5,-5,-6,-3,0,-5,0,0,-3,-4,-4,-7,-4
3/13/2026 10:36,0,0,0,0,0,0,0,0,-6,-5,-4,-7,-3,-249,-5,-3,-51,0,-4,-4,-5,-5,-3,0,-5,0,0,-3,-4,-4,-7,-4
3/13/2026 10:36,0,0,0,0,0,0,0,0,-5,-5,-3,-7,-4,-232,-5,-3,-50,0,-4,-4,-4,-5,-3,0,-5,0,0,-4,-4,-3,-5,-3
3/13/2026 10:36,0,0,0,0,0,0,0,0,-4,-4,-3,-7,-4,-247,-4,-3,-50,0,-5,-4,-4,-4,-3,0,-4,0,0,-4,-4,-3,-5,-3
3/13/2026 10:36,0,0,0,0,0,0,0,0,-4,-4,-4,-6,-6,-264,-4,-3,-50,0,-5,-4,-3,-3,-3,0,-4,0,0,-4,-4,-3,-4,-2
3/13/2026 10:36,0,0,0,0,0,0,0,0,-4,-4,-5,-6,-6,-284,-3,-4,-50,0,-6,-5,-3,-4,-5,0,-4,0,0,-6,-4,-3,-3,-3
3/13/2026 10:36,0,0,0,0,0,0,0,0,-3,-3,-6,-5,-6,-301,-3,-5,-50,0,-7,-4,-3,-4,-6,0,-5,0,0,-7,-5,-4,-4,-3
3/13/2026 10:36,0,0,0,0,0,0,0,0,-3,-3,-6,-5,-6,-326,-3,-6,-50,0,-7,-5,-3,-3,-7,0,-5,0,0,-7,-6,-5,-3,-4
3/13/2026 10:36,0,0,0,0,0,0,0,0,-4,-3,-7,-4,-6,-328,-3,-7,-51,0,-6,-5,-4,-4,-8,0,-5,0,0,-7,-6,-6,-4,-5
3/13/2026 10:36,0,0,0,0,0,0,0,0,-4,-4,-7,-4,-6,-344,-4,-7,-51,0,-7,-6,-5,-5,-7,0,-6,0,0,-7,-6,-7,-4,-7
3/13/2026 10:36,0,0,0,0,0,0,0,0,-5,-5,-6,-3,-5,-364,-5,-6,-51,0,-5,-7,-6,-5,-6,0,-6,0,0,-7,-6,-7,-5,-7
3/13/2026 10:36,0,0,0,0,0,0,0,0,-6,-6,-6,-3,-5,-379,-6,-5,-51,0,-5,-6,-7,-6,-6,0,-7,0,0,-5,-6,-7,-5,-7
3/13/2026 10:36,0,0,0,0,0,0,0,0,-7,-7,-5,-4,-4,-401,-7,-5,-52,0,-5,-5,-7,-7,-4,0,-6,0,0,-5,-5,-7,-6,-7
3/13/2026 10:36,0,0,0,0,0,0,0,0,-7,-7,-4,-4,-3,-419,-7,-5,-52,0,-4,-5,-7,-7,-3,0,-6,0,0,-4,-5,-5,-7,-6
3/13/2026 10:36,0,0,0,0,0,0,0,0,-7,-6,-4,-5,-3,-440,-8,-4,-52,0,-5,-5,-6,-6,-3,0,-5,0,0,-3,-4,-5,-7,-6
3/13/2026 10:37,0,0,0,0,0,0,0,0,-6,-6,-4,-6,-3,-457,-7,-4,-51,0,-4,-5,-5,-6,-3,0,-5,0,0,-4,-4,-5,-7,-4
3/13/2026 10:37,0,0,0,0,0,0,0,0,-5,-6,-4,-7,-3,-478,-5,-3,-50,0,-4,-4,-4,-5,-4,0,-5,0,0,-3,-4,-3,-6,-4
3/13/2026 10:37,0,0,0,0,0,0,0,0,-5,-5,-3,-7,-4,-499,-5,-3,-50,0,-4,-4,-4,-5,-4,0,-4,0,0,-3,-4,-3,-6,-4
3/13/2026 10:37,0,0,0,0,0,0,0,0,-5,-5,-4,-7,-4,-514,-4,-3,-50,0,-4,-4,-4,-5,-4,0,-4,0,0,-4,-4,-3,-5,-3
3/13/2026 10:37,0,0,0,0,0,0,0,0,-4,-4,-3,-6,-6,-535,-4,-4,-50,0,-5,-4,-3,-5,-4,0,-4,0,0,-4,-4,-3,-4,-3
3/13/2026 10:37,0,0,0,0,0,0,0,0,-3,-4,-4,-6,-6,-555,-4,-4,-50,0,-5,-4,-4,-4,-5,0,-4,0,0,-5,-4,-3,-3,-3
3/13/2026 10:37,0,0,0,0,0,0,0,0,-3,-4,-5,-5,-7,-578,-3,-5,-50,0,-6,-4,-3,-4,-6,0,-4,0,0,-5,-4,-4,-3,-3
3/13/2026 10:37,0,0,0,0,0,0,0,0,-4,-3,-6,-5,-7,-592,-3,-5,-50,0,-6,-5,-3,-4,-7,0,-4,0,0,-6,-5,-4,-4,-4
3/13/2026 10:37,0,0,0,0,0,0,0,0,-3,-3,-18,-4,-7,-599,-3,-6,-50,0,-6,-5,-4,-4,-7,0,-5,0,0,-7,-5,-5,-3,-5
3/13/2026 10:37,0,0,0,0,0,0,0,0,-4,-3,-38,-4,-6,-601,-3,-6,-50,0,-7,-5,-4,-4,-7,0,-5,0,0,-7,-6,-6,-3,-5
3/13/2026 10:37,0,0,0,0,0,0,0,0,-4,-4,-53,-4,-6,-600,-4,-7,-50,0,-6,-6,-5,-4,-7,0,-5,0,0,-7,-6,-7,-3,-7
3/13/2026 10:37,0,0,0,0,0,0,0,0,-5,-5,-75,-3,-5,-601,-5,-7,-50,0,-5,-6,-6,-5,-7,0,-5,0,0,-7,-6,-7,-4,-7
3/13/2026 10:37,0,0,0,0,0,0,0,0,-6,-6,-95,-3,-4,-601,-6,-7,-51,0,-6,-6,-7,-5,-6,0,-6,0,0,-6,-6,-7,-4,-7
3/13/2026 10:37,0,0,0,0,0,0,0,0,-7,-6,-114,-3,-4,-601,-6,-5,-52,0,-5,-6,-7,-6,-5,0,-6,0,0,-5,-6,-7,-6,-7
3/13/2026 10:37,0,0,0,0,0,0,0,0,-7,-7,-132,-3,-3,-601,-7,-5,-52,0,-4,-6,-7,-7,-4,0,-6,0,0,-5,-6,-6,-7,-7
3/13/2026 10:37,0,0,0,0,0,0,0,0,-7,-8,-152,-3,-4,-600,-7,-5,-52,0,-4,-5,-7,-6,-4,0,-6,0,0,-5,-5,-5,-7,-6
3/13/2026 10:37,0,0,0,0,0,0,0,0,-7,-7,-173,-5,-3,-598,-7,-4,-52,0,-4,-5,-6,-6,-3,0,-5,0,0,-4,-4,-5,-7,-6
3/13/2026 10:37,0,0,0,0,0,0,0,0,-5,-6,-189,-6,-3,-598,-6,-4,-51,0,-4,-5,-5,-6,-3,0,-5,0,0,-4,-4,-4,-7,-5
3/13/2026 10:37,0,0,0,0,0,0,0,0,-5,-6,-210,-7,-4,-600,-5,-3,-50,0,-4,-4,-5,-5,-3,0,-4,0,0,-4,-4,-3,-7,-4
3/13/2026 10:37,0,0,0,0,0,0,0,0,-4,-5,-229,-7,-5,-600,-5,-3,-50,0,-4,-4,-4,-5,-3,0,-4,0,0,-4,-4,-3,-5,-4
3/13/2026 10:37,0,0,0,0,0,0,0,0,-4,-5,-246,-7,-5,-598,-4,-3,-51,0,-4,-4,-4,-4,-4,0,-5,0,0,-4,-4,-3,-5,-3
3/13/2026 10:37,0,0,0,0,0,0,0,0,-4,-4,-270,-6,-6,-598,-3,-4,-50,0,-5,-4,-4,-4,-4,0,-4,0,0,-5,-4,-4,-4,-3
3/13/2026 10:37,0,0,0,0,0,0,0,0,-3,-3,-291,-5,-7,-598,-3,-5,-50,0,-6,-5,-3,-4,-5,0,-5,0,0,-5,-4,-4,-4,-3
3/13/2026 10:37,0,0,0,0,0,0,0,0,-3,-3,-312,-4,-7,-599,-3,-6,-50,0,-6,-5,-4,-4,-7,0,-4,0,0,-6,-4,-5,-3,-3
3/13/2026 10:37,0,0,0,0,0,0,0,0,-4,-4,-329,-4,-7,-599,-3,-7,-50,0,-7,-5,-4,-4,-8,0,-5,0,0,-7,-5,-6,-3,-5
3/13/2026 10:37,0,0,0,0,0,0,0,0,-4,-3,-351,-3,-6,-600,-3,-7,-50,0,-6,-5,-5,-4,-7,0,-5,0,0,-7,-6,-7,-3,-5
3/13/2026 10:37,0,0,0,0,0,0,0,0,-5,-4,-372,-3,-5,-601,-5,-7,-50,0,-6,-6,-5,-4,-7,0,-6,0,0,-6,-7,-7,-4,-6
3/13/2026 10:37,0,0,0,0,0,0,0,0,-6,-5,-385,-3,-5,-601,-6,-6,-51,0,-6,-6,-6,-5,-6,0,-6,0,0,-6,-6,-7,-4,-7
3/13/2026 10:37,0,0,0,0,0,0,0,0,-7,-5,-407,-3,-3,-600,-7,-5,-51,0,-5,-6,-7,-6,-5,0,-6,0,0,-6,-6,-6,-5,-7
3/13/2026 10:37,0,0,0,0,0,0,0,0,-7,-6,-428,-3,-4,-600,-8,-5,-52,0,-5,-6,-7,-6,-4,0,-6,0,0,-6,-6,-6,-7,-7
3/13/2026 10:38,0,0,0,0,0,0,0,0,-7,-8,-447,-4,-3,-599,-7,-5,-53,0,-4,-5,-7,-7,-3,0,-6,0,0,-5,-5,-5,-7,-7
3/13/2026 10:38,0,0,0,0,0,0,0,0,-6,-7,-463,-5,-3,-599,-7,-4,-52,0,-4,-5,-5,-6,-3,0,-5,0,0,-4,-5,-4,-7,-6
3/13/2026 10:38,0,0,0,0,0,0,0,0,-5,-6,-486,-6,-3,-601,-6,-4,-51,0,-4,-5,-5,-6,-3,0,-5,0,0,-4,-4,-4,-7,-5
3/13/2026 10:38,0,0,0,0,0,0,0,0,-5,-6,-505,-6,-4,-600,-5,-3,-51,0,-4,-5,-4,-6,-3,0,-4,0,0,-4,-5,-3,-6,-4
3/13/2026 10:38,0,0,0,0,0,0,0,0,-5,-5,-522,-7,-4,-598,-4,-3,-51,0,-4,-4,-4,-6,-4,0,-5,0,0,-3,-4,-3,-6,-4
3/13/2026 10:38,0,0,0,0,0,0,0,0,-4,-5,-543,-8,-6,-598,-4,-3,-51,0,-4,-4,-4,-5,-3,0,-5,0,0,-4,-4,-3,-5,-3
3/13/2026 10:38,0,0,0,0,0,0,0,0,-3,-4,-564,-6,-6,-598,-4,-4,-50,0,-5,-4,-3,-4,-4,0,-4,0,0,-4,-4,-3,-4,-3
3/13/2026 10:38,0,0,0,0,0,0,0,0,-4,-4,-585,-6,-7,-599,-3,-4,-50,0,-5,-4,-3,-4,-5,0,-4,0,0,-4,-4,-4,-4,-2
3/13/2026 10:38,0,0,0,0,0,0,0,0,-3,-3,-598,-4,-7,-599,-9,-5,-50,0,-6,-4,-3,-4,-7,0,-4,0,0,-5,-5,-4,-3,-3
3/13/2026 10:38,0,0,0,0,0,0,0,0,-4,-3,-601,-4,-7,-599,-27,-6,-50,0,-6,-4,-4,-4,-8,0,-4,0,0,-6,-4,-5,-4,-3
3/13/2026 10:38,0,0,0,0,0,0,0,0,-3,-2,-602,-4,-6,-599,-42,-7,-50,0,-6,-4,-4,-4,-7,0,-4,0,0,-6,-5,-5,-3,-4
3/13/2026 10:38,0,0,0,0,0,0,0,0,-4,-3,-601,-4,-6,-600,-64,-6,-51,0,-7,-5,-4,-4,-7,0,-4,0,0,-6,-6,-6,-3,-4
3/13/2026 10:38,0,0,0,0,0,0,0,0,-5,-4,-602,-3,-5,-600,-83,-7,-51,0,-7,-5,-6,-4,-7,0,-5,0,0,-7,-6,-7,-3,-5
3/13/2026 10:38,0,0,0,0,0,0,0,0,-6,-4,-600,-3,-5,-601,-100,-6,-51,0,-6,-5,-6,-4,-6,0,-6,0,0,-7,-6,-7,-4,-6
3/13/2026 10:38,0,0,0,0,0,0,0,0,-6,-4,-599,-3,-4,-600,-122,-6,-51,0,-6,-6,-7,-4,-5,0,-6,0,0,-7,-6,-7,-4,-7
3/13/2026 10:38,0,0,0,0,0,0,0,0,-7,-5,-598,-4,-4,-601,-143,-5,-51,0,-5,-6,-7,-6,-4,0,-6,0,0,-6,-6,-6,-5,-7
3/13/2026 10:38,0,0,0,0,0,0,0,0,-6,-6,-597,-4,-3,-601,-164,-5,-52,0,-5,-6,-7,-6,-4,0,-6,0,0,-6,-6,-6,-6,-7
3/13/2026 10:38,0,0,0,0,0,0,0,0,-7,-8,-598,-5,-4,-600,-181,-5,-53,0,-5,-6,-6,-6,-3,0,-6,0,0,-5,-5,-5,-7,-7
3/13/2026 10:38,0,0,0,0,0,0,0,0,-6,-7,-597,-5,-3,-599,-201,-4,-52,0,-4,-6,-6,-6,-4,0,-5,0,0,-5,-5,-4,-7,-6
3/13/2026 10:38,0,0,0,0,0,0,0,0,-6,-7,-596,-6,-4,-600,-221,-4,-52,0,-4,-5,-5,-6,-3,0,-5,0,0,-4,-4,-4,-8,-5
3/13/2026 10:38,0,0,0,0,0,0,0,0,-5,-6,-598,-7,-4,-600,-241,-4,-51,0,-4,-5,-4,-6,-3,0,-5,0,0,-4,-4,-3,-7,-4
3/13/2026 10:38,0,0,0,0,0,0,0,0,-5,-6,-598,-7,-4,-599,-256,-3,-51,0,-3,-4,-4,-6,-3,0,-4,0,0,-3,-4,-3,-6,-4
3/13/2026 10:38,0,0,0,0,0,0,0,0,-4,-5,-598,-7,-5,-599,-277,-4,-50,0,-3,-4,-3,-5,-4,0,-4,0,0,-3,-4,-3,-5,-3
3/13/2026 10:38,0,0,0,0,0,0,0,0,-4,-5,-599,-7,-5,-598,-298,-3,-50,0,-4,-4,-4,-5,-4,0,-5,0,0,-3,-4,-4,-5,-4
3/13/2026 10:38,0,0,0,0,0,0,0,0,-3,-4,-600,-6,-6,-598,-314,-4,-50,0,-4,-4,-3,-4,-5,0,-4,0,0,-4,-4,-3,-4,-3
3/13/2026 10:38,0,0,0,0,0,0,0,0,-3,-4,-601,-5,-7,-599,-336,-4,-50,0,-4,-4,-4,-4,-6,0,-4,0,0,-4,-5,-3,-4,-3
3/13/2026 10:38,0,0,0,0,0,0,0,0,-3,-4,-602,-5,-7,-600,-357,-6,-50,0,-5,-5,-4,-4,-7,0,-4,0,0,-4,-4,-4,-4,-3
3/13/2026 10:38,0,0,0,0,0,0,0,0,-4,-4,-601,-5,-6,-598,-373,-6,-50,0,-6,-4,-4,-4,-8,0,-4,0,0,-5,-4,-5,-4,-4
3/13/2026 10:38,0,0,0,0,0,0,0,0,-4,-3,-601,-4,-6,-599,-394,-7,-50,0,-7,-4,-5,-4,-7,0,-7,0,0,-6,-5,-6,-3,-4
3/13/2026 10:38,0,0,0,0,0,0,0,0,-4,-3,-601,-3,-5,-599,-400,-7,-50,0,-7,-5,-5,-4,-7,0,-15,0,0,-7,-6,-8,-4,-5
3/13/2026 10:39,0,0,0,0,0,0,0,0,-5,-3,-601,-3,-5,-600,-401,-7,-50,0,-7,-6,-6,-4,-6,0,-32,0,0,-7,-6,-7,-4,-6
3/13/2026 10:39,0,0,0,0,0,0,0,0,-6,-4,-601,-3,-4,-601,-403,-6,-51,0,-6,-5,-6,-4,-6,0,-55,0,0,-7,-6,-7,-4,-7
3/13/2026 10:39,0,0,0,0,0,0,0,0,-7,-4,-599,-3,-4,-601,-403,-6,-51,0,-6,-6,-7,-5,-5,0,-76,0,0,-7,-6,-7,-5,-7
3/13/2026 10:39,0,0,0,0,0,0,0,0,-7,-5,-598,-3,-4,-601,-404,-5,-51,0,-6,-6,-7,-6,-4,0,-90,0,0,-6,-6,-6,-6,-7
3/13/2026 10:39,0,0,0,0,0,0,0,0,-7,-7,-492,-5,-3,-601,-404,-5,-52,0,-5,-6,-7,-7,-4,0,-209,0,0,-6,-6,-5,-6,-7
3/13/2026 10:39,0,0,0,0,0,0,0,0,-6,-8,-411,-5,-3,-600,-403,-4,-52,0,-4,-6,-5,-7,-3,0,-381,0,0,-5,-5,-5,-7,-6
3/13/2026 10:39,0,0,0,0,0,0,0,0,-6,-6,-449,-6,-3,-599,-401,-4,-51,0,-5,-5,-5,-6,-3,0,-397,0,0,-4,-5,-4,-7,-5
3/13/2026 10:39,0,0,0,0,0,0,0,0,-5,-6,-350,-7,-4,-599,-401,-3,-51,0,-4,-5,-4,-6,-3,0,-400,0,0,-4,-4,-3,-7,-4
3/13/2026 10:39,0,0,0,0,0,0,0,0,-4,-5,-345,-7,-5,-599,-400,-3,-50,0,-4,-5,-4,-6,-3,0,-401,0,0,-4,-4,-3,-5,-4
3/13/2026 10:39,0,0,0,0,0,0,0,0,-4,-4,-359,-6,-6,-599,-400,-3,-50,0,-4,-5,-4,-5,-5,0,-400,0,0,-3,-4,-3,-5,-3
3/13/2026 10:39,0,0,0,0,0,0,0,0,-3,-3,-379,-6,-7,-598,-400,-4,-50,0,-5,-4,-4,-4,-6,0,-401,0,0,-4,-4,-4,-4,-3
3/13/2026 10:39,0,0,0,0,0,0,0,0,-4,-3,-403,-5,-7,-598,-399,-4,-50,0,-5,-4,-4,-4,-7,0,-401,0,0,-5,-4,-5,-4,-3
3/13/2026 10:39,0,0,0,0,0,0,0,0,-3,-3,-423,-4,-6,-598,-399,-6,-50,0,-6,-4,-4,-4,-8,0,-400,0,0,-5,-4,-5,-3,-4
3/13/2026 10:39,0,0,0,0,0,0,0,0,-4,-3,-439,-4,-6,-600,-401,-6,-50,0,-7,-5,-5,-4,-7,0,-402,0,0,-5,-5,-6,-3,-4
3/13/2026 10:39,0,0,0,0,0,0,0,0,-5,-3,-460,-3,-5,-600,-400,-7,-50,0,-7,-5,-6,-4,-7,0,-402,0,0,-7,-6,-7,-3,-5
3/13/2026 10:39,0,0,0,0,0,0,0,0,-5,-4,-480,-3,-4,-601,-401,-7,-51,0,-6,-5,-6,-4,-6,0,-402,0,0,-6,-6,-7,-3,-6
3/13/2026 10:39,0,0,0,0,0,0,0,0,-7,-4,-494,-3,-4,-601,-401,-6,-51,0,-6,-6,-8,-4,-5,0,-402,0,0,-6,-6,-7,-4,-7
3/13/2026 10:39,0,0,0,0,0,0,0,0,-7,-6,-516,-3,-4,-601,-402,-5,-52,0,-5,-6,-7,-6,-4,0,-402,0,0,-6,-6,-6,-6,-8
3/13/2026 10:39,0,0,0,0,0,0,0,0,-7,-7,-536,-4,-3,-601,-401,-4,-51,0,-5,-6,-7,-5,-3,0,-402,0,0,-5,-6,-5,-7,-7
3/13/2026 10:39,0,0,0,0,0,0,0,0,-7,-7,-556,-5,-4,-600,-401,-5,-52,0,-5,-5,-6,-6,-3,0,-402,0,0,-5,-6,-4,-7,-7
3/13/2026 10:39,0,0,0,0,0,0,0,0,-6,-7,-572,-6,-3,-600,-400,-4,-52,0,-4,-6,-5,-7,-3,0,-401,0,0,-5,-5,-4,-7,-6
3/13/2026 10:39,0,0,0,0,0,0,0,0,-6,-7,-592,-7,-4,-600,-399,-4,-52,0,-4,-5,-4,-6,-3,0,-401,0,0,-4,-5,-4,-7,-6
3/13/2026 10:39,0,0,0,0,0,0,0,0,-5,-7,-597,-8,-5,-599,-399,-3,-52,0,-4,-5,-4,-7,-4,0,-413,0,0,-3,-4,-3,-6,-4
3/13/2026 10:39,0,0,0,0,0,0,0,0,-4,-5,-598,-6,-5,-599,-398,-3,-51,0,-3,-5,-4,-6,-4,0,-435,0,0,-4,-4,-3,-6,-4
3/13/2026 10:39,0,0,0,0,0,0,0,0,-4,-5,-599,-7,-6,-598,-399,-3,-51,0,-4,-4,-3,-5,-5,0,-454,0,0,-3,-4,-3,-5,-3
3/13/2026 10:39,0,0,0,0,0,0,0,0,-3,-5,-600,-6,-6,-598,-398,-4,-50,0,-4,-5,-3,-5,-6,0,-473,0,0,-3,-4,-3,-4,-3
3/13/2026 10:39,0,0,0,0,0,0,0,0,-3,-4,-601,-5,-7,-598,-398,-5,-50,0,-5,-4,-3,-4,-6,0,-492,0,0,-3,-3,-4,-4,-3
3/13/2026 10:39,0,0,0,0,0,0,0,0,-3,-4,-601,-4,-7,-598,-398,-5,-50,0,-4,-4,-4,-4,-7,0,-514,0,0,-4,-4,-5,-4,-3
3/13/2026 10:39,0,0,0,0,0,0,0,0,-4,-3,-602,-4,-7,-599,-399,-6,-50,0,-6,-5,-4,-5,-7,0,-530,0,0,-5,-4,-5,-3,-3
3/13/2026 10:39,0,0,0,0,0,0,0,0,-4,-3,-601,-4,-5,-598,-399,-6,-50,0,-6,-4,-4,-4,-7,0,-552,0,0,-6,-5,-7,-3,-3
3/13/2026 10:40,0,0,0,0,0,0,0,0,-5,-2,-600,-3,-5,-598,-401,-7,-50,0,-7,-4,-6,-4,-7,0,-573,0,0,-7,-6,-7,-3,-5
3/13/2026 10:40,0,0,0,0,0,0,0,0,-5,-3,-600,-3,-4,-599,-403,-7,-51,0,-7,-4,-6,-4,-6,0,-496,0,0,-7,-6,-8,-3,-5
3/13/2026 10:40,0,0,0,0,0,0,0,0,-5,-3,-577,-3,-4,-601,-451,-7,-50,0,-7,-5,-7,-4,-5,0,-138,0,0,-7,-6,-7,-4,-6
3/13/2026 10:40,0,0,0,0,0,0,0,0,-6,-4,-596,-3,-4,-745,-584,-6,-50,0,-6,-6,-7,-4,-4,0,-17,0,0,-31,-7,-6,-4,-7
3/13/2026 10:40,0,0,0,0,0,0,0,0,-7,-4,-598,-3,-4,-793,-601,-5,-50,0,-6,-36,-7,-4,-4,0,-8,0,0,-315,-7,-6,-5,-7
3/13/2026 10:40,0,0,0,0,0,0,0,0,-7,-6,-597,-3,-3,-803,-602,-5,-52,0,-6,-284,-7,-5,-4,0,-7,0,0,-393,-6,-6,-5,-7
3/13/2026 10:40,0,0,0,0,0,0,0,0,-6,-6,-598,-4,-4,-803,-602,-5,-52,0,-5,-380,-7,-5,-3,0,-190,0,0,-401,-6,-5,-6,-8
3/13/2026 10:40,0,0,0,0,0,0,0,0,-7,-7,-597,-5,-4,-804,-601,-5,-52,0,-5,-401,-7,-6,-4,0,-375,0,0,-402,-6,-5,-115,-7
3/13/2026 10:40,0,0,0,0,0,0,0,0,-7,-78,-597,-6,-3,-804,-601,-4,-52,0,-5,-403,-7,-6,-3,0,-397,0,0,-402,-6,-4,-354,-7
3/13/2026 10:40,0,0,0,0,0,0,0,0,-7,-285,-597,-6,-3,-804,-601,-4,-52,0,-4,-403,-6,-7,-4,0,-400,0,0,-402,-5,-4,-396,-7
3/13/2026 10:40,0,0,0,0,0,0,0,0,-6,-554,-597,-6,-3,-803,-602,-4,-52,0,-5,-403,-5,-7,-3,0,-401,0,0,-401,-5,-4,-477,-6
3/13/2026 10:40,0,0,0,0,0,0,0,0,-6,-598,-597,-7,-3,-802,-601,-4,-52,0,-4,-442,-5,-7,-3,0,-518,0,0,-401,-5,-4,-588,-6
3/13/2026 10:40,0,0,0,0,0,0,0,0,-5,-602,-597,-6,-4,-803,-600,-4,-52,0,-4,-582,-5,-13,-3,0,-593,0,0,-462,-5,-4,-599,-6
3/13/2026 10:40,0,0,0,0,0,0,0,0,-4,-602,-598,-7,-5,-802,-601,-4,-52,0,-5,-598,-5,-228,-3,0,-600,0,0,-586,-5,-3,-601,-6
3/13/2026 10:40,0,0,0,0,0,0,0,0,-4,-601,-598,-7,-5,-803,-600,-3,-52,0,-4,-600,-118,-368,-3,0,-601,0,0,-598,-5,-3,-601,-5
3/13/2026 10:40,0,0,0,0,0,0,0,0,-4,-602,-599,-7,-5,-802,-600,-3,-51,0,-4,-601,-420,-399,-4,0,-601,0,0,-599,-4,-3,-600,-4
3/13/2026 10:40,0,0,0,0,0,0,0,0,-23,-601,-599,-7,-6,-803,-600,-4,-51,0,-4,-600,-579,-543,-5,0,-600,0,0,-600,-4,-3,-600,-4
3/13/2026 10:40,0,0,0,0,0,0,0,0,-286,-599,-600,-7,-7,-802,-601,-3,-51,0,-4,-601,-597,-595,-6,0,-601,0,0,-599,-4,-3,-599,-7
3/13/2026 10:40,0,0,0,0,0,0,0,0,-378,-599,-601,-6,-7,-802,-600,-4,-51,0,-4,-601,-599,-600,-7,0,-600,0,0,-600,-4,-4,-599,-157
3/13/2026 10:40,0,0,0,0,0,0,0,0,-395,-598,-725,-5,-6,-807,-600,-5,-51,0,-4,-600,-599,-601,-7,0,-601,0,0,-600,-4,-4,-598,-368
3/13/2026 10:40,0,0,0,0,0,0,0,0,-397,-597,-795,-6,-7,-966,-600,-5,-50,0,-4,-600,-599,-600,-8,0,-601,0,0,-600,-4,-5,-598,-475
3/13/2026 10:40,0,0,0,0,0,0,0,0,-553,-598,-803,-26,-6,-997,-600,-6,-50,0,-5,-600,-600,-600,-7,0,-602,0,0,-601,-4,-6,-597,-584
3/13/2026 10:40,0,0,0,0,0,0,0,0,-589,-597,-803,-284,-6,-1000,-601,-7,-50,0,-5,-600,-600,-600,-8,0,-602,0,0,-601,-13,-7,-597,-596
3/13/2026 10:40,0,0,0,0,0,0,0,0,-598,-597,-803,-385,-5,-1000,-602,-7,-50,0,-6,-601,-601,-599,-7,0,-603,0,0,-602,-160,-7,-597,-599
3/13/2026 10:40,0,0,0,0,0,0,0,0,-600,-598,-801,-396,-5,-1000,-604,-7,-51,0,-7,-600,-603,-600,-145,0,-603,0,0,-603,-369,-7,-597,-602
3/13/2026 10:40,0,0,0,0,0,0,0,0,-601,-598,-802,-398,-4,-1002,-604,-6,-50,0,-6,-600,-603,-600,-379,0,-602,0,0,-604,-400,-7,-597,-602
3/13/2026 10:40,0,0,0,0,0,0,0,0,-601,-599,-800,-436,-4,-1002,-604,-6,-51,0,-6,-601,-603,-600,-573,0,-602,0,0,-603,-514,-6,-600,-603
3/13/2026 10:40,0,0,0,0,0,0,0,0,-604,-600,-800,-563,-3,-1003,-603,-91,-51,0,-6,-603,-603,-600,-597,0,-603,0,0,-603,-593,-6,-600,-603
3/13/2026 10:40,0,0,0,0,0,0,0,0,-603,-601,-800,-599,-52,-1002,-602,-344,-51,0,-5,-602,-602,-601,-599,0,-602,0,0,-602,-601,-5,-602,-603
3/13/2026 10:40,0,0,0,0,0,0,0,0,-602,-602,-799,-603,-272,-1002,-601,-389,-52,0,-5,-602,-601,-602,-599,0,-601,0,0,-601,-601,-4,-603,-602
3/13/2026 10:41,0,0,0,0,0,0,0,0,-601,-602,-799,-604,-549,-1002,-600,-452,-52,0,-4,-602,-600,-602,-599,0,-601,0,0,-601,-600,-4,-602,-602
3/13/2026 10:41,0,0,0,0,0,0,0,0,-600,-602,-800,-604,-595,-1002,-728,-580,-52,0,-4,-601,-599,-602,-600,0,-600,0,0,-624,-600,-3,-601,-601
3/13/2026 10:41,0,0,0,0,0,0,0,0,-600,-601,-801,-604,-602,-1000,-791,-595,-51,0,-4,-687,-598,-601,-601,0,-604,0,0,-768,-599,-3,-600,-600
3/13/2026 10:41,0,0,0,0,0,0,0,0,-599,-600,-803,-602,-603,-999,-797,-597,-51,0,-4,-786,-598,-600,-603,0,-740,0,0,-795,-599,-3,-621,-599
3/13/2026 10:41,0,0,0,0,0,0,0,0,-598,-678,-803,-601,-603,-999,-798,-598,-50,0,-4,-796,-598,-600,-604,0,-792,0,0,-797,-599,-4,-777,-599
3/13/2026 10:41,0,0,0,0,0,0,0,0,-598,-787,-804,-600,-602,-1000,-799,-601,-50,0,-4,-799,-629,-741,-603,0,-798,0,0,-799,-599,-6,-798,-600
3/13/2026 10:41,0,0,0,0,0,0,0,0,-600,-799,-941,-600,-602,-1016,-800,-601,-50,0,-5,-799,-776,-792,-603,0,-800,0,0,-800,-600,-7,-800,-600
3/13/2026 10:41,0,0,0,0,0,0,0,0,-683,-800,-990,-598,-601,-1154,-802,-602,-50,0,-6,-798,-798,-799,-602,0,-801,0,0,-801,-600,-7,-800,-601
3/13/2026 10:41,0,0,0,0,0,0,0,0,-788,-800,-999,-598,-601,-1038,-803,-601,-50,0,-163,-799,-801,-800,-603,0,-802,0,0,-801,-601,-7,-800,-768
3/13/2026 10:41,0,0,0,0,0,0,0,0,-801,-800,-1000,-597,-600,-1005,-804,-600,-111,0,-371,-799,-802,-800,-601,0,-802,0,0,-802,-601,-7,-802,-795
3/13/2026 10:41,0,0,0,0,0,0,0,0,-803,-802,-1001,-662,-600,-1003,-804,-601,-343,0,-397,-800,-803,-800,-600,0,-802,0,0,-802,-601,-6,-802,-803
3/13/2026 10:41,0,0,0,0,0,0,0,0,-804,-802,-998,-772,-599,-1001,-804,-600,-395,0,-402,-800,-802,-802,-615,0,-801,0,0,-801,-716,-5,-804,-804
3/13/2026 10:41,0,0,0,0,0,0,0,0,-804,-802,-999,-799,-599,-1001,-803,-599,-459,0,-402,-800,-801,-803,-766,0,-801,0,0,-801,-792,-5,-804,-803
3/13/2026 10:41,0,0,0,0,0,0,0,0,-802,-850,-1000,-802,-599,-1001,-802,-599,-584,0,-550,-801,-801,-804,-792,0,-800,0,0,-800,-802,-4,-804,-802
3/13/2026 10:41,0,0,0,0,0,0,0,0,-801,-971,-1000,-803,-600,-1002,-800,-599,-599,0,-591,-801,-799,-803,-797,0,-807,0,0,-799,-801,-3,-879,-802
3/13/2026 10:41,0,0,0,0,0,0,0,0,-801,-999,-1001,-803,-601,-1001,-798,-599,-601,0,-599,-830,-799,-803,-799,0,-937,0,0,-799,-801,-3,-988,-801
3/13/2026 10:41,0,0,0,0,0,0,0,0,-800,-1002,-1001,-803,-602,-1000,-813,-598,-601,0,-600,-981,-798,-802,-799,0,-995,0,0,-916,-801,-3,-999,-801
3/13/2026 10:41,0,0,0,0,0,0,0,0,-799,-1002,-1002,-802,-603,-1000,-967,-705,-601,0,-599,-1000,-798,-801,-800,0,-1000,0,0,-992,-801,-3,-1000,-801
3/13/2026 10:41,0,0,0,0,0,0,0,0,-799,-1000,-1004,-802,-753,-1013,-996,-782,-600,0,-600,-1003,-798,-802,-802,0,-1001,0,0,-999,-800,-3,-1000,-800
3/13/2026 10:41,0,0,0,0,0,0,0,0,-799,-1000,-1003,-801,-798,-1174,-1000,-799,-600,0,-599,-1002,-798,-802,-803,0,-1000,0,0,-1001,-800,-82,-999,-799
3/13/2026 10:41,0,0,0,0,0,0,0,0,-800,-999,-1004,-801,-803,-1197,-1000,-801,-600,0,-599,-1001,-798,-802,-802,0,-1001,0,0,-1001,-800,-392,-999,-798
3/13/2026 10:41,0,0,0,0,0,0,0,0,-800,-999,-1004,-800,-802,-1200,-1000,-801,-600,0,-599,-1001,-931,-819,-802,0,-1002,0,0,-1001,-801,-577,-999,-799
3/13/2026 10:41,0,0,0,0,0,0,0,0,-800,-998,-1075,-799,-801,-1202,-1002,-803,-599,0,-600,-1003,-994,-974,-802,0,-1002,0,0,-1001,-800,-597,-999,-799
3/13/2026 10:41,0,0,0,0,0,0,0,0,-826,-998,-1191,-799,-802,-1203,-1004,-804,-599,0,-601,-1003,-1001,-997,-802,0,-1002,0,0,-1002,-801,-603,-999,-937
3/13/2026 10:41,0,0,0,0,0,0,0,0,-978,-999,-1203,-799,-802,-1203,-1002,-804,-599,0,-601,-1002,-1002,-1000,-901,0,-1000,0,0,-1001,-801,-602,-999,-992
3/13/2026 10:41,0,0,0,0,0,0,0,0,-996,-999,-1204,-824,-802,-1202,-1003,-804,-598,0,-600,-1002,-1002,-1001,-993,0,-1001,0,0,-1002,-963,-602,-998,-1000
3/13/2026 10:41,0,0,0,0,0,0,0,0,-1001,-999,-1204,-974,-801,-1203,-1003,-804,-615,0,-727,-1002,-1003,-1000,-1002,0,-1002,0,0,-1003,-997,-603,-998,-1001
3/13/2026 10:41,0,0,0,0,0,0,0,0,-1003,-999,-1204,-997,-868,-1203,-1006,-808,-770,0,-792,-1003,-1004,-1001,-1003,0,-1003,0,0,-1003,-1001,-602,-998,-1001
3/13/2026 10:41,0,0,0,0,0,0,0,0,-1002,-999,-1202,-998,-986,-1203,-1033,-931,-797,0,-798,-1001,-1003,-1001,-1003,0,-1002,0,0,-1003,-1001,-603,-997,-1001
3/13/2026 10:41,0,0,0,0,0,0,0,0,-1002,-998,-1202,-999,-1000,-1201,-1182,-994,-801,0,-801,-1014,-1005,-1001,-1004,0,-1003,0,0,-1109,-1002,-602,-998,-1001
3/13/2026 10:42,0,0,0,0,0,0,0,0,-1003,-998,-1201,-1000,-1001,-1202,-1200,-1001,-801,0,-800,-1169,-1004,-1001,-1003,0,-1079,0,0,-1191,-1002,-603,-998,-1001
3/13/2026 10:42,0,0,0,0,0,0,0,0,-1003,-1022,-1202,-999,-1001,-1203,-1203,-1001,-801,0,-802,-1195,-1005,-1001,-1002,0,-1180,0,0,-1200,-1003,-603,-1146,-1000
3/13/2026 10:42,0,0,0,0,0,0,0,0,-1004,-1173,-1201,-1000,-1001,-1272,-1204,-1002,-802,0,-801,-1201,-1005,-1001,-1002,0,-1202,0,0,-1202,-1003,-603,-1192,-1002
3/13/2026 10:42,0,0,0,0,0,0,0,0,-1003,-1196,-1202,-998,-1000,-1388,-1205,-1001,-800,0,-801,-1201,-1067,-1000,-1002,0,-1205,0,0,-1201,-1002,-743,-1200,-1003
3/13/2026 10:42,0,0,0,0,0,0,0,0,-1009,-1200,-1323,-1000,-1001,-1401,-1205,-1003,-801,0,-801,-1202,-1175,-1001,-1002,0,-1205,0,0,-1202,-1003,-796,-1202,-1002
3/13/2026 10:42,0,0,0,0,0,0,0,0,-1150,-1200,-1387,-1000,-1001,-1401,-1205,-1003,-802,0,-801,-1201,-1200,-1057,-1002,0,-1205,0,0,-1204,-1002,-801,-1202,-1002
3/13/2026 10:42,0,0,0,0,0,0,0,0,-1198,-1202,-1399,-1004,-1001,-1402,-1204,-1002,-802,0,-801,-1202,-1204,-1183,-1002,0,-1205,0,0,-1204,-1003,-801,-1201,-1137
3/13/2026 10:42,0,0,0,0,0,0,0,0,-1205,-1201,-1400,-1166,-1000,-1403,-1203,-1002,-801,0,-801,-1202,-1204,-1197,-1001,0,-1204,0,0,-1203,-1104,-801,-1201,-1190
3/13/2026 10:42,0,0,0,0,0,0,0,0,-1203,-1201,-1401,-1196,-1000,-1402,-1205,-1001,-842,0,-801,-1202,-1204,-1199,-1148,0,-1204,0,0,-1204,-1185,-801,-1202,-1188
3/13/2026 10:42,0,0,0,0,0,0,0,0,-1205,-1202,-1401,-1200,-1000,-1404,-1204,-1000,-981,0,-910,-1201,-1203,-1199,-1194,0,-1204,0,0,-1205,-1200,-801,-1204,-1203
3/13/2026 10:42,0,0,0,0,0,0,0,0,-1204,-1350,-1400,-1202,-1000,-1404,-1204,-1000,-998,0,-986,-1202,-1202,-1200,-1198,0,-1203,0,0,-1203,-1203,-800,-1268,-1205
3/13/2026 10:42,0,0,0,0,0,0,0,0,-1204,-1397,-1400,-1203,-1001,-1403,-1202,-1000,-1002,0,-1002,-1204,-1202,-1202,-1199,0,-1300,0,0,-1204,-1202,-799,-1378,-1204
3/13/2026 10:42,0,0,0,0,0,0,0,0,-1203,-1404,-1401,-1205,-1001,-1403,-1201,-1001,-1002,0,-1002,-1363,-1200,-1202,-1198,0,-1390,0,0,-1268,-1202,-799,-1400,-1203
3/13/2026 10:42,0,0,0,0,0,0,0,0,-1201,-1404,-1401,-1205,-1001,-1402,-1342,-1015,-1002,0,-1002,-1398,-1199,-1203,-1201,0,-1400,0,0,-1386,-1202,-798,-1404,-1204
3/13/2026 10:42,0,0,0,0,0,0,0,0,-1200,-1405,-1403,-1205,-1122,-1415,-1395,-1173,-1003,0,-1002,-1402,-1200,-1201,-1202,0,-1401,0,0,-1400,-1201,-798,-1404,-1202
3/13/2026 10:42,0,0,0,0,0,0,0,0,-1201,-1404,-1402,-1204,-1188,-1553,-1400,-1199,-1004,0,-1001,-1402,-1199,-1202,-1200,0,-1401,0,0,-1401,-1201,-826,-1403,-1201
3/13/2026 10:42,0,0,0,0,0,0,0,0,-1200,-1404,-1415,-1204,-1203,-1599,-1400,-1201,-1002,0,-1002,-1401,-1327,-1202,-1202,0,-1401,0,0,-1400,-1200,-977,-1402,-1201
3/13/2026 10:42,0,0,0,0,0,0,0,0,-1200,-1403,-1574,-1204,-1205,-1603,-1399,-1202,-1003,0,-1002,-1403,-1393,-1302,-1203,0,-1401,0,0,-1400,-1201,-999,-1403,-1201
3/13/2026 10:42,0,0,0,0,0,0,0,0,-1319,-1402,-1601,-1203,-1203,-1601,-1399,-1200,-1002,0,-1001,-1402,-1398,-1384,-1204,0,-1401,0,0,-1398,-1200,-1001,-1402,-1220
3/13/2026 10:42,0,0,0,0,0,0,0,0,-1392,-1402,-1606,-1205,-1204,-1601,-1402,-1201,-1002,0,-1001,-1402,-1401,-1402,-1205,0,-1400,0,0,-1400,-1303,-1002,-1402,-1372
3/13/2026 10:42,0,0,0,0,0,0,0,0,-1399,-1401,-1607,-1336,-1204,-1603,-1402,-1203,-1002,0,-1060,-1401,-1402,-1405,-1205,0,-1400,0,0,-1400,-1392,-1004,-1400,-1398
3/13/2026 10:42,0,0,0,0,0,0,0,0,-1400,-1402,-1605,-1395,-1207,-1602,-1401,-1203,-1098,0,-1171,-1400,-1399,-1403,-1205,0,-1401,0,0,-1400,-1401,-1004,-1401,-1402
3/13/2026 10:42,0,0,0,0,0,0,0,0,-1401,-1400,-1605,-1400,-1368,-1601,-1401,-1203,-1189,0,-1197,-1399,-1401,-1403,-1266,0,-1401,0,0,-1399,-1403,-1005,-1400,-1401
3/13/2026 10:42,0,0,0,0,0,0,0,0,-1403,-1402,-1607,-1400,-1399,-1601,-1424,-1354,-1198,0,-1202,-1401,-1402,-1401,-1388,0,-1402,0,0,-1399,-1401,-1005,-1400,-1400
3/13/2026 10:42,0,0,0,0,0,0,0,0,-1401,-1400,-1605,-1400,-1401,-1602,-1579,-1397,-1200,0,-1201,-1407,-1402,-1402,-1400,0,-1402,0,0,-1514,-1402,-1005,-1399,-1401
3/13/2026 10:42,0,0,0,0,0,0,0,0,-1401,-1400,-1604,-1400,-1402,-1602,-1601,-1403,-1199,0,-1202,-1541,-1401,-1401,-1404,0,-1428,0,0,-1584,-1403,-1005,-1399,-1400
3/13/2026 10:42,0,0,0,0,0,0,0,0,-1401,-1491,-1604,-1400,-1403,-1608,-1542,-1406,-1199,0,-1202,-1596,-1403,-1402,-1403,0,-1577,0,0,-1600,-1403,-1005,-1515,-1402
3/13/2026 10:42,0,0,0,0,0,0,0,0,-1402,-1589,-1602,-1401,-1401,-1766,-1501,-1406,-1200,0,-1203,-1601,-1403,-1402,-1402,0,-1600,0,0,-1602,-1403,-1005,-1592,-1401
3/13/2026 10:42,0,0,0,0,0,0,0,0,-1402,-1597,-1612,-1401,-1401,-1796,-1594,-1405,-1201,0,-1204,-1603,-1403,-1400,-1402,0,-1603,0,0,-1603,-1401,-1118,-1599,-1402
3/13/2026 10:42,0,0,0,0,0,0,0,0,-1404,-1601,-1769,-1402,-1401,-1802,-1604,-1405,-1201,0,-1202,-1603,-1406,-1501,-1401,0,-1602,0,0,-1603,-1402,-1194,-1601,-1403
3/13/2026 10:43,0,0,0,0,0,0,0,0,-1404,-1599,-1798,-1448,-1402,-1802,-1606,-1404,-1200,0,-1203,-1603,-1539,-1584,-1401,0,-1603,0,0,-1604,-1402,-1203,-1602,-1402
3/13/2026 10:43,0,0,0,0,0,0,0,0,-1416,-1600,-1802,-1567,-1401,-1804,-1606,-1405,-1200,0,-1204,-1602,-1600,-1601,-1402,0,-1605,0,0,-1603,-1532,-1204,-1602,-1403
3/13/2026 10:43,0,0,0,0,0,0,0,0,-1548,-1600,-1802,-1598,-1402,-1804,-1606,-1404,-1200,0,-1205,-1602,-1606,-1601,-1401,0,-1604,0,0,-1603,-1587,-1204,-1601,-1470
3/13/2026 10:43,0,0,0,0,0,0,0,0,-1599,-1600,-1800,-1601,-1402,-1805,-1606,-1403,-1327,0,-1220,-1602,-1606,-1603,-1401,0,-1604,0,0,-1602,-1601,-1204,-1601,-1588
3/13/2026 10:43,0,0,0,0,0,0,0,0,-1604,-1659,-1802,-1602,-1401,-1805,-1606,-1405,-1393,0,-1378,-1602,-1607,-1602,-1402,0,-1603,0,0,-1604,-1603,-1203,-1603,-1601
3/13/2026 10:43,0,0,0,0,0,0,0,0,-1606,-1785,-1801,-1602,-1402,-1805,-1605,-1405,-1402,0,-1398,-1602,-1606,-1602,-1401,0,-1648,0,0,-1604,-1603,-1203,-1761,-1603
3/13/2026 10:43,0,0,0,0,0,0,0,0,-1606,-1799,-1799,-1602,-1402,-1806,-1604,-1405,-1402,0,-1403,-1690,-1606,-1604,-1402,0,-1772,0,0,-1603,-1604,-1203,-1795,-1605
3/13/2026 10:43,0,0,0,0,0,0,0,0,-1604,-1803,-1800,-1603,-1402,-1804,-1605,-1441,-1403,0,-1404,-1791,-1605,-1602,-1401,0,-1800,0,0,-1762,-1602,-1203,-1801,-1605
3/13/2026 10:43,0,0,0,0,0,0,0,0,-1604,-1802,-1799,-1603,-1420,-1806,-1605,-1583,-1401,0,-1403,-1802,-1606,-1604,-1526,0,-1803,0,0,-1801,-1602,-1203,-1804,-1606
3/13/2026 10:43,0,0,0,0,0,0,0,0,-1604,-1804,-1800,-1601,-1575,-1877,-1609,-1600,-1401,0,-1403,-1805,-1606,-1602,-1592,0,-1803,0,0,-1805,-1603,-1202,-1805,-1606
3/13/2026 10:43,0,0,0,0,0,0,0,0,-1604,-1802,-1800,-1602,-1595,-1991,-1740,-1602,-1402,0,-1404,-1804,-1606,-1603,-1599,0,-1805,0,0,-1806,-1603,-1230,-1805,-1605
3/13/2026 10:43,0,0,0,0,0,0,0,0,-1604,-1804,-1923,-1604,-1600,-2003,-1796,-1602,-1402,0,-1404,-1804,-1606,-1603,-1600,0,-1802,0,0,-1805,-1604,-1378,-1803,-1605
3/13/2026 10:43,0,0,0,0,0,0,0,0,-1606,-1805,-1993,-1604,-1601,-2005,-1802,-1601,-1403,0,-1402,-1805,-1762,-1654,-1601,0,-1802,0,0,-1807,-1603,-1397,-1807,-1606
3/13/2026 10:43,0,0,0,0,0,0,0,0,-1634,-1806,-2000,-1604,-1600,-2005,-1803,-1601,-1403,0,-1403,-1806,-1800,-1787,-1601,0,-1803,0,0,-1806,-1603,-1399,-1807,-1738
3/13/2026 10:43,0,0,0,0,0,0,0,0,-1763,-1807,-2001,-1612,-1603,-2004,-1802,-1603,-1404,0,-1403,-1807,-1803,-1801,-1600,0,-1803,0,0,-1805,-1682,-1399,-1808,-1793
3/13/2026 10:43,0,0,0,0,0,0,0,0,-1799,-1808,-2003,-1738,-1604,-2006,-1804,-1601,-1404,0,-1439,-1806,-1805,-1803,-1601,0,-1803,0,0,-1803,-1791,-1400,-1807,-1805
3/13/2026 10:43,0,0,0,0,0,0,0,0,-1804,-1807,-2004,-1799,-1629,-2004,-1801,-1602,-1509,0,-1583,-1805,-1804,-1805,-1602,0,-1802,0,0,-1804,-1802,-1399,-1805,-1804
3/13/2026 10:43,0,0,0,0,0,0,0,0,-1802,-1806,-2003,-1805,-1757,-2003,-1800,-1605,-1596,0,-1598,-1805,-1804,-1804,-1688,0,-1802,0,0,-1804,-1804,-1399,-1807,-1806
3/13/2026 10:43,0,0,0,0,0,0,0,0,-1801,-1807,-2004,-1805,-1800,-2003,-1799,-1725,-1602,0,-1601,-1806,-1802,-1804,-1781,0,-1801,0,0,-1808,-1801,-1399,-1805,-1804
3/13/2026 10:43,0,0,0,0,0,0,0,0,-1801,-1808,-2005,-1806,-1806,-2004,-1799,-1793,-1605,0,-1600,-1897,-1802,-1806,-1801,0,-1802,0,0,-1975,-1803,-1400,-1806,-1802
3/13/2026 10:43,0,0,0,0,0,0,0,0,-1800,-1832,-2006,-1805,-1804,-2004,-1802,-1800,-1604,0,-1600,-1993,-1803,-1806,-1804,0,-1802,0,0,-1999,-1803,-1400,-1939,-1803
3/13/2026 10:43,0,0,0,0,0,0,0,0,-1801,-1981,-2006,-1805,-1805,-2133,-1801,-1801,-1605,0,-1599,-2002,-1803,-1806,-1806,0,-1801,0,0,-2003,-1803,-1400,-1995,-1803
3/13/2026 10:43,0,0,0,0,0,0,0,0,-1801,-2002,-2006,-1805,-1804,-2189,-1954,-1802,-1603,0,-1601,-2003,-1802,-1804,-1808,0,-1861,0,0,-2004,-1803,-1402,-2002,-1803
3/13/2026 10:43,0,0,0,0,0,0,0,0,-1801,-2002,-2040,-1802,-1805,-2201,-1998,-1802,-1606,0,-1599,-2005,-1800,-1804,-1805,0,-1984,0,0,-2002,-1801,-1546,-2002,-1802
3/13/2026 10:43,0,0,0,0,0,0,0,0,-1802,-2005,-2164,-1803,-1805,-2203,-2002,-1802,-1604,0,-1599,-2005,-1802,-1852,-1806,0,-2000,0,0,-2004,-1802,-1592,-2003,-1803
3/13/2026 10:43,0,0,0,0,0,0,0,0,-1863,-2003,-2203,-1951,-1804,-2202,-2001,-1804,-1604,0,-1600,-2005,-1802,-1987,-1807,0,-2003,0,0,-2003,-1802,-1601,-2003,-1803
3/13/2026 10:43,0,0,0,0,0,0,0,0,-1974,-2003,-2205,-1997,-1805,-2205,-2002,-1805,-1604,0,-1600,-2003,-1917,-2001,-1805,0,-2003,0,0,-2003,-1802,-1604,-2001,-1802
3/13/2026 10:43,0,0,0,0,0,0,0,0,-1998,-2036,-2206,-1999,-1804,-2205,-2001,-1804,-1603,0,-1599,-2003,-1993,-2002,-1806,0,-2003,0,0,-2002,-1801,-1604,-2001,-1947
3/13/2026 10:43,0,0,0,0,0,0,0,0,-2002,-2181,-2205,-2001,-1803,-2204,-2002,-1805,-1603,0,-1600,-2009,-2002,-2003,-1806,0,-2004,0,0,-2003,-1802,-1605,-2148,-1994
3/13/2026 10:43,0,0,0,0,0,0,0,0,-2004,-2202,-2205,-2002,-1803,-2201,-2005,-1806,-1605,0,-1600,-2165,-2004,-2003,-1806,0,-2004,0,0,-2093,-1803,-1606,-2192,-2001
3/13/2026 10:44,0,0,0,0,0,0,0,0,-2003,-2200,-2203,-2002,-1802,-2200,-2005,-1956,-1603,0,-1600,-2199,-2004,-2002,-1804,0,-2004,0,0,-2188,-1839,-1605,-2202,-1999
3/13/2026 10:44,0,0,0,0,0,0,0,0,-2003,-2202,-2202,-2002,-1805,-2203,-2004,-1996,-1602,0,-1601,-2201,-2006,-2002,-1908,0,-2004,0,0,-2200,-1981,-1604,-2201,-2001
3/13/2026 10:44,0,0,0,0,0,0,0,0,-2005,-2202,-2203,-2001,-1958,-2205,-2006,-2004,-1648,0,-1603,-2202,-2006,-2001,-1992,0,-2005,0,0,-2201,-1998,-1605,-2201,-2000
3/13/2026 10:44,0,0,0,0,0,0,0,0,-2004,-2203,-2203,-2001,-1999,-2338,-2006,-2005,-1785,0,-1613,-2203,-2006,-2000,-2001,0,-2006,0,0,-2203,-2001,-1605,-2201,-2003
3/13/2026 10:44,0,0,0,0,0,0,0,0,-2005,-2201,-2202,-2000,-2000,-2393,-2008,-2005,-1800,0,-1768,-2203,-2007,-2000,-2000,0,-2097,0,0,-2202,-2002,-1604,-2202,-2002
3/13/2026 10:44,0,0,0,0,0,0,0,0,-2007,-2201,-2203,-2003,-2001,-2402,-2161,-2007,-1802,0,-1801,-2204,-2007,-2002,-2002,0,-2187,0,0,-2203,-2003,-1646,-2203,-2004
3/13/2026 10:44,0,0,0,0,0,0,0,0,-2008,-2203,-2288,-2003,-2001,-2404,-2196,-2005,-1801,0,-1805,-2203,-2006,-2005,-2002,0,-2203,0,0,-2204,-2002,-1770,-2200,-2002
3/13/2026 10:44,0,0,0,0,0,0,0,0,-2006,-2203,-2389,-2004,-2003,-2404,-2205,-2006,-1803,0,-1806,-2203,-2006,-2144,-2000,0,-2205,0,0,-2206,-2004,-1801,-2203,-2025
3/13/2026 10:44,0,0,0,0,0,0,0,0,-2010,-2202,-2401,-2003,-2000,-2405,-2204,-2003,-1800,0,-1805,-2202,-2115,-2196,-2000,0,-2204,0,0,-2204,-2003,-1802,-2203,-2182
3/13/2026 10:44,0,0,0,0,0,0,0,0,-2173,-2203,-2403,-2092,-2002,-2406,-2205,-2004,-1801,0,-1807,-2203,-2196,-2201,-2001,0,-2204,0,0,-2206,-2004,-1804,-2203,-2202
3/13/2026 10:44,0,0,0,0,0,0,0,0,-2202,-2205,-2404,-2191,-2041,-2405,-2206,-2003,-1939,0,-1806,-2202,-2203,-2203,-2000,0,-2205,0,0,-2203,-2005,-1804,-2204,-2204
3/13/2026 10:44,0,0,0,0,0,0,0,0,-2205,-2205,-2403,-2200,-2166,-2405,-2206,-2004,-1996,0,-1806,-2204,-2204,-2203,-2000,0,-2204,0,0,-2205,-2116,-1804,-2206,-2206
3/13/2026 10:44,0,0,0,0,0,0,0,0,-2206,-2205,-2402,-2205,-2198,-2405,-2203,-2150,-2000,0,-1806,-2203,-2204,-2203,-2002,0,-2206,0,0,-2230,-2188,-1803,-2202,-2205
3/13/2026 10:44,0,0,0,0,0,0,0,0,-2206,-2330,-2402,-2207,-2202,-2424,-2204,-2198,-2002,0,-1807,-2204,-2204,-2205,-2001,0,-2206,0,0,-2384,-2204,-1803,-2205,-2206
3/13/2026 10:44,0,0,0,0,0,0,0,0,-2205,-2390,-2405,-2206,-2202,-2554,-2203,-2201,-2003,0,-1861,-2201,-2204,-2205,-2000,0,-2204,0,0,-2402,-2205,-1803,-2205,-2206
3/13/2026 10:44,0,0,0,0,0,0,0,0,-2204,-2403,-2403,-2185,-2202,-2602,-2206,-2205,-2002,0,-1992,-2203,-2204,-2204,-2155,0,-2203,0,0,-2407,-2205,-1803,-2204,-2208
3/13/2026 10:44,0,0,0,0,0,0,0,0,-2205,-2406,-2406,-2202,-2204,-2607,-2370,-2204,-2002,0,-2003,-2284,-2204,-2205,-2197,0,-2206,0,0,-2405,-2206,-1803,-2205,-2207
3/13/2026 10:44,0,0,0,0,0,0,0,0,-2204,-2406,-2402,-2204,-2204,-2563,-2398,-2203,-2001,0,-2004,-2392,-2204,-2204,-2202,0,-2359,0,0,-2406,-2205,-1810,-2260,-2206
3/13/2026 10:44,0,0,0,0,0,0,0,0,-2204,-2404,-2516,-2206,-2205,-2421,-2403,-2202,-2003,0,-2004,-2405,-2202,-2206,-2203,0,-2398,0,0,-2406,-2205,-1973,-2391,-2204
3/13/2026 10:44,0,0,0,0,0,0,0,0,-2271,-2407,-2595,-2207,-2207,-2565,-2404,-2204,-2004,0,-2005,-2405,-2203,-2207,-2205,0,-2404,0,0,-2408,-2205,-1997,-2406,-2207
3/13/2026 10:44,0,0,0,0,0,0,0,0,-2387,-2406,-2604,-2208,-2208,-2603,-2402,-2202,-2004,0,-2003,-2407,-2242,-2360,-2203,0,-2405,0,0,-2407,-2204,-2001,-2408,-2207
3/13/2026 10:44,0,0,0,0,0,0,0,0,-2402,-2405,-2607,-2205,-2204,-2605,-2403,-2204,-2004,0,-2002,-2406,-2367,-2397,-2205,0,-2405,0,0,-2404,-2205,-2001,-2406,-2271
3/13/2026 10:44,0,0,0,0,0,0,0,0,-2400,-2556,-2606,-2203,-2206,-2606,-2401,-2276,-2004,0,-2002,-2407,-2400,-2405,-2205,0,-2404,0,0,-2402,-2203,-2002,-2407,-2391
3/13/2026 10:44,0,0,0,0,0,0,0,0,-2403,-2455,-2607,-2201,-2205,-2605,-2402,-2379,-2096,0,-2003,-2406,-2403,-2406,-2205,0,-2405,0,0,-2404,-2352,-2002,-2405,-2402
3/13/2026 10:44,0,0,0,0,0,0,0,0,-2401,-2562,-2606,-2203,-2207,-2605,-2405,-2403,-2193,0,-2001,-2407,-2405,-2405,-2205,0,-2404,0,0,-2403,-2399,-2003,-2481,-2403
3/13/2026 10:44,0,0,0,0,0,0,0,0,-2403,-2600,-2604,-2202,-2204,-2604,-2406,-2404,-2204,0,-1999,-2436,-2405,-2402,-2204,0,-2554,0,0,-2402,-2403,-2005,-2583,-2402
3/13/2026 10:44,0,0,0,0,0,0,0,0,-2405,-2603,-2605,-2204,-2205,-2604,-2407,-2406,-2205,0,-2000,-2567,-2407,-2404,-2205,0,-2597,0,0,-2466,-2405,-2007,-2601,-2403
3/13/2026 10:44,0,0,0,0,0,0,0,0,-2406,-2606,-2604,-2268,-2205,-2604,-2551,-2405,-2204,0,-2001,-2598,-2405,-2403,-2203,0,-2606,0,0,-2589,-2402,-2005,-2601,-2402
3/13/2026 10:44,0,0,0,0,0,0,0,0,-2406,-2605,-2604,-2375,-2211,-2603,-2601,-2406,-2204,0,-2003,-2603,-2407,-2405,-2315,0,-2605,0,0,-2601,-2402,-2007,-2602,-2401
3/13/2026 10:44,0,0,0,0,0,0,0,0,-2406,-2601,-2601,-2396,-2372,-2604,-2604,-2405,-2204,0,-2035,-2605,-2408,-2405,-2393,0,-2606,0,0,-2603,-2403,-2005,-2599,-2401
3/13/2026 10:45,0,0,0,0,0,0,0,0,-2407,-2605,-2603,-2402,-2398,-2635,-2607,-2407,-2207,0,-2179,-2604,-2407,-2405,-2402,0,-2608,0,0,-2604,-2404,-2144,-2602,-2402
3/13/2026 10:45,0,0,0,0,0,0,0,0,-2407,-2602,-2669,-2402,-2400,-2768,-2607,-2405,-2205,0,-2200,-2604,-2407,-2404,-2405,0,-2607,0,0,-2604,-2405,-2193,-2601,-2403
3/13/2026 10:45,0,0,0,0,0,0,0,0,-2407,-2605,-2711,-2403,-2401,-2799,-2606,-2404,-2205,0,-2205,-2603,-2408,-2402,-2402,0,-2608,0,0,-2605,-2405,-2203,-2603,-2402
3/13/2026 10:45,0,0,0,0,0,0,0,0,-2407,-2603,-2684,-2403,-2401,-2804,-2606,-2404,-2204,0,-2204,-2605,-2408,-2403,-2402,0,-2606,0,0,-2605,-2404,-2204,-2604,-2403
3/13/2026 10:45,0,0,0,0,0,0,0,0,-2407,-2603,-2684,-2404,-2403,-2805,-2606,-2405,-2203,0,-2204,-2606,-2407,-2402,-2403,0,-2605,0,0,-2604,-2403,-2204,-2604,-2403
3/13/2026 10:45,0,0,0,0,0,0,0,0,-2405,-2601,-2685,-2403,-2403,-2805,-2606,-2405,-2204,0,-2203,-2605,-2407,-2403,-2402,0,-2604,0,0,-2604,-2402,-2203,-2603,-2400
3/13/2026 10:45,0,0,0,0,0,0,0,0,-2406,-2601,-2684,-2404,-2403,-2804,-2606,-2405,-2206,0,-2206,-2605,-2408,-2403,-2401,0,-2604,0,0,-2605,-2404,-2204,-2605,-2401
3/13/2026 10:45,0,0,0,0,0,0,0,0,-2408,-2600,-2685,-2403,-2402,-2803,-2605,-2404,-2204,0,-2205,-2604,-2407,-2403,-2402,0,-2606,0,0,-2605,-2404,-2201,-2604,-2405
3/13/2026 10:45,0,0,0,0,0,0,0,0,-2407,-2600,-2683,-2402,-2402,-2803,-2607,-2405,-2204,0,-2203,-2605,-2407,-2401,-2402,0,-2603,0,0,-2606,-2404,-2201,-2604,-2405
3/13/2026 10:45,0,0,0,0,0,0,0,0,-2406,-2602,-2682,-2404,-2402,-2803,-2605,-2405,-2203,0,-2206,-2604,-2407,-2403,-2402,0,-2605,0,0,-2609,-2405,-2204,-2605,-2405
3/13/2026 10:45,0,0,0,0,0,0,0,0,-2407,-2601,-2685,-2405,-2401,-2807,-2604,-2404,-2205,0,-2205,-2604,-2407,-2404,-2402,0,-2606,0,0,-2607,-2404,-2204,-2605,-2404
3/13/2026 10:45,0,0,0,0,0,0,0,0,-2406,-2603,-2683,-2405,-2403,-2806,-2606,-2403,-2205,0,-2206,-2604,-2405,-2402,-2403,0,-2604,0,0,-2607,-2405,-2202,-2605,-2404
3/13/2026 10:45,0,0,0,0,0,0,0,0,-2407,-2602,-2684,-2407,-2404,-2807,-2604,-2402,-2203,0,-2204,-2604,-2405,-2403,-2403,0,-2603,0,0,-2607,-2404,-2202,-2604,-2404
3/13/2026 10:45,0,0,0,0,0,0,0,0,-2405,-2605,-2686,-2407,-2405,-2806,-2604,-2403,-2203,0,-2206,-2601,-2405,-2401,-2404,0,-2604,0,0,-2607,-2406,-2202,-2604,-2407
3/13/2026 10:45,0,0,0,0,0,0,0,0,-2404,-2605,-2686,-2408,-2404,-2808,-2605,-2404,-2205,0,-2207,-2604,-2406,-2403,-2403,0,-2604,0,0,-2607,-2408,-2201,-2607,-2406
3/13/2026 10:45,0,0,0,0,0,0,0,0,-2405,-2604,-2683,-2405,-2404,-2807,-2603,-2403,-2204,0,-2206,-2606,-2404,-2402,-2401,0,-2603,0,0,-2608,-2405,-2201,-2608,-2406
3/13/2026 10:45,0,0,0,0,0,0,0,0,-2406,-2605,-2685,-2405,-2402,-2808,-2602,-2405,-2205,0,-2204,-2607,-2402,-2402,-2402,0,-2603,0,0,-2609,-2407,-2202,-2609,-2408
3/13/2026 10:45,0,0,0,0,0,0,0,0,-2405,-2606,-2687,-2406,-2403,-2806,-2601,-2403,-2203,0,-2205,-2604,-2401,-2405,-2402,0,-2600,0,0,-2608,-2406,-2203,-2607,-2406
3/13/2026 10:45,0,0,0,0,0,0,0,0,-2403,-2605,-2688,-2406,-2404,-2803,-2603,-2404,-2204,0,-2206,-2603,-2404,-2402,-2403,0,-2604,0,0,-2606,-2406,-2203,-2606,-2407
3/13/2026 10:45,0,0,0,0,0,0,0,0,-2405,-2606,-2688,-2406,-2405,-2805,-2601,-2402,-2207,0,-2205,-2603,-2404,-2403,-2402,0,-2604,0,0,-2605,-2405,-2201,-2605,-2406
3/13/2026 10:45,0,0,0,0,0,0,0,0,-2401,-2606,-2687,-2406,-2407,-2806,-2602,-2403,-2205,0,-2205,-2606,-2402,-2405,-2406,0,-2604,0,0,-2606,-2403,-2202,-2606,-2407
3/13/2026 10:45,0,0,0,0,0,0,0,0,-2401,-2609,-2628,-2405,-2406,-2806,-2602,-2400,-2205,0,-2204,-2603,-2402,-2405,-2404,0,-2605,0,0,-2605,-2407,-2201,-2606,-2464
3/13/2026 10:45,0,0,0,0,0,0,0,0,-2403,-2607,-2609,-2407,-2406,-2806,-2603,-2404,-2205,0,-2205,-2605,-2405,-2406,-2403,0,-2606,0,0,-2606,-2406,-2202,-2607,-2486
3/13/2026 10:45,0,0,0,0,0,0,0,0,-2404,-2606,-2607,-2406,-2405,-2739,-2602,-2401,-2204,0,-2205,-2607,-2438,-2403,-2403,0,-2606,0,0,-2608,-2403,-2204,-2608,-2546
3/13/2026 10:45,0,0,0,0,0,0,0,0,-2404,-2607,-2607,-2407,-2406,-2621,-2600,-2403,-2206,0,-2205,-2605,-2478,-2404,-2404,0,-2605,0,0,-2606,-2403,-2203,-2605,-2595
3/13/2026 10:45,0,0,0,0,0,0,0,0,-2402,-2608,-2605,-2403,-2408,-2608,-2601,-2403,-2204,0,-2204,-2605,-2485,-2405,-2405,0,-2604,0,0,-2605,-2404,-2202,-2606,-2603
3/13/2026 10:45,0,0,0,0,0,0,0,0,-2402,-2607,-2608,-2403,-2407,-2603,-2603,-2403,-2206,0,-2203,-2605,-2486,-2406,-2404,0,-2604,0,0,-2605,-2405,-2202,-2607,-2606
3/13/2026 10:45,0,0,0,0,0,0,0,0,-2401,-2607,-2608,-2404,-2407,-2605,-2602,-2402,-2203,0,-2203,-2606,-2485,-2405,-2405,0,-2604,0,0,-2603,-2403,-2203,-2606,-2605
3/13/2026 10:45,0,0,0,0,0,0,0,0,-2404,-2608,-2608,-2405,-2406,-2605,-2602,-2404,-2204,0,-2203,-2605,-2484,-2407,-2405,0,-2604,0,0,-2603,-2404,-2204,-2606,-2605
3/13/2026 10:45,0,0,0,0,0,0,0,0,-2401,-2608,-2608,-2405,-2406,-2605,-2602,-2405,-2203,0,-2204,-2606,-2483,-2407,-2408,0,-2605,0,0,-2605,-2403,-2204,-2607,-2604
3/13/2026 10:46,0,0,0,0,0,0,0,0,-2401,-2607,-2605,-2404,-2404,-2604,-2602,-2404,-2205,0,-2203,-2605,-2485,-2406,-2406,0,-2604,0,0,-2604,-2404,-2203,-2603,-2606
3/13/2026 10:46,0,0,0,0,0,0,0,0,-2401,-2606,-2608,-2406,-2408,-2604,-2601,-2404,-2206,0,-2202,-2604,-2486,-2405,-2406,0,-2605,0,0,-2603,-2404,-2206,-2605,-2605
3/13/2026 10:46,0,0,0,0,0,0,0,0,-2402,-2607,-2609,-2401,-2405,-2603,-2603,-2404,-2205,0,-2204,-2604,-2483,-2403,-2406,0,-2605,0,0,-2603,-2405,-2206,-2605,-2604
3/13/2026 10:46,0,0,0,0,0,0,0,0,-2401,-2607,-2605,-2403,-2404,-2604,-2604,-2405,-2205,0,-2205,-2605,-2483,-2406,-2406,0,-2604,0,0,-2604,-2404,-2206,-2605,-2604
3/13/2026 10:46,0,0,0,0,0,0,0,0,-2403,-2607,-2606,-2402,-2405,-2605,-2606,-2403,-2206,0,-2204,-2603,-2484,-2404,-2406,0,-2604,0,0,-2604,-2402,-2209,-2601,-2604
3/13/2026 10:46,0,0,0,0,0,0,0,0,-2404,-2606,-2605,-2402,-2404,-2605,-2603,-2405,-2205,0,-2202,-2604,-2484,-2404,-2406,0,-2603,0,0,-2605,-2403,-2207,-2603,-2602
3/13/2026 10:46,0,0,0,0,0,0,0,0,-2404,-2606,-2604,-2404,-2405,-2605,-2608,-2406,-2203,0,-2201,-2604,-2484,-2405,-2407,0,-2603,0,0,-2605,-2402,-2208,-2605,-2600
3/13/2026 10:46,0,0,0,0,0,0,0,0,-2404,-2606,-2606,-2400,-2404,-2602,-2606,-2406,-2203,0,-2203,-2605,-2485,-2402,-2405,0,-2605,0,0,-2603,-2405,-2208,-2605,-2605
3/13/2026 10:46,0,0,0,0,0,0,0,0,-2405,-2604,-2606,-2401,-2404,-2605,-2607,-2407,-2205,0,-2204,-2605,-2487,-2405,-2405,0,-2603,0,0,-2601,-2405,-2210,-2605,-2604
3/13/2026 10:46,0,0,0,0,0,0,0,0,-2404,-2603,-2603,-2400,-2404,-2603,-2607,-2405,-2203,0,-2202,-2603,-2579,-2470,-2404,0,-2603,0,0,-2602,-2401,-2207,-2604,-2457
3/13/2026 10:46,0,0,0,0,0,0,0,0,-2404,-2604,-2603,-2401,-2404,-2605,-2606,-2407,-2203,0,-2202,-2604,-2602,-2482,-2404,0,-2602,0,0,-2603,-2403,-2207,-2603,-2406
3/13/2026 10:46,0,0,0,0,0,0,0,0,-2404,-2602,-2604,-2401,-2403,-2604,-2608,-2407,-2202,0,-2201,-2604,-2605,-2484,-2402,0,-2606,0,0,-2603,-2405,-2207,-2601,-2402
3/13/2026 10:46,0,0,0,0,0,0,0,0,-2406,-2606,-2603,-2402,-2405,-2603,-2610,-2407,-2205,0,-2205,-2603,-2607,-2488,-2404,0,-2608,0,0,-2604,-2405,-2209,-2603,-2403
3/13/2026 10:46,0,0,0,0,0,0,0,0,-2404,-2604,-2604,-2402,-2403,-2602,-2606,-2405,-2203,0,-2203,-2604,-2605,-2487,-2404,0,-2605,0,0,-2601,-2403,-2208,-2601,-2402
3/13/2026 10:46,0,0,0,0,0,0,0,0,-2406,-2602,-2605,-2401,-2405,-2603,-2607,-2406,-2205,0,-2201,-2603,-2606,-2485,-2405,0,-2608,0,0,-2602,-2404,-2208,-2603,-2403
3/13/2026 10:46,0,0,0,0,0,0,0,0,-2404,-2603,-2604,-2401,-2402,-2602,-2608,-2407,-2203,0,-2202,-2603,-2606,-2486,-2406,0,-2607,0,0,-2602,-2403,-2209,-2602,-2402
3/13/2026 10:46,0,0,0,0,0,0,0,0,-2405,-2602,-2604,-2404,-2403,-2605,-2609,-2407,-2204,0,-2204,-2605,-2607,-2488,-2405,0,-2608,0,0,-2603,-2403,-2209,-2602,-2403
3/13/2026 10:46,0,0,0,0,0,0,0,0,-2403,-2601,-2603,-2401,-2402,-2604,-2606,-2405,-2203,0,-2203,-2604,-2605,-2486,-2403,0,-2603,0,0,-2600,-2404,-2208,-2602,-2401
3/13/2026 10:46,0,0,0,0,0,0,0,0,-2406,-2604,-2605,-2403,-2403,-2604,-2607,-2407,-2205,0,-2204,-2605,-2607,-2489,-2404,0,-2606,0,0,-2605,-2405,-2208,-2603,-2403
3/13/2026 10:46,0,0,0,0,0,0,0,0,-2404,-2605,-2604,-2401,-2402,-2602,-2607,-2407,-2203,0,-2202,-2603,-2604,-2485,-2405,0,-2606,0,0,-2600,-2403,-2207,-2602,-2400
3/13/2026 10:46,0,0,0,0,0,0,0,0,-2405,-2604,-2602,-2403,-2404,-2603,-2607,-2407,-2205,0,-2203,-2606,-2605,-2486,-2406,0,-2606,0,0,-2604,-2402,-2208,-2603,-2403
3/13/2026 10:46,0,0,0,0,0,0,0,0,-2404,-2604,-2604,-2401,-2404,-2602,-2608,-2405,-2204,0,-2201,-2605,-2604,-2484,-2406,0,-2607,0,0,-2602,-2403,-2207,-2603,-2402
3/13/2026 10:46,0,0,0,0,0,0,0,0,-2403,-2605,-2605,-2401,-2404,-2605,-2609,-2405,-2204,0,-2205,-2604,-2606,-2485,-2405,0,-2606,0,0,-2603,-2404,-2209,-2601,-2401
3/13/2026 10:46,0,0,0,0,0,0,0,0,-2404,-2604,-2605,-2401,-2401,-2604,-2608,-2405,-2204,0,-2203,-2602,-2606,-2487,-2405,0,-2607,0,0,-2601,-2402,-2208,-2603,-2403
3/13/2026 10:46,0,0,0,0,0,0,0,0,-2406,-2603,-2604,-2401,-2402,-2604,-2608,-2404,-2203,0,-2202,-2606,-2606,-2488,-2405,0,-2606,0,0,-2604,-2403,-2208,-2604,-2403
3/13/2026 10:46,0,0,0,0,0,0,0,0,-2406,-2601,-2603,-2401,-2402,-2601,-2608,-2310,-2204,0,-2202,-2604,-2607,-2585,-2406,0,-2604,0,0,-2603,-2404,-2208,-2601,-2402
3/13/2026 10:46,0,0,0,0,0,0,0,0,-2406,-2602,-2603,-2403,-2403,-2603,-2606,-2292,-2203,0,-2204,-2605,-2606,-2600,-2403,0,-2606,0,0,-2603,-2404,-2209,-2604,-2401
3/13/2026 10:46,0,0,0,0,0,0,0,0,-2406,-2601,-2603,-2401,-2403,-2602,-2606,-2289,-2203,0,-2202,-2602,-2606,-2605,-2404,0,-2604,0,0,-2601,-2401,-2208,-2605,-2400
3/13/2026 10:46,0,0,0,0,0,0,0,0,-2407,-2605,-2603,-2403,-2405,-2602,-2607,-2287,-2203,0,-2203,-2604,-2607,-2602,-2402,0,-2605,0,0,-2602,-2402,-2207,-2603,-2403
3/13/2026 10:46,0,0,0,0,0,0,0,0,-2405,-2603,-2602,-2402,-2404,-2605,-2608,-2288,-2205,0,-2204,-2605,-2607,-2605,-2400,0,-2606,0,0,-2602,-2403,-2207,-2603,-2402
3/13/2026 10:47,0,0,0,0,0,0,0,0,-2406,-2603,-2603,-2403,-2402,-2604,-2606,-2287,-2203,0,-2205,-2606,-2608,-2604,-2401,0,-2607,0,0,-2604,-2404,-2205,-2602,-2402
3/13/2026 10:47,0,0,0,0,0,0,0,0,-2406,-2602,-2601,-2403,-2404,-2602,-2605,-2287,-2204,0,-2205,-2605,-2607,-2603,-2401,0,-2606,0,0,-2606,-2403,-2206,-2601,-2401
3/13/2026 10:47,0,0,0,0,0,0,0,0,-2406,-2603,-2601,-2406,-2402,-2601,-2607,-2286,-2202,0,-2204,-2606,-2607,-2605,-2402,0,-2607,0,0,-2606,-2402,-2203,-2600,-2401
3/13/2026 10:47,0,0,0,0,0,0,0,0,-2406,-2601,-2603,-2405,-2403,-2601,-2606,-2286,-2201,0,-2204,-2604,-2606,-2603,-2401,0,-2606,0,0,-2604,-2406,-2204,-2601,-2403
3/13/2026 10:47,0,0,0,0,0,0,0,0,-2406,-2603,-2602,-2407,-2404,-2604,-2604,-2350,-2202,0,-2207,-2606,-2607,-2548,-2401,0,-2606,0,0,-2604,-2404,-2204,-2604,-2404
3/13/2026 10:47,0,0,0,0,0,0,0,0,-2407,-2602,-2602,-2406,-2404,-2604,-2605,-2393,-2204,0,-2207,-2604,-2604,-2493,-2402,0,-2606,0,0,-2604,-2405,-2204,-2605,-2403
3/13/2026 10:47,0,0,0,0,0,0,0,0,-2405,-2604,-2604,-2407,-2404,-2603,-2603,-2402,-2201,0,-2207,-2605,-2605,-2486,-2403,0,-2606,0,0,-2606,-2405,-2203,-2605,-2405
3/13/2026 10:47,0,0,0,0,0,0,0,0,-2404,-2605,-2605,-2408,-2402,-2605,-2603,-2401,-2201,0,-2206,-2603,-2604,-2485,-2402,0,-2606,0,0,-2608,-2405,-2202,-2606,-2404
3/13/2026 10:47,0,0,0,0,0,0,0,0,-2404,-2605,-2603,-2407,-2403,-2605,-2603,-2403,-2203,0,-2207,-2605,-2603,-2486,-2403,0,-2606,0,0,-2607,-2404,-2201,-2606,-2406
3/13/2026 10:47,0,0,0,0,0,0,0,0,-2402,-2605,-2605,-2407,-2404,-2607,-2601,-2403,-2204,0,-2205,-2605,-2603,-2486,-2404,0,-2603,0,0,-2608,-2405,-2200,-2607,-2406
3/13/2026 10:47,0,0,0,0,0,0,0,0,-2403,-2604,-2606,-2408,-2405,-2607,-2603,-2402,-2204,0,-2206,-2602,-2603,-2485,-2404,0,-2606,0,0,-2607,-2406,-2200,-2609,-2407
3/13/2026 10:47,0,0,0,0,0,0,0,0,-2402,-2606,-2606,-2407,-2406,-2606,-2601,-2402,-2204,0,-2207,-2604,-2602,-2485,-2406,0,-2605,0,0,-2609,-2407,-2199,-2609,-2406
3/13/2026 10:47,0,0,0,0,0,0,0,0,-2404,-2605,-2606,-2407,-2407,-2608,-2605,-2403,-2205,0,-2205,-2604,-2602,-2484,-2404,0,-2603,0,0,-2607,-2407,-2202,-2609,-2408
3/13/2026 10:47,0,0,0,0,0,0,0,0,-2403,-2608,-2604,-2406,-2405,-2605,-2605,-2403,-2205,0,-2204,-2606,-2603,-2485,-2405,0,-2606,0,0,-2610,-2407,-2201,-2609,-2406
3/13/2026 10:47,0,0,0,0,0,0,0,0,-2404,-2607,-2605,-2406,-2406,-2606,-2600,-2404,-2201,0,-2207,-2607,-2602,-2488,-2406,0,-2605,0,0,-2609,-2407,-2202,-2609,-2407
3/13/2026 10:47,0,0,0,0,0,0,0,0,-2402,-2604,-2609,-2405,-2405,-2605,-2600,-2403,-2204,0,-2204,-2604,-2602,-2486,-2407,0,-2605,0,0,-2606,-2404,-2200,-2606,-2408
3/13/2026 10:47,0,0,0,0,0,0,0,0,-2402,-2603,-2608,-2408,-2408,-2606,-2603,-2404,-2203,0,-2204,-2604,-2600,-2487,-2406,0,-2605,0,0,-2605,-2406,-2203,-2605,-2408
3/13/2026 10:47,0,0,0,0,0,0,0,0,-2403,-2606,-2606,-2407,-2408,-2607,-2604,-2404,-2205,0,-2205,-2605,-2603,-2487,-2407,0,-2606,0,0,-2607,-2406,-2202,-2607,-2408
3/13/2026 10:47,0,0,0,0,0,0,0,0,-2404,-2609,-2606,-2407,-2410,-2609,-2604,-2405,-2203,0,-2207,-2606,-2602,-2487,-2409,0,-2606,0,0,-2609,-2408,-2203,-2609,-2409
3/13/2026 10:47,0,0,0,0,0,0,0,0,-2402,-2608,-2670,-2405,-2406,-2608,-2603,-2404,-2206,0,-2205,-2604,-2440,-2575,-2406,0,-2606,0,0,-2607,-2408,-2202,-2607,-2407
3/13/2026 10:47,0,0,0,0,0,0,0,0,-2403,-2608,-2689,-2406,-2407,-2605,-2602,-2405,-2205,0,-2207,-2607,-2407,-2602,-2408,0,-2606,0,0,-2607,-2406,-2203,-2608,-2407
3/13/2026 10:47,0,0,0,0,0,0,0,0,-2402,-2605,-2689,-2407,-2406,-2605,-2601,-2404,-2205,0,-2207,-2604,-2403,-2603,-2406,0,-2605,0,0,-2607,-2405,-2203,-2607,-2406
3/13/2026 10:47,0,0,0,0,0,0,0,0,-2403,-2607,-2652,-2407,-2409,-2608,-2604,-2404,-2205,0,-2231,-2607,-2405,-2604,-2407,0,-2603,0,0,-2609,-2407,-2203,-2609,-2406
3/13/2026 10:47,0,0,0,0,0,0,0,0,-2403,-2607,-2614,-2405,-2408,-2607,-2602,-2402,-2202,0,-2281,-2606,-2405,-2602,-2406,0,-2605,0,0,-2609,-2406,-2203,-2605,-2407
3/13/2026 10:47,0,0,0,0,0,0,0,0,-2402,-2608,-2608,-2407,-2405,-2607,-2602,-2403,-2204,0,-2287,-2606,-2404,-2606,-2406,0,-2603,0,0,-2608,-2407,-2201,-2608,-2407
3/13/2026 10:47,0,0,0,0,0,0,0,0,-2404,-2605,-2606,-2407,-2407,-2605,-2602,-2404,-2203,0,-2289,-2604,-2405,-2603,-2405,0,-2603,0,0,-2608,-2405,-2203,-2607,-2407
3/13/2026 10:47,0,0,0,0,0,0,0,0,-2402,-2606,-2609,-2408,-2410,-2608,-2603,-2403,-2204,0,-2288,-2608,-2402,-2603,-2406,0,-2604,0,0,-2610,-2408,-2202,-2609,-2406
3/13/2026 10:47,0,0,0,0,0,0,0,0,-2402,-2604,-2608,-2408,-2407,-2607,-2603,-2401,-2203,0,-2289,-2606,-2404,-2602,-2406,0,-2603,0,0,-2608,-2406,-2202,-2607,-2406
3/13/2026 10:47,0,0,0,0,0,0,0,0,-2402,-2603,-2606,-2406,-2407,-2607,-2600,-2404,-2203,0,-2286,-2606,-2403,-2603,-2406,0,-2605,0,0,-2608,-2407,-2202,-2608,-2407
3/13/2026 10:47,0,0,0,0,0,0,0,0,-2404,-2603,-2607,-2405,-2407,-2609,-2600,-2404,-2203,0,-2289,-2602,-2405,-2604,-2406,0,-2602,0,0,-2607,-2405,-2201,-2609,-2407
3/13/2026 10:48,0,0,0,0,0,0,0,0,-2402,-2605,-2608,-2405,-2405,-2607,-2603,-2403,-2202,0,-2287,-2603,-2404,-2606,-2407,0,-2602,0,0,-2606,-2407,-2201,-2608,-2407
3/13/2026 10:48,0,0,0,0,0,0,0,0,-2403,-2607,-2607,-2408,-2408,-2606,-2603,-2402,-2205,0,-2290,-2604,-2405,-2607,-2406,0,-2603,0,0,-2608,-2407,-2203,-2609,-2408
3/13/2026 10:48,0,0,0,0,0,0,0,0,-2402,-2605,-2608,-2406,-2408,-2606,-2603,-2401,-2204,0,-2290,-2605,-2403,-2606,-2407,0,-2604,0,0,-2608,-2406,-2201,-2608,-2407
3/13/2026 10:48,0,0,0,0,0,0,0,0,-2402,-2607,-2607,-2406,-2407,-2606,-2604,-2402,-2203,0,-2289,-2606,-2404,-2606,-2406,0,-2604,0,0,-2606,-2408,-2202,-2607,-2407
3/13/2026 10:48,0,0,0,0,0,0,0,0,-2403,-2608,-2606,-2407,-2407,-2608,-2603,-2402,-2204,0,-2287,-2606,-2403,-2605,-2408,0,-2604,0,0,-2605,-2406,-2204,-2606,-2407
3/13/2026 10:48,0,0,0,0,0,0,0,0,-2399,-2608,-2606,-2404,-2407,-2608,-2603,-2403,-2205,0,-2287,-2605,-2402,-2604,-2407,0,-2601,0,0,-2607,-2406,-2205,-2607,-2405
3/13/2026 10:48,0,0,0,0,0,0,0,0,-2403,-2605,-2606,-2404,-2406,-2607,-2603,-2402,-2204,0,-2287,-2605,-2404,-2607,-2407,0,-2601,0,0,-2605,-2404,-2205,-2604,-2405
3/13/2026 10:48,0,0,0,0,0,0,0,0,-2404,-2607,-2605,-2402,-2406,-2606,-2605,-2405,-2203,0,-2287,-2605,-2405,-2607,-2406,0,-2604,0,0,-2606,-2404,-2206,-2603,-2403
3/13/2026 10:48,0,0,0,0,0,0,0,0,-2404,-2607,-2603,-2401,-2405,-2605,-2606,-2404,-2205,0,-2285,-2607,-2406,-2605,-2408,0,-2602,0,0,-2606,-2402,-2205,-2604,-2402
3/13/2026 10:48,0,0,0,0,0,0,0,0,-2402,-2608,-2606,-2403,-2405,-2605,-2608,-2406,-2205,0,-2286,-2604,-2406,-2607,-2407,0,-2602,0,0,-2603,-2405,-2206,-2606,-2403
3/13/2026 10:48,0,0,0,0,0,0,0,0,-2404,-2607,-2604,-2404,-2405,-2606,-2607,-2406,-2207,0,-2284,-2605,-2406,-2604,-2407,0,-2605,0,0,-2605,-2405,-2206,-2603,-2405
3/13/2026 10:48,0,0,0,0,0,0,0,0,-2403,-2605,-2604,-2402,-2405,-2602,-2607,-2305,-2204,0,-2333,-2604,-2406,-2605,-2405,0,-2606,0,0,-2603,-2405,-2205,-2605,-2434
3/13/2026 10:48,0,0,0,0,0,0,0,0,-2404,-2606,-2604,-2401,-2404,-2606,-2607,-2225,-2202,0,-2395,-2603,-2442,-2513,-2405,0,-2606,0,0,-2605,-2403,-2206,-2605,-2534
3/13/2026 10:48,0,0,0,0,0,0,0,0,-2406,-2604,-2604,-2401,-2404,-2604,-2608,-2208,-2204,0,-2400,-2604,-2480,-2426,-2404,0,-2606,0,0,-2604,-2402,-2206,-2605,-2587
3/13/2026 10:48,0,0,0,0,0,0,0,0,-2405,-2606,-2606,-2403,-2405,-2606,-2607,-2206,-2204,0,-2323,-2605,-2518,-2432,-2407,0,-2607,0,0,-2604,-2404,-2208,-2605,-2601
3/13/2026 10:48,0,0,0,0,0,0,0,0,-2406,-2603,-2604,-2403,-2404,-2605,-2606,-2205,-2205,0,-2216,-2605,-2594,-2480,-2403,0,-2607,0,0,-2601,-2402,-2203,-2603,-2603
3/13/2026 10:48,0,0,0,0,0,0,0,0,-2406,-2605,-2603,-2402,-2403,-2607,-2609,-2207,-2205,0,-2207,-2606,-2605,-2485,-2403,0,-2608,0,0,-2604,-2403,-2205,-2605,-2604
3/13/2026 10:48,0,0,0,0,0,0,0,0,-2406,-2601,-2604,-2400,-2402,-2603,-2609,-2205,-2204,0,-2204,-2601,-2605,-2485,-2403,0,-2606,0,0,-2603,-2405,-2205,-2603,-2603
3/13/2026 10:48,0,0,0,0,0,0,0,0,-2407,-2604,-2604,-2401,-2401,-2602,-2607,-2208,-2203,0,-2201,-2602,-2605,-2484,-2403,0,-2607,0,0,-2604,-2404,-2205,-2604,-2602
3/13/2026 10:48,0,0,0,0,0,0,0,0,-2407,-2604,-2603,-2402,-2401,-2602,-2608,-2206,-2204,0,-2200,-2603,-2606,-2485,-2402,0,-2606,0,0,-2603,-2404,-2203,-2604,-2603
3/13/2026 10:48,0,0,0,0,0,0,0,0,-2408,-2604,-2602,-2403,-2403,-2602,-2606,-2208,-2206,0,-2201,-2605,-2604,-2485,-2404,0,-2607,0,0,-2602,-2401,-2203,-2605,-2604
3/13/2026 10:48,0,0,0,0,0,0,0,0,-2405,-2603,-2603,-2405,-2403,-2604,-2605,-2206,-2203,0,-2203,-2603,-2604,-2484,-2403,0,-2605,0,0,-2602,-2403,-2202,-2604,-2604
3/13/2026 10:48,0,0,0,0,0,0,0,0,-2409,-2602,-2604,-2407,-2402,-2605,-2606,-2207,-2203,0,-2202,-2606,-2605,-2487,-2403,0,-2607,0,0,-2603,-2403,-2202,-2603,-2603
3/13/2026 10:48,0,0,0,0,0,0,0,0,-2408,-2603,-2604,-2403,-2400,-2605,-2606,-2204,-2202,0,-2201,-2601,-2604,-2485,-2402,0,-2605,0,0,-2602,-2403,-2201,-2601,-2604
3/13/2026 10:48,0,0,0,0,0,0,0,0,-2408,-2603,-2603,-2405,-2402,-2603,-2604,-2204,-2202,0,-2203,-2602,-2606,-2486,-2401,0,-2607,0,0,-2605,-2404,-2202,-2603,-2602
3/13/2026 10:48,0,0,0,0,0,0,0,0,-2405,-2602,-2604,-2405,-2403,-2602,-2603,-2205,-2204,0,-2205,-2601,-2605,-2484,-2398,0,-2604,0,0,-2603,-2404,-2202,-2602,-2601
3/13/2026 10:48,0,0,0,0,0,0,0,0,-2404,-2603,-2603,-2407,-2403,-2603,-2602,-2202,-2204,0,-2204,-2603,-2603,-2483,-2403,0,-2604,0,0,-2602,-2401,-2200,-2604,-2603
3/13/2026 10:48,0,0,0,0,0,0,0,0,-2404,-2602,-2606,-2403,-2405,-2604,-2604,-2202,-2204,0,-2205,-2605,-2602,-2485,-2403,0,-2605,0,0,-2603,-2405,-2201,-2604,-2604
3/13/2026 10:48,0,0,0,0,0,0,0,0,-2403,-2602,-2606,-2404,-2403,-2605,-2604,-2202,-2203,0,-2203,-2605,-2603,-2486,-2404,0,-2605,0,0,-2604,-2404,-2201,-2605,-2604
3/13/2026 10:48,0,0,0,0,0,0,0,0,-2404,-2604,-2609,-2404,-2406,-2604,-2600,-2202,-2201,0,-2206,-2603,-2603,-2486,-2404,0,-2604,0,0,-2606,-2405,-2201,-2607,-2607
3/13/2026 10:49,0,0,0,0,0,0,0,0,-2404,-2604,-2606,-2406,-2407,-2606,-2601,-2202,-2202,0,-2205,-2605,-2601,-2486,-2405,0,-2604,0,0,-2605,-2406,-2201,-2608,-2606
3/13/2026 10:49,0,0,0,0,0,0,0,0,-2403,-2603,-2608,-2406,-2404,-2603,-2601,-2203,-2204,0,-2206,-2603,-2601,-2484,-2406,0,-2601,0,0,-2606,-2407,-2200,-2610,-2607
3/13/2026 10:49,0,0,0,0,0,0,0,0,-2402,-2606,-2606,-2403,-2406,-2605,-2604,-2202,-2202,0,-2205,-2602,-2603,-2484,-2406,0,-2601,0,0,-2607,-2406,-2202,-2609,-2609
3/13/2026 10:49,0,0,0,0,0,0,0,0,-2403,-2606,-2606,-2404,-2405,-2604,-2605,-2203,-2204,0,-2204,-2605,-2601,-2487,-2406,0,-2602,0,0,-2605,-2405,-2202,-2607,-2608
3/13/2026 10:49,0,0,0,0,0,0,0,0,-2401,-2604,-2607,-2404,-2404,-2607,-2605,-2205,-2203,0,-2206,-2606,-2602,-2487,-2408,0,-2604,0,0,-2605,-2405,-2204,-2607,-2609
3/13/2026 10:49,0,0,0,0,0,0,0,0,-2401,-2607,-2606,-2403,-2405,-2606,-2607,-2204,-2204,0,-2204,-2608,-2603,-2486,-2408,0,-2604,0,0,-2607,-2407,-2205,-2605,-2607
3/13/2026 10:49,0,0,0,0,0,0,0,0,-2400,-2607,-2606,-2404,-2405,-2604,-2605,-2207,-2206,0,-2204,-2605,-2602,-2486,-2408,0,-2605,0,0,-2606,-2407,-2205,-2605,-2605
3/13/2026 10:49,0,0,0,0,0,0,0,0,-2404,-2607,-2603,-2400,-2404,-2603,-2604,-2207,-2204,0,-2203,-2605,-2603,-2487,-2406,0,-2605,0,0,-2604,-2405,-2206,-2603,-2602
3/13/2026 10:49,0,0,0,0,0,0,0,0,-2404,-2606,-2604,-2402,-2404,-2606,-2606,-2206,-2203,0,-2204,-2604,-2603,-2486,-2406,0,-2603,0,0,-2604,-2404,-2205,-2604,-2604
3/13/2026 10:49,0,0,0,0,0,0,0,0,-2406,-2605,-2603,-2399,-2403,-2606,-2609,-2206,-2205,0,-2204,-2605,-2604,-2488,-2404,0,-2607,0,0,-2601,-2403,-2207,-2603,-2605
3/13/2026 10:49,0,0,0,0,0,0,0,0,-2406,-2603,-2603,-2400,-2401,-2601,-2607,-2205,-2206,0,-2202,-2605,-2605,-2485,-2401,0,-2606,0,0,-2604,-2403,-2206,-2604,-2604
3/13/2026 10:49,0,0,0,0,0,0,0,0,-2409,-2604,-2605,-2403,-2401,-2602,-2606,-2205,-2203,0,-2202,-2604,-2607,-2486,-2403,0,-2605,0,0,-2603,-2402,-2204,-2602,-2602
3/13/2026 10:49,0,0,0,0,0,0,0,0,-2406,-2603,-2604,-2403,-2400,-2602,-2604,-2206,-2202,0,-2203,-2603,-2605,-2485,-2402,0,-2604,0,0,-2602,-2404,-2204,-2602,-2603
3/13/2026 10:49,0,0,0,0,0,0,0,0,-2406,-2601,-2602,-2405,-2402,-2604,-2602,-2203,-2203,0,-2203,-2603,-2606,-2485,-2402,0,-2606,0,0,-2602,-2402,-2203,-2604,-2603
3/13/2026 10:49,0,0,0,0,0,0,0,0,-2405,-2601,-2605,-2406,-2402,-2602,-2604,-2203,-2203,0,-2201,-2604,-2603,-2487,-2402,0,-2606,0,0,-2602,-2404,-2201,-2604,-2603
3/13/2026 10:49,0,0,0,0,0,0,0,0,-2405,-2601,-2603,-2407,-2404,-2602,-2604,-2201,-2204,0,-2205,-2605,-2604,-2486,-2402,0,-2605,0,0,-2603,-2402,-2201,-2606,-2605
3/13/2026 10:49,0,0,0,0,0,0,0,0,-2406,-2605,-2606,-2407,-2407,-2604,-2604,-2202,-2203,0,-2204,-2606,-2604,-2485,-2404,0,-2605,0,0,-2604,-2406,-2203,-2609,-2605
3/13/2026 10:49,0,0,0,0,0,0,0,0,-2402,-2604,-2606,-2407,-2404,-2604,-2602,-2199,-2200,0,-2205,-2603,-2601,-2487,-2404,0,-2606,0,0,-2606,-2406,-2202,-2607,-2607
3/13/2026 10:49,0,0,0,0,0,0,0,0,-2402,-2603,-2608,-2405,-2405,-2606,-2600,-2199,-2202,0,-2205,-2605,-2602,-2487,-2405,0,-2604,0,0,-2604,-2405,-2202,-2607,-2606
3/13/2026 10:49,0,0,0,0,0,0,0,0,-2401,-2604,-2607,-2404,-2407,-2604,-2603,-2201,-2204,0,-2206,-2604,-2604,-2486,-2406,0,-2604,0,0,-2606,-2404,-2201,-2606,-2609
3/13/2026 10:49,0,0,0,0,0,0,0,0,-2401,-2606,-2605,-2404,-2407,-2606,-2601,-2203,-2203,0,-2206,-2604,-2604,-2485,-2405,0,-2604,0,0,-2608,-2405,-2204,-2607,-2609
3/13/2026 10:49,0,0,0,0,0,0,0,0,-2401,-2605,-2606,-2403,-2404,-2604,-2604,-2203,-2204,0,-2205,-2606,-2602,-2488,-2407,0,-2603,0,0,-2608,-2404,-2206,-2604,-2607
3/13/2026 10:49,0,0,0,0,0,0,0,0,-2400,-2606,-2606,-2403,-2404,-2606,-2604,-2203,-2206,0,-2205,-2607,-2603,-2488,-2407,0,-2605,0,0,-2606,-2406,-2208,-2604,-2607
3/13/2026 10:49,0,0,0,0,0,0,0,0,-2403,-2606,-2602,-2403,-2404,-2603,-2605,-2203,-2202,0,-2203,-2603,-2603,-2489,-2406,0,-2603,0,0,-2606,-2403,-2207,-2604,-2607
3/13/2026 10:49,0,0,0,0,0,0,0,0,-2403,-2606,-2603,-2404,-2404,-2606,-2606,-2205,-2205,0,-2204,-2607,-2606,-2489,-2406,0,-2603,0,0,-2606,-2405,-2207,-2605,-2605
3/13/2026 10:49,0,0,0,0,0,0,0,0,-2405,-2606,-2601,-2402,-2403,-2604,-2607,-2205,-2206,0,-2203,-2606,-2604,-2487,-2405,0,-2604,0,0,-2606,-2404,-2206,-2604,-2605
3/13/2026 10:49,0,0,0,0,0,0,0,0,-2403,-2605,-2604,-2402,-2403,-2604,-2607,-2204,-2205,0,-2204,-2607,-2607,-2488,-2403,0,-2604,0,0,-2602,-2403,-2206,-2601,-2604
3/13/2026 10:49,0,0,0,0,0,0,0,0,-2404,-2607,-2602,-2402,-2402,-2605,-2607,-2205,-2204,0,-2202,-2605,-2608,-2486,-2404,0,-2605,0,0,-2604,-2402,-2208,-2604,-2604
3/13/2026 10:49,0,0,0,0,0,0,0,0,-2405,-2605,-2602,-2401,-2402,-2603,-2606,-2207,-2204,0,-2200,-2603,-2609,-2486,-2403,0,-2605,0,0,-2602,-2402,-2208,-2603,-2600
3/13/2026 10:49,0,0,0,0,0,0,0,0,-2405,-2604,-2602,-2403,-2403,-2603,-2605,-2204,-2205,0,-2201,-2602,-2610,-2487,-2401,0,-2607,0,0,-2601,-2405,-2207,-2604,-2602
3/13/2026 10:50,0,0,0,0,0,0,0,0,-2406,-2604,-2601,-2402,-2402,-2605,-2605,-2204,-2205,0,-2203,-2606,-2608,-2489,-2400,0,-2605,0,0,-2602,-2404,-2206,-2603,-2602
3/13/2026 10:50,0,0,0,0,0,0,0,0,-2406,-2606,-2601,-2403,-2401,-2603,-2606,-2205,-2205,0,-2201,-2606,-2609,-2489,-2399,0,-2606,0,0,-2604,-2403,-2206,-2602,-2603
3/13/2026 10:50,0,0,0,0,0,0,0,0,-2407,-2604,-2602,-2403,-2401,-2604,-2606,-2205,-2203,0,-2203,-2604,-2608,-2486,-2402,0,-2605,0,0,-2604,-2404,-2206,-2602,-2604
3/13/2026 10:50,0,0,0,0,0,0,0,0,-2407,-2604,-2604,-2404,-2402,-2604,-2604,-2206,-2203,0,-2201,-2603,-2608,-2486,-2403,0,-2604,0,0,-2604,-2403,-2204,-2601,-2603
3/13/2026 10:50,0,0,0,0,0,0,0,0,-2405,-2603,-2601,-2402,-2401,-2602,-2604,-2204,-2205,0,-2203,-2603,-2604,-2486,-2402,0,-2603,0,0,-2603,-2401,-2204,-2599,-2603
3/13/2026 10:50,0,0,0,0,0,0,0,0,-2408,-2605,-2602,-2401,-2400,-2604,-2605,-2204,-2203,0,-2204,-2606,-2606,-2486,-2405,0,-2605,0,0,-2603,-2405,-2205,-2602,-2605
3/13/2026 10:50,0,0,0,0,0,0,0,0,-2404,-2603,-2603,-2401,-2403,-2603,-2605,-2204,-2205,0,-2202,-2603,-2606,-2486,-2404,0,-2606,0,0,-2601,-2403,-2204,-2603,-2604
3/13/2026 10:50,0,0,0,0,0,0,0,0,-2406,-2605,-2603,-2402,-2403,-2603,-2607,-2204,-2204,0,-2201,-2604,-2607,-2487,-2404,0,-2607,0,0,-2601,-2402,-2204,-2601,-2603
3/13/2026 10:50,0,0,0,0,0,0,0,0,-2406,-2603,-2603,-2403,-2401,-2605,-2605,-2204,-2205,0,-2270,-2604,-2607,-2575,-2403,0,-2606,0,0,-2601,-2404,-2205,-2601,-2441
3/13/2026 10:50,0,0,0,0,0,0,0,0,-2407,-2605,-2601,-2404,-2403,-2605,-2605,-2205,-2204,0,-2283,-2607,-2608,-2602,-2403,0,-2607,0,0,-2604,-2403,-2205,-2600,-2410
3/13/2026 10:50,0,0,0,0,0,0,0,0,-2405,-2603,-2601,-2405,-2402,-2604,-2603,-2203,-2204,0,-2283,-2604,-2607,-2606,-2402,0,-2605,0,0,-2601,-2404,-2203,-2600,-2403
3/13/2026 10:50,0,0,0,0,0,0,0,0,-2407,-2605,-2602,-2405,-2404,-2601,-2603,-2203,-2204,0,-2285,-2605,-2607,-2606,-2400,0,-2603,0,0,-2603,-2403,-2204,-2604,-2402
3/13/2026 10:50,0,0,0,0,0,0,0,0,-2406,-2602,-2602,-2406,-2403,-2602,-2603,-2202,-2204,0,-2287,-2604,-2607,-2606,-2400,0,-2605,0,0,-2600,-2405,-2206,-2601,-2401
3/13/2026 10:50,0,0,0,0,0,0,0,0,-2406,-2604,-2605,-2407,-2402,-2603,-2603,-2204,-2202,0,-2285,-2605,-2605,-2605,-2405,0,-2607,0,0,-2603,-2400,-2205,-2603,-2402
3/13/2026 10:50,0,0,0,0,0,0,0,0,-2405,-2605,-2605,-2406,-2402,-2603,-2604,-2202,-2202,0,-2283,-2604,-2604,-2605,-2403,0,-2605,0,0,-2603,-2402,-2203,-2604,-2400
3/13/2026 10:50,0,0,0,0,0,0,0,0,-2406,-2604,-2605,-2408,-2404,-2601,-2605,-2203,-2204,0,-2284,-2605,-2605,-2605,-2404,0,-2604,0,0,-2603,-2403,-2203,-2603,-2402
3/13/2026 10:50,0,0,0,0,0,0,0,0,-2406,-2604,-2605,-2407,-2406,-2602,-2601,-2203,-2203,0,-2286,-2602,-2605,-2603,-2404,0,-2604,0,0,-2602,-2401,-2202,-2604,-2402
3/13/2026 10:50,0,0,0,0,0,0,0,0,-2406,-2604,-2603,-2406,-2405,-2603,-2603,-2204,-2204,0,-2285,-2604,-2605,-2605,-2404,0,-2604,0,0,-2602,-2403,-2201,-2604,-2403
3/13/2026 10:50,0,0,0,0,0,0,0,0,-2404,-2603,-2605,-2408,-2405,-2604,-2602,-2045,-2201,0,-2379,-2602,-2603,-2605,-2404,0,-2606,0,0,-2604,-2402,-2201,-2603,-2470
3/13/2026 10:50,0,0,0,0,0,0,0,0,-2404,-2605,-2603,-2406,-2405,-2602,-2601,-2008,-2202,0,-2403,-2604,-2603,-2603,-2405,0,-2606,0,0,-2604,-2405,-2202,-2607,-2483
3/13/2026 10:50,0,0,0,0,0,0,0,0,-2403,-2603,-2606,-2405,-2406,-2602,-2602,-2002,-2200,0,-2404,-2603,-2603,-2602,-2403,0,-2604,0,0,-2605,-2404,-2203,-2605,-2485
3/13/2026 10:50,0,0,0,0,0,0,0,0,-2404,-2602,-2607,-2406,-2406,-2603,-2602,-2004,-2204,0,-2404,-2604,-2604,-2605,-2404,0,-2605,0,0,-2602,-2404,-2202,-2607,-2485
3/13/2026 10:50,0,0,0,0,0,0,0,0,-2402,-2602,-2606,-2407,-2405,-2604,-2602,-2002,-2202,0,-2404,-2604,-2602,-2603,-2403,0,-2604,0,0,-2602,-2403,-2200,-2607,-2485
3/13/2026 10:50,0,0,0,0,0,0,0,0,-2401,-2603,-2606,-2409,-2408,-2606,-2601,-2001,-2203,0,-2407,-2605,-2604,-2603,-2407,0,-2603,0,0,-2602,-2403,-2201,-2607,-2487
3/13/2026 10:50,0,0,0,0,0,0,0,0,-2403,-2603,-2608,-2408,-2406,-2604,-2600,-2003,-2202,0,-2406,-2604,-2603,-2604,-2405,0,-2602,0,0,-2603,-2404,-2202,-2606,-2486
3/13/2026 10:50,0,0,0,0,0,0,0,0,-2466,-2603,-2606,-2406,-2407,-2603,-2600,-2003,-2203,0,-2407,-2604,-2604,-2603,-2405,0,-2605,0,0,-2602,-2404,-2203,-2605,-2424
3/13/2026 10:50,0,0,0,0,0,0,0,0,-2485,-2603,-2607,-2406,-2406,-2602,-2600,-2002,-2203,0,-2404,-2602,-2603,-2606,-2406,0,-2604,0,0,-2603,-2404,-2203,-2607,-2406
3/13/2026 10:50,0,0,0,0,0,0,0,0,-2483,-2601,-2606,-2406,-2407,-2603,-2603,-2002,-2203,0,-2405,-2606,-2605,-2605,-2407,0,-2601,0,0,-2604,-2403,-2203,-2608,-2406
3/13/2026 10:50,0,0,0,0,0,0,0,0,-2485,-2604,-2605,-2406,-2408,-2603,-2602,-2001,-2203,0,-2407,-2604,-2605,-2605,-2405,0,-2604,0,0,-2604,-2402,-2204,-2605,-2405
3/13/2026 10:50,0,0,0,0,0,0,0,0,-2486,-2605,-2607,-2408,-2409,-2606,-2602,-2002,-2204,0,-2408,-2604,-2606,-2606,-2406,0,-2604,0,0,-2605,-2403,-2203,-2608,-2404
3/13/2026 10:51,0,0,0,0,0,0,0,0,-2484,-2604,-2606,-2404,-2404,-2605,-2599,-2000,-2202,0,-2404,-2602,-2602,-2605,-2407,0,-2604,0,0,-2604,-2403,-2201,-2607,-2405
3/13/2026 10:51,0,0,0,0,0,0,0,0,-2485,-2603,-2608,-2405,-2405,-2607,-2602,-2000,-2202,0,-2405,-2602,-2604,-2604,-2407,0,-2602,0,0,-2606,-2407,-2203,-2606,-2405
3/13/2026 10:51,0,0,0,0,0,0,0,0,-2486,-2601,-2605,-2405,-2405,-2607,-2605,-2001,-2204,0,-2405,-2604,-2603,-2603,-2407,0,-2602,0,0,-2604,-2404,-2201,-2606,-2405
3/13/2026 10:51,0,0,0,0,0,0,0,0,-2485,-2603,-2605,-2404,-2406,-2603,-2603,-2002,-2204,0,-2407,-2604,-2602,-2605,-2409,0,-2602,0,0,-2604,-2406,-2202,-2608,-2406
3/13/2026 10:51,0,0,0,0,0,0,0,0,-2485,-2604,-2606,-2404,-2406,-2603,-2602,-1999,-2202,0,-2407,-2602,-2601,-2603,-2408,0,-2602,0,0,-2604,-2405,-2202,-2608,-2405
3/13/2026 10:51,0,0,0,0,0,0,0,0,-2486,-2603,-2607,-2404,-2404,-2607,-2604,-2000,-2202,0,-2404,-2602,-2602,-2603,-2408,0,-2602,0,0,-2604,-2406,-2202,-2609,-2406
3/13/2026 10:51,0,0,0,0,0,0,0,0,-2485,-2604,-2606,-2404,-2404,-2605,-2601,-2000,-2202,0,-2406,-2605,-2601,-2604,-2406,0,-2604,0,0,-2606,-2405,-2203,-2608,-2403
3/13/2026 10:51,0,0,0,0,0,0,0,0,-2486,-2605,-2606,-2405,-2407,-2605,-2601,-2000,-2207,0,-2405,-2605,-2601,-2601,-2406,0,-2604,0,0,-2604,-2407,-2203,-2605,-2403
3/13/2026 10:51,0,0,0,0,0,0,0,0,-2486,-2600,-2608,-2404,-2406,-2606,-2601,-2001,-2204,0,-2407,-2604,-2601,-2603,-2406,0,-2603,0,0,-2605,-2405,-2201,-2606,-2407
3/13/2026 10:51,0,0,0,0,0,0,0,0,-2483,-2604,-2607,-2404,-2405,-2607,-2603,-2000,-2201,0,-2407,-2603,-2602,-2603,-2408,0,-2603,0,0,-2607,-2406,-2203,-2606,-2406
3/13/2026 10:51,0,0,0,0,0,0,0,0,-2483,-2603,-2606,-2404,-2404,-2604,-2604,-2001,-2203,0,-2407,-2603,-2604,-2604,-2406,0,-2601,0,0,-2605,-2405,-2203,-2608,-2408
3/13/2026 10:51,0,0,0,0,0,0,0,0,-2483,-2607,-2605,-2403,-2406,-2605,-2606,-2003,-2204,0,-2406,-2605,-2605,-2605,-2407,0,-2602,0,0,-2606,-2407,-2205,-2607,-2407
3/13/2026 10:51,0,0,0,0,0,0,0,0,-2486,-2606,-2604,-2403,-2405,-2604,-2605,-2003,-2204,0,-2404,-2605,-2603,-2606,-2408,0,-2602,0,0,-2605,-2407,-2204,-2608,-2407
3/13/2026 10:51,0,0,0,0,0,0,0,0,-2487,-2606,-2605,-2404,-2406,-2607,-2606,-2005,-2205,0,-2406,-2605,-2605,-2607,-2407,0,-2606,0,0,-2606,-2404,-2209,-2604,-2407
3/13/2026 10:51,0,0,0,0,0,0,0,0,-2488,-2604,-2605,-2403,-2404,-2606,-2607,-2005,-2206,0,-2407,-2605,-2608,-2605,-2407,0,-2603,0,0,-2605,-2405,-2208,-2602,-2404
3/13/2026 10:51,0,0,0,0,0,0,0,0,-2488,-2607,-2602,-2405,-2403,-2604,-2607,-2005,-2206,0,-2406,-2607,-2608,-2607,-2406,0,-2608,0,0,-2605,-2402,-2207,-2603,-2402
3/13/2026 10:51,0,0,0,0,0,0,0,0,-2429,-2605,-2602,-2402,-2400,-2603,-2603,-2005,-2204,0,-2404,-2607,-2608,-2605,-2404,0,-2607,0,0,-2604,-2403,-2206,-2601,-2464
3/13/2026 10:51,0,0,0,0,0,0,0,0,-2407,-2605,-2601,-2405,-2401,-2605,-2602,-2003,-2204,0,-2403,-2604,-2608,-2606,-2402,0,-2606,0,0,-2603,-2403,-2206,-2602,-2482
3/13/2026 10:51,0,0,0,0,0,0,0,0,-2406,-2605,-2602,-2404,-2404,-2604,-2607,-2003,-2203,0,-2405,-2606,-2607,-2605,-2403,0,-2607,0,0,-2604,-2404,-2205,-2603,-2486
3/13/2026 10:51,0,0,0,0,0,0,0,0,-2407,-2605,-2605,-2404,-2404,-2603,-2603,-2002,-2206,0,-2405,-2604,-2606,-2607,-2402,0,-2604,0,0,-2601,-2403,-2202,-2604,-2487
3/13/2026 10:51,0,0,0,0,0,0,0,0,-2403,-2605,-2604,-2406,-2407,-2605,-2604,-2001,-2204,0,-2404,-2605,-2607,-2603,-2405,0,-2606,0,0,-2603,-2401,-2201,-2605,-2482
3/13/2026 10:51,0,0,0,0,0,0,0,0,-2404,-2600,-2606,-2406,-2406,-2604,-2602,-2000,-2204,0,-2404,-2602,-2510,-2605,-2403,0,-2603,0,0,-2603,-2400,-2202,-2603,-2579
3/13/2026 10:51,0,0,0,0,0,0,0,0,-2403,-2603,-2607,-2406,-2410,-2604,-2601,-2002,-2204,0,-2402,-2603,-2490,-2606,-2406,0,-2605,0,0,-2604,-2403,-2201,-2606,-2601
3/13/2026 10:51,0,0,0,0,0,0,0,0,-2402,-2603,-2608,-2404,-2405,-2604,-2601,-2001,-2204,0,-2404,-2602,-2468,-2606,-2408,0,-2604,0,0,-2602,-2404,-2203,-2608,-2605
3/13/2026 10:51,0,0,0,0,0,0,0,0,-2402,-2604,-2603,-2405,-2404,-2605,-2600,-2001,-2203,0,-2405,-2604,-2445,-2603,-2407,0,-2604,0,0,-2604,-2404,-2203,-2607,-2606
3/13/2026 10:51,0,0,0,0,0,0,0,0,-2401,-2601,-2605,-2401,-2405,-2604,-2603,-2000,-2205,0,-2406,-2603,-2442,-2603,-2407,0,-2603,0,0,-2604,-2407,-2203,-2606,-2606
3/13/2026 10:51,0,0,0,0,0,0,0,0,-2400,-2603,-2606,-2404,-2406,-2604,-2604,-2002,-2205,0,-2409,-2603,-2442,-2605,-2407,0,-2603,0,0,-2604,-2406,-2204,-2608,-2607
3/13/2026 10:51,0,0,0,0,0,0,0,0,-2403,-2606,-2606,-2404,-2406,-2602,-2606,-2001,-2203,0,-2407,-2603,-2444,-2605,-2408,0,-2604,0,0,-2604,-2405,-2207,-2606,-2607
3/13/2026 10:51,0,0,0,0,0,0,0,0,-2402,-2606,-2604,-2402,-2405,-2605,-2607,-2004,-2203,0,-2407,-2604,-2443,-2608,-2408,0,-2604,0,0,-2607,-2403,-2206,-2605,-2606
3/13/2026 10:51,0,0,0,0,0,0,0,0,-2404,-2606,-2603,-2404,-2405,-2605,-2605,-2003,-2204,0,-2405,-2601,-2443,-2606,-2408,0,-2603,0,0,-2605,-2406,-2207,-2605,-2606
3/13/2026 10:52,0,0,0,0,0,0,0,0,-2404,-2606,-2605,-2403,-2404,-2605,-2605,-2006,-2205,0,-2408,-2605,-2444,-2606,-2407,0,-2602,0,0,-2605,-2406,-2209,-2605,-2607
3/13/2026 10:52,0,0,0,0,0,0,0,0,-2404,-2608,-2603,-2402,-2403,-2605,-2606,-2005,-2204,0,-2406,-2607,-2444,-2604,-2406,0,-2605,0,0,-2606,-2403,-2208,-2602,-2606
3/13/2026 10:52,0,0,0,0,0,0,0,0,-2404,-2608,-2601,-2403,-2404,-2606,-2606,-2008,-2204,0,-2406,-2605,-2446,-2607,-2405,0,-2608,0,0,-2607,-2404,-2209,-2602,-2606
3/13/2026 10:52,0,0,0,0,0,0,0,0,-2405,-2606,-2604,-2402,-2404,-2607,-2605,-2006,-2207,0,-2406,-2605,-2445,-2606,-2403,0,-2606,0,0,-2607,-2406,-2209,-2604,-2606
3/13/2026 10:52,0,0,0,0,0,0,0,0,-2405,-2606,-2602,-2401,-2404,-2604,-2606,-2005,-2206,0,-2405,-2605,-2445,-2607,-2403,0,-2606,0,0,-2603,-2405,-2206,-2604,-2607
3/13/2026 10:52,0,0,0,0,0,0,0,0,-2406,-2609,-2599,-2401,-2404,-2604,-2607,-2004,-2205,0,-2405,-2606,-2444,-2605,-2403,0,-2606,0,0,-2607,-2402,-2207,-2605,-2603
3/13/2026 10:52,0,0,0,0,0,0,0,0,-2408,-2608,-2602,-2404,-2402,-2605,-2608,-2005,-2205,0,-2403,-2607,-2446,-2607,-2401,0,-2608,0,0,-2606,-2403,-2206,-2602,-2603
3/13/2026 10:52,0,0,0,0,0,0,0,0,-2406,-2607,-2603,-2403,-2401,-2606,-2606,-2003,-2203,0,-2404,-2605,-2447,-2607,-2402,0,-2606,0,0,-2607,-2403,-2206,-2604,-2603
3/13/2026 10:52,0,0,0,0,0,0,0,0,-2407,-2607,-2603,-2405,-2401,-2605,-2603,-2005,-2205,-9,-2405,-2608,-2445,-2606,-2400,0,-2606,0,0,-2605,-2405,-2206,-2603,-2603
3/13/2026 10:52,0,0,0,0,0,0,0,0,-2409,-2605,-2603,-2405,-2401,-2603,-2604,-2004,-2205,-4,-2404,-2606,-2444,-2605,-2401,0,-2605,0,0,-2603,-2405,-2206,-2600,-2605
3/13/2026 10:52,0,0,0,0,0,0,0,0,-2406,-2605,-2603,-2407,-2403,-2607,-2606,-2005,-2206,-4,-2404,-2607,-2446,-2605,-2402,0,-2607,0,0,-2605,-2405,-2207,-2604,-2605
3/13/2026 10:52,0,0,0,0,0,0,0,0,-2406,-2606,-2602,-2404,-2404,-2606,-2606,-2003,-2203,-4,-2403,-2605,-2446,-2605,-2401,0,-2606,0,0,-2605,-2404,-2206,-2603,-2604
3/13/2026 10:52,0,0,0,0,0,0,0,0,-2407,-2604,-2602,-2406,-2403,-2605,-2604,-2004,-2205,-5,-2405,-2605,-2446,-2605,-2400,0,-2607,0,0,-2605,-2403,-2204,-2601,-2602
3/13/2026 10:52,0,0,0,0,0,0,0,0,-2408,-2605,-2605,-2407,-2405,-2604,-2602,-2006,-2205,-5,-2406,-2604,-2446,-2604,-2402,0,-2605,0,0,-2606,-2403,-2204,-2604,-2603
3/13/2026 10:52,0,0,0,0,0,0,0,0,-2407,-2604,-2604,-2407,-2405,-2602,-2606,-2003,-2205,-70,-2403,-2605,-2443,-2605,-2402,0,-2605,0,0,-2605,-2402,-2203,-2602,-2601
3/13/2026 10:52,0,0,0,0,0,0,0,0,-2406,-2606,-2606,-2407,-2403,-2550,-2604,-2003,-2203,-420,-2402,-2605,-2457,-2604,-2401,0,-2604,0,0,-2603,-2403,-2204,-2603,-2603
3/13/2026 10:52,0,0,0,0,0,0,0,0,-2407,-2603,-2605,-2408,-2406,-2418,-2603,-2003,-2204,-496,-2402,-2606,-2544,-2605,-2403,0,-2604,0,0,-2603,-2402,-2204,-2603,-2603
3/13/2026 10:52,0,0,0,0,0,0,0,0,-2408,-2604,-2605,-2406,-2407,-2406,-2602,-2003,-2203,-503,-2404,-2605,-2467,-2603,-2402,0,-2605,0,0,-2602,-2404,-2202,-2604,-2605
3/13/2026 10:52,0,0,0,0,0,0,0,0,-2405,-2602,-2603,-2408,-2405,-2402,-2601,-2003,-2204,-549,-2401,-2606,-2410,-2603,-2400,0,-2602,0,0,-2605,-2405,-2203,-2604,-2581
3/13/2026 10:52,0,0,0,0,0,0,0,0,-2407,-2605,-2605,-2408,-2405,-2403,-2603,-2005,-2204,-630,-2405,-2607,-2407,-2606,-2405,0,-2604,0,0,-2604,-2403,-2203,-2603,-2536
3/13/2026 10:52,0,0,0,0,0,0,0,0,-2405,-2603,-2606,-2406,-2405,-2403,-2602,-2003,-2203,-638,-2403,-2605,-2436,-2446,-2405,0,-2604,0,0,-2602,-2401,-2203,-2603,-2582
3/13/2026 10:52,0,0,0,0,0,0,0,0,-2402,-2605,-2609,-2408,-2405,-2402,-2604,-2002,-2203,-640,-2404,-2606,-2406,-2409,-2405,0,-2604,0,0,-2603,-2401,-2202,-2604,-2577
3/13/2026 10:52,0,0,0,0,0,0,0,0,-2402,-2604,-2606,-2405,-2407,-2402,-2604,-2002,-2201,-639,-2401,-2605,-2403,-2403,-2405,0,-2602,0,0,-2604,-2403,-2200,-2604,-2538
3/13/2026 10:52,0,0,0,0,0,0,0,0,-2403,-2603,-2605,-2406,-2407,-2403,-2602,-2002,-2203,-640,-2402,-2604,-2403,-2404,-2407,0,-2604,0,0,-2604,-2403,-2203,-2606,-2489
3/13/2026 10:52,0,0,0,0,0,0,0,0,-2405,-2601,-2605,-2404,-2405,-2402,-2603,-2003,-2204,-639,-2402,-2602,-2402,-2403,-2406,0,-2603,0,0,-2604,-2406,-2203,-2607,-2459
3/13/2026 10:52,0,0,0,0,0,0,0,0,-2403,-2603,-2607,-2405,-2407,-2406,-2606,-2004,-2206,-639,-2407,-2603,-2404,-2403,-2407,0,-2603,0,0,-2605,-2405,-2205,-2607,-2455
3/13/2026 10:52,0,0,0,0,0,0,0,0,-2402,-2604,-2606,-2404,-2406,-2403,-2606,-2002,-2202,-639,-2406,-2603,-2402,-2403,-2408,0,-2604,0,0,-2604,-2405,-2206,-2606,-2435
3/13/2026 10:52,0,0,0,0,0,0,0,0,-2403,-2605,-2603,-2404,-2406,-2403,-2605,-2003,-2203,-638,-2404,-2604,-2403,-2406,-2407,0,-2605,0,0,-2605,-2405,-2208,-2607,-2418
3/13/2026 10:52,0,0,0,0,0,0,0,0,-2405,-2604,-2603,-2404,-2403,-2403,-2605,-2004,-2204,-637,-2404,-2604,-2403,-2404,-2406,0,-2605,0,0,-2606,-2408,-2208,-2605,-2414
3/13/2026 10:52,0,0,0,0,0,0,0,0,-2404,-2608,-2602,-2401,-2402,-2406,-2608,-2003,-2203,-637,-2406,-2604,-2403,-2405,-2405,0,-2604,0,0,-2607,-2407,-2210,-2605,-2414
3/13/2026 10:53,0,0,0,0,0,0,0,0,-2403,-2605,-2603,-2401,-2403,-2405,-2608,-2005,-2202,-897,-2406,-2605,-2404,-2405,-2406,0,-2604,0,0,-2607,-2407,-2207,-2607,-2409
3/13/2026 10:53,0,0,0,0,0,0,0,0,-2405,-2605,-2600,-2404,-2404,-2405,-2608,-2007,-2204,-606,-2364,-2604,-2404,-2405,-2406,0,-2606,0,0,-2606,-2406,-2207,-2606,-2406
3/13/2026 10:53,0,0,0,0,0,0,0,0,-2405,-2605,-2603,-2402,-2403,-2405,-2605,-2007,-2204,-520,-2309,-2604,-2402,-2406,-2404,0,-2607,0,0,-2607,-2407,-2208,-2606,-2405
3/13/2026 10:53,0,0,0,0,0,0,0,0,-2405,-2606,-2602,-2403,-2403,-2406,-2608,-2005,-2203,-502,-2342,-2606,-2404,-2407,-2405,0,-2607,0,0,-2606,-2407,-2208,-2608,-2409
3/13/2026 10:53,0,0,0,0,0,0,0,0,-2406,-2605,-2602,-2401,-2403,-2406,-2606,-2005,-2203,-499,-2347,-2605,-2403,-2407,-2403,0,-2607,0,0,-2606,-2405,-2207,-2603,-2405
3/13/2026 10:53,0,0,0,0,0,0,0,0,-2403,-2607,-2603,-2401,-2406,-2404,-2608,-2005,-2204,-500,-2350,-2606,-2405,-2407,-2404,0,-2607,0,0,-2610,-2404,-2208,-2605,-2407
3/13/2026 10:53,0,0,0,0,0,0,0,0,-2406,-2608,-2601,-2402,-2405,-2407,-2607,-2005,-2206,-499,-2353,-2607,-2406,-2404,-2405,0,-2608,0,0,-2608,-2403,-2207,-2603,-2406
3/13/2026 10:53,0,0,0,0,0,0,0,0,-2407,-2609,-2600,-2402,-2404,-2404,-2607,-2005,-2205,-499,-2350,-2604,-2406,-2405,-2403,0,-2607,0,0,-2608,-2405,-2207,-2603,-2405
3/13/2026 10:53,0,0,0,0,0,0,0,0,-2406,-2607,-2603,-2403,-2402,-2404,-2606,-2007,-2204,-499,-2350,-2608,-2407,-2408,-2402,0,-2607,0,0,-2606,-2405,-2207,-2603,-2405
3/13/2026 10:53,0,0,0,0,0,0,0,0,-2407,-2605,-2604,-2404,-2402,-2403,-2604,-2006,-2206,-498,-2349,-2606,-2405,-2408,-2401,0,-2608,0,0,-2608,-2402,-2206,-2604,-2405
3/13/2026 10:53,0,0,0,0,0,0,0,0,-2406,-2609,-2603,-2403,-2402,-2404,-2604,-2006,-2204,-499,-2352,-2606,-2405,-2406,-2399,0,-2606,0,0,-2605,-2403,-2205,-2604,-2406
3/13/2026 10:53,0,0,0,0,0,0,0,0,-2408,-2607,-2603,-2404,-2403,-2404,-2606,-2006,-2205,-499,-2353,-2607,-2407,-2405,-2401,0,-2609,0,0,-2606,-2405,-2206,-2605,-2405
3/13/2026 10:53,0,0,0,0,0,0,0,0,-2407,-2605,-2602,-2405,-2400,-2405,-2606,-2006,-2205,-932,-2343,-2606,-2407,-2405,-2401,0,-2606,0,0,-2604,-2404,-2204,-2602,-2402
3/13/2026 10:53,0,0,0,0,0,0,0,0,-2405,-2605,-2602,-2404,-2402,-2405,-2604,-2004,-2205,-992,-2277,-2606,-2406,-2405,-2403,0,-2605,0,0,-2605,-2406,-2205,-2603,-2404
3/13/2026 10:53,0,0,0,0,0,0,0,0,-2408,-2603,-2602,-2405,-2402,-2405,-2605,-1988,-2205,-1428,-2215,-2607,-2405,-2405,-2404,0,-2605,0,0,-2607,-2405,-2205,-2605,-2404
3/13/2026 10:53,0,0,0,0,0,0,0,0,-2406,-2602,-2603,-2405,-2404,-2403,-2604,-1904,-2204,-1487,-2206,-2605,-2404,-2404,-2403,0,-2607,0,0,-2606,-2404,-2206,-2603,-2404
3/13/2026 10:53,0,0,0,0,0,0,0,0,-2407,-2597,-2605,-2406,-2403,-2402,-2603,-1820,-2204,-1502,-2204,-2607,-2405,-2405,-2404,0,-2606,0,0,-2606,-2402,-2205,-2605,-2403
3/13/2026 10:53,0,0,0,0,0,0,0,0,-2406,-2527,-2605,-2405,-2403,-2403,-2603,-1805,-2206,-1899,-2205,-2607,-2405,-2407,-2403,0,-2604,0,0,-2602,-2402,-2203,-2602,-2403
3/13/2026 10:53,0,0,0,0,0,0,0,0,-2405,-2432,-2606,-2407,-2402,-2404,-2601,-1802,-2202,-1984,-2203,-2607,-2405,-2407,-2401,0,-2605,0,0,-2606,-2403,-2203,-2602,-2403
3/13/2026 10:53,0,0,0,0,0,0,0,0,-2407,-2502,-2606,-2408,-2403,-2404,-2436,-1802,-2201,-2002,-2203,-2605,-2404,-2405,-2400,0,-2605,0,0,-2606,-2405,-2202,-2602,-2402
3/13/2026 10:53,0,0,0,0,0,0,0,0,-2406,-2578,-2603,-2406,-2404,-2403,-2409,-1802,-2203,-2004,-2203,-2453,-2405,-2406,-2401,0,-2605,0,0,-2605,-2403,-2204,-2602,-2401
3/13/2026 10:53,0,0,0,0,0,0,0,0,-2406,-2535,-2606,-2409,-2404,-2404,-2405,-1803,-2205,-2378,-2203,-2414,-2404,-2405,-2402,0,-2605,0,0,-2602,-2403,-2202,-2602,-2402
3/13/2026 10:53,0,0,0,0,0,0,0,0,-2407,-2465,-2606,-2410,-2405,-2404,-2403,-1803,-2204,-2490,-2204,-2406,-2403,-2405,-2402,0,-2604,0,0,-2602,-2403,-2203,-2602,-2403
3/13/2026 10:53,0,0,0,0,0,0,0,0,-2405,-2409,-2603,-2407,-2407,-2402,-2400,-1802,-2139,-2503,-2205,-2406,-2405,-2404,-2402,0,-2604,0,0,-2604,-2402,-2203,-2601,-2403
3/13/2026 10:53,0,0,0,0,0,0,0,0,-2404,-2404,-2607,-2407,-2405,-2401,-2401,-1801,-2063,-2731,-2203,-2405,-2405,-2407,-2404,0,-2605,0,0,-2604,-2403,-2202,-2601,-2403
3/13/2026 10:53,0,0,0,0,0,0,0,0,-2404,-2404,-2604,-2407,-2407,-2402,-2402,-1800,-2011,-2955,-2204,-2404,-2402,-2405,-2405,0,-2602,0,0,-2537,-2403,-2202,-2604,-2403
3/13/2026 10:53,0,0,0,0,0,0,0,0,-2405,-2402,-2609,-2407,-2404,-2404,-2403,-1801,-2004,-3000,-2203,-2405,-2403,-2404,-2403,0,-2605,0,0,-2463,-2402,-2203,-2600,-2400
3/13/2026 10:53,0,0,0,0,0,0,0,0,-2405,-2402,-2606,-2408,-2406,-2404,-2403,-1803,-2003,-3005,-2203,-2406,-2404,-2406,-2403,0,-2550,0,0,-2411,-2404,-2204,-2603,-2404
3/13/2026 10:53,0,0,0,0,0,0,0,0,-2406,-2404,-2608,-2408,-2404,-2404,-2404,-1804,-2005,-3004,-2203,-2405,-2403,-2407,-2403,0,-2447,0,0,-2405,-2403,-2203,-2605,-2404
3/13/2026 10:53,0,0,0,0,0,0,0,0,-2405,-2405,-2606,-2406,-2404,-2400,-2403,-1802,-2003,-3004,-2203,-2404,-2402,-2405,-2402,0,-2412,0,0,-2404,-2405,-2203,-2559,-2403
3/13/2026 10:54,0,0,0,0,0,0,0,0,-2404,-2404,-2608,-2408,-2404,-2404,-2402,-1804,-2004,-3330,-2203,-2402,-2405,-2406,-2402,0,-2405,0,0,-2402,-2401,-2203,-2460,-2402
3/13/2026 10:54,0,0,0,0,0,0,0,0,-2404,-2402,-2608,-2405,-2351,-2402,-2401,-1802,-2003,-3489,-2204,-2405,-2404,-2403,-2402,0,-2403,0,0,-2401,-2403,-2202,-2409,-2402
3/13/2026 10:54,0,0,0,0,0,0,0,0,-2406,-2401,-2606,-2405,-2250,-2404,-2403,-1803,-2004,-3502,-2204,-2404,-2404,-2406,-2404,0,-2404,0,0,-2402,-2402,-2202,-2403,-2400
3/13/2026 10:54,0,0,0,0,0,0,0,0,-2407,-2403,-2604,-2407,-2212,-2402,-2403,-1803,-2005,-3506,-2206,-2404,-2405,-2405,-2356,0,-2403,0,0,-2401,-2403,-2203,-2401,-2401
3/13/2026 10:54,0,0,0,0,0,0,0,0,-2408,-2402,-2605,-2409,-2204,-2403,-2403,-1803,-2005,-3505,-2203,-2404,-2404,-2407,-2254,0,-2403,0,0,-2403,-2404,-2201,-2403,-2402
3/13/2026 10:54,0,0,0,0,0,0,0,0,-2406,-2404,-2608,-2355,-2204,-2401,-2401,-1803,-2002,-3503,-2204,-2403,-2404,-2405,-2207,0,-2403,0,0,-2403,-2401,-2202,-2402,-2401
3/13/2026 10:54,0,0,0,0,0,0,0,0,-2405,-2404,-2605,-2261,-2206,-2404,-2401,-1801,-2003,-3504,-2203,-2404,-2403,-2406,-2204,0,-2403,0,0,-2404,-2403,-2203,-2401,-2401
3/13/2026 10:54,0,0,0,0,0,0,0,0,-2405,-2403,-2606,-2217,-2203,-2404,-2404,-1801,-2005,-3505,-2206,-2405,-2403,-2406,-2203,0,-2403,0,0,-2403,-2405,-2173,-2402,-2402
3/13/2026 10:54,0,0,0,0,0,0,0,0,-2406,-2403,-2605,-2206,-2204,-2404,-2404,-1800,-2003,-3506,-2204,-2403,-2401,-2406,-2205,0,-2404,0,0,-2404,-2403,-2099,-2403,-2402
3/13/2026 10:54,0,0,0,0,0,0,0,0,-2406,-2401,-2607,-2206,-2206,-2404,-2402,-1802,-2004,-3504,-2205,-2405,-2403,-2406,-2204,0,-2403,0,0,-2402,-2403,-2042,-2404,-2403
3/13/2026 10:54,0,0,0,0,0,0,0,0,-2404,-2402,-2572,-2206,-2208,-2401,-2402,-1802,-2002,-3506,-2201,-2405,-2402,-2404,-2205,0,-2404,0,0,-2403,-2405,-2005,-2404,-2401
3/13/2026 10:54,0,0,0,0,0,0,0,0,-2405,-2404,-2517,-2205,-2206,-2402,-2400,-1800,-2003,-3509,-2204,-2404,-2402,-2404,-2205,0,-2405,0,0,-2401,-2404,-2000,-2404,-2402
3/13/2026 10:54,0,0,0,0,0,0,0,0,-2403,-2402,-2460,-2204,-2205,-2402,-2404,-1802,-2003,-3509,-2203,-2402,-2404,-2403,-2206,0,-2405,0,0,-2399,-2403,-2001,-2406,-2404
3/13/2026 10:54,0,0,0,0,0,0,0,0,-2400,-2403,-2422,-2204,-2205,-2403,-2403,-1801,-2003,-3509,-2202,-2406,-2403,-2405,-2207,0,-2404,0,0,-2403,-2403,-2004,-2407,-2404
3/13/2026 10:54,0,0,0,0,0,0,0,0,-2400,-2401,-2409,-2205,-2204,-2403,-2400,-1801,-2002,-3508,-2204,-2404,-2401,-2403,-2206,0,-2403,0,0,-2401,-2403,-2004,-2406,-2403
3/13/2026 10:54,0,0,0,0,0,0,0,0,-2401,-2404,-2561,-2203,-2205,-2249,-2405,-1801,-2003,-3506,-2206,-2404,-2404,-2404,-2205,0,-2402,0,0,-2403,-2403,-2007,-2406,-2403
3/13/2026 10:54,0,0,0,0,0,0,0,0,-2400,-2405,-2591,-2204,-2207,-2211,-2407,-1803,-2003,-3508,-2205,-2405,-2402,-2405,-2207,0,-2404,0,0,-2404,-2335,-2091,-2405,-2405
3/13/2026 10:54,0,0,0,0,0,0,0,0,-2403,-2403,-2603,-2202,-2202,-2209,-2408,-1804,-2001,-3507,-2205,-2404,-2404,-2405,-2204,0,-2404,0,0,-2404,-2218,-2178,-2407,-2407
3/13/2026 10:54,0,0,0,0,0,0,0,0,-2405,-2404,-2445,-2352,-2204,-2206,-2407,-1802,-2001,-3506,-2204,-2403,-2402,-2405,-2206,0,-2404,0,0,-2404,-2207,-2200,-2405,-2406
3/13/2026 10:54,0,0,0,0,0,0,0,0,-2404,-2404,-2408,-2377,-2203,-2207,-2404,-1805,-2004,-3509,-2208,-2404,-2405,-2405,-2203,0,-2406,0,0,-2405,-2207,-2207,-2406,-2406
3/13/2026 10:54,0,0,0,0,0,0,0,0,-2404,-2403,-2404,-2381,-2203,-2208,-2406,-1805,-2002,-3505,-2208,-2406,-2405,-2402,-2204,0,-2406,0,0,-2406,-2206,-2208,-2406,-2404
3/13/2026 10:54,0,0,0,0,0,0,0,0,-2405,-2407,-2401,-2382,-2200,-2207,-2406,-1806,-2003,-3507,-2207,-2404,-2405,-2406,-2204,0,-2405,0,0,-2406,-2204,-2209,-2403,-2406
3/13/2026 10:54,0,0,0,0,0,0,0,0,-2405,-2405,-2402,-2382,-2202,-2205,-2403,-1805,-2001,-3504,-2205,-2403,-2406,-2406,-2202,0,-2404,0,0,-2405,-2204,-2209,-2404,-2405
3/13/2026 10:54,0,0,0,0,0,0,0,0,-2406,-2408,-2402,-2384,-2203,-2206,-2406,-1806,-2002,-3502,-2205,-2403,-2407,-2406,-2201,0,-2406,0,0,-2407,-2203,-2206,-2403,-2407
3/13/2026 10:54,0,0,0,0,0,0,0,0,-2407,-2407,-2403,-2383,-2203,-2208,-2405,-1805,-2004,-3502,-2208,-2405,-2409,-2407,-2202,0,-2405,0,0,-2407,-2206,-2208,-2401,-2407
3/13/2026 10:54,0,0,0,0,0,0,0,0,-2407,-2407,-2405,-2383,-2200,-2206,-2401,-1804,-2003,-3504,-2206,-2405,-2406,-2405,-2201,0,-2404,0,0,-2408,-2203,-2206,-2401,-2406
3/13/2026 10:54,0,0,0,0,0,0,0,0,-2406,-2407,-2404,-2383,-2203,-2206,-2404,-1805,-2004,-3505,-2205,-2406,-2407,-2407,-2202,0,-2405,0,0,-2406,-2203,-2206,-2403,-2406
3/13/2026 10:54,0,0,0,0,0,0,0,0,-2407,-2406,-2403,-2384,-2202,-2205,-2404,-1805,-2005,-3502,-2206,-2405,-2405,-2405,-2201,0,-2405,0,0,-2404,-2203,-2205,-2402,-2405
3/13/2026 10:54,0,0,0,0,0,0,0,0,-2405,-2408,-2404,-2385,-2202,-2205,-2403,-1804,-2003,-3504,-2207,-2404,-2407,-2405,-2201,0,-2405,0,0,-2408,-2204,-2205,-2402,-2404
3/13/2026 10:54,0,0,0,0,0,0,0,0,-2405,-2405,-2402,-2384,-2201,-2205,-2403,-1804,-2003,-3506,-2206,-2404,-2406,-2407,-2202,0,-2404,0,0,-2405,-2204,-2204,-2403,-2405
3/13/2026 10:55,0,0,0,0,0,0,0,0,-2405,-2407,-2404,-2386,-2201,-2203,-2403,-1804,-2004,-3504,-2206,-2405,-2406,-2407,-2201,0,-2405,0,0,-2405,-2204,-2205,-2401,-2404
3/13/2026 10:55,0,0,0,0,0,0,0,0,-2407,-2406,-2403,-2386,-2201,-2205,-2402,-1804,-2002,-3503,-2205,-2405,-2406,-2407,-2203,0,-2405,0,0,-2406,-2203,-2205,-2402,-2403
3/13/2026 10:55,0,0,0,0,0,0,0,0,-2409,-2536,-2505,-2400,-2306,-2308,-2522,-1805,-728,-3508,-2205,-2540,-2405,-2408,-2292,0,-2405,0,0,-2540,-2341,-2204,-2489,-2405
3/13/2026 10:55,0,0,0,0,0,0,0,0,-2408,-2593,-2593,-2405,-2394,-2394,-2556,-1804,-137,-3504,-2205,-2594,-2406,-2405,-2390,0,-2407,0,0,-2594,-2392,-2202,-2591,-2403
3/13/2026 10:55,0,0,0,0,0,0,0,0,-2408,-2604,-2602,-2406,-2402,-2402,-2514,-1805,-19,-3501,-2206,-2605,-2406,-2406,-2400,0,-2405,0,0,-2604,-2404,-2202,-2603,-2406
3/13/2026 10:55,0,0,0,0,0,0,0,0,-2407,-2606,-2604,-2408,-2402,-2405,-2491,-1805,-8,-3505,-2205,-2608,-2408,-2407,-2401,0,-2406,0,0,-2607,-2404,-2205,-2607,-2404
3/13/2026 10:55,0,0,0,0,0,0,0,0,-2488,-2606,-2641,-2405,-2402,-2441,-2518,-1906,-6,-3502,-1661,-2606,-2470,-2477,-2429,0,-2452,0,0,-2654,-2403,-2241,-2602,-2500
3/13/2026 10:55,0,0,0,0,0,0,0,0,-2595,-2609,-2788,-2405,-2402,-2587,-2597,-1986,-6,-3504,-177,-2605,-2593,-2592,-2451,0,-2591,0,0,-2790,-2404,-2384,-2604,-2586
3/13/2026 10:55,0,0,0,0,0,0,0,0,-2605,-2606,-2804,-2406,-2403,-2584,-2605,-2000,-6,-3507,-38,-2607,-2605,-2603,-2406,0,-2603,0,0,-2805,-2405,-2400,-2602,-2602
3/13/2026 10:55,0,0,0,0,0,0,0,0,-2608,-2606,-2807,-2407,-2404,-2554,-2604,-2004,-6,-3506,-9,-2606,-2609,-2605,-2404,0,-2607,0,0,-2806,-2404,-2403,-2605,-2605
3/13/2026 10:55,0,0,0,0,0,0,0,0,-2715,-2685,-2806,-2479,-2497,-2570,-2678,-2079,-6,-3505,-6,-1947,-2700,-2699,-2496,0,-2672,0,0,-2806,-2482,-2453,-2683,-2603
3/13/2026 10:55,0,0,0,0,0,0,0,0,-2790,-2793,-2807,-2592,-2591,-2602,-2790,-2193,-6,-3503,-5,-217,-2795,-2796,-2588,0,-2791,0,0,-2803,-2590,-2514,-2790,-2602
3/13/2026 10:55,0,0,0,0,0,0,0,0,-2805,-2806,-2808,-2603,-2600,-2603,-2802,-2203,-6,-3503,-5,-29,-2802,-2803,-2599,0,-2803,0,0,-2804,-2605,-2509,-2801,-2603
3/13/2026 10:55,0,0,0,0,0,0,0,0,-2806,-2807,-2808,-2607,-2603,-2605,-2805,-2204,-6,-3504,-5,-10,-2806,-2807,-2603,0,-2806,0,0,-2807,-2607,-2496,-2801,-2603
3/13/2026 10:55,0,0,0,0,0,0,0,0,-2827,-2851,-2810,-2650,-2659,-2645,-2844,-2203,-6,-3509,-4,-6,-2852,-2861,-2655,0,-2851,0,0,-2654,-2643,-2515,-2846,-2640
3/13/2026 10:55,0,0,0,0,0,0,0,0,-2859,-2989,-2986,-2792,-2790,-2789,-2987,-2204,-5,-3506,-5,-6,-2988,-2992,-2787,0,-2991,0,0,-306,-2789,-2593,-2988,-2785
3/13/2026 10:55,0,0,0,0,0,0,0,0,-2862,-3000,-3004,-2803,-2803,-2800,-3000,-2222,-5,-3506,-5,-6,-2972,-3001,-2802,0,-3001,0,0,-63,-2800,-2600,-3003,-2799
3/13/2026 10:55,0,0,0,0,0,0,0,0,-2990,-3004,-3007,-2807,-2809,-2803,-3004,-2275,-5,-3506,-4,-5,-2821,-3008,-2806,0,-3005,0,0,-10,-2802,-2605,-3005,-2802
3/13/2026 10:55,0,0,0,0,0,0,0,0,-3002,-3002,-3008,-2806,-2806,-2803,-3007,-2293,-4,-3504,-3,-4,-2805,-3005,-2807,0,-3004,0,0,-4,-2803,-2604,-3005,-2801
3/13/2026 10:55,0,0,0,0,0,0,0,0,-3004,-3004,-3009,-2806,-2807,-2803,-3006,-2295,-4,-3510,-4,-5,-2802,-3004,-2808,0,-3006,0,0,-4,-2806,-2604,-3007,-2804
3/13/2026 10:55,0,0,0,0,0,0,0,0,-3003,-3003,-3007,-2804,-2805,-2803,-3003,-2293,-5,-3504,-4,-4,-2801,-3004,-2808,0,-3004,0,0,-4,-2805,-2604,-3005,-2803
3/13/2026 10:55,0,0,0,0,0,0,0,0,-3003,-3003,-3007,-2804,-2807,-2804,-3005,-2293,-4,-3506,-3,-4,-2803,-3003,-2808,0,-3004,0,0,-3,-2804,-2607,-3009,-2804
3/13/2026 10:55,0,0,0,0,0,0,0,0,-3004,-3005,-3004,-2803,-2804,-2801,-3008,-2295,-4,-3505,-3,-4,-2802,-3005,-2807,0,-3005,0,0,-4,-2805,-2604,-3008,-2806
3/13/2026 10:55,0,0,0,0,0,0,0,0,-3003,-3004,-3007,-2804,-2804,-2804,-3010,-2295,-5,-3506,-4,-4,-2802,-3003,-2806,0,-3005,0,0,-3,-2806,-2604,-3007,-2806
3/13/2026 10:55,0,0,0,0,0,0,0,0,-3002,-3002,-3005,-2804,-2806,-2803,-3007,-2293,-5,-3507,-4,-4,-2804,-3003,-2806,0,-3003,0,0,-4,-2803,-2606,-3009,-2807
3/13/2026 10:55,0,0,0,0,0,0,0,0,-2842,-3003,-3105,-2804,-2806,-2806,-3009,-2299,-5,-3508,-4,-4,-2803,-3003,-2806,0,-3004,0,0,-3,-2806,-2604,-3010,-2843
3/13/2026 10:55,0,0,0,0,0,0,0,0,-2813,-3003,-3191,-2801,-2804,-2806,-3008,-2216,-4,-3510,-5,-4,-2804,-3005,-2805,0,-3004,0,0,-4,-2804,-2606,-3009,-2893
3/13/2026 10:55,0,0,0,0,0,0,0,0,-2806,-3006,-3203,-2802,-2806,-2806,-3007,-2206,-4,-3505,-5,-4,-2807,-3004,-2805,0,-3004,0,0,-4,-2806,-2606,-3007,-2899
3/13/2026 10:55,0,0,0,0,0,0,0,0,-2804,-3006,-3203,-2801,-2804,-2804,-3009,-2204,-4,-3504,-7,-4,-2804,-3002,-2803,0,-3003,0,0,-5,-2809,-2606,-3006,-2898
3/13/2026 10:55,0,0,0,0,0,0,0,0,-2806,-3004,-3204,-2801,-2805,-2805,-3009,-2206,-4,-3503,-6,-5,-2806,-3004,-2804,0,-3005,0,0,-5,-2804,-2607,-3007,-2901
3/13/2026 10:56,0,0,0,0,0,0,0,0,-2804,-3006,-3205,-2803,-2805,-2805,-3006,-2206,-4,-3505,-6,-4,-2806,-3005,-2803,0,-3005,0,0,-5,-2807,-2607,-3005,-2901
3/13/2026 10:56,0,0,0,0,0,0,0,0,-2804,-3009,-3204,-2801,-2803,-2807,-3006,-2206,-4,-3507,-6,-5,-2804,-3007,-2803,0,-3008,0,0,-6,-2806,-2605,-3004,-2900
3/13/2026 10:56,0,0,0,0,0,0,0,0,-2806,-3007,-3204,-2805,-2803,-2806,-3005,-2207,-5,-3504,-6,-6,-2808,-3008,-2802,0,-3008,0,0,-6,-2807,-2603,-3003,-2899
3/13/2026 10:56,0,0,0,0,0,0,0,0,-2807,-3007,-3204,-2804,-2803,-2806,-3004,-2207,-5,-3506,-7,-6,-2806,-3005,-2802,0,-3007,0,0,-7,-2806,-2605,-3006,-2898
3/13/2026 10:56,0,0,0,0,0,0,0,0,-2807,-3010,-3209,-2806,-2801,-2806,-3005,-2207,-5,-3504,-6,-5,-2808,-3006,-2803,0,-3004,0,0,-7,-2803,-2606,-3005,-2898
3/13/2026 10:56,0,0,0,0,0,0,0,0,-2807,-3010,-3208,-2808,-2806,-2806,-3005,-2206,-5,-3502,-6,-6,-2807,-3007,-2801,0,-3007,0,-15,-7,-2804,-2603,-3003,-2897
3/13/2026 10:56,0,0,0,0,0,0,0,0,-2807,-3007,-3209,-2806,-2805,-2805,-3005,-2207,-6,-3502,-6,-6,-2806,-3006,-2802,0,-3007,0,-7,-7,-2805,-2602,-3004,-2898
3/13/2026 10:56,0,0,0,0,0,0,0,0,-2807,-3008,-3205,-2806,-2807,-2804,-3002,-2207,-6,-3505,-5,-6,-2806,-3007,-2803,0,-3006,0,-5,-7,-2805,-2601,-3001,-2896
3/13/2026 10:56,0,0,0,0,0,0,0,0,-2805,-3007,-3208,-2806,-2805,-2806,-3002,-2205,-6,-3504,-5,-6,-2807,-3006,-2804,0,-3006,0,-5,-6,-2804,-2604,-3001,-2895
3/13/2026 10:56,0,0,0,0,0,0,0,0,-2806,-3004,-3210,-2808,-2807,-2804,-3002,-2205,-6,-3504,-5,-6,-2806,-3004,-2805,0,-3005,0,-4,-6,-2802,-2601,-3003,-2895
3/13/2026 10:56,0,0,0,0,0,0,0,0,-2805,-3004,-3209,-2807,-2806,-2803,-3002,-2204,-6,-3504,-5,-6,-2804,-3004,-2804,0,-3004,0,-4,-6,-2806,-2601,-3004,-2894
3/13/2026 10:56,0,0,0,0,0,0,0,0,-2804,-3004,-3206,-2806,-2805,-2805,-3002,-2203,-6,-3506,-4,-6,-2803,-3006,-2806,0,-3004,0,-4,-6,-2805,-2600,-3003,-2896
3/13/2026 10:56,0,0,0,0,0,0,0,0,-2805,-3005,-3206,-2808,-2807,-2804,-3005,-2202,-5,-3505,-5,-5,-2803,-3005,-2805,0,-3005,0,-3,-5,-2805,-2600,-3002,-2897
3/13/2026 10:56,0,0,0,0,0,0,0,0,-2804,-3007,-3208,-2807,-2806,-2806,-3004,-2204,-5,-3506,-5,-5,-2804,-3007,-2806,0,-3006,0,-4,-4,-2803,-2601,-3004,-2895
3/13/2026 10:56,0,0,0,0,0,0,0,0,-2804,-3005,-3048,-2807,-2808,-2804,-3007,-2204,-5,-3509,-4,-4,-2874,-3005,-2807,0,-3007,0,-4,-4,-2803,-2602,-3007,-2982
3/13/2026 10:56,0,0,0,0,0,0,0,0,-2802,-3002,-3008,-2805,-2805,-2805,-3004,-2202,-5,-3507,-4,-5,-2892,-3003,-2805,0,-3003,0,-3,-4,-2803,-2603,-3007,-3001
3/13/2026 10:56,0,0,0,0,0,0,0,0,-2803,-3006,-3004,-2804,-2806,-2807,-3005,-2204,-4,-3504,-4,-5,-2982,-2916,-2806,0,-3004,0,-4,-4,-2806,-2605,-3008,-3003
3/13/2026 10:56,0,0,0,0,0,0,0,0,-2803,-3004,-3004,-2804,-2805,-2805,-3007,-2203,-4,-3509,-4,-4,-3001,-2900,-2808,0,-3005,0,-4,-3,-2805,-2607,-3009,-3005
3/13/2026 10:56,0,0,0,0,0,0,0,0,-2804,-3004,-3004,-2804,-2803,-2804,-3006,-2205,-4,-3506,-4,-4,-3004,-2896,-2805,0,-3003,0,-5,-4,-2803,-2608,-3006,-3008
3/13/2026 10:56,0,0,0,0,0,0,0,0,-2806,-3003,-3006,-2801,-2803,-2808,-3008,-2204,-4,-3505,-5,-4,-3006,-2898,-2804,0,-3005,0,-6,-4,-2803,-2607,-3008,-3008
3/13/2026 10:56,0,0,0,0,0,0,0,0,-2807,-3007,-3003,-2803,-2802,-2807,-3006,-2206,-5,-3505,-6,-5,-3008,-2899,-2806,0,-3006,0,-7,-5,-2808,-2608,-3009,-3007
3/13/2026 10:56,0,0,0,0,0,0,0,0,-2806,-3006,-3003,-2801,-2802,-2807,-3006,-2204,-5,-3507,-6,-5,-3007,-2898,-2804,0,-3006,0,-6,-6,-2806,-2605,-3005,-3007
3/13/2026 10:56,0,0,0,0,0,0,0,0,-2809,-3008,-3003,-2803,-2801,-2804,-3006,-2205,-5,-3503,-6,-6,-3006,-2897,-2802,0,-3006,0,-7,-7,-2806,-2606,-3005,-3009
3/13/2026 10:56,0,0,0,0,0,0,0,0,-2810,-3008,-3006,-2809,-2803,-2807,-3003,-2205,-5,-3505,-6,-6,-3005,-2899,-2804,0,-3006,0,-6,-7,-2802,-2605,-3004,-3009
3/13/2026 10:56,0,0,0,0,0,0,0,0,-2809,-3007,-3007,-2807,-2804,-2803,-3004,-2206,-6,-3507,-6,-6,-3006,-2899,-2805,0,-3006,0,-6,-7,-2806,-2606,-3002,-3007
3/13/2026 10:56,0,0,0,0,0,0,0,0,-2804,-3003,-3008,-2809,-2806,-2806,-3004,-2205,-6,-3503,-6,-7,-3005,-2898,-2806,0,-3007,0,-4,-6,-2804,-2603,-3002,-3003
3/13/2026 10:56,0,0,0,0,0,0,0,0,-2806,-3006,-3011,-2806,-2806,-2803,-3003,-2205,-6,-3504,-5,-6,-3006,-2899,-2806,0,-3006,0,-4,-5,-2805,-2605,-3003,-3002
3/13/2026 10:56,0,0,0,0,0,0,0,0,-2803,-3005,-3008,-2804,-2808,-2806,-3003,-2202,-6,-3505,-4,-6,-3005,-2896,-2808,0,-3005,0,-4,-5,-2804,-2603,-3002,-3004
3/13/2026 10:56,0,0,0,0,0,0,0,0,-2803,-3005,-3008,-2807,-2809,-2805,-3004,-2204,-5,-3508,-4,-5,-3005,-2897,-2810,0,-3004,0,-4,-4,-2805,-2603,-3006,-3005
3/13/2026 10:56,0,0,0,0,0,0,0,0,-2802,-3005,-3004,-2803,-2805,-2804,-3004,-2201,-5,-3508,-4,-5,-3003,-2895,-2809,0,-3005,0,-4,-4,-2805,-2604,-3006,-3004
3/13/2026 10:57,0,0,0,0,0,0,0,0,-2802,-3004,-3007,-2808,-2807,-2804,-3010,-2200,-5,-3510,-4,-4,-3004,-2897,-2807,0,-3003,0,-4,-4,-2804,-2605,-3007,-3004
3/13/2026 10:57,0,0,0,0,0,0,0,0,-2804,-3002,-3004,-2805,-2805,-2803,-3009,-2201,-5,-3506,-4,-5,-3006,-2896,-2806,0,-3004,0,-4,-3,-2803,-2607,-3008,-3003
3/13/2026 10:57,0,0,0,0,0,0,0,0,-2800,-3003,-3006,-2805,-2805,-2803,-3009,-2204,-5,-3508,-4,-5,-3003,-2898,-2808,0,-3004,0,-4,-3,-2805,-2606,-3010,-3004
3/13/2026 10:57,0,0,0,0,0,0,0,0,-2803,-3003,-3003,-2802,-2804,-2805,-3010,-2203,-4,-3509,-4,-4,-3008,-2897,-2807,0,-3006,0,-5,-3,-2807,-2607,-3007,-3005
3/13/2026 10:57,0,0,0,0,0,0,0,0,-2803,-3002,-3003,-2802,-2802,-2806,-3008,-2206,-4,-3505,-5,-4,-3006,-2897,-2804,0,-3004,0,-6,-4,-2807,-2608,-3007,-3005
3/13/2026 10:57,0,0,0,0,0,0,0,0,-2807,-3007,-3004,-2804,-2801,-2807,-3007,-2207,-4,-3507,-6,-5,-3007,-2896,-2806,0,-3008,0,-6,-5,-2807,-2607,-3007,-3007
3/13/2026 10:57,0,0,0,0,0,0,0,0,-2805,-3008,-3002,-2805,-2802,-2807,-3005,-2206,-4,-3506,-6,-5,-3009,-2895,-2803,0,-3006,0,-7,-6,-2805,-2605,-3004,-3010
3/13/2026 10:57,0,0,0,0,0,0,0,0,-2808,-3008,-3004,-2806,-2802,-2805,-3005,-2205,-4,-3503,-6,-5,-3007,-2897,-2802,-15,-3005,0,-7,-6,-2806,-2604,-3001,-3007
3/13/2026 10:57,0,0,0,0,0,0,0,0,-2808,-3008,-3007,-2805,-2803,-2806,-3005,-2205,-5,-3502,-7,-6,-3006,-2899,-2802,-11,-3003,0,-7,-7,-2805,-2604,-3002,-3007
3/13/2026 10:57,0,0,0,0,0,0,0,0,-2808,-3007,-3009,-2808,-2805,-2806,-3004,-2205,-5,-3505,-6,-6,-3006,-2899,-2803,-7,-3004,0,-6,-7,-2809,-2606,-3006,-3007
3/13/2026 10:57,0,0,0,0,0,0,0,0,-2807,-3006,-3007,-2809,-2804,-2806,-3000,-2205,-6,-3505,-6,-6,-3006,-2900,-2803,-6,-3004,0,-5,-7,-2805,-2603,-3003,-3007
3/13/2026 10:57,0,0,0,0,0,0,0,0,-2806,-3006,-3007,-2805,-2806,-2804,-3002,-2203,-6,-3504,-6,-6,-3007,-2899,-2806,-6,-3004,0,-5,-7,-2805,-2603,-3005,-3003
3/13/2026 10:57,0,0,0,0,0,0,0,0,-2802,-3008,-3004,-2804,-2805,-2803,-3003,-2202,-6,-3504,-5,-6,-3004,-2896,-2803,-5,-3005,0,-5,-6,-2805,-2601,-3003,-3001
3/13/2026 10:57,0,0,0,0,0,0,0,0,-2804,-3006,-3005,-2806,-2807,-2806,-3000,-2201,-6,-3504,-5,-6,-3002,-2896,-2806,-5,-3006,0,-4,-6,-2804,-2602,-3002,-3002
3/13/2026 10:57,0,0,0,0,0,0,0,0,-2804,-3005,-3009,-2806,-2809,-2806,-3004,-2201,-6,-3507,-4,-6,-3004,-2898,-2808,-4,-3007,0,-4,-5,-2803,-2601,-3005,-3003
3/13/2026 10:57,0,0,0,0,0,0,0,0,-2803,-3005,-3008,-2808,-2809,-2807,-3006,-2201,-5,-3507,-4,-5,-3004,-2900,-2809,-4,-3008,0,-4,-5,-2805,-2602,-3005,-3004
3/13/2026 10:57,0,0,0,0,0,0,0,0,-2803,-3007,-3009,-2807,-2808,-2804,-3004,-2202,-5,-3504,-4,-5,-3001,-2898,-2808,-4,-3004,0,-4,-5,-2804,-2604,-3005,-3006
3/13/2026 10:57,0,0,0,0,0,0,0,0,-2802,-3001,-3004,-2807,-2807,-2805,-3004,-2201,-5,-3508,-5,-5,-3003,-2897,-2808,-4,-3005,0,-3,-4,-2804,-2601,-3005,-3005
3/13/2026 10:57,0,0,0,0,0,0,0,0,-2802,-3001,-3006,-2802,-2805,-2805,-3007,-2202,-5,-3508,-4,-5,-3001,-2898,-2808,-4,-3003,0,-4,-4,-2804,-2605,-3005,-3001
3/13/2026 10:57,0,0,0,0,0,0,0,0,-2802,-3002,-3006,-2803,-2805,-2803,-3008,-2203,-5,-3508,-3,-5,-3001,-2896,-2807,-4,-3002,0,-4,-4,-2804,-2605,-3004,-3003
3/13/2026 10:57,0,0,0,0,0,0,0,0,-2803,-3004,-3004,-2803,-2805,-2803,-3007,-2202,-4,-3505,-4,-5,-3002,-2896,-2806,-3,-3002,0,-4,-4,-2802,-2607,-3006,-3003
3/13/2026 10:57,0,0,0,0,0,0,0,0,-2803,-3004,-3004,-2802,-2805,-2801,-3009,-2202,-5,-3510,-4,-5,-3003,-2898,-2808,-4,-3004,0,-4,-4,-2806,-2607,-3009,-3005
3/13/2026 10:57,0,0,0,0,0,0,0,0,-2803,-3004,-3007,-2804,-2807,-2802,-3008,-2204,-5,-3506,-4,-5,-3005,-2896,-2805,-4,-3004,0,-4,-4,-2805,-2609,-3007,-3004
3/13/2026 10:57,0,0,0,0,0,0,0,0,-2802,-3004,-3003,-2803,-2806,-2804,-3011,-2205,-5,-3508,-4,-5,-3004,-2895,-2804,-4,-3003,0,-4,-3,-2804,-2607,-3007,-3007
3/13/2026 10:57,0,0,0,0,0,0,0,0,-2806,-3003,-3001,-2803,-2803,-2805,-3009,-2205,-4,-3506,-4,-4,-3004,-2896,-2804,-4,-3001,0,-5,-4,-2806,-2606,-3007,-3005
3/13/2026 10:57,0,0,0,0,0,0,0,0,-2805,-3003,-3003,-2803,-2803,-2806,-3009,-2207,-4,-3504,-5,-4,-3007,-2897,-2804,-4,-3005,0,-5,-4,-2807,-2608,-3005,-3004
3/13/2026 10:57,0,0,0,0,0,0,0,0,-2808,-3003,-3003,-2802,-2802,-2804,-3009,-2206,-5,-3503,-5,-4,-3005,-2897,-2803,-5,-3005,0,-6,-4,-2808,-2609,-3006,-3006
3/13/2026 10:57,0,0,0,0,0,0,0,0,-2809,-3004,-3004,-2803,-2804,-2804,-3005,-2206,-4,-3506,-6,-4,-3005,-2896,-2802,-5,-3004,0,-6,-4,-2807,-2606,-3003,-3007
3/13/2026 10:57,0,0,0,0,0,0,0,0,-2806,-3005,-3004,-2804,-2803,-2806,-3006,-2207,-4,-3508,-6,-5,-3007,-2896,-2803,-6,-3007,0,-7,-5,-2806,-2605,-3004,-3009
3/13/2026 10:57,0,0,0,0,0,0,0,0,-2808,-3008,-3006,-2806,-2803,-2804,-3006,-2206,-4,-3507,-6,-5,-3005,-2895,-2801,-7,-3005,0,-7,-5,-2805,-2606,-3006,-3009
3/13/2026 10:58,0,0,0,0,0,0,0,0,-2811,-3009,-3008,-2806,-2804,-2806,-3007,-2205,-4,-3505,-6,-5,-3006,-2899,-2801,-7,-3006,0,-6,-6,-2806,-2607,-3006,-3007
3/13/2026 10:58,0,0,0,0,0,0,0,0,-2803,-3003,-3002,-2800,-2799,-2801,-3000,-2201,-5,-3502,-6,-5,-3001,-2898,-2798,-7,-3002,0,-7,-7,-2802,-2598,-3000,-3003
3/13/2026 10:58,0,0,0,0,0,0,0,0,-2807,-3009,-3006,-2808,-2803,-2807,-3003,-2203,-6,-3506,-6,-5,-3004,-2899,-2804,-6,-3006,0,-6,-7,-2807,-2606,-3003,-3005
3/13/2026 10:58,0,0,0,0,0,0,0,0,-2806,-3006,-3009,-2808,-2805,-2805,-3002,-2204,-6,-3508,-6,-6,-3004,-2900,-2801,-6,-3005,0,-6,-7,-2804,-2602,-3002,-3005
3/13/2026 10:58,0,0,0,0,0,0,0,0,-2804,-3006,-3006,-2807,-2806,-2805,-3003,-2202,-6,-3506,-5,-6,-3004,-2898,-2805,-6,-3004,0,-5,-6,-2806,-2603,-3003,-3005
3/13/2026 10:58,0,0,0,0,0,0,0,0,-2805,-3005,-3008,-2807,-2806,-2804,-3003,-2202,-6,-3506,-5,-6,-3003,-2897,-2807,-6,-3005,0,-5,-6,-2805,-2603,-3003,-3006
3/13/2026 10:58,0,0,0,0,0,0,0,0,-2805,-3006,-3008,-2806,-2805,-2805,-3006,-2202,-6,-3505,-5,-6,-3002,-2899,-2806,-5,-3005,0,-4,-5,-2805,-2602,-3003,-3005
3/13/2026 10:58,0,0,0,0,0,0,0,0,-2803,-3006,-3008,-2807,-2806,-2806,-3003,-2203,-6,-3506,-4,-5,-3002,-2897,-2808,-4,-3005,0,-4,-5,-2804,-2604,-3005,-3002
3/13/2026 10:58,0,0,0,0,0,0,0,0,-2804,-3006,-3002,-2805,-2807,-2806,-3007,-2202,-5,-3503,-4,-5,-3002,-2897,-2807,-4,-3006,0,-4,-5,-2801,-2601,-3006,-3002
3/13/2026 10:58,0,0,0,0,0,0,0,0,-2803,-3004,-3006,-2804,-2807,-2807,-3007,-2202,-5,-3506,-4,-4,-3002,-2896,-2809,-4,-3006,0,-3,-4,-2803,-2606,-3008,-3004
3/13/2026 10:58,0,0,0,0,0,0,0,0,-2804,-3004,-3005,-2803,-2807,-2803,-3011,-2200,-4,-3509,-4,-4,-3002,-2896,-2806,-4,-3006,0,-3,-4,-2806,-2605,-3008,-3005
3/13/2026 10:58,0,0,0,0,0,0,0,0,-2804,-3003,-3006,-2805,-2804,-2805,-3008,-2204,-5,-3508,-4,-5,-3004,-2896,-2804,-4,-3004,0,-4,-4,-2804,-2607,-3009,-3006
3/13/2026 10:58,0,0,0,0,0,0,0,0,-2804,-3003,-3001,-2802,-2804,-2803,-3005,-2203,-5,-3506,-4,-4,-3006,-2895,-2804,-4,-3004,0,-5,-4,-2805,-2605,-3008,-3006
3/13/2026 10:58,0,0,0,0,0,0,0,0,-2806,-3005,-3005,-2805,-2803,-2806,-3005,-2206,-5,-3506,-4,-4,-3009,-2894,-2805,-5,-3007,0,-7,-4,-2810,-2605,-3007,-3008
3/13/2026 10:58,0,0,0,0,0,0,0,0,-2806,-3002,-3002,-2803,-2802,-2808,-3005,-2206,-4,-3506,-5,-4,-3005,-2897,-2803,-5,-3006,0,-6,-5,-2808,-2604,-3005,-3006
3/13/2026 10:58,0,0,0,0,0,0,0,0,-2806,-3007,-3004,-2804,-2803,-2805,-3005,-2204,-4,-3505,-6,-4,-3006,-2894,-2802,-6,-3005,0,-7,-5,-2806,-2603,-3005,-3005
3/13/2026 10:58,0,0,0,0,0,0,0,0,-2807,-3008,-3006,-2805,-2804,-2805,-3004,-2204,-5,-3505,-7,-5,-3003,-2898,-2804,-7,-3006,0,-6,-6,-2806,-2602,-3003,-3007
3/13/2026 10:58,0,0,0,0,0,0,0,0,-2807,-3009,-3009,-2805,-2804,-2808,-3004,-2204,-5,-3504,-7,-5,-3005,-2898,-2804,-7,-3005,0,-6,-7,-2804,-2603,-3004,-3006
3/13/2026 10:58,0,0,0,0,0,0,0,0,-2805,-3009,-3007,-2808,-2807,-2804,-3000,-2202,-6,-3506,-6,-6,-3002,-2899,-2803,-6,-3003,0,-6,-7,-2805,-2602,-3005,-3006
3/13/2026 10:58,0,0,0,0,0,0,0,0,-2804,-3007,-3006,-2809,-2804,-2807,-3004,-2203,-6,-3504,-5,-6,-3003,-2897,-2804,-6,-3004,0,-5,-7,-2805,-2601,-3004,-3006
3/13/2026 10:58,0,0,0,0,0,0,0,0,-2803,-3006,-3004,-2805,-2806,-2804,-3003,-2202,-6,-3503,-5,-7,-3001,-2898,-2807,-5,-3005,0,-5,-6,-2804,-2602,-3002,-3004
3/13/2026 10:58,0,0,0,0,0,0,0,0,-2802,-3003,-3005,-2806,-2807,-2804,-3007,-2202,-6,-3506,-5,-6,-3001,-2898,-2808,-4,-3007,0,-4,-5,-2805,-2602,-3007,-3004
3/13/2026 10:58,0,0,0,0,0,0,0,0,-2803,-3005,-3004,-2803,-2806,-2807,-3007,-2201,-5,-3508,-4,-5,-3004,-2898,-2808,-4,-3004,0,-3,-5,-2802,-2603,-3005,-3005
3/13/2026 10:58,0,0,0,0,0,0,0,0,-2821,-3004,-3004,-2804,-2807,-2805,-3006,-2203,-5,-3510,-4,-5,-3001,-2924,-2809,-4,-3007,0,-4,-4,-2802,-2605,-3006,-2961
3/13/2026 10:58,0,0,0,0,0,0,0,0,-2889,-3004,-3003,-2802,-2806,-2804,-3008,-2203,-5,-3504,-4,-4,-3002,-2993,-2806,-3,-3005,0,-4,-4,-2804,-2607,-3008,-2822
3/13/2026 10:58,0,0,0,0,0,0,0,0,-2897,-3004,-3003,-2805,-2807,-2804,-3010,-2203,-4,-3507,-4,-4,-3006,-3002,-2806,-4,-3003,0,-4,-3,-2807,-2608,-3008,-2807
3/13/2026 10:58,0,0,0,0,0,0,0,0,-2896,-3003,-3002,-2804,-2805,-2805,-3007,-2204,-4,-3508,-4,-5,-3005,-3005,-2803,-4,-3006,0,-5,-3,-2804,-2607,-3006,-2804
3/13/2026 10:58,0,0,0,0,0,0,0,0,-2900,-3004,-3004,-2802,-2804,-2804,-3007,-2206,-5,-3508,-4,-5,-3009,-3006,-2805,-4,-3009,0,-6,-4,-2805,-2607,-3006,-2807
3/13/2026 10:58,0,0,0,0,0,0,0,0,-2897,-3004,-3004,-2804,-2803,-2804,-3006,-2205,-4,-3503,-6,-4,-3007,-3001,-2803,-5,-3006,0,-6,-5,-2804,-2605,-3002,-2804
3/13/2026 10:58,0,0,0,0,0,0,0,0,-2902,-3011,-3006,-2807,-2803,-2809,-3006,-2206,-4,-3506,-6,-5,-3010,-3004,-2804,-6,-3006,0,-7,-5,-2807,-2604,-3007,-2810
3/13/2026 10:59,0,0,0,0,0,0,0,0,-2901,-3009,-3007,-2805,-2807,-2806,-3003,-2202,-5,-3506,-6,-5,-3003,-3007,-2802,-7,-3006,0,-7,-6,-2806,-2602,-3004,-2807
3/13/2026 10:59,0,0,0,0,0,0,0,0,-2900,-3008,-3007,-2805,-2805,-2804,-3004,-2203,-5,-3501,-6,-6,-3003,-3008,-2803,-7,-3006,0,-6,-7,-2805,-2603,-3003,-2807
3/13/2026 10:59,0,0,0,0,0,0,0,0,-2898,-3005,-3006,-2807,-2805,-2804,-3002,-2202,-6,-3505,-6,-6,-3006,-3008,-2803,-6,-3004,0,-6,-7,-2804,-2600,-3005,-2805
3/13/2026 10:59,0,0,0,0,0,0,0,0,-2899,-3007,-3007,-2807,-2808,-2804,-3005,-2202,-6,-3504,-6,-6,-3005,-3006,-2805,-6,-3004,0,-5,-7,-2803,-2601,-3005,-2804
3/13/2026 10:59,0,0,0,0,0,0,0,0,-2976,-3008,-3007,-2808,-2807,-2802,-3005,-2046,-6,-3504,-6,-6,-3003,-3004,-2806,-5,-3003,0,-4,-6,-2805,-2674,-3005,-2804
3/13/2026 10:59,0,0,0,0,0,0,0,0,-2999,-3005,-3004,-2806,-2809,-2804,-3007,-2007,-6,-3505,-5,-6,-3005,-3005,-2806,-4,-3002,0,-5,-6,-2805,-2691,-3007,-2804
3/13/2026 10:59,0,0,0,0,0,0,0,0,-3001,-3003,-3003,-2804,-2805,-2806,-3008,-2029,-6,-3502,-4,-5,-2940,-3007,-2805,-4,-3004,0,-3,-5,-2805,-2730,-3005,-2804
3/13/2026 10:59,0,0,0,0,0,0,0,0,-3003,-3004,-3004,-2804,-2804,-2805,-3009,-2088,-5,-3507,-4,-5,-2820,-3006,-2806,-4,-3005,0,-3,-4,-2802,-2798,-3006,-2802
3/13/2026 10:59,0,0,0,0,0,0,0,0,-3005,-3003,-3005,-2804,-2804,-2801,-3007,-2181,-5,-3510,-4,-5,-2804,-3006,-2806,-4,-3005,0,-4,-4,-2804,-2645,-3010,-2868
3/13/2026 10:59,0,0,0,0,0,0,0,0,-3005,-3003,-3004,-2805,-2803,-2804,-3007,-2201,-4,-3510,-4,-4,-2805,-3003,-2804,-3,-3002,0,-4,-4,-2806,-2615,-3010,-2891
3/13/2026 10:59,0,0,0,0,0,0,0,0,-3005,-3001,-3003,-2805,-2803,-2802,-3006,-2206,-5,-3506,-3,-5,-2806,-3003,-2803,-4,-3007,0,-5,-3,-2805,-2610,-3010,-2898
3/13/2026 10:59,0,0,0,0,0,0,0,0,-3007,-3003,-3003,-2802,-2803,-2804,-3005,-2206,-5,-3505,-4,-4,-2806,-3004,-2800,-4,-3008,0,-5,-4,-2805,-2607,-3008,-2899
3/13/2026 10:59,0,0,0,0,0,0,0,0,-3007,-3004,-3006,-2803,-2804,-2803,-3006,-2206,-5,-3504,-4,-4,-2807,-3005,-2801,-5,-3007,0,-6,-4,-2805,-2605,-3007,-2901
3/13/2026 10:59,0,0,0,0,0,0,0,0,-3007,-3008,-3005,-2802,-2803,-2803,-3005,-2205,-4,-3507,-5,-4,-2806,-3004,-2801,-6,-3007,0,-7,-4,-2806,-2604,-3003,-2898
3/13/2026 10:59,0,0,0,0,0,0,0,0,-3008,-3007,-3007,-2805,-2804,-2806,-3004,-2204,-5,-3506,-6,-5,-2806,-3005,-2800,-6,-3007,0,-7,-6,-2808,-2602,-3006,-2898
3/13/2026 10:59,0,0,0,0,0,0,0,0,-3006,-3008,-3005,-2806,-2804,-2807,-3004,-2203,-5,-3504,-6,-5,-2804,-3006,-2802,-6,-3005,0,-6,-6,-2805,-2602,-3003,-2898
3/13/2026 10:59,0,0,0,0,0,0,0,0,-3006,-3008,-3006,-2807,-2805,-2805,-3004,-2205,-6,-3504,-6,-6,-2806,-3008,-2803,-6,-3006,0,-5,-7,-2803,-2602,-3002,-2896
3/13/2026 10:59,0,0,0,0,0,0,0,0,-3005,-3006,-3006,-2807,-2806,-2806,-3003,-2202,-6,-3506,-6,-6,-2803,-3007,-2805,-5,-3006,0,-5,-6,-2805,-2602,-3003,-2898
3/13/2026 10:59,0,0,0,0,0,0,0,0,-3004,-3005,-3006,-2806,-2806,-2805,-3003,-2201,-6,-3505,-5,-6,-2802,-3005,-2807,-5,-3004,0,-4,-6,-2806,-2603,-3001,-2896
3/13/2026 10:59,0,0,0,0,0,0,0,0,-3006,-3008,-3005,-2808,-2807,-2804,-3008,-2201,-6,-3505,-4,-6,-2803,-3006,-2806,-4,-3006,0,-4,-6,-2807,-2604,-3004,-2897
3/13/2026 10:59,0,0,0,0,0,0,0,0,-2933,-3004,-3002,-2804,-2806,-2804,-3008,-2201,-6,-3508,-5,-5,-2837,-3005,-2807,-4,-3006,0,-3,-5,-2805,-2605,-3006,-2937
3/13/2026 10:59,0,0,0,0,0,0,0,0,-2817,-3003,-3004,-2801,-2806,-2804,-3007,-2202,-5,-3508,-4,-5,-2890,-3007,-2807,-4,-3005,0,-3,-4,-2804,-2607,-3005,-2996
3/13/2026 10:59,0,0,0,0,0,0,0,0,-2805,-3005,-3003,-2804,-2804,-2805,-3009,-2203,-4,-3509,-4,-5,-2895,-3003,-2803,-3,-3005,0,-4,-4,-2802,-2606,-3009,-3003
3/13/2026 10:59,0,0,0,0,0,0,0,0,-2802,-3001,-3003,-2802,-2803,-2801,-3007,-2203,-4,-3505,-4,-5,-2897,-3003,-2805,-3,-3007,0,-4,-4,-2804,-2606,-3009,-3004
3/13/2026 10:59,0,0,0,0,0,0,0,0,-2805,-3005,-3004,-2803,-2802,-2805,-3008,-2205,-5,-3508,-4,-5,-2899,-3005,-2803,-3,-3006,0,-5,-4,-2804,-2607,-3009,-3008
3/13/2026 10:59,0,0,0,0,0,0,0,0,-2807,-3005,-3003,-2802,-2802,-2804,-3006,-2058,-4,-3506,-4,-5,-2984,-3001,-2876,-5,-3009,0,-6,-4,-2805,-2604,-3007,-3010
3/13/2026 10:59,0,0,0,0,0,0,0,0,-2808,-3006,-3003,-2805,-2804,-2807,-3005,-2013,-4,-3506,-5,-4,-3002,-3004,-2890,-6,-3007,0,-7,-4,-2806,-2602,-3005,-3009
3/13/2026 10:59,0,0,0,0,0,0,0,0,-2808,-3005,-3006,-2807,-2804,-2806,-3004,-2006,-5,-3503,-5,-4,-3005,-3007,-2895,-7,-3008,0,-7,-5,-2808,-2603,-3003,-3006
3/13/2026 10:59,0,0,0,0,0,0,0,0,-2806,-3006,-3009,-2807,-2807,-2805,-3000,-2006,-5,-3503,-6,-5,-3004,-3007,-2893,-7,-3007,0,-7,-6,-2806,-2602,-3005,-3007
3/13/2026 10:59,0,0,0,0,0,0,0,0,-2805,-3006,-3008,-2807,-2807,-2808,-3001,-2005,-5,-3506,-7,-6,-3003,-3007,-2895,-7,-3008,0,-6,-7,-2807,-2603,-3003,-3008
3/13/2026 11:00,0,0,0,0,0,0,0,0,-2805,-3007,-3006,-2806,-2807,-2804,-3005,-2003,-6,-3500,-7,-6,-3003,-3005,-2896,-6,-3006,0,-5,-7,-2804,-2602,-3002,-3006
3/13/2026 11:00,0,0,0,0,0,0,0,0,-2803,-2946,-2992,-2806,-2729,-2730,-2961,-1928,-601,-3504,-6,-6,-2974,-2950,-2877,-5,-2950,0,-4,-7,-2803,-2601,-2992,-2912
3/13/2026 11:00,0,0,0,0,0,0,0,0,-2802,-2822,-2824,-2805,-2632,-2617,-2824,-1825,-2139,-3505,-5,-6,-2801,-2824,-2814,-5,-2822,0,-4,-6,-2801,-2604,-2824,-2645
3/13/2026 11:00,0,0,0,0,0,0,0,0,-2682,-2807,-2807,-2804,-2607,-2606,-2810,-1803,-2465,-3505,-5,-5,-2625,-2809,-2647,-5,-2808,0,-4,-6,-2797,-2605,-2806,-2609
3/13/2026 11:00,0,0,0,0,0,0,0,0,-2625,-2804,-2805,-2804,-2606,-2605,-2807,-1801,-2424,-3508,-5,-5,-2608,-2806,-2613,-4,-2807,0,-3,-5,-2738,-2608,-2806,-2602
3/13/2026 11:00,0,0,0,0,0,0,0,0,-2608,-2802,-2802,-2802,-2605,-2601,-2805,-1802,-2407,-3507,-4,-5,-2603,-2805,-2605,-4,-2804,0,-4,-5,-2665,-2608,-2805,-2603
3/13/2026 11:00,0,0,0,0,0,0,0,0,-2606,-2698,-2710,-2697,-2550,-2533,-2707,-1743,-2319,-3515,-360,-5,-2606,-2686,-2606,-4,-2696,0,-4,-5,-2616,-2473,-2718,-2607
3/13/2026 11:00,0,0,0,0,0,0,0,0,-2604,-2619,-2615,-2614,-2569,-2417,-2627,-1693,-2215,-3505,-2175,-5,-2605,-2618,-2602,-4,-2621,0,-4,-3,-2605,-2417,-2620,-2605
3/13/2026 11:00,0,0,0,0,0,0,0,0,-2607,-2604,-2702,-2606,-2597,-2408,-2765,-1791,-2205,-3508,-2378,-5,-2609,-2604,-2603,-4,-2608,0,-5,-4,-2606,-2408,-2609,-2604
3/13/2026 11:00,0,0,0,0,0,0,0,0,-2604,-2601,-2765,-2601,-2600,-2400,-2799,-1804,-2201,-3504,-2430,-5,-2606,-2602,-2600,-5,-2604,0,-6,-4,-2604,-2404,-2604,-2604
3/13/2026 11:00,0,0,0,0,0,0,0,0,-2442,-2504,-2638,-2437,-2437,-2408,-2634,-1633,-2205,-3510,-2410,-2037,-2436,-2448,-2431,-6,-2447,0,-7,-4,-2437,-2246,-2533,-2438
3/13/2026 11:00,0,0,0,0,0,0,0,0,-2410,-2423,-2611,-2409,-2408,-2405,-2608,-1611,-2201,-3503,-2407,-2495,-2412,-2407,-2407,-6,-2514,0,-7,-5,-2412,-2208,-2594,-2411
3/13/2026 11:00,0,0,0,0,0,0,0,0,-2407,-2410,-2607,-2410,-2407,-2406,-2605,-1605,-2205,-3507,-2408,-2596,-2406,-2406,-2403,-7,-2495,0,-6,-6,-2407,-2205,-2603,-2409
3/13/2026 11:00,0,0,0,0,0,0,0,0,-2403,-2406,-2607,-2405,-2407,-2406,-2603,-1602,-2203,-3503,-2406,-2601,-2401,-2404,-2402,-6,-2480,0,-6,-7,-2402,-2202,-2601,-2403
3/13/2026 11:00,0,0,0,0,0,0,0,0,-2404,-2405,-2563,-2405,-2388,-2380,-2549,-1551,-2180,-3505,-2390,-2555,-2355,-2406,-2373,-6,-2481,0,-5,-209,-2402,-2203,-2560,-2358
3/13/2026 11:00,0,0,0,0,0,0,0,0,-2404,-2404,-2425,-2403,-2229,-2227,-2432,-1428,-2026,-3506,-2227,-2435,-2230,-2230,-2327,-6,-2412,0,-5,-2106,-2404,-2205,-2423,-2231
3/13/2026 11:00,0,0,0,0,0,0,0,0,-2402,-2406,-2408,-2404,-2209,-2208,-2410,-1406,-2009,-3504,-2207,-2409,-2205,-2208,-2361,-5,-2405,0,-4,-2551,-2405,-2204,-2405,-2207
3/13/2026 11:00,0,0,0,0,0,0,0,0,-2402,-2405,-2405,-2402,-2205,-2205,-2406,-1402,-2004,-3507,-2205,-2405,-2202,-2205,-2329,-4,-2404,0,-4,-2599,-2402,-2204,-2405,-2204
3/13/2026 11:00,0,0,0,0,0,0,0,0,-2402,-2406,-2404,-2404,-2203,-2203,-2408,-1403,-2004,-3504,-2203,-2404,-2203,-2204,-2315,-4,-2404,0,-4,-2603,-2403,-2207,-2406,-2202
3/13/2026 11:00,0,0,0,0,0,0,0,0,-2402,-2403,-2404,-2405,-2203,-2204,-2408,-1404,-2005,-3507,-2204,-2404,-2204,-2203,-2310,-3,-2405,0,-3,-2603,-2403,-2208,-2405,-2203
3/13/2026 11:00,0,0,0,0,0,0,0,0,-2402,-2402,-2402,-2403,-2202,-2205,-2406,-1406,-2005,-3505,-2205,-2402,-2204,-2204,-2309,-3,-2404,0,-3,-2601,-2403,-2209,-2404,-2201
3/13/2026 11:00,0,0,0,0,0,0,0,0,-2405,-2403,-2402,-2403,-2204,-2206,-2405,-1407,-2004,-3507,-2205,-2406,-2206,-2206,-2310,-3,-2406,0,-4,-2603,-2404,-2207,-2406,-2205
3/13/2026 11:00,0,0,0,0,0,0,0,0,-2407,-2402,-2403,-2401,-2202,-2205,-2404,-1405,-2002,-3508,-2200,-2402,-2205,-2204,-2308,-4,-2404,0,-5,-2602,-2406,-2207,-2407,-2205
3/13/2026 11:00,0,0,0,0,0,0,0,0,-2407,-2405,-2404,-2402,-2203,-2203,-2402,-1406,-2003,-3508,-2204,-2405,-2206,-2202,-2307,-5,-2404,0,-6,-2603,-2405,-2203,-2405,-2206
3/13/2026 11:00,0,0,0,0,0,0,0,0,-2408,-2405,-2409,-2407,-2203,-2206,-2401,-1404,-2004,-3505,-2203,-2404,-2206,-2202,-2304,-6,-2405,0,-7,-2604,-2406,-2203,-2405,-2206
3/13/2026 11:00,0,0,0,0,0,0,0,0,-2407,-2406,-2407,-2408,-2203,-2206,-2400,-1405,-2004,-3505,-2206,-2402,-2206,-2205,-2323,-6,-2406,0,-7,-2604,-2405,-2202,-2405,-2205
3/13/2026 11:00,0,0,0,0,0,0,0,0,-2408,-2407,-2410,-2408,-2207,-2208,-2402,-1403,-2005,-3505,-2207,-2404,-2204,-2207,-2329,-6,-2403,0,-7,-2605,-2405,-2204,-2404,-2205
3/13/2026 11:00,0,0,0,0,0,0,0,0,-2404,-2403,-2404,-2406,-2208,-2207,-2402,-1400,-2004,-3504,-2207,-2404,-2202,-2204,-2311,-7,-2401,0,-6,-2605,-2404,-2199,-2403,-2205
3/13/2026 11:00,0,0,0,0,0,0,0,0,-2403,-2405,-2406,-2406,-2207,-2206,-2404,-1400,-2004,-3504,-2206,-2404,-2199,-2207,-2308,-6,-2405,0,-5,-2604,-2405,-2201,-2403,-2203
3/13/2026 11:00,0,0,0,0,0,0,0,0,-2404,-2405,-2404,-2343,-2206,-2205,-2405,-1400,-2004,-3503,-2204,-2404,-2201,-2240,-2338,-6,-2402,0,-4,-2606,-2402,-2200,-2405,-2202
3/13/2026 11:01,0,0,0,0,0,0,0,0,-2404,-2405,-2402,-2218,-2205,-2205,-2405,-1401,-2005,-3505,-2204,-2406,-2201,-2300,-2399,-5,-2404,0,-301,-2605,-2403,-2203,-2405,-2201
3/13/2026 11:01,0,0,0,0,0,0,0,0,-2400,-2403,-2403,-2204,-2204,-2203,-2406,-1399,-2004,-3506,-2204,-2405,-2244,-2362,-2406,-4,-2404,0,-479,-2604,-2403,-2202,-2404,-2202
3/13/2026 11:01,0,0,0,0,0,0,0,0,-2402,-2401,-2401,-2202,-2204,-2203,-2408,-1400,-2002,-3506,-2205,-2406,-2283,-2397,-2405,-4,-2402,0,-498,-2606,-2404,-2205,-2406,-2202
3/13/2026 11:01,0,0,0,0,0,0,0,0,-2267,-2401,-2402,-2203,-2204,-2203,-2408,-1401,-2005,-3509,-2205,-2415,-2369,-2403,-2406,-4,-2403,0,-649,-2606,-2257,-2207,-2407,-2351
3/13/2026 11:01,0,0,0,0,0,0,0,0,-2210,-2403,-2401,-2201,-2205,-2201,-2406,-1401,-2003,-3504,-2203,-2404,-2401,-2402,-2405,-4,-2405,0,-965,-2603,-2208,-2205,-2407,-2342
3/13/2026 11:01,0,0,0,0,0,0,0,0,-2208,-2402,-2400,-2203,-2203,-2203,-2404,-1402,-2005,-3505,-2203,-2405,-2405,-2404,-2401,-4,-2405,0,-996,-2605,-2203,-2206,-2409,-2249
3/13/2026 11:01,0,0,0,0,0,0,0,0,-2207,-2402,-2403,-2202,-2203,-2204,-2406,-1403,-2003,-3509,-2204,-2404,-2375,-2401,-2403,-4,-2404,0,-1445,-2603,-2203,-2204,-2406,-2212
3/13/2026 11:01,0,0,0,0,0,0,0,0,-2207,-2402,-2404,-2203,-2203,-2205,-2402,-1404,-2003,-3506,-2202,-2405,-2276,-2403,-2402,-5,-2405,0,-1495,-2605,-2203,-2206,-2409,-2205
3/13/2026 11:01,0,0,0,0,0,0,0,0,-2207,-2403,-2404,-2203,-2203,-2204,-2402,-1403,-2002,-3507,-2203,-2405,-2214,-2404,-2400,-5,-2404,0,-1504,-2605,-2205,-2203,-2406,-2205
3/13/2026 11:01,0,0,0,0,0,0,0,0,-2207,-2405,-2406,-2205,-2204,-2204,-2400,-1401,-2004,-3504,-2206,-2403,-2368,-2402,-2239,-5,-2404,0,-1506,-2604,-2206,-2204,-2404,-2207
3/13/2026 11:01,0,0,0,0,0,0,0,0,-2207,-2407,-2406,-2207,-2206,-2205,-2401,-1403,-2004,-3507,-2204,-2403,-2397,-2403,-2209,-6,-2403,0,-1506,-2604,-2208,-2204,-2405,-2208
3/13/2026 11:01,0,0,0,0,0,0,0,0,-2206,-2407,-2406,-2207,-2205,-2204,-2401,-1401,-2003,-3503,-2205,-2406,-2402,-2404,-2205,-6,-2402,0,-1506,-2605,-2203,-2203,-2402,-2207
3/13/2026 11:01,0,0,0,0,0,0,0,0,-2204,-2408,-2405,-2207,-2206,-2204,-2404,-1401,-2003,-3507,-2206,-2405,-2402,-2406,-2205,-7,-2402,0,-1504,-2607,-2203,-2202,-2402,-2203
3/13/2026 11:01,0,0,0,0,0,0,0,0,-2205,-2408,-2406,-2206,-2207,-2202,-2404,-1401,-2004,-3505,-2208,-2405,-2402,-2407,-2207,-6,-2403,0,-1731,-2609,-2202,-2203,-2401,-2204
3/13/2026 11:01,0,0,0,0,0,0,0,0,-2202,-2406,-2405,-2206,-2206,-2204,-2405,-1400,-2006,-3504,-2206,-2405,-2402,-2407,-2207,-6,-2404,0,-1950,-2606,-2205,-2203,-2403,-2204
3/13/2026 11:01,0,0,0,0,0,0,0,0,-2202,-2403,-2402,-2202,-2206,-2202,-2405,-1400,-2004,-3503,-2205,-2406,-2400,-2403,-2206,-5,-2402,0,-1997,-2605,-2204,-2204,-2403,-2205
3/13/2026 11:01,0,0,0,0,0,0,0,0,-2201,-2406,-2403,-2202,-2206,-2206,-2406,-1400,-2004,-3507,-2206,-2407,-2402,-2406,-2207,-4,-2406,0,-2003,-2607,-2202,-2207,-2404,-2203
3/13/2026 11:01,0,0,0,0,0,0,0,0,-2201,-2406,-2402,-2202,-2203,-2205,-2407,-1401,-2003,-3505,-2204,-2406,-2403,-2406,-2206,-4,-2402,0,-2002,-2606,-2204,-2207,-2404,-2203
3/13/2026 11:01,0,0,0,0,0,0,0,0,-2202,-2405,-2404,-2202,-2204,-2205,-2406,-1402,-2004,-3506,-2205,-2404,-2403,-2406,-2205,-4,-2406,0,-2001,-2605,-2202,-2207,-2407,-2200
3/13/2026 11:01,0,0,0,0,0,0,0,0,-2205,-2403,-2403,-2201,-2203,-2204,-2405,-1404,-2002,-3508,-2204,-2404,-2406,-2403,-2204,-4,-2407,0,-2001,-2605,-2202,-2209,-2408,-2203
3/13/2026 11:01,0,0,0,0,0,0,0,0,-2204,-2402,-2404,-2202,-2202,-2202,-2405,-1405,-2003,-3510,-2202,-2404,-2406,-2402,-2204,-4,-2406,0,-2439,-2500,-2202,-2206,-2406,-2254
3/13/2026 11:01,0,0,0,0,0,0,0,0,-2204,-2402,-2405,-2201,-2201,-2203,-2405,-1404,-2003,-3509,-2204,-2404,-2404,-2403,-2203,-3,-2408,0,-2492,-2421,-2202,-2208,-2407,-2386
3/13/2026 11:01,0,0,0,0,0,0,0,0,-2206,-2402,-2404,-2203,-2200,-2203,-2403,-1405,-2005,-3508,-2204,-2405,-2406,-2404,-2202,-4,-2408,0,-2505,-2407,-2205,-2205,-2408,-2403
3/13/2026 11:01,0,0,0,0,0,0,0,0,-2206,-2404,-2405,-2204,-2202,-2204,-2404,-1404,-2005,-3508,-2203,-2404,-2407,-2403,-2202,-4,-2407,0,-2507,-2403,-2206,-2205,-2405,-2406
3/13/2026 11:01,0,0,0,0,0,0,0,0,-2207,-2403,-2406,-2204,-2203,-2203,-2404,-1405,-2001,-3506,-2201,-2404,-2405,-2404,-2203,-5,-2404,0,-2504,-2403,-2205,-2202,-2406,-2408
3/13/2026 11:01,0,0,0,0,0,0,0,0,-2205,-2405,-2406,-2204,-2203,-2207,-2404,-1405,-2002,-3506,-2204,-2402,-2406,-2403,-2201,-6,-2404,0,-2711,-2402,-2205,-2204,-2404,-2406
3/13/2026 11:01,0,0,0,0,0,0,0,0,-2207,-2406,-2405,-2207,-2204,-2207,-2401,-1403,-2003,-3507,-2205,-2403,-2403,-2403,-2202,-6,-2405,0,-2972,-2404,-2206,-2203,-2403,-2406
3/13/2026 11:01,0,0,0,0,0,0,0,0,-2205,-2408,-2407,-2206,-2204,-2204,-2403,-1403,-2004,-3504,-2207,-2404,-2404,-2404,-2204,-7,-2404,0,-3006,-2404,-2206,-2203,-2403,-2406
3/13/2026 11:01,0,0,0,0,0,0,0,0,-2205,-2406,-2404,-2207,-2205,-2205,-2403,-1402,-2004,-3506,-2207,-2404,-2403,-2404,-2204,-7,-2403,0,-3123,-2408,-2205,-2203,-2402,-2406
3/13/2026 11:01,0,0,0,0,0,0,0,0,-2204,-2408,-2404,-2206,-2205,-2208,-2405,-1401,-2004,-3503,-2206,-2406,-2405,-2407,-2204,-6,-2405,0,-3466,-2406,-2203,-2204,-2403,-2406
3/13/2026 11:02,0,0,0,0,0,0,0,0,-2202,-2405,-2404,-2203,-2206,-2205,-2406,-1401,-2005,-3506,-2205,-2405,-2404,-2406,-2204,-6,-2405,0,-3503,-2405,-2205,-2203,-2403,-2403
3/13/2026 11:02,0,0,0,0,0,0,0,0,-2203,-2405,-2401,-2203,-2204,-2204,-2407,-1401,-2005,-3504,-2207,-2404,-2402,-2407,-2206,-5,-2403,0,-3504,-2407,-2204,-2205,-2401,-2406
3/13/2026 11:02,0,0,0,0,0,0,0,0,-2201,-2403,-2405,-2203,-2203,-2205,-2408,-1400,-2005,-3504,-2206,-2405,-2402,-2405,-2204,-5,-2405,0,-3505,-2408,-2205,-2205,-2406,-2405
3/13/2026 11:02,0,0,0,0,0,0,0,0,-2202,-2402,-2400,-2203,-2204,-2205,-2406,-1401,-2005,-3505,-2205,-2407,-2403,-2405,-2204,-5,-2404,0,-3503,-2407,-2205,-2208,-2404,-2404
3/13/2026 11:02,0,0,0,0,0,0,0,0,-2203,-2404,-2401,-2204,-2204,-2206,-2408,-1401,-2004,-3503,-2204,-2407,-2402,-2405,-2205,-4,-2405,0,-3506,-2406,-2205,-2209,-2405,-2403
3/13/2026 11:02,0,0,0,0,0,0,0,0,-2201,-2403,-2400,-2203,-2203,-2203,-2407,-1403,-2002,-3508,-2205,-2404,-2403,-2404,-2203,-4,-2403,0,-3504,-2405,-2202,-2208,-2406,-2402
3/13/2026 11:02,0,0,0,0,0,0,0,0,-2201,-2402,-2402,-2202,-2203,-2203,-2408,-1404,-2005,-3508,-2206,-2467,-2404,-2404,-2202,-203,-2404,0,-3503,-2406,-2203,-2157,-2409,-2403
3/13/2026 11:02,0,0,0,0,0,0,0,0,-2203,-2402,-2402,-2202,-2201,-2206,-2407,-1404,-2005,-3507,-2205,-2590,-2404,-2405,-2204,-465,-2406,0,-3505,-2404,-2204,-2024,-2406,-2403
3/13/2026 11:02,0,0,0,0,0,0,0,0,-2205,-2402,-2405,-2200,-2201,-2204,-2404,-1404,-2004,-3507,-2205,-2602,-2405,-2404,-2202,-493,-2405,0,-3503,-2404,-2204,-2009,-2407,-2403
3/13/2026 11:02,0,0,0,0,0,0,0,0,-2206,-2401,-2403,-2202,-2201,-2202,-2403,-1405,-2004,-3508,-2203,-2606,-2406,-2403,-2201,-499,-2405,0,-3507,-2402,-2203,-2006,-2407,-2404
3/13/2026 11:02,0,0,0,0,0,0,0,0,-2205,-2401,-2404,-2203,-2203,-2203,-2403,-1405,-2003,-3509,-2203,-2605,-2407,-2266,-2203,-882,-2405,0,-3505,-2403,-2204,-2165,-2406,-2405
3/13/2026 11:02,0,0,0,0,0,0,0,0,-2206,-2402,-2403,-2202,-2202,-2202,-2404,-1405,-2003,-3505,-2202,-2604,-2408,-2210,-2202,-987,-2407,0,-3505,-2404,-2203,-2198,-2408,-2406
3/13/2026 11:02,0,0,0,0,0,0,0,0,-2206,-2401,-2403,-2203,-2203,-2203,-2402,-1405,-2005,-3506,-2202,-2603,-2408,-2203,-2201,-999,-2407,0,-3509,-2404,-2204,-2204,-2407,-2403
3/13/2026 11:02,0,0,0,0,0,0,0,0,-2208,-2403,-2404,-2203,-2203,-2203,-2402,-1405,-2005,-3508,-2204,-2603,-2407,-2204,-2200,-1001,-2404,0,-3507,-2404,-2205,-2203,-2408,-2406
3/13/2026 11:02,0,0,0,0,0,0,0,0,-2205,-2402,-2406,-2204,-2203,-2203,-2402,-1405,-2003,-3506,-2203,-2605,-2405,-2203,-2200,-1393,-2404,0,-3507,-2402,-2206,-2204,-2406,-2406
3/13/2026 11:02,0,0,0,0,0,0,0,0,-2205,-2403,-2407,-2206,-2204,-2204,-2401,-1406,-2003,-3508,-2203,-2604,-2405,-2204,-2201,-1481,-2403,0,-3506,-2403,-2206,-2202,-2405,-2406
3/13/2026 11:02,0,0,0,0,0,0,0,0,-2365,-2404,-2407,-2207,-2205,-2205,-2402,-1405,-2001,-3504,-2202,-2448,-2405,-2203,-2201,-1500,-2403,0,-3508,-2404,-2206,-2202,-2404,-2408
3/13/2026 11:02,0,0,0,0,0,0,0,0,-2354,-2403,-2407,-2207,-2204,-2205,-2404,-1405,-2005,-3508,-2205,-2407,-2405,-2204,-2202,-1503,-2403,0,-3510,-2405,-2205,-2200,-2406,-2408
3/13/2026 11:02,0,0,0,0,0,0,0,0,-2301,-2404,-2407,-2206,-2207,-2203,-2403,-1405,-2003,-3506,-2204,-2404,-2404,-2204,-2203,-1504,-2402,0,-3508,-2404,-2204,-2201,-2404,-2406
3/13/2026 11:02,0,0,0,0,0,0,0,0,-2237,-2405,-2405,-2206,-2206,-2207,-2402,-1404,-2003,-3506,-2206,-2403,-2403,-2205,-2205,-1504,-2405,0,-3511,-2405,-2204,-2184,-2404,-2406
3/13/2026 11:02,0,0,0,0,0,0,0,0,-2209,-2408,-2403,-2205,-2205,-2205,-2401,-1402,-2002,-3503,-2207,-2404,-2403,-2203,-2205,-1503,-2402,0,-3505,-2403,-2205,-2174,-2403,-2407
3/13/2026 11:02,0,0,0,0,0,0,0,0,-2278,-2406,-2404,-2204,-2205,-2206,-2404,-1403,-2003,-3506,-2207,-2405,-2403,-2206,-2205,-1503,-2402,0,-3508,-2405,-2205,-2195,-2401,-2237
3/13/2026 11:02,0,0,0,0,0,0,0,0,-2264,-2406,-2402,-2205,-2206,-2206,-2406,-1402,-2004,-3504,-2205,-2406,-2401,-2206,-2207,-1503,-2404,0,-3508,-2408,-2207,-2201,-2402,-2210
3/13/2026 11:02,0,0,0,0,0,0,0,0,-2232,-2404,-2400,-2206,-2205,-2206,-2406,-1401,-2006,-3505,-2205,-2404,-2403,-2207,-2206,-1598,-2404,0,-3508,-2407,-2204,-2180,-2402,-2204
3/13/2026 11:02,0,0,0,0,0,0,0,0,-2205,-2404,-2401,-2203,-2204,-2207,-2406,-1403,-2006,-3504,-2204,-2404,-2403,-2208,-2206,-1959,-2403,0,-3506,-2406,-2202,-2148,-2402,-2201
3/13/2026 11:02,0,0,0,0,0,0,0,0,-2201,-2405,-2401,-2201,-2204,-2205,-2407,-1401,-2005,-3507,-2205,-2405,-2404,-2207,-2205,-1995,-2405,0,-3506,-2404,-2205,-2085,-2404,-2201
3/13/2026 11:02,0,0,0,0,0,0,0,0,-2201,-2402,-2402,-2201,-2204,-2203,-2407,-1402,-2005,-3505,-2204,-2402,-2405,-2205,-2206,-2003,-2403,0,-3503,-2403,-2202,-2042,-2404,-2201
3/13/2026 11:02,0,0,0,0,0,0,0,0,-2203,-2402,-2403,-2202,-2205,-2203,-2408,-1403,-2003,-3507,-2206,-2404,-2346,-2205,-2205,-2003,-2404,0,-3504,-2405,-2203,-2021,-2405,-2202
3/13/2026 11:02,0,0,0,0,0,0,0,0,-2202,-2403,-2403,-2203,-2204,-2201,-2405,-1405,-2005,-3507,-2205,-2403,-2322,-2202,-2204,-2002,-2405,0,-3502,-2405,-2201,-2007,-2406,-2202
3/13/2026 11:02,0,0,0,0,0,0,0,0,-2204,-2404,-2403,-2202,-2202,-2203,-2403,-1405,-2005,-3506,-2203,-2404,-2261,-2204,-2205,-2000,-2405,0,-3506,-2404,-2203,-2006,-2408,-2202
3/13/2026 11:03,0,0,0,0,0,0,0,0,-2204,-2402,-2406,-2203,-2201,-2203,-2402,-1406,-2004,-3504,-2202,-2404,-2210,-2205,-2204,-2001,-2407,0,-3506,-2403,-2202,-2004,-2407,-2202
3/13/2026 11:03,0,0,0,0,0,0,0,0,-2205,-2401,-2403,-2203,-2201,-2204,-2401,-1406,-2003,-3508,-2203,-2402,-2206,-2203,-2202,-2001,-2349,0,-3505,-2403,-2202,-2003,-2406,-2201
3/13/2026 11:03,0,0,0,0,0,0,0,0,-2207,-2403,-2407,-2204,-2204,-2203,-2402,-1406,-2005,-3507,-2203,-2404,-2206,-2206,-2205,-2367,-2307,0,-3506,-2404,-2205,-2005,-2405,-2204
3/13/2026 11:03,0,0,0,0,0,0,0,0,-2207,-2401,-2407,-2206,-2203,-2184,-2402,-1406,-2005,-3508,-2202,-2402,-2204,-2203,-2201,-2492,-2235,0,-3507,-2401,-2204,-2003,-2404,-2203
3/13/2026 11:03,0,0,0,0,0,0,0,0,-2205,-2402,-2407,-2206,-2205,-2175,-2401,-1405,-2005,-3508,-2202,-2403,-2204,-2203,-2202,-2505,-2210,0,-3509,-2404,-2206,-2002,-2402,-2204
3/13/2026 11:03,0,0,0,0,0,0,0,0,-2205,-2402,-2405,-2207,-2203,-2132,-2403,-1403,-2003,-3506,-2202,-2402,-2206,-2201,-2202,-2506,-2204,0,-3507,-2403,-2203,-2002,-2403,-2205
3/13/2026 11:03,0,0,0,0,0,0,0,0,-2204,-2407,-2407,-2204,-2206,-2071,-2403,-1405,-2005,-3506,-2204,-2405,-2204,-2204,-2205,-2509,-2205,0,-3506,-2402,-2205,-2003,-2405,-2206
3/13/2026 11:03,0,0,0,0,0,0,0,0,-2203,-2373,-2404,-2205,-2205,-2030,-2403,-1404,-2004,-3506,-2204,-2403,-2203,-2205,-2204,-2732,-2202,0,-3508,-2402,-2206,-2003,-2404,-2206
3/13/2026 11:03,0,0,0,0,0,0,0,0,-2204,-2351,-2404,-2207,-2208,-2010,-2403,-1402,-2003,-3505,-2205,-2403,-2202,-2205,-2207,-2954,-2205,0,-3508,-2403,-2206,-2001,-2402,-2208
3/13/2026 11:03,0,0,0,0,0,0,0,0,-2201,-2298,-2405,-2206,-2207,-2006,-2403,-1403,-2004,-3504,-2206,-2402,-2201,-2205,-2205,-2998,-2204,0,-3510,-2404,-2205,-2002,-2402,-2205
3/13/2026 11:03,0,0,0,0,0,0,0,0,-2203,-2244,-2402,-2205,-2208,-2005,-2404,-1401,-2005,-3503,-2206,-2402,-2203,-2204,-2207,-3006,-2205,0,-3508,-2404,-2204,-2003,-2401,-2203
3/13/2026 11:03,0,0,0,0,0,0,0,0,-2201,-2223,-2405,-2203,-2206,-2005,-2405,-1401,-2005,-3505,-2207,-2404,-2201,-2206,-2208,-3005,-2205,0,-3504,-2407,-2204,-2003,-2349,-2203
3/13/2026 11:03,0,0,0,0,0,0,0,0,-2202,-2292,-2250,-2203,-2205,-2007,-2406,-1402,-2006,-3506,-2204,-2406,-2203,-2206,-2206,-3006,-2204,0,-3508,-2406,-2204,-2004,-2388,-2203
3/13/2026 11:03,0,0,0,0,0,0,0,0,-2201,-2246,-2206,-2202,-2204,-2003,-2406,-1401,-2002,-3504,-2204,-2405,-2202,-2207,-2206,-3219,-2204,0,-3504,-2405,-2203,-2005,-2400,-2202
3/13/2026 11:03,0,0,0,0,0,0,0,0,-2202,-2208,-2202,-2203,-2205,-2005,-2409,-1401,-2004,-3505,-2203,-2404,-2203,-2206,-2204,-3475,-2203,0,-3508,-2407,-2204,-2007,-2404,-2202
3/13/2026 11:03,0,0,0,0,0,0,0,0,-2201,-2204,-2203,-2202,-2204,-2004,-2406,-1401,-2004,-3505,-2205,-2403,-2204,-2206,-2207,-3501,-2204,0,-3504,-2404,-2203,-2005,-2380,-2203
3/13/2026 11:03,0,0,0,0,0,0,0,0,-2202,-2204,-2203,-2201,-2204,-2004,-2403,-1403,-2006,-3503,-2204,-2405,-2203,-2203,-2205,-3505,-2206,0,-3503,-2404,-2204,-2006,-2298,-2204
3/13/2026 11:03,0,0,0,0,0,0,0,0,-2202,-2201,-2205,-2201,-2202,-2002,-2404,-1393,-2004,-3507,-2205,-2405,-2205,-2204,-2204,-3504,-2206,0,-3505,-2405,-2204,-2006,-2248,-2202
3/13/2026 11:03,0,0,0,0,0,0,0,0,-2204,-2202,-2203,-2201,-2203,-2003,-2405,-1376,-2003,-3509,-2204,-2404,-2205,-2202,-2205,-3503,-2206,0,-3505,-2404,-2205,-2006,-2213,-2201
3/13/2026 11:03,0,0,0,0,0,0,0,0,-2206,-2199,-2203,-2201,-2204,-2001,-2404,-1310,-2002,-3509,-2202,-2405,-2206,-2202,-2203,-3506,-2206,0,-3505,-2403,-2202,-2004,-2209,-2201
3/13/2026 11:03,0,0,0,0,0,0,0,0,-2206,-2203,-2205,-2201,-2202,-2003,-2404,-1273,-2006,-3506,-2202,-2404,-2206,-2202,-2202,-3506,-2207,0,-3505,-2404,-2204,-2004,-2208,-2203
3/13/2026 11:03,0,0,0,0,0,0,0,0,-2205,-2202,-2206,-2202,-2204,-2005,-2401,-1229,-1967,-3508,-2203,-2404,-2207,-2202,-2202,-3506,-2207,0,-3506,-2402,-2204,-2005,-2208,-2204
3/13/2026 11:03,0,0,0,0,0,0,0,0,-2206,-2202,-2207,-2203,-2202,-2001,-2403,-1208,-1948,-3510,-2202,-2404,-2207,-2204,-2203,-3506,-2206,0,-3505,-2402,-2205,-2005,-2207,-2203
3/13/2026 11:03,0,0,0,0,0,0,0,0,-2205,-2200,-2206,-2205,-2203,-2003,-2402,-1205,-1892,-3508,-2200,-2404,-2206,-2203,-2204,-3506,-2207,0,-3508,-2401,-2204,-2005,-2204,-2204
3/13/2026 11:03,0,0,0,0,0,0,0,0,-2206,-2202,-2205,-2205,-2204,-2002,-2251,-1281,-1890,-3506,-2201,-2402,-2206,-2201,-2203,-3507,-2205,0,-3507,-2404,-2202,-2002,-2204,-2207
3/13/2026 11:03,0,0,0,0,0,0,0,0,-2206,-2200,-2205,-2206,-2206,-2005,-2221,-1341,-1812,-3505,-2202,-2405,-2205,-2202,-2203,-3509,-2204,0,-3507,-2402,-2205,-2002,-2204,-2207
3/13/2026 11:03,0,0,0,0,0,0,0,0,-2205,-2203,-2206,-2206,-2207,-2004,-2206,-1317,-1804,-3509,-2202,-2402,-2204,-2203,-2204,-3508,-2204,0,-3507,-2404,-2205,-2003,-2205,-2206
3/13/2026 11:03,0,0,0,0,0,0,0,0,-2205,-2204,-2207,-2206,-2207,-2005,-2201,-1258,-1803,-3508,-2202,-2404,-2205,-2202,-2202,-3506,-2204,0,-3508,-2402,-2206,-2003,-2204,-2206
3/13/2026 11:03,0,0,0,0,0,0,0,0,-2206,-2201,-2206,-2206,-2207,-2004,-2202,-1209,-1804,-3508,-2203,-2403,-2203,-2202,-2205,-3510,-2205,0,-3511,-2403,-2206,-2002,-2204,-2206
3/13/2026 11:03,0,0,0,0,0,0,0,0,-2205,-2204,-2204,-2206,-2204,-2004,-2201,-1203,-1801,-3502,-2119,-2403,-2203,-2202,-2202,-3509,-2202,0,-3510,-2401,-2206,-2000,-2203,-2206
3/13/2026 11:04,0,0,0,0,0,0,0,0,-2205,-2204,-2202,-2205,-2206,-2004,-2202,-1202,-1802,-3506,-2092,-2403,-2204,-2203,-2205,-3510,-2203,0,-3507,-2404,-2206,-2002,-2204,-2209
3/13/2026 11:04,0,0,0,0,0,0,0,0,-2204,-2206,-2203,-2203,-2206,-2004,-2201,-1202,-1802,-3504,-2050,-2387,-2203,-2204,-2208,-3507,-2203,0,-3508,-2402,-2206,-2001,-2202,-2208
3/13/2026 11:04,0,0,0,0,0,0,0,0,-2201,-2206,-2204,-2204,-2207,-2005,-2205,-1202,-1804,-3506,-2011,-2375,-2203,-2205,-2205,-3509,-2204,0,-3506,-2405,-2207,-2002,-2202,-2207
3/13/2026 11:04,0,0,0,0,0,0,0,0,-2201,-2206,-2202,-2204,-2207,-2005,-2207,-1200,-1802,-3506,-2006,-2339,-2202,-2204,-2206,-3506,-2205,0,-3509,-2403,-2205,-2003,-2202,-2205
3/13/2026 11:04,0,0,0,0,0,0,0,0,-2201,-2206,-2201,-2205,-2204,-2006,-2204,-1201,-1805,-3506,-2006,-2273,-2204,-2203,-2208,-3507,-2204,0,-3506,-2403,-2205,-2004,-2204,-2204
3/13/2026 11:04,0,0,0,0,0,0,0,0,-2201,-2206,-2201,-2204,-2174,-2004,-2206,-1200,-1805,-3506,-2007,-2220,-2204,-2206,-2206,-3508,-2203,0,-3506,-2406,-2203,-2004,-2202,-2205
3/13/2026 11:04,0,0,0,0,0,0,0,0,-2202,-2205,-2201,-2205,-2150,-2004,-2206,-1201,-1804,-3506,-2007,-2207,-2204,-2206,-2209,-3506,-2204,0,-3506,-2405,-2203,-2004,-2203,-2205
3/13/2026 11:04,0,0,0,0,0,0,0,0,-2201,-2204,-2201,-2204,-2091,-2004,-2207,-1201,-1804,-3504,-2007,-2204,-2203,-2204,-2207,-3507,-2203,0,-3507,-2405,-2202,-2003,-2201,-2205
3/13/2026 11:04,0,0,0,0,0,0,0,0,-2203,-2207,-2202,-2204,-2044,-2002,-2207,-1200,-1804,-3506,-2005,-2205,-2204,-2207,-2205,-3505,-2203,0,-3509,-2405,-2205,-2004,-2202,-2206
3/13/2026 11:04,0,0,0,0,0,0,0,0,-2200,-2204,-2203,-2202,-2015,-2004,-2208,-1200,-1804,-3504,-2008,-2204,-2201,-2206,-2205,-3507,-2204,0,-3507,-2405,-2203,-1946,-2200,-2205
3/13/2026 11:04,0,0,0,0,0,0,0,0,-2201,-2205,-2200,-2203,-2005,-2002,-2204,-1201,-1804,-3506,-2007,-2204,-2203,-2205,-2205,-3503,-2204,0,-3505,-2408,-2205,-1921,-2202,-2202
3/13/2026 11:04,0,0,0,0,0,0,0,0,-2201,-2205,-2201,-2201,-2004,-2004,-2206,-1201,-1803,-3505,-2005,-2204,-2204,-2204,-2206,-3508,-2204,0,-3505,-2406,-2203,-1850,-2202,-2202
3/13/2026 11:04,0,0,0,0,0,0,0,0,-2202,-2208,-2202,-2203,-2004,-2003,-2206,-1201,-1807,-3504,-2005,-2205,-2205,-2206,-2205,-3510,-2204,0,-3508,-2406,-2204,-1810,-2205,-2204
3/13/2026 11:04,0,0,0,0,0,0,0,0,-2202,-2205,-2203,-2145,-2004,-2001,-2207,-1202,-1804,-3503,-2006,-2204,-2203,-2203,-2204,-3508,-2203,0,-3506,-2404,-2203,-1807,-2203,-2202
3/13/2026 11:04,0,0,0,0,0,0,0,0,-2202,-2204,-2203,-2088,-2003,-2001,-2204,-1202,-1804,-3505,-2007,-2205,-2205,-2203,-2205,-3504,-2202,0,-3506,-2404,-2205,-1807,-2205,-2202
3/13/2026 11:04,0,0,0,0,0,0,0,0,-2204,-2206,-2202,-2044,-2004,-2003,-2205,-1203,-1805,-3504,-2004,-2205,-2205,-2203,-2205,-3505,-2204,0,-3503,-2406,-2187,-1804,-2205,-2203
3/13/2026 11:04,0,0,0,0,0,0,0,0,-2202,-2205,-2203,-2005,-2002,-2004,-2202,-1203,-1803,-3507,-2004,-2205,-2207,-2203,-2204,-3503,-2203,0,-3503,-2405,-2175,-1806,-2204,-2201
3/13/2026 11:04,0,0,0,0,0,0,0,0,-2203,-2203,-2203,-2001,-2004,-2002,-2204,-1202,-1806,-3507,-2004,-2203,-2206,-2205,-2203,-3507,-2203,0,-3502,-2404,-2126,-1806,-2203,-2202
3/13/2026 11:04,0,0,0,0,0,0,0,0,-2203,-2203,-2203,-2003,-2002,-2002,-2205,-1202,-1805,-3507,-2006,-2202,-2207,-2203,-2205,-3506,-2206,0,-3507,-2404,-2062,-1804,-2205,-2203
3/13/2026 11:04,0,0,0,0,0,0,0,0,-2166,-2206,-2204,-2002,-2002,-2001,-2204,-1204,-1804,-3504,-2005,-2205,-2207,-2204,-2204,-3505,-2205,0,-3504,-2406,-2020,-1805,-2206,-2202
3/13/2026 11:04,0,0,0,0,0,0,0,0,-2149,-2203,-2204,-2003,-2003,-2003,-2202,-1205,-1804,-3506,-2005,-2204,-2206,-2204,-2203,-3505,-2204,0,-3503,-2405,-2007,-1805,-2206,-2201
3/13/2026 11:04,0,0,0,0,0,0,0,0,-2080,-2204,-2204,-2003,-2003,-2002,-2202,-1205,-1803,-3506,-2004,-2204,-2207,-2203,-2202,-3505,-2204,0,-3503,-2404,-2003,-1805,-2204,-2201
3/13/2026 11:04,0,0,0,0,0,0,0,0,-2041,-2201,-2205,-2003,-2002,-2002,-2204,-1205,-1804,-3508,-2004,-2203,-2205,-2204,-2201,-3503,-2206,0,-3502,-2403,-2002,-1804,-2204,-2202
3/13/2026 11:04,0,0,0,0,0,0,0,0,-2019,-2204,-2208,-2004,-2003,-2002,-2203,-1206,-1805,-3508,-2004,-2203,-2207,-2204,-2139,-3504,-2205,0,-3506,-2403,-2004,-1805,-2204,-2202
3/13/2026 11:04,0,0,0,0,0,0,0,0,-2006,-2204,-2207,-2003,-2001,-2001,-2203,-1205,-1803,-3510,-2003,-2204,-2206,-2204,-2116,-3505,-2204,0,-3502,-2403,-2004,-1803,-2204,-2203
3/13/2026 11:04,0,0,0,0,0,0,0,0,-2005,-2203,-2207,-2003,-2003,-2000,-2201,-1205,-1803,-3510,-2003,-2205,-2208,-2202,-2050,-3505,-2206,0,-3506,-2403,-2003,-1803,-2205,-2203
3/13/2026 11:04,0,0,0,0,0,0,0,0,-2005,-2202,-2206,-2005,-2004,-2001,-2201,-1204,-1803,-3507,-2003,-2201,-2206,-2203,-2006,-3506,-2204,0,-3507,-2401,-2002,-1801,-2204,-2203
3/13/2026 11:04,0,0,0,0,0,0,0,0,-2005,-2203,-2208,-2006,-2005,-2003,-2201,-1204,-1804,-3508,-2002,-2203,-2206,-2117,-2002,-3505,-2205,0,-3509,-2402,-2004,-1801,-2205,-2203
3/13/2026 11:04,0,0,0,0,0,0,0,0,-2004,-2203,-2205,-2007,-2004,-2002,-2202,-1203,-1803,-3504,-2001,-2201,-2205,-2090,-2002,-3508,-2205,0,-3509,-2404,-2004,-1801,-2202,-2204
3/13/2026 11:04,0,0,0,0,0,0,0,0,-2006,-2204,-2206,-2007,-2005,-2003,-2202,-1204,-1801,-3507,-2002,-2204,-2191,-2046,-2003,-3506,-2203,0,-3509,-2404,-2005,-1801,-2203,-2206
3/13/2026 11:05,0,0,0,0,0,0,0,0,-2003,-2203,-2205,-2005,-2006,-2002,-2201,-1202,-1801,-3506,-2001,-2203,-2176,-2006,-2002,-3508,-2204,0,-3508,-2401,-2003,-1800,-2204,-2207
3/13/2026 11:05,0,0,0,0,0,0,0,0,-2005,-2205,-2205,-2007,-2006,-2003,-2202,-1202,-1801,-3506,-2003,-2203,-2117,-2004,-2002,-3508,-2205,0,-3505,-2404,-2006,-1799,-2203,-2208
3/13/2026 11:05,0,0,0,0,0,0,0,0,-2003,-2205,-2204,-2006,-2006,-2003,-2203,-1202,-1802,-3506,-2004,-2202,-2058,-2003,-2005,-3507,-2205,0,-3510,-2403,-2006,-1801,-2202,-2207
3/13/2026 11:05,0,0,0,0,0,0,0,0,-2004,-2208,-2204,-2004,-2005,-2003,-2203,-1202,-1803,-3506,-2003,-2204,-2038,-2003,-2006,-3507,-2204,0,-3511,-2404,-2006,-1801,-2204,-2180
3/13/2026 11:05,0,0,0,0,0,0,0,0,-2004,-2206,-2204,-2005,-2007,-2005,-2205,-1203,-1803,-3502,-2004,-2202,-2005,-2002,-2008,-3507,-2202,0,-3508,-2404,-2005,-1801,-2202,-2152
3/13/2026 11:05,0,0,0,0,0,0,0,0,-2003,-2209,-2204,-2005,-2005,-2005,-2203,-1202,-1803,-3503,-2005,-2203,-2003,-2003,-2006,-3508,-2204,0,-3506,-2405,-2005,-1802,-2203,-2104
3/13/2026 11:05,0,0,0,0,0,0,0,0,-2002,-2207,-2204,-2004,-2006,-2002,-2205,-1201,-1801,-3504,-2004,-2203,-2000,-2002,-2005,-3507,-2203,0,-3509,-2403,-2005,-1801,-2200,-2044
3/13/2026 11:05,0,0,0,0,0,0,0,0,-2000,-2207,-2202,-2003,-2005,-2004,-2207,-1201,-1802,-3506,-2006,-2204,-2001,-2005,-2006,-3509,-2201,0,-3509,-2370,-2005,-1801,-2201,-2016
3/13/2026 11:05,0,0,0,0,0,0,0,0,-2003,-2205,-2202,-2002,-2005,-2005,-2208,-1201,-1803,-3507,-2005,-2203,-2001,-2007,-2006,-3509,-2202,0,-3505,-2321,-2006,-1803,-2201,-2005
3/13/2026 11:05,0,0,0,0,0,0,0,0,-1999,-2204,-2201,-2002,-2003,-2003,-2206,-1200,-1802,-3502,-2005,-2204,-2001,-2006,-2004,-3508,-2202,0,-3507,-2253,-2006,-1802,-2202,-2003
3/13/2026 11:05,0,0,0,0,0,0,0,0,-2000,-2207,-2203,-2002,-2005,-2003,-2206,-1200,-1803,-3504,-2006,-2205,-2002,-2007,-2004,-3508,-2202,0,-3508,-2215,-2006,-1804,-2203,-2002
3/13/2026 11:05,0,0,0,0,0,0,0,0,-2000,-2206,-2204,-2003,-2004,-1935,-2207,-1201,-1804,-3506,-2005,-2204,-2000,-2006,-2005,-3506,-2203,0,-3508,-2206,-2005,-1806,-2203,-2004
3/13/2026 11:05,0,0,0,0,0,0,0,0,-2000,-2206,-2203,-2003,-2003,-1891,-2206,-1201,-1804,-3503,-2005,-2204,-2001,-2004,-2004,-3503,-2204,0,-3504,-2206,-2004,-1806,-2202,-2002
3/13/2026 11:05,0,0,0,0,0,0,0,0,-2001,-2204,-2203,-2002,-2002,-1842,-2206,-1188,-1803,-3507,-2005,-2203,-2003,-2007,-2003,-3507,-2203,0,-3504,-2206,-2004,-1805,-2202,-2003
3/13/2026 11:05,0,0,0,0,0,0,0,0,-2003,-2204,-2203,-2000,-2003,-1809,-2206,-1173,-1803,-3506,-2005,-2206,-2002,-2007,-2003,-3508,-2202,0,-3507,-2206,-2005,-1805,-2204,-2003
3/13/2026 11:05,0,0,0,0,0,0,0,0,-2003,-2205,-2202,-2001,-2001,-1803,-2204,-1105,-1805,-3505,-2005,-2205,-2002,-2005,-2003,-3507,-2202,0,-3506,-2205,-2003,-1807,-2204,-2002
3/13/2026 11:05,0,0,0,0,0,0,0,0,-2003,-2202,-2205,-2001,-2002,-1805,-2203,-1058,-1804,-3502,-2005,-2204,-2004,-2004,-2001,-3506,-2202,0,-3506,-2206,-2003,-1805,-2203,-2002
3/13/2026 11:05,0,0,0,0,0,0,0,0,-2002,-2202,-2207,-2001,-2003,-1804,-2203,-1026,-1805,-3507,-2006,-2203,-2005,-2004,-2004,-3507,-2204,0,-3504,-2204,-2003,-1805,-2170,-2002
3/13/2026 11:05,0,0,0,0,0,0,0,0,-2004,-2202,-2207,-2001,-2003,-1803,-2202,-1004,-1803,-3505,-2005,-2204,-2003,-2004,-2001,-3504,-2203,0,-3507,-2205,-2004,-1805,-2149,-2002
3/13/2026 11:05,0,0,0,0,0,0,0,0,-2004,-2205,-2208,-2002,-2002,-1804,-2205,-1003,-1803,-3507,-2004,-2205,-2004,-2003,-2001,-3506,-2205,0,-3503,-2204,-2003,-1805,-2094,-2001
3/13/2026 11:05,0,0,0,0,0,0,0,0,-2004,-2202,-2206,-2004,-2002,-1801,-2203,-1002,-1804,-3507,-2002,-2204,-2005,-2006,-2001,-3505,-2206,0,-3506,-2205,-2002,-1804,-2036,-2001
3/13/2026 11:05,0,0,0,0,0,0,0,0,-2004,-2157,-2206,-2005,-2002,-1803,-2203,-1003,-1804,-3508,-2004,-2204,-2005,-2004,-2000,-3504,-2204,0,-3504,-2204,-2003,-1805,-2014,-2002
3/13/2026 11:05,0,0,0,0,0,0,0,0,-2006,-2118,-2208,-2005,-2003,-1803,-2203,-1003,-1802,-3511,-2005,-2204,-2004,-2005,-2000,-3507,-2205,0,-3506,-2202,-2002,-1804,-2008,-2002
3/13/2026 11:05,0,0,0,0,0,0,0,0,-2007,-2039,-2207,-2005,-2002,-1803,-2201,-1002,-1804,-3505,-2003,-2204,-2004,-2002,-2001,-3507,-2205,0,-3501,-2203,-2003,-1804,-2006,-2001
3/13/2026 11:05,0,0,0,0,0,0,0,0,-2005,-2006,-2205,-2005,-2001,-1802,-2201,-1003,-1804,-3506,-2004,-2203,-2005,-2002,-2000,-3504,-2205,0,-3506,-2203,-2002,-1804,-2006,-2002
3/13/2026 11:05,0,0,0,0,0,0,0,0,-2006,-2005,-2206,-2004,-2001,-1802,-2140,-1003,-1804,-3508,-2005,-2204,-2007,-2002,-2001,-3505,-2204,0,-3506,-2205,-2001,-1806,-2005,-2004
3/13/2026 11:05,0,0,0,0,0,0,0,0,-2006,-2002,-2205,-2002,-2001,-1802,-2088,-1002,-1803,-3506,-2005,-2204,-2006,-2004,-2002,-3506,-2204,0,-3505,-2202,-2001,-1806,-2005,-2002
3/13/2026 11:05,0,0,0,0,0,0,0,0,-2006,-2003,-2206,-2003,-2001,-1802,-2033,-1003,-1802,-3508,-2004,-2204,-2003,-2003,-2002,-3503,-2186,0,-3503,-2204,-2002,-1806,-2005,-2002
3/13/2026 11:05,0,0,0,0,0,0,0,0,-2006,-2003,-2208,-2002,-2002,-1801,-2007,-1003,-1805,-3508,-2004,-2203,-2006,-2004,-2002,-3504,-2177,0,-3508,-2203,-2001,-1805,-2007,-2001
3/13/2026 11:05,0,0,0,0,0,0,0,0,-2006,-2002,-2208,-2003,-2001,-1802,-2002,-1003,-1805,-3508,-2004,-2203,-2006,-2003,-2002,-3504,-2100,0,-3506,-2204,-2002,-1805,-2005,-2002
3/13/2026 11:06,0,0,0,0,0,0,0,0,-2004,-2002,-2208,-2002,-2002,-1804,-2002,-1002,-1804,-3505,-2004,-2205,-2005,-2004,-2001,-3504,-2060,0,-3504,-2204,-2002,-1802,-2005,-2001
3/13/2026 11:06,0,0,0,0,0,0,0,0,-2005,-2002,-2191,-2002,-2002,-1803,-2000,-1002,-1802,-3508,-2003,-2204,-2006,-2004,-2002,-3504,-2041,0,-3504,-2204,-2003,-1805,-2006,-2004
3/13/2026 11:06,0,0,0,0,0,0,0,0,-2005,-2002,-2150,-2004,-2002,-1805,-2004,-1002,-1804,-3506,-2005,-2205,-2005,-2005,-2001,-3503,-2009,0,-3504,-2203,-2003,-1805,-2007,-2001
3/13/2026 11:06,0,0,0,0,0,0,0,0,-2004,-2003,-2065,-2002,-2004,-1804,-2003,-1001,-1804,-3509,-2004,-2205,-2004,-2004,-2002,-3509,-2004,0,-3504,-2206,-2003,-1803,-2006,-2001
3/13/2026 11:06,0,0,0,0,0,0,0,0,-2004,-2001,-2032,-2002,-2003,-1802,-2001,-1001,-1804,-3506,-2004,-2203,-2002,-2003,-2000,-3504,-2004,0,-3503,-2205,-2003,-1804,-2007,-2001
3/13/2026 11:06,0,0,0,0,0,0,0,0,-2005,-2003,-2014,-2002,-2004,-1803,-2002,-1003,-1738,-3505,-2001,-2204,-2004,-2005,-2001,-3506,-2004,0,-3504,-2206,-2003,-1805,-2006,-2001
3/13/2026 11:06,0,0,0,0,0,0,0,0,-2005,-2003,-2006,-2003,-2003,-1805,-2002,-1002,-1719,-3505,-2004,-2204,-2004,-2004,-1999,-3502,-2004,0,-3505,-2204,-2003,-1803,-2006,-2001
3/13/2026 11:06,0,0,0,0,0,0,0,0,-2004,-2002,-2005,-2003,-2000,-1804,-2002,-1002,-1666,-3505,-2003,-2204,-2004,-2005,-2000,-3507,-2004,0,-3502,-2206,-2003,-1803,-2007,-2000
3/13/2026 11:06,0,0,0,0,0,0,0,0,-2004,-2001,-2005,-2001,-2001,-1804,-2003,-1000,-1611,-3508,-2002,-2203,-2004,-2005,-2000,-3503,-2004,0,-3503,-2205,-2004,-1804,-2007,-2003
3/13/2026 11:06,0,0,0,0,0,0,0,0,-2004,-2000,-2004,-2003,-2003,-1803,-2003,-1002,-1604,-3505,-1953,-2204,-2004,-2005,-2001,-3507,-2004,0,-3504,-2207,-2004,-1805,-2008,-2001
3/13/2026 11:06,0,0,0,0,0,0,0,0,-2004,-2002,-2005,-2001,-2003,-1804,-2001,-1001,-1604,-3508,-1892,-2205,-2004,-2005,-1999,-3505,-2003,0,-3503,-2205,-2003,-1804,-2007,-2002
3/13/2026 11:06,0,0,0,0,0,0,0,0,-2006,-2001,-2005,-2003,-2004,-1803,-2002,-1002,-1604,-3504,-1841,-2207,-2005,-2005,-2000,-3506,-2003,0,-3504,-2199,-2001,-1804,-2007,-2001
3/13/2026 11:06,0,0,0,0,0,0,0,0,-2005,-2001,-2006,-2004,-2003,-1803,-2000,-1002,-1603,-3506,-1811,-2206,-2007,-2005,-2002,-3504,-2004,0,-3506,-2176,-2003,-1804,-2008,-1999
3/13/2026 11:06,0,0,0,0,0,0,0,0,-2005,-2001,-2005,-2003,-2002,-1802,-2003,-1001,-1603,-3507,-1804,-2207,-2005,-2004,-2002,-3506,-2004,0,-3506,-2108,-2004,-1804,-2007,-2001
3/13/2026 11:06,0,0,0,0,0,0,0,0,-2005,-2000,-2005,-2002,-2003,-1804,-2003,-1002,-1603,-3508,-1804,-2206,-2006,-2006,-2002,-3505,-2004,0,-3504,-2059,-2004,-1803,-2008,-2001
3/13/2026 11:06,0,0,0,0,0,0,0,0,-2005,-2002,-2004,-2003,-2004,-1804,-2002,-1001,-1603,-3508,-1803,-2171,-2005,-2005,-2001,-3506,-2003,0,-3504,-2029,-2003,-1803,-2005,-2001
3/13/2026 11:06,0,0,0,0,0,0,0,0,-2006,-2000,-2004,-2004,-2005,-1803,-2003,-1002,-1603,-3507,-1804,-2148,-2005,-2004,-2001,-3505,-2005,0,-3506,-2005,-2002,-1803,-2006,-2001
3/13/2026 11:06,0,0,0,0,0,0,0,0,-2005,-2002,-2004,-2006,-2004,-1805,-2003,-1002,-1603,-3506,-1802,-2092,-2005,-2004,-2000,-3504,-2002,0,-3507,-2003,-2001,-1801,-2007,-2001
3/13/2026 11:06,0,0,0,0,0,0,0,0,-2005,-2000,-2004,-2005,-2006,-1802,-2001,-1001,-1602,-3510,-1804,-2029,-2005,-2003,-2000,-3505,-2003,0,-3505,-2003,-2002,-1802,-2006,-2000
3/13/2026 11:06,0,0,0,0,0,0,0,0,-2005,-2001,-2005,-2006,-1948,-1803,-2001,-1002,-1602,-3508,-1802,-2012,-2005,-2005,-2001,-3505,-2004,0,-3504,-2003,-2003,-1802,-2005,-2001
3/13/2026 11:06,0,0,0,0,0,0,0,0,-2003,-2001,-2005,-2006,-1922,-1803,-2001,-1001,-1602,-3505,-1802,-2004,-2003,-2003,-2001,-3507,-2004,0,-3508,-2000,-2004,-1800,-2005,-2003
3/13/2026 11:06,0,0,0,0,0,0,0,0,-2003,-2002,-2004,-2007,-1846,-1803,-2003,-1000,-1602,-3505,-1800,-2003,-2003,-2003,-2003,-3505,-2002,0,-3511,-2002,-2004,-1799,-2005,-2003
3/13/2026 11:06,0,0,0,0,0,0,0,0,-2003,-2002,-2002,-2006,-1808,-1802,-2003,-1000,-1601,-3504,-1803,-2003,-2004,-2003,-2003,-3506,-2002,0,-3507,-2002,-2003,-1798,-2002,-2005
3/13/2026 11:06,0,0,0,0,0,0,0,0,-2003,-2002,-2002,-1923,-1804,-1804,-2004,-1001,-1603,-3508,-1802,-2002,-2003,-2002,-2003,-3507,-2004,0,-3507,-2001,-2004,-1799,-2001,-2004
3/13/2026 11:06,0,0,0,0,0,0,0,0,-2003,-2003,-2002,-1894,-1803,-1804,-2002,-1001,-1603,-3506,-1801,-2003,-2003,-2004,-2006,-3507,-2003,0,-3507,-2003,-2005,-1798,-2003,-2004
3/13/2026 11:06,0,0,0,0,0,0,0,0,-2003,-2004,-2001,-1832,-1804,-1805,-2003,-998,-1603,-3506,-1801,-2003,-2000,-2003,-1988,-3507,-2003,0,-3509,-2002,-2005,-1800,-2002,-2004
3/13/2026 11:06,0,0,0,0,0,0,0,0,-2001,-2005,-2002,-1944,-1804,-1805,-2005,-999,-1603,-3506,-1802,-2002,-2002,-2004,-2001,-3506,-2003,0,-3510,-2001,-1844,-1800,-2002,-2005
3/13/2026 11:06,0,0,0,0,0,0,0,0,-2001,-2005,-2001,-1886,-1804,-1803,-2005,-999,-1604,-3505,-1804,-2001,-2001,-2003,-2006,-3510,-2002,0,-3507,-2002,-1808,-1801,-2003,-2004
3/13/2026 11:06,0,0,0,0,0,0,0,0,-2002,-2005,-2000,-1861,-1803,-1805,-2008,-997,-1604,-3505,-1803,-2002,-2003,-2003,-2006,-3508,-2001,0,-3506,-2002,-1805,-1800,-2003,-2003
3/13/2026 11:06,0,0,0,0,0,0,0,0,-2001,-2004,-2001,-1831,-1802,-1804,-2006,-999,-1603,-3503,-1803,-2001,-2001,-2002,-1984,-3509,-2002,0,-3508,-2003,-1803,-1802,-2000,-2004
3/13/2026 11:07,0,0,0,0,0,0,0,0,-2002,-2004,-2000,-1805,-1801,-1805,-2006,-998,-1604,-3504,-1805,-2002,-2001,-2005,-1951,-3506,-2002,0,-3505,-2003,-1804,-1802,-2003,-2004
3/13/2026 11:07,0,0,0,0,0,0,0,0,-2003,-2005,-2001,-1803,-1802,-1805,-2006,-998,-1604,-3502,-1806,-2003,-2001,-2004,-1908,-3506,-2002,0,-3508,-2003,-1804,-1803,-2001,-2005
3/13/2026 11:07,0,0,0,0,0,0,0,0,-2002,-2005,-2001,-1803,-1802,-1805,-2007,-998,-1605,-3507,-1805,-2003,-2002,-2005,-1832,-3510,-2002,0,-3505,-2003,-1803,-1804,-2001,-2005
3/13/2026 11:07,0,0,0,0,0,0,0,0,-1954,-2004,-2003,-1803,-1801,-1804,-2006,-999,-1604,-3502,-1804,-2004,-2002,-2004,-1815,-3507,-2002,0,-3507,-2003,-1805,-1806,-2003,-2002
3/13/2026 11:07,0,0,0,0,0,0,0,0,-1918,-2005,-2002,-1801,-1801,-1803,-2005,-999,-1603,-3504,-1804,-2004,-2003,-2004,-1806,-3507,-2002,0,-3505,-2006,-1805,-1805,-2001,-2003
3/13/2026 11:07,0,0,0,0,0,0,0,0,-1837,-2005,-2002,-1799,-1801,-1802,-2004,-994,-1604,-3503,-1805,-2002,-2004,-2005,-1803,-3508,-2001,0,-3507,-2005,-1803,-1805,-2002,-2002
3/13/2026 11:07,0,0,0,0,0,0,0,0,-1806,-2003,-2004,-1800,-1802,-1804,-2003,-993,-1605,-3507,-1804,-2004,-2005,-2007,-1802,-3505,-2002,0,-3505,-2006,-1803,-1804,-2003,-2003
3/13/2026 11:07,0,0,0,0,0,0,0,0,-1803,-2004,-2004,-1800,-1801,-1804,-2003,-946,-1605,-3506,-1804,-2005,-2006,-2005,-1801,-3509,-2003,0,-3504,-2006,-1802,-1805,-2003,-2002
3/13/2026 11:07,0,0,0,0,0,0,0,0,-1804,-2001,-2002,-1799,-1800,-1804,-2003,-890,-1604,-3508,-1805,-2004,-2004,-2005,-1802,-3508,-2004,0,-3506,-2007,-1803,-1804,-2003,-2001
3/13/2026 11:07,0,0,0,0,0,0,0,0,-1804,-2002,-2004,-1800,-1799,-1803,-2003,-855,-1606,-3504,-1805,-2003,-2005,-2004,-1800,-3507,-2004,0,-3504,-2006,-1803,-1804,-2005,-1992
3/13/2026 11:07,0,0,0,0,0,0,0,0,-1805,-2002,-2006,-1802,-1798,-1803,-2003,-809,-1606,-3506,-1804,-2007,-2006,-2006,-1800,-3504,-2004,0,-3503,-2007,-1800,-1805,-2006,-1973
3/13/2026 11:07,0,0,0,0,0,0,0,0,-1806,-2001,-2007,-1801,-1799,-1802,-2002,-804,-1603,-3505,-1802,-2006,-2006,-2005,-1801,-3503,-2003,0,-3502,-2005,-1803,-1804,-2005,-1900
3/13/2026 11:07,0,0,0,0,0,0,0,0,-1805,-1999,-2007,-1803,-1800,-1802,-2002,-803,-1605,-3504,-1804,-2005,-2006,-2003,-1800,-3502,-2002,0,-3505,-2006,-1802,-1804,-2006,-1862
3/13/2026 11:07,0,0,0,0,0,0,0,0,-1805,-2000,-2006,-1803,-1800,-1802,-2001,-803,-1606,-3509,-1803,-2004,-1975,-2004,-1800,-3505,-2002,0,-3503,-2005,-1803,-1804,-2005,-1830
3/13/2026 11:07,0,0,0,0,0,0,0,0,-1807,-2001,-2005,-1804,-1803,-1802,-2002,-804,-1604,-3510,-1802,-2004,-1952,-2002,-1801,-3506,-2004,0,-3505,-2005,-1802,-1803,-2005,-1806
3/13/2026 11:07,0,0,0,0,0,0,0,0,-1805,-2000,-2004,-1805,-1802,-1802,-2000,-803,-1604,-3508,-1802,-2005,-1911,-2003,-1800,-3506,-2004,0,-3501,-2004,-1800,-1800,-2006,-1803
3/13/2026 11:07,0,0,0,0,0,0,0,0,-1806,-2001,-2006,-1807,-1803,-1801,-2000,-802,-1603,-3507,-1802,-2005,-1887,-2003,-1799,-3505,-2004,0,-3505,-2004,-1801,-1800,-2005,-1802
3/13/2026 11:07,0,0,0,0,0,0,0,0,-1804,-2001,-2006,-1806,-1802,-1728,-2000,-802,-1605,-3506,-1802,-2003,-1893,-2000,-1799,-3502,-2004,0,-3506,-2005,-1802,-1801,-2006,-1802
3/13/2026 11:07,0,0,0,0,0,0,0,0,-1804,-2001,-2005,-1806,-1803,-1617,-2001,-802,-1604,-3506,-1802,-2003,-1984,-2002,-1801,-3508,-2004,0,-3509,-2004,-1803,-1800,-2005,-1803
3/13/2026 11:07,0,0,0,0,0,0,0,0,-1804,-1999,-2004,-1806,-1805,-1602,-2003,-802,-1604,-3506,-1801,-2003,-1936,-2002,-1802,-3507,-2003,0,-3508,-2003,-1802,-1800,-2004,-1804
3/13/2026 11:07,0,0,0,0,0,0,0,0,-1804,-2002,-2004,-1805,-1803,-1602,-2003,-801,-1603,-3509,-1799,-2004,-1897,-2003,-1803,-3505,-2003,0,-3508,-2004,-1803,-1799,-2004,-1806
3/13/2026 11:07,0,0,0,0,0,0,0,0,-1804,-2003,-2002,-1804,-1805,-1603,-2006,-800,-1603,-3507,-1801,-2004,-1900,-2003,-1803,-3508,-2003,0,-3505,-2003,-1805,-1750,-2004,-1805
3/13/2026 11:07,0,0,0,0,0,0,0,0,-1802,-2004,-2003,-1804,-1803,-1604,-2006,-800,-1604,-3508,-1802,-2004,-1993,-2003,-1805,-3509,-2003,0,-3509,-2004,-1805,-1617,-2004,-1807
3/13/2026 11:07,0,0,0,0,0,0,0,0,-1803,-2003,-2001,-1804,-1802,-1605,-2004,-800,-1603,-3506,-1803,-2003,-1940,-2001,-1806,-3508,-2002,0,-3509,-2003,-1803,-1604,-2003,-1807
3/13/2026 11:07,0,0,0,0,0,0,0,0,-1802,-2004,-2001,-1803,-1802,-1605,-2006,-799,-1601,-3506,-1801,-2002,-1915,-2003,-1805,-3509,-2002,0,-3509,-2003,-1803,-1602,-2002,-1806
3/13/2026 11:07,0,0,0,0,0,0,0,0,-1802,-2006,-2003,-1803,-1803,-1603,-2006,-799,-1603,-3503,-1802,-2003,-1851,-2003,-1805,-3507,-2000,0,-3510,-2002,-1803,-1603,-2000,-1807
3/13/2026 11:07,0,0,0,0,0,0,0,0,-1803,-2007,-2004,-1803,-1802,-1603,-2006,-800,-1604,-3508,-1806,-2004,-1970,-1842,-1805,-3509,-2003,0,-3508,-2005,-1803,-1606,-2002,-1814
3/13/2026 11:07,0,0,0,0,0,0,0,0,-1802,-2005,-2003,-1800,-1800,-1603,-2004,-800,-1604,-3505,-1804,-2005,-1954,-1809,-1803,-3505,-2002,0,-3508,-2006,-1805,-1605,-2002,-1809
3/13/2026 11:07,0,0,0,0,0,0,0,0,-1804,-2005,-2004,-1800,-1802,-1603,-2004,-800,-1605,-3505,-1803,-2004,-1929,-1806,-1802,-3506,-2002,0,-3508,-2007,-1804,-1606,-2004,-1806
3/13/2026 11:07,0,0,0,0,0,0,0,0,-1802,-2005,-2003,-1801,-1800,-1604,-2003,-800,-1604,-3505,-1803,-2002,-1885,-1805,-1800,-3506,-2002,0,-3507,-2006,-1802,-1605,-2002,-1802
3/13/2026 11:08,0,0,0,0,0,0,0,0,-1804,-2002,-2004,-1802,-1801,-1603,-2001,-801,-1605,-3505,-1805,-2005,-1840,-1804,-1800,-3502,-2003,0,-3505,-2006,-1804,-1605,-2006,-1802
3/13/2026 11:08,0,0,0,0,0,0,0,0,-1803,-2003,-2005,-1801,-1800,-1603,-2001,-803,-1605,-3505,-1804,-2004,-1823,-1804,-1800,-3506,-1975,0,-3503,-2006,-1801,-1603,-2005,-1802
3/13/2026 11:08,0,0,0,0,0,0,0,0,-1806,-2002,-2006,-1804,-1801,-1602,-2002,-804,-1605,-3506,-1803,-2006,-1806,-1804,-1802,-3506,-1950,0,-3505,-2007,-1802,-1604,-2006,-1802
3/13/2026 11:08,0,0,0,0,0,0,0,0,-1805,-1999,-2008,-1804,-1802,-1602,-2000,-803,-1604,-3504,-1801,-2004,-1804,-1805,-1801,-3506,-1890,0,-3504,-2007,-1801,-1602,-2007,-1801
3/13/2026 11:08,0,0,0,0,0,0,0,0,-1807,-2001,-2007,-1804,-1802,-1601,-2002,-803,-1605,-3505,-1802,-2007,-1804,-1804,-1800,-3506,-1853,0,-3504,-2006,-1801,-1601,-2006,-1801
3/13/2026 11:08,0,0,0,0,0,0,0,0,-1807,-2001,-1981,-1804,-1803,-1601,-2002,-803,-1604,-3509,-1802,-2005,-1804,-1805,-1801,-3505,-1825,0,-3502,-2005,-1802,-1601,-2005,-1802
3/13/2026 11:08,0,0,0,0,0,0,0,0,-1806,-2000,-1958,-1805,-1802,-1601,-2002,-802,-1603,-3509,-1803,-2005,-1803,-1805,-1802,-3507,-1806,0,-3504,-2003,-1802,-1601,-2004,-1803
3/13/2026 11:08,0,0,0,0,0,0,0,0,-1806,-1999,-1922,-1804,-1803,-1602,-2003,-802,-1603,-3508,-1801,-2005,-1803,-1804,-1802,-3507,-1803,0,-3505,-2005,-1799,-1600,-2003,-1803
3/13/2026 11:08,0,0,0,0,0,0,0,0,-1804,-2002,-1870,-1805,-1805,-1602,-2001,-802,-1604,-3506,-1801,-2006,-1802,-1803,-1802,-3504,-1803,0,-3506,-2003,-1803,-1600,-2002,-1802
3/13/2026 11:08,0,0,0,0,0,0,0,0,-1804,-1979,-1827,-1804,-1804,-1603,-2002,-802,-1604,-3506,-1801,-2005,-1802,-1805,-1803,-3508,-1805,0,-3508,-2002,-1804,-1600,-2004,-1803
3/13/2026 11:08,0,0,0,0,0,0,0,0,-1803,-1963,-1805,-1805,-1804,-1603,-2002,-801,-1603,-3509,-1801,-2005,-1800,-1803,-1804,-3504,-1802,0,-3507,-2002,-1802,-1601,-2001,-1805
3/13/2026 11:08,0,0,0,0,0,0,0,0,-1804,-1926,-1802,-1806,-1804,-1603,-2005,-801,-1603,-3509,-1801,-2004,-1800,-1803,-1805,-3508,-1802,0,-3507,-2005,-1804,-1600,-2003,-1804
3/13/2026 11:08,0,0,0,0,0,0,0,0,-1802,-1878,-1799,-1804,-1806,-1601,-2007,-800,-1602,-3508,-1801,-2004,-1800,-1802,-1806,-3508,-1802,0,-3509,-2003,-1802,-1599,-2003,-1805
3/13/2026 11:08,0,0,0,0,0,0,0,0,-1804,-1855,-1801,-1804,-1804,-1604,-2005,-800,-1601,-3506,-1800,-2003,-1800,-1804,-1806,-3509,-1802,0,-3511,-2004,-1803,-1600,-1994,-1806
3/13/2026 11:08,0,0,0,0,0,0,0,0,-1802,-1809,-1799,-1803,-1803,-1604,-2005,-799,-1602,-3503,-1800,-2003,-1800,-1803,-1804,-3507,-1800,0,-3510,-2003,-1803,-1601,-1983,-1804
3/13/2026 11:08,0,0,0,0,0,0,0,0,-1802,-1807,-1802,-1802,-1804,-1605,-2007,-799,-1603,-3503,-1802,-2004,-1802,-1802,-1803,-3508,-1801,0,-3509,-2003,-1804,-1602,-1919,-1808
3/13/2026 11:08,0,0,0,0,0,0,0,0,-1802,-1807,-1801,-1802,-1801,-1605,-2005,-798,-1600,-3505,-1802,-2003,-1801,-1804,-1802,-3507,-1801,0,-3506,-2003,-1804,-1603,-1886,-1808
3/13/2026 11:08,0,0,0,0,0,0,0,0,-1802,-1806,-1800,-1801,-1802,-1606,-2007,-799,-1598,-3505,-1803,-2003,-1801,-1803,-1804,-3510,-1802,0,-3507,-2004,-1806,-1605,-1865,-1807
3/13/2026 11:08,0,0,0,0,0,0,0,0,-1801,-1808,-1801,-1802,-1802,-1604,-2005,-799,-1593,-3504,-1803,-2003,-1800,-1804,-1803,-3507,-1800,0,-3506,-2005,-1805,-1605,-1808,-1805
3/13/2026 11:08,0,0,0,0,0,0,0,0,-1801,-1807,-1800,-1803,-1801,-1604,-2005,-799,-1559,-3503,-1803,-2004,-1801,-1803,-1803,-3505,-1801,0,-3509,-2003,-1803,-1604,-1801,-1806
3/13/2026 11:08,0,0,0,0,0,0,0,0,-1801,-1804,-1801,-1801,-1802,-1602,-2004,-799,-1508,-3501,-1802,-2003,-1802,-1803,-1800,-3507,-1801,0,-3507,-2004,-1804,-1605,-1803,-1804
3/13/2026 11:08,0,0,0,0,0,0,0,0,-1802,-1807,-1801,-1802,-1801,-1603,-2004,-800,-1458,-3502,-1803,-2003,-1802,-1804,-1802,-3506,-1803,0,-3508,-2005,-1804,-1606,-1803,-1803
3/13/2026 11:08,0,0,0,0,0,0,0,0,-1802,-1806,-1802,-1801,-1801,-1605,-2004,-800,-1422,-3505,-1805,-2005,-1804,-1805,-1801,-3507,-1801,0,-3506,-2005,-1804,-1606,-1802,-1805
3/13/2026 11:08,0,0,0,0,0,0,0,0,-1804,-1805,-1803,-1802,-1801,-1605,-1952,-801,-1411,-3505,-1805,-2006,-1803,-1806,-1800,-3508,-1804,0,-3506,-2004,-1803,-1605,-1803,-1804
3/13/2026 11:08,0,0,0,0,0,0,0,0,-1804,-1806,-1804,-1801,-1801,-1604,-1921,-801,-1405,-3503,-1804,-2002,-1804,-1807,-1801,-3506,-1805,0,-3504,-2005,-1803,-1604,-1803,-1804
3/13/2026 11:08,0,0,0,0,0,0,0,0,-1805,-1805,-1805,-1802,-1800,-1604,-1864,-801,-1404,-3502,-1804,-2004,-1805,-1806,-1800,-3504,-1803,0,-3506,-2006,-1803,-1605,-1805,-1802
3/13/2026 11:08,0,0,0,0,0,0,0,0,-1806,-1806,-1803,-1801,-1801,-1604,-1826,-803,-1404,-3507,-1804,-2006,-1805,-1806,-1799,-3506,-1804,0,-3507,-2006,-1804,-1604,-1805,-1804
3/13/2026 11:08,0,0,0,0,0,0,0,0,-1806,-1804,-1804,-1801,-1802,-1603,-1810,-802,-1405,-3506,-1804,-1964,-1806,-1805,-1800,-3507,-1804,0,-3503,-2004,-1801,-1603,-1806,-1804
3/13/2026 11:08,0,0,0,0,0,0,0,0,-1806,-1803,-1805,-1803,-1802,-1604,-1803,-803,-1405,-3506,-1803,-1936,-1806,-1806,-1801,-3508,-1804,0,-3503,-2005,-1802,-1603,-1807,-1803
3/13/2026 11:08,0,0,0,0,0,0,0,0,-1806,-1803,-1805,-1803,-1801,-1602,-1801,-803,-1404,-3504,-1804,-1887,-1805,-1805,-1800,-3508,-1804,0,-3505,-2006,-1801,-1602,-1807,-1802
3/13/2026 11:09,0,0,0,0,0,0,0,0,-1805,-1803,-1805,-1803,-1804,-1603,-1801,-802,-1404,-3504,-1804,-1841,-1804,-1805,-1799,-3506,-1803,0,-3506,-2005,-1803,-1601,-1807,-1801
3/13/2026 11:09,0,0,0,0,0,0,0,0,-1805,-1801,-1803,-1803,-1804,-1604,-1802,-802,-1405,-3506,-1776,-1823,-1806,-1804,-1802,-3508,-1802,0,-3504,-2004,-1802,-1601,-1805,-1802
3/13/2026 11:09,0,0,0,0,0,0,0,0,-1804,-1802,-1804,-1805,-1806,-1604,-1802,-801,-1404,-3506,-1749,-1806,-1804,-1803,-1802,-3504,-1802,0,-3503,-2003,-1801,-1599,-1805,-1800
3/13/2026 11:09,0,0,0,0,0,0,0,0,-1805,-1803,-1803,-1806,-1806,-1603,-1804,-802,-1403,-3510,-1683,-1805,-1805,-1804,-1802,-3506,-1803,0,-3505,-2003,-1801,-1600,-1806,-1803
3/13/2026 11:09,0,0,0,0,0,0,0,0,-1802,-1802,-1801,-1806,-1805,-1601,-1802,-801,-1403,-3506,-1655,-1805,-1802,-1804,-1803,-3504,-1801,0,-3509,-2003,-1802,-1599,-1804,-1801
3/13/2026 11:09,0,0,0,0,0,0,0,0,-1803,-1803,-1800,-1806,-1806,-1603,-1803,-801,-1403,-3507,-1624,-1805,-1803,-1804,-1806,-3508,-1801,0,-3509,-1973,-1804,-1600,-1804,-1804
3/13/2026 11:09,0,0,0,0,0,0,0,0,-1801,-1801,-1801,-1805,-1804,-1604,-1805,-800,-1401,-3505,-1603,-1804,-1803,-1802,-1805,-3510,-1802,0,-3510,-1954,-1803,-1599,-1803,-1803
3/13/2026 11:09,0,0,0,0,0,0,0,0,-1802,-1804,-1800,-1803,-1804,-1606,-1806,-799,-1403,-3506,-1600,-1802,-1802,-1802,-1804,-3504,-1800,0,-3508,-1907,-1804,-1600,-1802,-1807
3/13/2026 11:09,0,0,0,0,0,0,0,0,-1801,-1805,-1800,-1802,-1803,-1605,-1807,-798,-1403,-3507,-1601,-1804,-1800,-1802,-1805,-3507,-1800,0,-3507,-1871,-1805,-1603,-1803,-1805
3/13/2026 11:09,0,0,0,0,0,0,0,0,-1801,-1806,-1800,-1802,-1782,-1606,-1805,-798,-1404,-3502,-1601,-1804,-1802,-1803,-1805,-3509,-1800,0,-3510,-1819,-1805,-1603,-1802,-1805
3/13/2026 11:09,0,0,0,0,0,0,0,0,-1801,-1807,-1800,-1801,-1776,-1606,-1805,-799,-1404,-3504,-1602,-1804,-1803,-1803,-1803,-3511,-1802,0,-3509,-1805,-1804,-1605,-1803,-1804
3/13/2026 11:09,0,0,0,0,0,0,0,0,-1801,-1805,-1801,-1800,-1734,-1605,-1805,-799,-1404,-3504,-1604,-1803,-1804,-1802,-1803,-3507,-1801,0,-3505,-1804,-1804,-1604,-1802,-1804
3/13/2026 11:09,0,0,0,0,0,0,0,0,-1802,-1804,-1804,-1802,-1689,-1604,-1803,-800,-1401,-3504,-1604,-1803,-1802,-1805,-1802,-3508,-1803,0,-3507,-1805,-1803,-1605,-1804,-1803
3/13/2026 11:09,0,0,0,0,0,0,0,0,-1802,-1805,-1803,-1801,-1619,-1604,-1802,-786,-1404,-3506,-1604,-1805,-1805,-1804,-1801,-3504,-1803,0,-3507,-1805,-1802,-1604,-1804,-1804
3/13/2026 11:09,0,0,0,0,0,0,0,0,-1804,-1806,-1804,-1802,-1604,-1604,-1801,-782,-1405,-3507,-1603,-1805,-1806,-1805,-1801,-3507,-1803,0,-3506,-1806,-1803,-1603,-1806,-1803
3/13/2026 11:09,0,0,0,0,0,0,0,0,-1805,-1803,-1804,-1800,-1600,-1604,-1799,-722,-1405,-3505,-1603,-1804,-1806,-1803,-1802,-3503,-1803,0,-3506,-1806,-1803,-1601,-1805,-1800
3/13/2026 11:09,0,0,0,0,0,0,0,0,-1806,-1802,-1805,-1804,-1602,-1605,-1802,-695,-1405,-3503,-1604,-1805,-1806,-1806,-1801,-3505,-1803,0,-3506,-1808,-1802,-1602,-1807,-1801
3/13/2026 11:09,0,0,0,0,0,0,0,0,-1805,-1802,-1804,-1806,-1603,-1604,-1801,-653,-1404,-3507,-1603,-1805,-1805,-1803,-1802,-3504,-1801,0,-3504,-1806,-1801,-1600,-1805,-1802
3/13/2026 11:09,0,0,0,0,0,0,0,0,-1803,-1801,-1803,-1805,-1604,-1603,-1803,-613,-1404,-3508,-1602,-1806,-1805,-1804,-1803,-3507,-1801,0,-3504,-1805,-1802,-1598,-1806,-1802
3/13/2026 11:09,0,0,0,0,0,0,0,0,-1805,-1801,-1801,-1805,-1604,-1603,-1802,-604,-1404,-3506,-1600,-1805,-1804,-1803,-1802,-3504,-1801,0,-3504,-1804,-1801,-1539,-1806,-1801
3/13/2026 11:09,0,0,0,0,0,0,0,0,-1804,-1800,-1800,-1805,-1604,-1602,-1803,-603,-1404,-3507,-1602,-1804,-1804,-1803,-1804,-3508,-1801,0,-3509,-1804,-1803,-1509,-1806,-1801
3/13/2026 11:09,0,0,0,0,0,0,0,0,-1802,-1800,-1799,-1805,-1604,-1602,-1805,-602,-1403,-3507,-1600,-1805,-1803,-1801,-1804,-3505,-1801,0,-3507,-1803,-1804,-1451,-1804,-1802
3/13/2026 11:09,0,0,0,0,0,0,0,0,-1801,-1801,-1800,-1805,-1604,-1603,-1807,-601,-1402,-3507,-1601,-1805,-1803,-1802,-1806,-3506,-1801,0,-3507,-1803,-1805,-1416,-1805,-1804
3/13/2026 11:09,0,0,0,0,0,0,0,0,-1800,-1801,-1800,-1803,-1604,-1565,-1807,-601,-1403,-3503,-1600,-1805,-1803,-1801,-1806,-3504,-1799,0,-3508,-1802,-1805,-1406,-1801,-1804
3/13/2026 11:09,0,0,0,0,0,0,0,0,-1801,-1803,-1801,-1803,-1603,-1528,-1805,-600,-1402,-3508,-1600,-1804,-1804,-1802,-1806,-3508,-1803,0,-3509,-1802,-1806,-1405,-1803,-1806
3/13/2026 11:09,0,0,0,0,0,0,0,0,-1800,-1804,-1801,-1803,-1602,-1464,-1803,-600,-1402,-3507,-1601,-1803,-1802,-1802,-1805,-3506,-1800,0,-3508,-1803,-1804,-1405,-1803,-1807
3/13/2026 11:09,0,0,0,0,0,0,0,0,-1800,-1806,-1801,-1803,-1601,-1426,-1804,-600,-1403,-3504,-1601,-1802,-1802,-1802,-1805,-3508,-1802,0,-3509,-1803,-1806,-1405,-1801,-1805
3/13/2026 11:09,0,0,0,0,0,0,0,0,-1803,-1806,-1803,-1758,-1602,-1411,-1805,-601,-1403,-3504,-1601,-1804,-1804,-1804,-1804,-3509,-1803,0,-3507,-1804,-1806,-1407,-1802,-1802
3/13/2026 11:09,0,0,0,0,0,0,0,0,-1804,-1804,-1803,-1734,-1599,-1403,-1802,-602,-1402,-3504,-1601,-1805,-1806,-1803,-1802,-3506,-1804,0,-3507,-1804,-1804,-1406,-1803,-1802
3/13/2026 11:09,0,0,0,0,0,0,0,0,-1806,-1804,-1804,-1671,-1602,-1403,-1801,-603,-1404,-3504,-1604,-1805,-1806,-1803,-1803,-3508,-1803,0,-3506,-1806,-1804,-1404,-1806,-1801
3/13/2026 11:10,0,0,0,0,0,0,0,0,-1803,-1805,-1804,-1650,-1601,-1402,-1801,-604,-1405,-3506,-1602,-1804,-1806,-1805,-1803,-3505,-1804,0,-3504,-1806,-1805,-1404,-1805,-1801
3/13/2026 11:10,0,0,0,0,0,0,0,0,-1803,-1802,-1804,-1633,-1603,-1400,-1802,-605,-1404,-3505,-1603,-1805,-1808,-1805,-1803,-3506,-1803,0,-3505,-1805,-1797,-1403,-1806,-1801
3/13/2026 11:10,0,0,0,0,0,0,0,0,-1804,-1803,-1804,-1609,-1603,-1402,-1801,-605,-1403,-3506,-1604,-1806,-1804,-1802,-1802,-3505,-1803,0,-3503,-1805,-1758,-1403,-1807,-1800
3/13/2026 11:10,0,0,0,0,0,0,0,0,-1804,-1802,-1802,-1607,-1604,-1401,-1801,-605,-1405,-3508,-1603,-1805,-1804,-1803,-1804,-3504,-1801,0,-3503,-1805,-1681,-1402,-1806,-1800
3/13/2026 11:10,0,0,0,0,0,0,0,0,-1804,-1802,-1802,-1605,-1605,-1400,-1803,-604,-1405,-3508,-1602,-1804,-1804,-1802,-1804,-3504,-1802,0,-3502,-1805,-1654,-1402,-1806,-1802
3/13/2026 11:10,0,0,0,0,0,0,0,0,-1779,-1800,-1802,-1605,-1605,-1400,-1803,-603,-1402,-3510,-1600,-1804,-1803,-1802,-1805,-3506,-1801,0,-3504,-1805,-1621,-1402,-1805,-1799
3/13/2026 11:10,0,0,0,0,0,0,0,0,-1764,-1800,-1802,-1605,-1605,-1400,-1806,-602,-1402,-3510,-1602,-1805,-1803,-1802,-1807,-3507,-1801,0,-3505,-1802,-1603,-1400,-1803,-1799
3/13/2026 11:10,0,0,0,0,0,0,0,0,-1712,-1801,-1800,-1606,-1604,-1399,-1805,-602,-1404,-3505,-1601,-1805,-1802,-1802,-1807,-3507,-1803,0,-3509,-1803,-1603,-1401,-1802,-1801
3/13/2026 11:10,0,0,0,0,0,0,0,0,-1679,-1802,-1799,-1604,-1604,-1401,-1806,-602,-1404,-3506,-1600,-1805,-1801,-1802,-1808,-3506,-1801,0,-3509,-1803,-1602,-1401,-1802,-1805
3/13/2026 11:10,0,0,0,0,0,0,0,0,-1625,-1802,-1799,-1603,-1601,-1401,-1806,-601,-1403,-3505,-1600,-1803,-1802,-1802,-1792,-3508,-1801,0,-3508,-1802,-1603,-1402,-1802,-1804
3/13/2026 11:10,0,0,0,0,0,0,0,0,-1604,-1803,-1800,-1602,-1602,-1403,-1804,-600,-1403,-3504,-1599,-1803,-1801,-1801,-1778,-3511,-1802,0,-3508,-1801,-1603,-1404,-1803,-1805
3/13/2026 11:10,0,0,0,0,0,0,0,0,-1601,-1804,-1801,-1601,-1602,-1402,-1805,-600,-1402,-3503,-1599,-1803,-1802,-1801,-1725,-3508,-1802,0,-3509,-1801,-1603,-1405,-1802,-1804
3/13/2026 11:10,0,0,0,0,0,0,0,0,-1600,-1804,-1804,-1600,-1602,-1403,-1803,-600,-1402,-3504,-1601,-1802,-1803,-1800,-1690,-3510,-1802,0,-3506,-1803,-1603,-1405,-1802,-1805
3/13/2026 11:10,0,0,0,0,0,0,0,0,-1601,-1805,-1803,-1600,-1601,-1402,-1801,-601,-1403,-3506,-1602,-1804,-1805,-1797,-1642,-3507,-1803,0,-3506,-1803,-1605,-1406,-1803,-1803
3/13/2026 11:10,0,0,0,0,0,0,0,0,-1603,-1804,-1805,-1601,-1600,-1402,-1802,-602,-1403,-3504,-1604,-1804,-1806,-1793,-1604,-3507,-1803,0,-3504,-1804,-1605,-1406,-1803,-1801
3/13/2026 11:10,0,0,0,0,0,0,0,0,-1602,-1804,-1805,-1602,-1600,-1401,-1802,-603,-1405,-3505,-1604,-1805,-1806,-1763,-1600,-3507,-1804,0,-3507,-1806,-1603,-1405,-1804,-1802
3/13/2026 11:10,0,0,0,0,0,0,0,0,-1605,-1805,-1805,-1604,-1600,-1402,-1801,-604,-1404,-3505,-1603,-1805,-1807,-1701,-1599,-3505,-1805,0,-3507,-1805,-1602,-1403,-1803,-1802
3/13/2026 11:10,0,0,0,0,0,0,0,0,-1606,-1802,-1804,-1604,-1601,-1402,-1799,-604,-1403,-3501,-1603,-1804,-1807,-1645,-1598,-3506,-1805,0,-3505,-1805,-1601,-1403,-1805,-1802
3/13/2026 11:10,0,0,0,0,0,0,0,0,-1606,-1804,-1803,-1604,-1600,-1400,-1801,-605,-1404,-3501,-1604,-1804,-1805,-1609,-1599,-3506,-1805,0,-3504,-1805,-1601,-1403,-1806,-1801
3/13/2026 11:10,0,0,0,0,0,0,0,0,-1606,-1802,-1807,-1605,-1603,-1402,-1801,-604,-1406,-3507,-1603,-1805,-1750,-1607,-1600,-3509,-1805,0,-3506,-1806,-1603,-1404,-1806,-1801
3/13/2026 11:10,0,0,0,0,0,0,0,0,-1605,-1802,-1804,-1605,-1603,-1400,-1801,-604,-1404,-3505,-1602,-1805,-1719,-1607,-1599,-3504,-1803,0,-3505,-1805,-1602,-1403,-1807,-1799
3/13/2026 11:10,0,0,0,0,0,0,0,0,-1606,-1802,-1804,-1605,-1604,-1401,-1801,-604,-1403,-3504,-1604,-1804,-1660,-1605,-1599,-3503,-1805,0,-3506,-1804,-1601,-1402,-1807,-1800
3/13/2026 11:10,0,0,0,0,0,0,0,0,-1604,-1802,-1803,-1605,-1603,-1401,-1803,-604,-1404,-3505,-1603,-1803,-1618,-1604,-1600,-3507,-1803,0,-3506,-1806,-1601,-1402,-1806,-1800
3/13/2026 11:10,0,0,0,0,0,0,0,0,-1604,-1801,-1804,-1605,-1605,-1400,-1801,-604,-1405,-3505,-1601,-1805,-1608,-1605,-1602,-3505,-1802,0,-3503,-1804,-1601,-1401,-1806,-1744
3/13/2026 11:10,0,0,0,0,0,0,0,0,-1605,-1800,-1803,-1606,-1604,-1401,-1802,-603,-1404,-3506,-1602,-1803,-1602,-1604,-1601,-3502,-1803,0,-3503,-1803,-1602,-1400,-1805,-1726
3/13/2026 11:10,0,0,0,0,0,0,0,0,-1604,-1801,-1804,-1605,-1603,-1400,-1803,-603,-1404,-3507,-1602,-1804,-1601,-1605,-1602,-3502,-1803,0,-3501,-1803,-1601,-1401,-1805,-1666
3/13/2026 11:10,0,0,0,0,0,0,0,0,-1603,-1799,-1800,-1605,-1604,-1399,-1805,-603,-1403,-3509,-1602,-1802,-1602,-1603,-1604,-3504,-1804,0,-3505,-1803,-1601,-1399,-1805,-1636
3/13/2026 11:10,0,0,0,0,0,0,0,0,-1603,-1800,-1801,-1605,-1604,-1400,-1806,-602,-1404,-3509,-1600,-1804,-1600,-1604,-1605,-3504,-1803,0,-3505,-1803,-1601,-1400,-1767,-1615
3/13/2026 11:10,0,0,0,0,0,0,0,0,-1602,-1802,-1801,-1604,-1605,-1401,-1805,-602,-1403,-3506,-1601,-1805,-1601,-1604,-1605,-3507,-1804,0,-3505,-1803,-1602,-1400,-1744,-1605
3/13/2026 11:10,0,0,0,0,0,0,0,0,-1602,-1801,-1801,-1604,-1604,-1401,-1807,-601,-1403,-3506,-1600,-1805,-1601,-1605,-1606,-3506,-1803,0,-3506,-1804,-1602,-1402,-1666,-1605
3/13/2026 11:11,0,0,0,0,0,0,0,0,-1600,-1801,-1800,-1603,-1603,-1400,-1805,-600,-1400,-3502,-1600,-1803,-1599,-1602,-1604,-3507,-1729,0,-3507,-1801,-1602,-1402,-1688,-1605
3/13/2026 11:11,0,0,0,0,0,0,0,0,-1601,-1801,-1802,-1601,-1602,-1401,-1805,-601,-1402,-3508,-1600,-1802,-1601,-1603,-1603,-3504,-1627,0,-3510,-1802,-1604,-1405,-1768,-1607
3/13/2026 11:11,0,0,0,0,0,0,0,0,-1600,-1802,-1803,-1601,-1601,-1403,-1806,-600,-1402,-3506,-1601,-1803,-1602,-1602,-1603,-3508,-1606,0,-3511,-1800,-1603,-1405,-1753,-1605
3/13/2026 11:11,0,0,0,0,0,0,0,0,-1600,-1803,-1803,-1602,-1601,-1404,-1803,-600,-1402,-3506,-1601,-1803,-1601,-1603,-1603,-3509,-1602,0,-3509,-1801,-1603,-1406,-1705,-1608
3/13/2026 11:11,0,0,0,0,0,0,0,0,-1603,-1804,-1802,-1601,-1599,-1403,-1802,-600,-1403,-3502,-1601,-1804,-1600,-1604,-1601,-3509,-1602,0,-3507,-1802,-1603,-1404,-1669,-1606
3/13/2026 11:11,0,0,0,0,0,0,0,0,-1603,-1795,-1806,-1599,-1600,-1402,-1802,-601,-1402,-3505,-1602,-1802,-1602,-1604,-1602,-3506,-1603,0,-3506,-1803,-1603,-1405,-1632,-1605
3/13/2026 11:11,0,0,0,0,0,0,0,0,-1603,-1768,-1806,-1602,-1599,-1402,-1803,-602,-1402,-3505,-1602,-1803,-1603,-1604,-1601,-3508,-1603,0,-3506,-1802,-1604,-1405,-1605,-1605
3/13/2026 11:11,0,0,0,0,0,0,0,0,-1604,-1719,-1807,-1603,-1600,-1402,-1803,-603,-1402,-3506,-1604,-1802,-1605,-1605,-1600,-3508,-1604,0,-3504,-1802,-1603,-1403,-1605,-1604
3/13/2026 11:11,0,0,0,0,0,0,0,0,-1604,-1684,-1806,-1604,-1601,-1401,-1800,-604,-1404,-3505,-1605,-1804,-1604,-1604,-1599,-3505,-1605,0,-3504,-1804,-1602,-1403,-1605,-1602
3/13/2026 11:11,0,0,0,0,0,0,0,0,-1604,-1641,-1795,-1604,-1603,-1401,-1801,-604,-1403,-3504,-1605,-1804,-1604,-1606,-1599,-3506,-1604,0,-3508,-1805,-1603,-1402,-1605,-1602
3/13/2026 11:11,0,0,0,0,0,0,0,0,-1605,-1608,-1786,-1605,-1604,-1402,-1800,-604,-1404,-3503,-1603,-1805,-1604,-1606,-1600,-3505,-1604,0,-3505,-1805,-1602,-1400,-1606,-1603
3/13/2026 11:11,0,0,0,0,0,0,0,0,-1603,-1604,-1728,-1605,-1605,-1400,-1801,-604,-1404,-3505,-1604,-1804,-1603,-1605,-1601,-3506,-1602,0,-3503,-1804,-1601,-1400,-1605,-1601
3/13/2026 11:11,0,0,0,0,0,0,0,0,-1603,-1602,-1688,-1605,-1603,-1402,-1803,-603,-1403,-3509,-1605,-1803,-1602,-1605,-1601,-3505,-1601,0,-3506,-1804,-1603,-1401,-1605,-1603
3/13/2026 11:11,0,0,0,0,0,0,0,0,-1603,-1601,-1630,-1605,-1603,-1401,-1800,-602,-1403,-3509,-1602,-1803,-1600,-1603,-1603,-3504,-1603,0,-3505,-1803,-1601,-1400,-1604,-1602
3/13/2026 11:11,0,0,0,0,0,0,0,0,-1601,-1600,-1607,-1605,-1603,-1400,-1796,-602,-1403,-3509,-1603,-1804,-1600,-1604,-1604,-3504,-1602,0,-3503,-1803,-1601,-1400,-1602,-1601
3/13/2026 11:11,0,0,0,0,0,0,0,0,-1600,-1602,-1603,-1603,-1604,-1400,-1738,-601,-1402,-3506,-1603,-1802,-1602,-1603,-1605,-3507,-1601,0,-3505,-1801,-1601,-1402,-1602,-1603
3/13/2026 11:11,0,0,0,0,0,0,0,0,-1601,-1603,-1602,-1603,-1603,-1401,-1711,-601,-1403,-3505,-1601,-1803,-1600,-1605,-1605,-3508,-1602,0,-3508,-1801,-1601,-1403,-1601,-1605
3/13/2026 11:11,0,0,0,0,0,0,0,0,-1602,-1603,-1601,-1601,-1602,-1401,-1647,-600,-1401,-3505,-1601,-1803,-1599,-1602,-1603,-3506,-1601,0,-3509,-1801,-1602,-1404,-1600,-1606
3/13/2026 11:11,0,0,0,0,0,0,0,0,-1600,-1603,-1601,-1601,-1601,-1402,-1617,-599,-1403,-3505,-1601,-1803,-1601,-1602,-1603,-3505,-1600,0,-3509,-1801,-1604,-1405,-1601,-1607
3/13/2026 11:11,0,0,0,0,0,0,0,0,-1601,-1605,-1603,-1600,-1600,-1402,-1606,-600,-1401,-3508,-1545,-1803,-1602,-1602,-1602,-3508,-1600,0,-3506,-1800,-1602,-1403,-1600,-1606
3/13/2026 11:11,0,0,0,0,0,0,0,0,-1601,-1606,-1604,-1601,-1600,-1403,-1604,-601,-1401,-3504,-1516,-1802,-1604,-1604,-1602,-3508,-1600,0,-3508,-1801,-1603,-1405,-1600,-1606
3/13/2026 11:11,0,0,0,0,0,0,0,0,-1603,-1608,-1606,-1601,-1599,-1403,-1603,-601,-1401,-3504,-1447,-1801,-1603,-1605,-1602,-3509,-1602,0,-3505,-1801,-1602,-1404,-1600,-1605
3/13/2026 11:11,0,0,0,0,0,0,0,0,-1604,-1607,-1606,-1601,-1600,-1402,-1602,-603,-1402,-3505,-1428,-1802,-1605,-1605,-1601,-3509,-1602,0,-3509,-1803,-1605,-1405,-1602,-1605
3/13/2026 11:11,0,0,0,0,0,0,0,0,-1605,-1605,-1607,-1602,-1601,-1402,-1602,-604,-1365,-3506,-1414,-1801,-1606,-1605,-1600,-3508,-1604,0,-3506,-1804,-1604,-1404,-1603,-1604
3/13/2026 11:11,0,0,0,0,0,0,0,0,-1605,-1605,-1605,-1603,-1602,-1402,-1600,-604,-1338,-3506,-1405,-1803,-1604,-1605,-1600,-3506,-1604,0,-3508,-1804,-1602,-1402,-1602,-1604
3/13/2026 11:11,0,0,0,0,0,0,0,0,-1605,-1604,-1605,-1603,-1603,-1400,-1599,-605,-1284,-3504,-1404,-1803,-1603,-1605,-1600,-3505,-1603,0,-3504,-1803,-1601,-1401,-1605,-1603
3/13/2026 11:11,0,0,0,0,0,0,0,0,-1605,-1605,-1604,-1604,-1603,-1403,-1603,-604,-1239,-3506,-1404,-1803,-1605,-1604,-1602,-3507,-1602,0,-3503,-1804,-1602,-1400,-1606,-1602
3/13/2026 11:11,0,0,0,0,0,0,0,0,-1603,-1602,-1604,-1606,-1605,-1400,-1603,-604,-1215,-3506,-1404,-1806,-1603,-1606,-1602,-3508,-1603,0,-3502,-1782,-1602,-1401,-1603,-1601
3/13/2026 11:11,0,0,0,0,0,0,0,0,-1605,-1602,-1602,-1606,-1603,-1401,-1604,-603,-1205,-3506,-1404,-1804,-1601,-1605,-1603,-3505,-1601,0,-3503,-1747,-1602,-1400,-1603,-1601
3/13/2026 11:11,0,0,0,0,0,0,0,0,-1604,-1600,-1602,-1606,-1605,-1400,-1605,-602,-1203,-3508,-1404,-1805,-1601,-1605,-1605,-3504,-1601,0,-3507,-1691,-1601,-1401,-1604,-1602
3/13/2026 11:12,0,0,0,0,0,0,0,0,-1602,-1602,-1602,-1604,-1602,-1400,-1605,-602,-1202,-3506,-1402,-1802,-1601,-1602,-1603,-3505,-1601,0,-3505,-1656,-1601,-1401,-1602,-1602
3/13/2026 11:12,0,0,0,0,0,0,0,0,-1603,-1602,-1601,-1604,-1604,-1400,-1605,-602,-1202,-3509,-1403,-1787,-1602,-1603,-1604,-3505,-1602,0,-3506,-1630,-1602,-1401,-1601,-1603
3/13/2026 11:12,0,0,0,0,0,0,0,0,-1600,-1603,-1601,-1603,-1603,-1401,-1607,-601,-1202,-3508,-1401,-1756,-1600,-1603,-1604,-3507,-1600,0,-3503,-1607,-1601,-1401,-1600,-1603
3/13/2026 11:12,0,0,0,0,0,0,0,0,-1601,-1602,-1601,-1601,-1602,-1401,-1606,-600,-1201,-3505,-1402,-1697,-1601,-1603,-1604,-3506,-1600,0,-3507,-1603,-1603,-1402,-1600,-1604
3/13/2026 11:12,0,0,0,0,0,0,0,0,-1599,-1604,-1601,-1603,-1603,-1400,-1604,-601,-1202,-3504,-1401,-1670,-1601,-1603,-1604,-3505,-1601,0,-3505,-1603,-1601,-1403,-1600,-1605
3/13/2026 11:12,0,0,0,0,0,0,0,0,-1601,-1602,-1601,-1602,-1603,-1402,-1605,-587,-1202,-3508,-1401,-1635,-1600,-1603,-1603,-3505,-1601,0,-3509,-1602,-1603,-1403,-1600,-1607
3/13/2026 11:12,0,0,0,0,0,0,0,0,-1601,-1602,-1602,-1602,-1602,-1400,-1604,-572,-1201,-3508,-1402,-1606,-1598,-1603,-1603,-3508,-1602,0,-3507,-1602,-1602,-1404,-1600,-1605
3/13/2026 11:12,0,0,0,0,0,0,0,0,-1601,-1603,-1604,-1601,-1602,-1401,-1604,-512,-1200,-3507,-1402,-1604,-1598,-1603,-1602,-3508,-1602,0,-3507,-1602,-1604,-1404,-1601,-1607
3/13/2026 11:12,0,0,0,0,0,0,0,0,-1600,-1603,-1604,-1599,-1601,-1401,-1603,-484,-1200,-3505,-1400,-1602,-1600,-1603,-1602,-3509,-1601,0,-3509,-1602,-1603,-1404,-1600,-1606
3/13/2026 11:12,0,0,0,0,0,0,0,0,-1600,-1605,-1603,-1600,-1592,-1404,-1603,-441,-1202,-3508,-1401,-1604,-1601,-1602,-1601,-3508,-1601,0,-3508,-1602,-1604,-1406,-1602,-1606
3/13/2026 11:12,0,0,0,0,0,0,0,0,-1601,-1604,-1605,-1600,-1582,-1403,-1601,-402,-1201,-3505,-1400,-1604,-1602,-1603,-1600,-3508,-1602,0,-3510,-1602,-1605,-1406,-1599,-1606
3/13/2026 11:12,0,0,0,0,0,0,0,0,-1602,-1607,-1606,-1601,-1540,-1403,-1603,-399,-1201,-3505,-1401,-1603,-1601,-1603,-1601,-3509,-1602,0,-3507,-1602,-1606,-1404,-1599,-1606
3/13/2026 11:12,0,0,0,0,0,0,0,0,-1602,-1606,-1608,-1602,-1495,-1401,-1601,-399,-1199,-3504,-1401,-1602,-1601,-1602,-1600,-3507,-1602,0,-3506,-1601,-1605,-1405,-1601,-1607
3/13/2026 11:12,0,0,0,0,0,0,0,0,-1604,-1605,-1607,-1601,-1433,-1399,-1601,-400,-1200,-3504,-1403,-1603,-1603,-1603,-1600,-3507,-1603,0,-3505,-1603,-1604,-1404,-1600,-1606
3/13/2026 11:12,0,0,0,0,0,0,0,0,-1604,-1605,-1609,-1602,-1403,-1401,-1601,-401,-1201,-3502,-1405,-1603,-1604,-1605,-1599,-3506,-1604,0,-3509,-1602,-1603,-1404,-1602,-1604
3/13/2026 11:12,0,0,0,0,0,0,0,0,-1605,-1605,-1606,-1602,-1402,-1401,-1600,-402,-1201,-3503,-1404,-1602,-1604,-1604,-1601,-3508,-1603,0,-3507,-1601,-1564,-1402,-1602,-1603
3/13/2026 11:12,0,0,0,0,0,0,0,0,-1606,-1605,-1605,-1603,-1401,-1402,-1600,-402,-1202,-3503,-1405,-1602,-1604,-1604,-1599,-3506,-1605,0,-3502,-1604,-1555,-1401,-1603,-1604
3/13/2026 11:12,0,0,0,0,0,0,0,0,-1606,-1602,-1604,-1603,-1401,-1401,-1600,-402,-1202,-3506,-1404,-1602,-1603,-1606,-1601,-3504,-1605,0,-3506,-1604,-1551,-1400,-1603,-1602
3/13/2026 11:12,0,0,0,0,0,0,0,0,-1605,-1602,-1602,-1605,-1403,-1402,-1602,-402,-1204,-3504,-1403,-1604,-1605,-1606,-1602,-3505,-1604,0,-3509,-1606,-1552,-1400,-1605,-1602
3/13/2026 11:12,0,0,0,0,0,0,0,0,-1605,-1603,-1602,-1605,-1404,-1402,-1603,-401,-1202,-3505,-1405,-1603,-1603,-1605,-1602,-3508,-1602,0,-3504,-1604,-1552,-1399,-1604,-1603
3/13/2026 11:12,0,0,0,0,0,0,0,0,-1603,-1602,-1601,-1605,-1403,-1401,-1605,-400,-1202,-3506,-1403,-1603,-1602,-1605,-1604,-3503,-1602,0,-3502,-1604,-1551,-1400,-1603,-1603
3/13/2026 11:12,0,0,0,0,0,0,0,0,-1603,-1601,-1603,-1604,-1403,-1400,-1605,-399,-1202,-3509,-1402,-1605,-1601,-1604,-1605,-3504,-1602,0,-3504,-1606,-1552,-1400,-1605,-1602
3/13/2026 11:12,0,0,0,0,0,0,0,0,-1602,-1601,-1602,-1604,-1402,-1400,-1603,-399,-1202,-3505,-1402,-1605,-1601,-1604,-1605,-3502,-1602,0,-3503,-1604,-1551,-1400,-1602,-1601
3/13/2026 11:12,0,0,0,0,0,0,0,0,-1600,-1600,-1602,-1601,-1403,-1401,-1606,-399,-1203,-3507,-1402,-1603,-1601,-1604,-1605,-3507,-1603,0,-3509,-1602,-1551,-1402,-1603,-1603
3/13/2026 11:12,0,0,0,0,0,0,0,0,-1600,-1603,-1601,-1601,-1402,-1400,-1605,-398,-1201,-3508,-1403,-1603,-1600,-1604,-1603,-3506,-1602,0,-3509,-1603,-1552,-1401,-1601,-1604
3/13/2026 11:12,0,0,0,0,0,0,0,0,-1599,-1602,-1602,-1601,-1401,-1401,-1604,-398,-1200,-3505,-1402,-1603,-1601,-1603,-1603,-3506,-1602,0,-3510,-1602,-1553,-1405,-1601,-1605
3/13/2026 11:12,0,0,0,0,0,0,0,0,-1601,-1601,-1604,-1600,-1512,-1249,-1603,-398,-1201,-3505,-1401,-1603,-1601,-1604,-1602,-3510,-1602,0,-3509,-1603,-1591,-1405,-1601,-1606
3/13/2026 11:12,0,0,0,0,0,0,0,0,-1602,-1603,-1605,-1600,-1546,-1210,-1601,-398,-1202,-3505,-1402,-1604,-1602,-1603,-1600,-3509,-1601,0,-3509,-1603,-1603,-1405,-1600,-1606
3/13/2026 11:12,0,0,0,0,0,0,0,0,-1603,-1605,-1606,-1601,-1548,-1203,-1601,-398,-1201,-3504,-1400,-1603,-1603,-1602,-1600,-3508,-1604,0,-3510,-1601,-1603,-1405,-1600,-1607
3/13/2026 11:12,0,0,0,0,0,0,0,0,-1605,-1608,-1607,-1601,-1550,-1203,-1602,-399,-1201,-3504,-1400,-1603,-1604,-1604,-1599,-3506,-1603,0,-3510,-1603,-1603,-1403,-1601,-1604
3/13/2026 11:13,0,0,0,0,0,0,0,0,-1606,-1606,-1606,-1602,-1550,-1202,-1602,-401,-1202,-3505,-1404,-1603,-1605,-1605,-1601,-3510,-1603,0,-3507,-1602,-1603,-1402,-1602,-1603
3/13/2026 11:13,0,0,0,0,0,0,0,0,-1606,-1606,-1606,-1604,-1553,-1204,-1601,-402,-1202,-3506,-1406,-1602,-1605,-1606,-1600,-3508,-1604,0,-3505,-1604,-1604,-1401,-1603,-1604
3/13/2026 11:13,0,0,0,0,0,0,0,0,-1605,-1603,-1606,-1604,-1554,-1202,-1602,-402,-1203,-3504,-1404,-1603,-1603,-1607,-1600,-3507,-1604,0,-3505,-1604,-1604,-1401,-1604,-1603
3/13/2026 11:13,0,0,0,0,0,0,0,0,-1604,-1603,-1604,-1604,-1554,-1203,-1602,-402,-1202,-3506,-1405,-1604,-1604,-1606,-1602,-3506,-1604,0,-3506,-1605,-1605,-1400,-1604,-1603
3/13/2026 11:13,0,0,0,0,0,0,0,0,-1603,-1601,-1604,-1604,-1555,-1202,-1603,-401,-1202,-3506,-1404,-1603,-1602,-1603,-1601,-3505,-1603,0,-3506,-1605,-1603,-1400,-1603,-1603
3/13/2026 11:13,0,0,0,0,0,0,0,0,-1603,-1602,-1602,-1605,-1556,-1203,-1603,-400,-1204,-3506,-1404,-1605,-1603,-1604,-1605,-3506,-1604,0,-3506,-1605,-1601,-1399,-1604,-1603
3/13/2026 11:13,0,0,0,0,0,0,0,0,-1602,-1601,-1602,-1605,-1555,-1201,-1605,-400,-1203,-3506,-1403,-1605,-1601,-1605,-1604,-3504,-1601,0,-3505,-1605,-1601,-1401,-1601,-1602
3/13/2026 11:13,0,0,0,0,0,0,0,0,-1599,-1602,-1602,-1603,-1553,-1203,-1606,-399,-1202,-3506,-1404,-1604,-1601,-1604,-1605,-3506,-1601,0,-3502,-1605,-1601,-1401,-1602,-1602
3/13/2026 11:13,0,0,0,0,0,0,0,0,-1601,-1603,-1602,-1605,-1552,-1203,-1606,-399,-1202,-3506,-1402,-1604,-1601,-1602,-1604,-3503,-1601,0,-3506,-1604,-1602,-1401,-1602,-1602
3/13/2026 11:13,0,0,0,0,0,0,0,0,-1601,-1602,-1601,-1603,-1553,-1202,-1606,-399,-1203,-3507,-1401,-1603,-1601,-1603,-1604,-3506,-1601,0,-3506,-1605,-1603,-1401,-1600,-1604
3/13/2026 11:13,0,0,0,0,0,0,0,0,-1601,-1601,-1601,-1601,-1550,-1202,-1605,-398,-1202,-3505,-1401,-1604,-1600,-1603,-1604,-3505,-1600,0,-3509,-1603,-1602,-1402,-1601,-1604
3/13/2026 11:13,0,0,0,0,0,0,0,0,-1601,-1602,-1602,-1601,-1551,-1202,-1605,-398,-1203,-3511,-1402,-1605,-1601,-1604,-1604,-3506,-1601,0,-3508,-1604,-1603,-1404,-1601,-1604
3/13/2026 11:13,0,0,0,0,0,0,0,0,-1600,-1603,-1604,-1601,-1550,-1202,-1603,-398,-1202,-3507,-1401,-1604,-1602,-1603,-1604,-3505,-1601,0,-3509,-1602,-1604,-1403,-1601,-1606
3/13/2026 11:13,0,0,0,0,0,0,0,0,-1602,-1603,-1604,-1600,-1551,-1202,-1603,-397,-1203,-3508,-1401,-1604,-1603,-1603,-1602,-3509,-1601,0,-3508,-1604,-1606,-1405,-1601,-1606
3/13/2026 11:13,0,0,0,0,0,0,0,0,-1601,-1605,-1606,-1600,-1549,-1204,-1604,-398,-1202,-3506,-1400,-1603,-1602,-1601,-1603,-3506,-1601,0,-3507,-1602,-1604,-1406,-1601,-1606
3/13/2026 11:13,0,0,0,0,0,0,0,0,-1603,-1604,-1606,-1601,-1550,-1205,-1601,-398,-1201,-3507,-1400,-1604,-1603,-1602,-1600,-3507,-1602,0,-3506,-1601,-1605,-1403,-1600,-1606
3/13/2026 11:13,0,0,0,0,0,0,0,0,-1602,-1607,-1606,-1601,-1550,-1204,-1599,-400,-1202,-3507,-1401,-1603,-1605,-1602,-1600,-3508,-1602,0,-3510,-1602,-1605,-1403,-1601,-1605
3/13/2026 11:13,0,0,0,0,0,0,0,0,-1605,-1605,-1606,-1601,-1550,-1203,-1600,-401,-1202,-3506,-1403,-1604,-1605,-1603,-1600,-3506,-1603,0,-3504,-1603,-1603,-1403,-1601,-1606
3/13/2026 11:13,0,0,0,0,0,0,0,0,-1603,-1606,-1603,-1604,-1552,-1203,-1599,-401,-1203,-3505,-1403,-1603,-1605,-1602,-1600,-3504,-1603,0,-3508,-1602,-1603,-1401,-1604,-1604
3/13/2026 11:13,0,0,0,0,0,0,0,0,-1606,-1605,-1605,-1604,-1554,-1204,-1602,-402,-1203,-3507,-1405,-1604,-1605,-1605,-1602,-3511,-1604,0,-3506,-1605,-1605,-1401,-1605,-1603
3/13/2026 11:13,0,0,0,0,0,0,0,0,-1604,-1604,-1604,-1604,-1553,-1202,-1602,-401,-1203,-3504,-1404,-1604,-1604,-1605,-1601,-3504,-1603,0,-3503,-1605,-1602,-1400,-1606,-1602
3/13/2026 11:13,0,0,0,0,0,0,0,0,-1605,-1604,-1603,-1605,-1554,-1203,-1605,-401,-1204,-3505,-1405,-1604,-1603,-1605,-1603,-3506,-1603,0,-3504,-1606,-1602,-1399,-1606,-1601
3/13/2026 11:13,0,0,0,0,0,0,0,0,-1602,-1602,-1602,-1607,-1553,-1202,-1603,-400,-1203,-3504,-1404,-1605,-1603,-1605,-1606,-3505,-1603,0,-3501,-1605,-1601,-1399,-1604,-1602
3/13/2026 11:13,0,0,0,0,0,0,0,0,-1603,-1602,-1602,-1605,-1554,-1202,-1605,-400,-1203,-3509,-1403,-1605,-1602,-1604,-1606,-3504,-1602,0,-3504,-1606,-1601,-1400,-1603,-1603
3/13/2026 11:13,0,0,0,0,0,0,0,0,-1601,-1601,-1602,-1604,-1552,-1201,-1606,-399,-1203,-3507,-1403,-1604,-1600,-1603,-1605,-3505,-1601,0,-3503,-1604,-1601,-1399,-1603,-1602
3/13/2026 11:13,0,0,0,0,0,0,0,0,-1600,-1602,-1601,-1603,-1553,-1201,-1606,-398,-1203,-3507,-1403,-1604,-1601,-1603,-1606,-3504,-1602,0,-3507,-1605,-1602,-1400,-1602,-1604
3/13/2026 11:13,0,0,0,0,0,0,0,0,-1600,-1601,-1602,-1602,-1551,-1201,-1605,-398,-1203,-3505,-1402,-1604,-1600,-1603,-1604,-3506,-1601,0,-3506,-1603,-1602,-1403,-1601,-1603
3/13/2026 11:13,0,0,0,0,0,0,0,0,-1600,-1603,-1604,-1602,-1552,-1204,-1604,-397,-1202,-3507,-1401,-1603,-1600,-1605,-1603,-3506,-1601,0,-3509,-1603,-1601,-1403,-1602,-1605
3/13/2026 11:13,0,0,0,0,0,0,0,0,-1602,-1603,-1604,-1600,-1556,-1204,-1603,-398,-1203,-3505,-1400,-1603,-1602,-1603,-1602,-3506,-1600,0,-3509,-1603,-1603,-1404,-1601,-1605
3/13/2026 11:13,0,0,0,0,0,0,0,0,-1602,-1604,-1607,-1601,-1561,-1205,-1602,-398,-1203,-3507,-1401,-1605,-1602,-1602,-1601,-3508,-1602,0,-3508,-1603,-1604,-1404,-1601,-1607
3/13/2026 11:14,0,0,0,0,0,0,0,0,-1602,-1606,-1606,-1601,-1551,-1204,-1601,-400,-1202,-3506,-1401,-1605,-1605,-1602,-1601,-3508,-1602,0,-3508,-1602,-1605,-1404,-1601,-1607
3/13/2026 11:14,0,0,0,0,0,0,0,0,-1603,-1607,-1604,-1603,-1550,-1203,-1601,-400,-1201,-3503,-1401,-1602,-1605,-1604,-1602,-3511,-1602,0,-3508,-1603,-1605,-1403,-1602,-1605
3/13/2026 11:14,0,0,0,0,0,0,0,0,-1604,-1606,-1604,-1604,-1551,-1202,-1600,-401,-1202,-3505,-1401,-1602,-1605,-1603,-1601,-3508,-1603,0,-3505,-1603,-1604,-1400,-1602,-1604
3/13/2026 11:14,0,0,0,0,0,0,0,0,-1607,-1606,-1603,-1605,-1551,-1202,-1600,-402,-1202,-3505,-1402,-1603,-1606,-1605,-1601,-3504,-1603,0,-3508,-1604,-1603,-1400,-1606,-1604
3/13/2026 11:14,0,0,0,0,0,0,0,0,-1605,-1605,-1603,-1607,-1552,-1203,-1601,-402,-1203,-3502,-1404,-1604,-1605,-1605,-1603,-3503,-1602,0,-3508,-1605,-1602,-1400,-1605,-1601
3/13/2026 11:14,0,0,0,0,0,0,0,0,-1606,-1604,-1603,-1606,-1554,-1203,-1602,-401,-1205,-3503,-1404,-1604,-1604,-1606,-1603,-3506,-1602,0,-3504,-1606,-1604,-1400,-1605,-1602
3/13/2026 11:14,0,0,0,0,0,0,0,0,-1603,-1603,-1601,-1605,-1575,-1205,-1605,-400,-1204,-3504,-1403,-1604,-1601,-1606,-1603,-3505,-1603,0,-3503,-1606,-1602,-1399,-1605,-1601
3/13/2026 11:14,0,0,0,0,0,0,0,0,-1602,-1604,-1602,-1605,-1555,-1203,-1606,-400,-1203,-3505,-1404,-1604,-1602,-1605,-1604,-3503,-1601,0,-3504,-1605,-1601,-1400,-1603,-1601
3/13/2026 11:14,0,0,0,0,0,0,0,0,-1599,-1602,-1600,-1605,-1553,-1201,-1605,-399,-1203,-3505,-1403,-1605,-1602,-1603,-1605,-3505,-1601,0,-3505,-1605,-1602,-1399,-1602,-1602
3/13/2026 11:14,0,0,0,0,0,0,0,0,-1602,-1601,-1600,-1604,-1551,-1201,-1606,-399,-1203,-3510,-1403,-1605,-1602,-1602,-1605,-3506,-1601,0,-3503,-1605,-1601,-1401,-1602,-1601
3/13/2026 11:14,0,0,0,0,0,0,0,0,-1600,-1602,-1602,-1603,-1574,-1202,-1603,-381,-1204,-3506,-1402,-1604,-1602,-1603,-1605,-3504,-1599,0,-3503,-1604,-1602,-1402,-1603,-1603
3/13/2026 11:14,0,0,0,0,0,0,0,0,-1602,-1603,-1604,-1604,-1597,-1203,-1602,-351,-1204,-3507,-1400,-1602,-1603,-1603,-1603,-3509,-1601,0,-3507,-1603,-1601,-1403,-1602,-1602
3/13/2026 11:14,0,0,0,0,0,0,0,0,-1600,-1602,-1604,-1601,-1601,-1202,-1602,-348,-1204,-3504,-1400,-1603,-1603,-1603,-1603,-3507,-1602,0,-3510,-1603,-1603,-1405,-1602,-1603
3/13/2026 11:14,0,0,0,0,0,0,0,0,-1602,-1604,-1604,-1600,-1600,-1204,-1601,-347,-1203,-3504,-1400,-1605,-1605,-1602,-1602,-3507,-1601,0,-3511,-1603,-1602,-1405,-1601,-1606
3/13/2026 11:14,0,0,0,0,0,0,0,0,-1602,-1605,-1605,-1601,-1600,-1204,-1601,-348,-1202,-3507,-1400,-1604,-1605,-1600,-1602,-3508,-1602,0,-3508,-1603,-1605,-1404,-1601,-1605
3/13/2026 11:14,0,0,0,0,0,0,0,0,-1603,-1607,-1604,-1602,-1599,-1203,-1601,-349,-1203,-3504,-1399,-1604,-1605,-1600,-1602,-3508,-1601,0,-3506,-1603,-1605,-1403,-1603,-1604
3/13/2026 11:14,0,0,0,0,0,0,0,0,-1604,-1605,-1604,-1604,-1600,-1203,-1600,-350,-1203,-3507,-1400,-1604,-1606,-1600,-1601,-3508,-1602,0,-3506,-1601,-1603,-1401,-1603,-1605
3/13/2026 11:14,0,0,0,0,0,0,0,0,-1604,-1605,-1603,-1604,-1601,-1203,-1600,-350,-1202,-3504,-1400,-1602,-1606,-1603,-1601,-3506,-1603,0,-3507,-1603,-1603,-1401,-1605,-1605
3/13/2026 11:14,0,0,0,0,0,0,0,0,-1605,-1605,-1603,-1605,-1603,-1204,-1600,-350,-1202,-3505,-1402,-1603,-1605,-1603,-1602,-3507,-1603,0,-3507,-1603,-1601,-1401,-1604,-1604
3/13/2026 11:14,0,0,0,0,0,0,0,0,-1604,-1607,-1603,-1605,-1603,-1202,-1601,-350,-1204,-3504,-1402,-1605,-1606,-1604,-1602,-3508,-1602,0,-3505,-1604,-1603,-1400,-1606,-1603
3/13/2026 11:14,0,0,0,0,0,0,0,0,-1604,-1605,-1602,-1605,-1604,-1203,-1603,-350,-1205,-3504,-1403,-1604,-1604,-1605,-1604,-3507,-1603,0,-3506,-1604,-1602,-1399,-1606,-1603
3/13/2026 11:14,0,0,0,0,0,0,0,0,-1603,-1604,-1601,-1604,-1603,-1203,-1604,-350,-1204,-3503,-1403,-1605,-1605,-1604,-1604,-3503,-1601,0,-3503,-1606,-1601,-1399,-1605,-1602
3/13/2026 11:14,0,0,0,0,0,0,0,0,-1604,-1603,-1601,-1604,-1605,-1203,-1605,-350,-1204,-3502,-1404,-1603,-1604,-1605,-1604,-3503,-1602,0,-3503,-1605,-1602,-1400,-1604,-1602
3/13/2026 11:14,0,0,0,0,0,0,0,0,-1602,-1602,-1601,-1604,-1603,-1201,-1606,-348,-1205,-3506,-1402,-1606,-1602,-1602,-1607,-3505,-1601,0,-3503,-1605,-1601,-1399,-1606,-1601
3/13/2026 11:14,0,0,0,0,0,0,0,0,-1601,-1601,-1600,-1605,-1602,-1201,-1604,-349,-1205,-3510,-1402,-1605,-1601,-1603,-1608,-3503,-1600,0,-3502,-1605,-1602,-1399,-1605,-1601
3/13/2026 11:14,0,0,0,0,0,0,0,0,-1601,-1602,-1601,-1604,-1602,-1200,-1604,-348,-1205,-3507,-1403,-1604,-1603,-1603,-1607,-3507,-1602,0,-3505,-1606,-1602,-1400,-1605,-1600
3/13/2026 11:14,0,0,0,0,0,0,0,0,-1600,-1603,-1601,-1602,-1600,-1201,-1604,-348,-1203,-3511,-1403,-1604,-1602,-1601,-1606,-3508,-1602,0,-3507,-1605,-1601,-1402,-1603,-1601
3/13/2026 11:14,0,0,0,0,0,0,0,0,-1600,-1601,-1601,-1603,-1601,-1200,-1603,-348,-1203,-3507,-1402,-1605,-1602,-1603,-1605,-3505,-1601,0,-3506,-1605,-1600,-1403,-1603,-1600
3/13/2026 11:14,0,0,0,0,0,0,0,0,-1600,-1601,-1600,-1602,-1601,-1200,-1603,-347,-1204,-3506,-1400,-1605,-1601,-1602,-1604,-3505,-1600,0,-3505,-1604,-1602,-1403,-1603,-1601
3/13/2026 11:14,0,0,0,0,0,0,0,0,-1601,-1601,-1602,-1601,-1602,-1199,-1602,-346,-1204,-3508,-1401,-1603,-1601,-1602,-1605,-3507,-1601,0,-3505,-1603,-1600,-1404,-1602,-1602
3/13/2026 11:15,0,0,0,0,0,0,0,0,-1601,-1601,-1603,-1601,-1601,-1202,-1600,-347,-1202,-3505,-1401,-1605,-1603,-1601,-1604,-3504,-1602,0,-3508,-1602,-1602,-1405,-1603,-1604
3/13/2026 11:15,0,0,0,0,0,0,0,0,-1602,-1603,-1604,-1601,-1600,-1202,-1601,-347,-1203,-3504,-1401,-1603,-1603,-1602,-1603,-3507,-1602,0,-3508,-1602,-1601,-1405,-1602,-1604
3/13/2026 11:15,0,0,0,0,0,0,0,0,-1603,-1602,-1605,-1600,-1601,-1203,-1601,-348,-1204,-3506,-1400,-1603,-1603,-1603,-1604,-3508,-1602,0,-3507,-1603,-1604,-1405,-1601,-1604
3/13/2026 11:15,0,0,0,0,0,0,0,0,-1601,-1604,-1605,-1602,-1600,-1204,-1601,-348,-1204,-3504,-1401,-1603,-1604,-1601,-1604,-3509,-1603,0,-3509,-1603,-1604,-1404,-1602,-1606
3/13/2026 11:15,0,0,0,0,0,0,0,0,-1603,-1602,-1605,-1601,-1599,-1202,-1600,-349,-1202,-3504,-1400,-1604,-1605,-1600,-1602,-3507,-1603,0,-3508,-1601,-1602,-1403,-1602,-1605
3/13/2026 11:15,0,0,0,0,0,0,0,0,-1603,-1604,-1604,-1602,-1599,-1203,-1599,-349,-1202,-3506,-1400,-1604,-1604,-1600,-1602,-3510,-1603,0,-3510,-1601,-1604,-1403,-1603,-1606
3/13/2026 11:15,0,0,0,0,0,0,0,0,-1603,-1605,-1603,-1603,-1601,-1203,-1599,-350,-1203,-3505,-1399,-1604,-1606,-1602,-1602,-3508,-1605,0,-3510,-1602,-1603,-1402,-1602,-1604
3/13/2026 11:15,0,0,0,0,0,0,0,0,-1604,-1607,-1605,-1604,-1603,-1204,-1600,-350,-1203,-3504,-1400,-1603,-1606,-1603,-1602,-3508,-1604,0,-3506,-1602,-1604,-1402,-1604,-1605
3/13/2026 11:15,0,0,0,0,0,0,0,0,-1605,-1606,-1604,-1604,-1556,-1274,-1600,-359,-1203,-3501,-1400,-1604,-1606,-1602,-1600,-3506,-1604,0,-3508,-1601,-1603,-1402,-1604,-1604
3/13/2026 11:15,0,0,0,0,0,0,0,0,-1605,-1606,-1603,-1606,-1421,-1341,-1602,-396,-1203,-3506,-1400,-1602,-1606,-1601,-1603,-3507,-1605,0,-3506,-1602,-1602,-1401,-1605,-1604
3/13/2026 11:15,0,0,0,0,0,0,0,0,-1604,-1605,-1603,-1607,-1408,-1352,-1601,-401,-1204,-3505,-1401,-1604,-1605,-1603,-1603,-3508,-1602,0,-3505,-1604,-1602,-1400,-1606,-1602
3/13/2026 11:15,0,0,0,0,0,0,0,0,-1605,-1605,-1600,-1606,-1407,-1353,-1602,-402,-1203,-3503,-1401,-1603,-1604,-1603,-1603,-3508,-1602,0,-3505,-1603,-1602,-1400,-1606,-1602
3/13/2026 11:15,0,0,0,0,0,0,0,0,-1604,-1604,-1600,-1606,-1406,-1355,-1602,-401,-1204,-3503,-1402,-1603,-1604,-1605,-1604,-3508,-1602,0,-3505,-1604,-1601,-1400,-1608,-1600
3/13/2026 11:15,0,0,0,0,0,0,0,0,-1604,-1604,-1600,-1605,-1407,-1355,-1605,-400,-1204,-3505,-1403,-1602,-1604,-1604,-1606,-3506,-1602,0,-3504,-1603,-1602,-1399,-1607,-1600
3/13/2026 11:15,0,0,0,0,0,0,0,0,-1602,-1603,-1601,-1605,-1406,-1354,-1604,-400,-1204,-3506,-1403,-1604,-1603,-1604,-1606,-3507,-1601,0,-3504,-1605,-1600,-1399,-1605,-1600
3/13/2026 11:15,0,0,0,0,0,0,0,0,-1602,-1602,-1600,-1605,-1405,-1353,-1605,-400,-1204,-3505,-1403,-1604,-1602,-1603,-1607,-3507,-1602,0,-3506,-1606,-1602,-1399,-1606,-1600
3/13/2026 11:15,0,0,0,0,0,0,0,0,-1602,-1602,-1601,-1604,-1405,-1353,-1605,-399,-1204,-3506,-1404,-1605,-1602,-1603,-1607,-3503,-1602,0,-3504,-1606,-1601,-1400,-1606,-1601
3/13/2026 11:15,0,0,0,0,0,0,0,0,-1601,-1603,-1600,-1606,-1404,-1353,-1606,-399,-1205,-3505,-1402,-1604,-1603,-1603,-1607,-3505,-1602,0,-3502,-1604,-1602,-1400,-1605,-1600
3/13/2026 11:15,0,0,0,0,0,0,0,0,-1600,-1603,-1600,-1605,-1404,-1355,-1605,-398,-1204,-3507,-1402,-1605,-1603,-1603,-1605,-3504,-1602,0,-3502,-1604,-1601,-1400,-1604,-1600
3/13/2026 11:15,0,0,0,0,0,0,0,0,-1601,-1603,-1601,-1605,-1404,-1354,-1605,-399,-1203,-3507,-1403,-1606,-1603,-1603,-1607,-3506,-1602,0,-3505,-1606,-1601,-1401,-1604,-1600
3/13/2026 11:15,0,0,0,0,0,0,0,0,-1602,-1603,-1601,-1606,-1405,-1354,-1604,-399,-1204,-3509,-1404,-1605,-1603,-1603,-1607,-3507,-1603,0,-3506,-1605,-1601,-1401,-1604,-1602
3/13/2026 11:15,0,0,0,0,0,0,0,0,-1602,-1604,-1601,-1605,-1404,-1353,-1605,-399,-1204,-3507,-1403,-1604,-1603,-1604,-1607,-3503,-1602,0,-3506,-1607,-1600,-1401,-1603,-1601
3/13/2026 11:15,0,0,0,0,0,0,0,0,-1600,-1603,-1601,-1606,-1405,-1354,-1606,-399,-1204,-3508,-1403,-1603,-1604,-1604,-1606,-3506,-1603,0,-3506,-1606,-1601,-1400,-1603,-1600
3/13/2026 11:15,0,0,0,0,0,0,0,0,-1601,-1602,-1601,-1603,-1403,-1353,-1605,-398,-1204,-3507,-1402,-1605,-1601,-1604,-1607,-3504,-1601,0,-3504,-1605,-1601,-1400,-1603,-1601
3/13/2026 11:15,0,0,0,0,0,0,0,0,-1600,-1602,-1601,-1603,-1403,-1354,-1606,-399,-1204,-3505,-1404,-1605,-1601,-1604,-1609,-3508,-1602,0,-3503,-1605,-1603,-1400,-1604,-1602
3/13/2026 11:15,0,0,0,0,0,0,0,0,-1601,-1601,-1601,-1603,-1403,-1352,-1603,-399,-1204,-3506,-1402,-1603,-1600,-1602,-1607,-3505,-1602,0,-3501,-1605,-1602,-1399,-1603,-1600
3/13/2026 11:15,0,0,0,0,0,0,0,0,-1601,-1603,-1600,-1604,-1403,-1350,-1604,-399,-1203,-3507,-1403,-1604,-1601,-1603,-1607,-3504,-1601,0,-3501,-1606,-1601,-1401,-1604,-1601
3/13/2026 11:15,0,0,0,0,0,0,0,0,-1600,-1602,-1601,-1605,-1404,-1352,-1604,-399,-1204,-3509,-1402,-1605,-1602,-1603,-1605,-3505,-1600,0,-3504,-1606,-1601,-1403,-1604,-1599
3/13/2026 11:15,0,0,0,0,0,0,0,0,-1601,-1602,-1601,-1604,-1403,-1351,-1604,-398,-1204,-3509,-1402,-1604,-1602,-1603,-1606,-3505,-1600,0,-3506,-1605,-1602,-1404,-1604,-1600
3/13/2026 11:15,0,0,0,0,0,0,0,0,-1600,-1601,-1602,-1603,-1403,-1351,-1605,-398,-1204,-3509,-1402,-1603,-1603,-1603,-1605,-3507,-1601,0,-3505,-1603,-1600,-1404,-1603,-1600
3/13/2026 11:16,0,0,0,0,0,0,0,0,-1600,-1600,-1602,-1600,-1402,-1353,-1603,-397,-1203,-3509,-1401,-1603,-1603,-1602,-1604,-3504,-1602,0,-3504,-1602,-1600,-1404,-1603,-1600
3/13/2026 11:16,0,0,0,0,0,0,0,0,-1600,-1602,-1604,-1601,-1404,-1353,-1602,-398,-1204,-3507,-1401,-1604,-1604,-1603,-1604,-3508,-1601,0,-3506,-1604,-1602,-1405,-1603,-1601
3/13/2026 11:16,0,0,0,0,0,0,0,0,-1601,-1601,-1604,-1601,-1402,-1352,-1600,-397,-1203,-3508,-1401,-1604,-1603,-1603,-1604,-3506,-1601,0,-3508,-1604,-1601,-1404,-1603,-1602
3/13/2026 11:16,0,0,0,0,0,0,0,0,-1601,-1603,-1608,-1602,-1401,-1352,-1601,-398,-1204,-3506,-1402,-1603,-1603,-1604,-1602,-3505,-1602,0,-3508,-1604,-1602,-1406,-1601,-1605
3/13/2026 11:16,0,0,0,0,0,0,0,0,-1601,-1602,-1606,-1601,-1398,-1352,-1602,-398,-1203,-3505,-1402,-1604,-1603,-1603,-1603,-3506,-1601,0,-3507,-1604,-1602,-1404,-1600,-1606
3/13/2026 11:16,0,0,0,0,0,0,0,0,-1602,-1602,-1606,-1602,-1401,-1352,-1601,-398,-1203,-3508,-1401,-1604,-1603,-1604,-1603,-3506,-1602,0,-3508,-1602,-1603,-1404,-1600,-1606
3/13/2026 11:16,0,0,0,0,0,0,0,0,-1601,-1602,-1604,-1601,-1401,-1354,-1599,-399,-1203,-3504,-1400,-1603,-1604,-1601,-1602,-3508,-1601,0,-3509,-1603,-1603,-1403,-1600,-1605
3/13/2026 11:16,0,0,0,0,0,0,0,0,-1604,-1603,-1605,-1601,-1401,-1353,-1602,-400,-1203,-3506,-1399,-1604,-1606,-1602,-1602,-3510,-1602,0,-3508,-1603,-1603,-1403,-1601,-1606
3/13/2026 11:16,0,0,0,0,0,0,0,0,-1603,-1604,-1604,-1601,-1401,-1354,-1601,-400,-1203,-3508,-1399,-1604,-1606,-1602,-1602,-3510,-1602,0,-3507,-1603,-1604,-1402,-1601,-1605
3/13/2026 11:16,0,0,0,0,0,0,0,0,-1604,-1606,-1605,-1605,-1401,-1355,-1601,-400,-1204,-3507,-1399,-1604,-1606,-1602,-1602,-3505,-1602,0,-3508,-1603,-1605,-1403,-1602,-1604
3/13/2026 11:16,0,0,0,0,0,0,0,0,-1604,-1606,-1604,-1604,-1403,-1356,-1600,-402,-1203,-3504,-1400,-1604,-1606,-1602,-1602,-3508,-1602,0,-3511,-1602,-1605,-1401,-1602,-1604
3/13/2026 11:16,0,0,0,0,0,0,0,0,-1606,-1606,-1605,-1605,-1404,-1355,-1602,-402,-1204,-3504,-1400,-1604,-1607,-1603,-1602,-3510,-1603,0,-3509,-1602,-1604,-1401,-1603,-1606
3/13/2026 11:16,0,0,0,0,0,0,0,0,-1607,-1606,-1603,-1606,-1404,-1356,-1601,-402,-1204,-3504,-1400,-1604,-1606,-1603,-1602,-3508,-1603,0,-3508,-1603,-1602,-1401,-1603,-1605
3/13/2026 11:16,0,0,0,0,0,0,0,0,-1604,-1607,-1602,-1606,-1522,-1236,-1602,-402,-1202,-3504,-1400,-1604,-1605,-1603,-1603,-3506,-1603,0,-3506,-1603,-1604,-1401,-1604,-1605
3/13/2026 11:16,0,0,0,0,0,0,0,0,-1604,-1606,-1601,-1605,-1549,-1207,-1602,-402,-1204,-3503,-1401,-1604,-1606,-1603,-1603,-3505,-1603,0,-3507,-1602,-1604,-1399,-1605,-1604
3/13/2026 11:16,0,0,0,0,0,0,0,0,-1603,-1607,-1601,-1606,-1553,-1203,-1602,-402,-1203,-3502,-1401,-1602,-1605,-1603,-1605,-3507,-1602,0,-3507,-1601,-1602,-1400,-1604,-1604
3/13/2026 11:16,0,0,0,0,0,0,0,0,-1605,-1606,-1603,-1606,-1555,-1203,-1605,-401,-1203,-3504,-1401,-1603,-1605,-1603,-1605,-3507,-1603,0,-3507,-1604,-1603,-1399,-1606,-1603
3/13/2026 11:16,0,0,0,0,0,0,0,0,-1603,-1607,-1601,-1606,-1554,-1203,-1603,-401,-1203,-3504,-1402,-1604,-1605,-1604,-1605,-3504,-1602,0,-3505,-1603,-1604,-1399,-1606,-1603
3/13/2026 11:16,0,0,0,0,0,0,0,0,-1604,-1605,-1601,-1606,-1553,-1203,-1605,-401,-1204,-3502,-1401,-1602,-1604,-1604,-1605,-3504,-1602,0,-3502,-1602,-1603,-1398,-1606,-1602
3/13/2026 11:16,0,0,0,0,0,0,0,0,-1603,-1607,-1599,-1606,-1553,-1203,-1606,-400,-1204,-3503,-1403,-1603,-1601,-1604,-1606,-3506,-1602,0,-3505,-1604,-1603,-1398,-1608,-1601
3/13/2026 11:16,0,0,0,0,0,0,0,0,-1602,-1604,-1601,-1606,-1552,-1202,-1604,-400,-1204,-3507,-1403,-1605,-1604,-1606,-1607,-3508,-1602,0,-3507,-1605,-1602,-1399,-1606,-1602
3/13/2026 11:16,0,0,0,0,0,0,0,0,-1602,-1604,-1602,-1604,-1553,-1202,-1605,-400,-1205,-3504,-1404,-1604,-1602,-1605,-1606,-3505,-1602,0,-3504,-1604,-1604,-1399,-1606,-1601
3/13/2026 11:16,0,0,0,0,0,0,0,0,-1601,-1603,-1601,-1605,-1553,-1202,-1606,-399,-1204,-3506,-1403,-1603,-1602,-1604,-1607,-3506,-1602,0,-3504,-1604,-1603,-1399,-1604,-1601
3/13/2026 11:16,0,0,0,0,0,0,0,0,-1602,-1604,-1601,-1605,-1552,-1202,-1606,-399,-1205,-3505,-1403,-1603,-1602,-1604,-1607,-3503,-1602,0,-3503,-1605,-1602,-1398,-1606,-1600
3/13/2026 11:16,0,0,0,0,0,0,0,0,-1602,-1604,-1601,-1605,-1553,-1202,-1606,-399,-1204,-3508,-1403,-1605,-1602,-1604,-1606,-3507,-1601,0,-3506,-1606,-1602,-1399,-1606,-1600
3/13/2026 11:16,0,0,0,0,0,0,0,0,-1601,-1601,-1601,-1604,-1552,-1201,-1606,-398,-1204,-3505,-1403,-1605,-1603,-1604,-1606,-3504,-1601,0,-3504,-1605,-1602,-1400,-1606,-1599
3/13/2026 11:16,0,0,0,0,0,0,0,0,-1601,-1601,-1601,-1602,-1552,-1201,-1605,-398,-1205,-3508,-1402,-1603,-1602,-1603,-1606,-3504,-1602,0,-3501,-1606,-1603,-1401,-1604,-1600
3/13/2026 11:16,0,0,0,0,0,0,0,0,-1600,-1602,-1604,-1603,-1551,-1201,-1604,-399,-1205,-3509,-1403,-1603,-1602,-1604,-1607,-3504,-1601,0,-3504,-1606,-1604,-1403,-1604,-1600
3/13/2026 11:16,0,0,0,0,0,0,0,0,-1599,-1601,-1602,-1603,-1551,-1201,-1604,-398,-1203,-3505,-1402,-1605,-1602,-1603,-1605,-3503,-1600,0,-3504,-1605,-1602,-1403,-1603,-1600
3/13/2026 11:16,0,0,0,0,0,0,0,0,-1599,-1603,-1604,-1604,-1550,-1201,-1603,-398,-1204,-3507,-1402,-1605,-1603,-1603,-1605,-3501,-1601,0,-3508,-1604,-1603,-1403,-1602,-1601
3/13/2026 11:17,0,0,0,0,0,0,0,0,-1600,-1602,-1604,-1603,-1551,-1200,-1603,-397,-1203,-3507,-1401,-1603,-1602,-1602,-1604,-3507,-1601,0,-3504,-1604,-1602,-1404,-1602,-1601
3/13/2026 11:17,0,0,0,0,0,0,0,0,-1599,-1601,-1604,-1603,-1549,-1200,-1602,-397,-1204,-3508,-1401,-1604,-1602,-1601,-1604,-3503,-1600,0,-3504,-1605,-1601,-1403,-1602,-1602
3/13/2026 11:17,0,0,0,0,0,0,0,0,-1599,-1602,-1604,-1603,-1550,-1200,-1603,-397,-1203,-3508,-1402,-1604,-1602,-1603,-1604,-3504,-1601,0,-3504,-1605,-1601,-1404,-1603,-1603
3/13/2026 11:17,0,0,0,0,0,0,0,0,-1600,-1601,-1603,-1602,-1550,-1200,-1600,-397,-1204,-3507,-1402,-1604,-1602,-1602,-1604,-3507,-1600,0,-3508,-1604,-1601,-1404,-1603,-1604
3/13/2026 11:17,0,0,0,0,0,0,0,0,-1599,-1601,-1605,-1601,-1551,-1200,-1600,-397,-1203,-3508,-1400,-1605,-1602,-1602,-1602,-3505,-1600,0,-3508,-1602,-1601,-1406,-1603,-1603
3/13/2026 11:17,0,0,0,0,0,0,0,0,-1600,-1600,-1604,-1602,-1549,-1200,-1602,-398,-1204,-3509,-1401,-1605,-1602,-1602,-1602,-3502,-1601,0,-3507,-1604,-1603,-1405,-1602,-1600
3/13/2026 11:17,0,0,0,0,0,0,0,0,-1600,-1600,-1603,-1600,-1551,-1199,-1603,-397,-1202,-3507,-1401,-1603,-1602,-1600,-1602,-3504,-1603,0,-3507,-1603,-1604,-1405,-1601,-1602
3/13/2026 11:17,0,0,0,0,0,0,0,0,-1602,-1601,-1606,-1601,-1549,-1201,-1601,-398,-1204,-3507,-1401,-1603,-1604,-1602,-1601,-3505,-1601,0,-3509,-1603,-1604,-1404,-1601,-1603
3/13/2026 11:17,0,0,0,0,0,0,0,0,-1602,-1603,-1606,-1601,-1550,-1201,-1602,-398,-1203,-3505,-1400,-1604,-1605,-1600,-1601,-3507,-1601,0,-3507,-1603,-1604,-1404,-1602,-1603
3/13/2026 11:17,0,0,0,0,0,0,0,0,-1603,-1603,-1606,-1601,-1550,-1202,-1600,-399,-1202,-3504,-1400,-1603,-1604,-1602,-1602,-3507,-1602,0,-3508,-1603,-1604,-1404,-1602,-1604
3/13/2026 11:17,0,0,0,0,0,0,0,0,-1603,-1602,-1603,-1602,-1551,-1203,-1601,-399,-1203,-3507,-1400,-1602,-1604,-1602,-1602,-3507,-1604,0,-3508,-1603,-1605,-1403,-1602,-1603
3/13/2026 11:17,0,0,0,0,0,0,0,0,-1605,-1603,-1603,-1603,-1550,-1202,-1599,-399,-1204,-3505,-1400,-1602,-1604,-1600,-1601,-3505,-1604,0,-3507,-1601,-1604,-1403,-1602,-1604
3/13/2026 11:17,0,0,0,0,0,0,0,0,-1605,-1603,-1602,-1602,-1591,-1203,-1600,-362,-1203,-3505,-1400,-1603,-1606,-1600,-1600,-3510,-1605,0,-3506,-1601,-1605,-1403,-1601,-1606
3/13/2026 11:17,0,0,0,0,0,0,0,0,-1604,-1603,-1603,-1602,-1600,-1202,-1599,-351,-1203,-3507,-1400,-1602,-1605,-1600,-1600,-3508,-1605,0,-3509,-1602,-1603,-1402,-1603,-1604
3/13/2026 11:17,0,0,0,0,0,0,0,0,-1605,-1604,-1603,-1604,-1602,-1203,-1598,-350,-1203,-3505,-1399,-1602,-1607,-1600,-1601,-3510,-1606,0,-3507,-1602,-1603,-1402,-1602,-1604
3/13/2026 11:17,0,0,0,0,0,0,0,0,-1605,-1604,-1604,-1604,-1601,-1204,-1601,-350,-1203,-3505,-1400,-1604,-1606,-1601,-1601,-3507,-1605,0,-3507,-1602,-1605,-1401,-1603,-1605
3/13/2026 11:17,0,0,0,0,0,0,0,0,-1604,-1604,-1603,-1605,-1601,-1202,-1601,-350,-1203,-3503,-1399,-1604,-1605,-1599,-1601,-3507,-1604,0,-3506,-1600,-1604,-1400,-1603,-1604
3/13/2026 11:17,0,0,0,0,0,0,0,0,-1606,-1605,-1602,-1604,-1604,-1205,-1602,-350,-1204,-3506,-1399,-1603,-1606,-1602,-1602,-3507,-1604,0,-3508,-1601,-1605,-1400,-1604,-1607
3/13/2026 11:17,0,0,0,0,0,0,0,0,-1605,-1606,-1601,-1603,-1603,-1203,-1601,-351,-1203,-3503,-1400,-1602,-1606,-1602,-1602,-3508,-1603,0,-3508,-1602,-1606,-1400,-1603,-1605
3/13/2026 11:17,0,0,0,0,0,0,0,0,-1606,-1605,-1601,-1604,-1604,-1293,-1602,-377,-1201,-3505,-1399,-1602,-1606,-1602,-1601,-3508,-1604,0,-3506,-1602,-1606,-1400,-1603,-1605
3/13/2026 11:17,0,0,0,0,0,0,0,0,-1605,-1606,-1601,-1605,-1603,-1351,-1602,-399,-1204,-3505,-1400,-1603,-1606,-1601,-1602,-3506,-1602,0,-3505,-1602,-1605,-1400,-1604,-1605
3/13/2026 11:17,0,0,0,0,0,0,0,0,-1605,-1606,-1599,-1604,-1603,-1390,-1603,-401,-1202,-3503,-1399,-1603,-1605,-1601,-1603,-3505,-1603,0,-3507,-1687,-1604,-1401,-1605,-1603
3/13/2026 11:17,0,0,0,0,0,0,0,0,-1605,-1606,-1600,-1606,-1604,-1403,-1604,-401,-1203,-3504,-1399,-1602,-1605,-1601,-1603,-3509,-1605,0,-3508,-1755,-1604,-1401,-1606,-1604
3/13/2026 11:17,0,0,0,0,0,0,0,0,-1605,-1605,-1601,-1605,-1604,-1404,-1603,-472,-1201,-3503,-1400,-1601,-1604,-1601,-1602,-3508,-1604,0,-3506,-1782,-1604,-1401,-1605,-1602
3/13/2026 11:17,0,0,0,0,0,0,0,0,-1606,-1605,-1601,-1606,-1606,-1405,-1604,-562,-1203,-3505,-1400,-1603,-1604,-1599,-1602,-3507,-1605,0,-3505,-1801,-1604,-1402,-1605,-1601
3/13/2026 11:17,0,0,0,0,0,0,0,0,-1604,-1606,-1600,-1607,-1606,-1405,-1602,-592,-1203,-3502,-1400,-1693,-1605,-1600,-1603,-3509,-1604,0,-3505,-1801,-1603,-1402,-1605,-1604
3/13/2026 11:17,0,0,0,0,0,0,0,0,-1605,-1605,-1601,-1604,-1603,-1406,-1604,-601,-1204,-3504,-1399,-1772,-1604,-1600,-1602,-3505,-1605,0,-3507,-1803,-1606,-1401,-1604,-1604
3/13/2026 11:17,0,0,0,0,0,0,0,0,-1607,-1606,-1602,-1605,-1605,-1405,-1602,-603,-1204,-3505,-1468,-1791,-1604,-1601,-1602,-3509,-1606,0,-3507,-1803,-1606,-1401,-1605,-1603
3/13/2026 11:17,0,0,0,0,0,0,0,0,-1606,-1604,-1602,-1604,-1602,-1405,-1601,-604,-1201,-3506,-1577,-1801,-1606,-1601,-1603,-3509,-1603,0,-3505,-1802,-1605,-1401,-1604,-1603
3/13/2026 11:17,0,0,0,0,0,0,0,0,-1606,-1604,-1601,-1606,-1603,-1406,-1600,-604,-1202,-3506,-1590,-1803,-1605,-1600,-1602,-3506,-1605,0,-3506,-1802,-1605,-1402,-1603,-1606
3/13/2026 11:18,0,0,0,0,0,0,0,0,-1605,-1605,-1603,-1605,-1604,-1405,-1602,-604,-1203,-3505,-1591,-1802,-1605,-1600,-1601,-3508,-1605,0,-3510,-1803,-1605,-1402,-1603,-1604
3/13/2026 11:18,0,0,0,0,0,0,0,0,-1605,-1605,-1602,-1605,-1601,-1405,-1599,-603,-1202,-3503,-1590,-1803,-1605,-1601,-1600,-3506,-1605,0,-3508,-1802,-1603,-1401,-1601,-1604
3/13/2026 11:18,0,0,0,0,0,0,0,0,-1604,-1603,-1603,-1604,-1601,-1404,-1601,-603,-1203,-3506,-1592,-1804,-1605,-1602,-1602,-3509,-1605,0,-3511,-1804,-1605,-1402,-1603,-1604
3/13/2026 11:18,0,0,0,0,0,0,0,0,-1603,-1602,-1603,-1602,-1601,-1405,-1600,-602,-1203,-3509,-1594,-1803,-1605,-1601,-1601,-3509,-1604,0,-3508,-1803,-1604,-1403,-1602,-1604
3/13/2026 11:18,0,0,0,0,0,0,0,0,-1602,-1602,-1602,-1601,-1600,-1405,-1599,-602,-1203,-3507,-1592,-1803,-1605,-1601,-1602,-3505,-1605,0,-3507,-1804,-1603,-1405,-1602,-1604
3/13/2026 11:18,0,0,0,0,0,0,0,0,-1603,-1603,-1605,-1603,-1599,-1403,-1601,-601,-1203,-3507,-1592,-1802,-1606,-1602,-1602,-3507,-1604,0,-3508,-1803,-1604,-1403,-1604,-1603
3/13/2026 11:18,0,0,0,0,0,0,0,0,-1603,-1600,-1604,-1601,-1600,-1402,-1602,-601,-1204,-3504,-1593,-1803,-1606,-1601,-1601,-3507,-1603,0,-3509,-1803,-1604,-1404,-1602,-1603
3/13/2026 11:18,0,0,0,0,0,0,0,0,-1604,-1602,-1605,-1602,-1601,-1403,-1600,-600,-1203,-3506,-1593,-1805,-1606,-1602,-1601,-3505,-1603,0,-3510,-1804,-1604,-1404,-1602,-1603
3/13/2026 11:18,0,0,0,0,0,0,0,0,-1603,-1601,-1605,-1599,-1599,-1403,-1602,-600,-1204,-3508,-1593,-1804,-1604,-1602,-1602,-3506,-1603,0,-3505,-1804,-1604,-1405,-1602,-1602
3/13/2026 11:18,0,0,0,0,0,0,0,0,-1602,-1601,-1604,-1600,-1600,-1403,-1602,-600,-1202,-3507,-1593,-1804,-1603,-1601,-1603,-3506,-1602,0,-3508,-1804,-1600,-1404,-1603,-1603
3/13/2026 11:18,0,0,0,0,0,0,0,0,-1600,-1602,-1603,-1599,-1599,-1402,-1603,-599,-1203,-3508,-1593,-1803,-1603,-1602,-1603,-3502,-1602,0,-3503,-1805,-1602,-1405,-1602,-1602
3/13/2026 11:18,0,0,0,0,0,0,0,0,-1599,-1601,-1604,-1601,-1601,-1403,-1603,-600,-1203,-3508,-1594,-1805,-1604,-1602,-1602,-3507,-1602,0,-3508,-1805,-1601,-1405,-1602,-1600
3/13/2026 11:18,0,0,0,0,0,0,0,0,-1601,-1601,-1606,-1601,-1600,-1403,-1601,-600,-1203,-3506,-1594,-1805,-1604,-1601,-1602,-3505,-1602,0,-3506,-1805,-1599,-1405,-1602,-1601
3/13/2026 11:18,0,0,0,0,0,0,0,0,-1602,-1601,-1605,-1599,-1601,-1402,-1602,-600,-1202,-3506,-1593,-1803,-1603,-1601,-1603,-3507,-1602,0,-3505,-1806,-1601,-1406,-1602,-1601
3/13/2026 11:18,0,0,0,0,0,0,0,0,-1603,-1601,-1604,-1601,-1599,-1404,-1602,-600,-1203,-3507,-1592,-1804,-1604,-1601,-1603,-3509,-1603,0,-3507,-1805,-1604,-1405,-1602,-1601
3/13/2026 11:18,0,0,0,0,0,0,0,0,-1602,-1599,-1604,-1600,-1600,-1402,-1600,-600,-1201,-3506,-1593,-1805,-1604,-1601,-1602,-3508,-1605,0,-3509,-1804,-1603,-1405,-1602,-1601
3/13/2026 11:18,0,0,0,0,0,0,0,0,-1603,-1601,-1604,-1600,-1600,-1404,-1601,-600,-1203,-3504,-1593,-1804,-1605,-1602,-1600,-3502,-1605,0,-3509,-1805,-1603,-1404,-1603,-1602
3/13/2026 11:18,0,0,0,0,0,0,0,0,-1605,-1601,-1604,-1602,-1602,-1403,-1600,-601,-1202,-3506,-1592,-1804,-1606,-1602,-1601,-3506,-1605,0,-3510,-1803,-1603,-1405,-1602,-1604
3/13/2026 11:18,0,0,0,0,0,0,0,0,-1605,-1601,-1604,-1602,-1602,-1404,-1599,-602,-1203,-3505,-1592,-1804,-1607,-1602,-1601,-3507,-1606,0,-3506,-1803,-1604,-1404,-1601,-1604
3/13/2026 11:18,0,0,0,0,0,0,0,0,-1606,-1601,-1603,-1604,-1603,-1403,-1630,-603,-1266,-3506,-1598,-1806,-1605,-1601,-1599,-3507,-1607,0,-3508,-1803,-1603,-1404,-1602,-1603
3/13/2026 11:18,0,0,0,0,0,0,0,0,-1605,-1691,-1750,-1603,-1604,-1405,-1781,-603,-1387,-3504,-1601,-1805,-1605,-1601,-1601,-3510,-1606,0,-3510,-1802,-1604,-1404,-1625,-1603
3/13/2026 11:18,0,0,0,0,0,0,0,0,-1606,-1792,-1797,-1605,-1604,-1405,-1797,-603,-1399,-3505,-1601,-1805,-1683,-1600,-1601,-3508,-1760,0,-3509,-1803,-1604,-1404,-1779,-1721
3/13/2026 11:18,0,0,0,0,0,0,0,0,-1741,-1805,-1802,-1603,-1605,-1404,-1801,-603,-1403,-3504,-1601,-1804,-1782,-1770,-1601,-3508,-1798,0,-3511,-1802,-1695,-1410,-1800,-1797
3/13/2026 11:18,0,0,0,0,0,0,0,0,-1799,-1805,-1802,-1605,-1626,-1404,-1802,-603,-1403,-3505,-1601,-1805,-1804,-1800,-1715,-3510,-1803,0,-3508,-1802,-1792,-1576,-1801,-1806
3/13/2026 11:18,0,0,0,0,0,0,0,0,-1803,-1807,-1803,-1604,-1678,-1405,-1802,-603,-1403,-3507,-1602,-1804,-1806,-1804,-1792,-3511,-1805,0,-3510,-1803,-1804,-1597,-1803,-1808
3/13/2026 11:18,0,0,0,0,0,0,0,0,-1806,-1805,-1803,-1649,-1766,-1403,-1803,-603,-1402,-3503,-1600,-1804,-1806,-1803,-1800,-3508,-1804,0,-3509,-1803,-1804,-1601,-1804,-1806
3/13/2026 11:18,0,0,0,0,0,0,0,0,-1805,-1805,-1803,-1690,-1797,-1406,-1802,-603,-1401,-3505,-1602,-1804,-1805,-1803,-1801,-3511,-1804,0,-3510,-1802,-1806,-1601,-1804,-1805
3/13/2026 11:18,0,0,0,0,0,0,0,0,-1804,-1806,-1803,-1759,-1803,-1460,-1802,-603,-1402,-3505,-1602,-1804,-1805,-1804,-1800,-3505,-1805,0,-3509,-1803,-1804,-1601,-1804,-1806
3/13/2026 11:18,0,0,0,0,0,0,0,0,-1806,-1806,-1802,-1802,-1805,-1500,-1802,-603,-1403,-3505,-1600,-1804,-1805,-1802,-1802,-3509,-1804,0,-3508,-1804,-1804,-1600,-1802,-1806
3/13/2026 11:18,0,0,0,0,0,0,0,0,-1805,-1804,-1802,-1804,-1804,-1427,-1801,-603,-1400,-3504,-1600,-1856,-1804,-1803,-1801,-3506,-1804,0,-3506,-1950,-1804,-1601,-1803,-1806
3/13/2026 11:19,0,0,0,0,0,0,0,0,-1806,-1803,-1803,-1805,-1803,-1406,-1803,-604,-1403,-3505,-1601,-1905,-1805,-1803,-1801,-3507,-1805,0,-3510,-1990,-1804,-1601,-1802,-1807
3/13/2026 11:19,0,0,0,0,0,0,0,0,-1806,-1802,-1805,-1804,-1803,-1439,-1800,-604,-1402,-3506,-1603,-1924,-1804,-1804,-1800,-3511,-1807,0,-3509,-2001,-1804,-1603,-1801,-1809
3/13/2026 11:19,0,0,0,0,0,0,0,0,-1804,-1801,-1806,-1802,-1801,-1498,-1799,-603,-1400,-3506,-1602,-1996,-1804,-1804,-1800,-3509,-1805,0,-3508,-2002,-1804,-1601,-1800,-1806
3/13/2026 11:19,0,0,0,0,0,0,0,0,-1804,-1802,-1804,-1803,-1801,-1571,-1798,-680,-1401,-3509,-1603,-2003,-1804,-1803,-1801,-3507,-1805,0,-3511,-2002,-1803,-1604,-1800,-1805
3/13/2026 11:19,0,0,0,0,0,0,0,0,-1804,-1801,-1805,-1801,-1801,-1598,-1800,-713,-1402,-3510,-1603,-2003,-1805,-1803,-1800,-3507,-1803,0,-3508,-2004,-1803,-1605,-1799,-1804
3/13/2026 11:19,0,0,0,0,0,0,0,0,-1802,-1802,-1807,-1801,-1801,-1599,-1800,-756,-1434,-3508,-1603,-2004,-1805,-1803,-1801,-3503,-1804,0,-3503,-2003,-1803,-1606,-1800,-1802
3/13/2026 11:19,0,0,0,0,0,0,0,0,-1803,-1803,-1807,-1801,-1800,-1600,-1801,-794,-1473,-3508,-1660,-2004,-1803,-1804,-1802,-3505,-1803,0,-3506,-2004,-1802,-1605,-1801,-1802
3/13/2026 11:19,0,0,0,0,0,0,0,0,-1802,-1800,-1808,-1801,-1800,-1599,-1801,-797,-1466,-3506,-1765,-2004,-1801,-1804,-1801,-3506,-1803,0,-3507,-2004,-1803,-1606,-1802,-1802
3/13/2026 11:19,0,0,0,0,0,0,0,0,-1800,-1801,-1806,-1802,-1799,-1600,-1802,-798,-1520,-3509,-1796,-2003,-1802,-1804,-1802,-3508,-1802,0,-3504,-2004,-1802,-1606,-1801,-1802
3/13/2026 11:19,0,0,0,0,0,0,0,0,-1800,-1801,-1806,-1801,-1799,-1599,-1865,-798,-1566,-3507,-1802,-2003,-1800,-1805,-1800,-3506,-1802,0,-3503,-2004,-1802,-1605,-1802,-1803
3/13/2026 11:19,0,0,0,0,0,0,0,0,-1800,-1803,-1807,-1803,-1801,-1601,-1927,-798,-1599,-3508,-1805,-2005,-1800,-1805,-1801,-3503,-1802,0,-3503,-2005,-1803,-1606,-1802,-1802
3/13/2026 11:19,0,0,0,0,0,0,0,0,-1801,-1803,-1807,-1803,-1802,-1600,-1963,-798,-1604,-3508,-1804,-2002,-1801,-1806,-1802,-3505,-1868,0,-3502,-2004,-1803,-1606,-1802,-1804
3/13/2026 11:19,0,0,0,0,0,0,0,0,-1800,-1802,-1807,-1802,-1800,-1600,-1997,-799,-1604,-3511,-1804,-2003,-1800,-1804,-1802,-3504,-1936,0,-3504,-2004,-1802,-1605,-1802,-1801
3/13/2026 11:19,0,0,0,0,0,0,0,0,-1799,-1802,-1806,-1804,-1800,-1600,-2002,-797,-1604,-3508,-1807,-2002,-1801,-1804,-1803,-3506,-1977,0,-3506,-2005,-1803,-1605,-1863,-1801
3/13/2026 11:19,0,0,0,0,0,0,0,0,-1800,-1804,-1807,-1804,-1800,-1599,-2004,-798,-1604,-3506,-1806,-2004,-1801,-1804,-1803,-3505,-1999,0,-3502,-2006,-1804,-1605,-1952,-1801
3/13/2026 11:19,0,0,0,0,0,0,0,0,-1802,-1830,-1805,-1802,-1804,-1603,-2002,-799,-1604,-3507,-1805,-2005,-1802,-1805,-1805,-3507,-2004,0,-3502,-2006,-1804,-1606,-1975,-1800
3/13/2026 11:19,0,0,0,0,0,0,0,0,-1801,-1950,-1804,-1802,-1803,-1604,-2002,-798,-1604,-3504,-1804,-2004,-1800,-1803,-1803,-3508,-2002,0,-3504,-2006,-1803,-1606,-2001,-1800
3/13/2026 11:19,0,0,0,0,0,0,0,0,-1801,-1989,-1883,-1803,-1804,-1605,-2005,-799,-1606,-3512,-1807,-2006,-1804,-1806,-1805,-3506,-2004,0,-3507,-2007,-1804,-1607,-2006,-1802
3/13/2026 11:19,0,0,0,0,0,0,0,0,-1800,-1999,-1965,-1802,-1804,-1603,-2004,-798,-1603,-3510,-1806,-2004,-1802,-1805,-1804,-3504,-2002,0,-3500,-2008,-1801,-1604,-2002,-1800
3/13/2026 11:19,0,0,0,0,0,0,0,0,-1801,-2001,-1991,-1803,-1801,-1603,-2004,-799,-1602,-3507,-1806,-2002,-1802,-1803,-1806,-3504,-2003,0,-3505,-2004,-1802,-1706,-2005,-1801
3/13/2026 11:19,0,0,0,0,0,0,0,0,-1801,-2003,-2004,-1802,-1802,-1603,-2002,-798,-1602,-3505,-1805,-2003,-1802,-1804,-1805,-3505,-2003,0,-3503,-2004,-1801,-1769,-2003,-1800
3/13/2026 11:19,0,0,0,0,0,0,0,0,-1802,-2005,-2005,-1801,-1803,-1605,-2004,-799,-1603,-3509,-1805,-2005,-1802,-1893,-1806,-3508,-2003,0,-3503,-2007,-1804,-1795,-2005,-1800
3/13/2026 11:19,0,0,0,0,0,0,0,0,-1801,-2001,-2004,-1801,-1802,-1605,-2002,-799,-1602,-3504,-1805,-2003,-1801,-1985,-1804,-3504,-2003,0,-3503,-2004,-1803,-1801,-2004,-1799
3/13/2026 11:19,0,0,0,0,0,0,0,0,-1801,-2003,-2005,-1802,-1802,-1603,-2004,-800,-1601,-3507,-1806,-2002,-1904,-2000,-1806,-3506,-2005,0,-3501,-2003,-1803,-1802,-2003,-1802
3/13/2026 11:19,0,0,0,0,0,0,0,0,-1801,-2004,-2004,-1803,-1803,-1603,-2004,-800,-1603,-3505,-1804,-2003,-1981,-2006,-1806,-3504,-2003,0,-3503,-2004,-1802,-1802,-2004,-1801
3/13/2026 11:19,0,0,0,0,0,0,0,0,-1802,-2008,-2004,-1805,-1804,-1605,-2007,-801,-1606,-3506,-1806,-2006,-2000,-2008,-1806,-3510,-2006,0,-3510,-2005,-1804,-1804,-2008,-1894
3/13/2026 11:19,0,0,0,0,0,0,0,0,-1800,-2003,-2002,-1802,-1802,-1604,-2006,-801,-1602,-3506,-1802,-2002,-2002,-2004,-1805,-3504,-2002,0,-3505,-2001,-1801,-1802,-2006,-1990
3/13/2026 11:19,0,0,0,0,0,0,0,0,-1898,-2005,-2003,-1803,-1802,-1604,-2005,-800,-1603,-3505,-1805,-2003,-2002,-2003,-1807,-3508,-2003,0,-3505,-2003,-1803,-1802,-2004,-2002
3/13/2026 11:19,0,0,0,0,0,0,0,0,-1980,-2005,-2002,-1805,-1803,-1604,-2005,-801,-1601,-3504,-1803,-2001,-2001,-2003,-1816,-3508,-2003,0,-3504,-2002,-1803,-1801,-2004,-2005
3/13/2026 11:19,0,0,0,0,0,0,0,0,-2000,-2005,-2002,-1809,-1803,-1603,-2005,-801,-1601,-3503,-1803,-2002,-2001,-2004,-1862,-3508,-2004,0,-3505,-2001,-1804,-1802,-2005,-2004
3/13/2026 11:20,0,0,0,0,0,0,0,0,-2002,-2005,-2000,-1823,-1805,-1604,-2004,-801,-1601,-3504,-1801,-2002,-2001,-2004,-1992,-3506,-2003,0,-3506,-2001,-1805,-1801,-2004,-2004
3/13/2026 11:20,0,0,0,0,0,0,0,0,-2003,-2005,-2002,-1915,-1806,-1607,-2006,-801,-1602,-3507,-1802,-2003,-2002,-2004,-2004,-3505,-2004,0,-3506,-2001,-1812,-1801,-2005,-2005
3/13/2026 11:20,0,0,0,0,0,0,0,0,-2005,-2006,-2002,-1989,-1805,-1606,-2006,-802,-1601,-3504,-1803,-2002,-2002,-2002,-2005,-3506,-2005,0,-3507,-2001,-1822,-1802,-2003,-2007
3/13/2026 11:20,0,0,0,0,0,0,0,0,-2004,-2007,-2004,-2003,-1810,-1605,-2005,-803,-1601,-3506,-1803,-2003,-2005,-2002,-2003,-3506,-2004,0,-3506,-2001,-1899,-1802,-2003,-2005
3/13/2026 11:20,0,0,0,0,0,0,0,0,-2006,-2002,-2002,-2007,-1831,-1605,-2004,-802,-1600,-3505,-1803,-2002,-2005,-1999,-2003,-3507,-2005,0,-3505,-2000,-1992,-1801,-2002,-2007
3/13/2026 11:20,0,0,0,0,0,0,0,0,-2007,-2004,-2002,-2007,-1920,-1606,-2003,-803,-1601,-3507,-1802,-2002,-2006,-2003,-2004,-3510,-2006,0,-3509,-2016,-2005,-1802,-2003,-2007
3/13/2026 11:20,0,0,0,0,0,0,0,0,-2007,-2004,-2001,-2006,-1990,-1605,-2003,-802,-1602,-3503,-1802,-2004,-2005,-2004,-2002,-3507,-2006,0,-3510,-2036,-2004,-1801,-2004,-2006
3/13/2026 11:20,0,0,0,0,0,0,0,0,-2007,-2006,-2003,-2007,-2005,-1605,-2005,-802,-1601,-3508,-1804,-2021,-2006,-2003,-2001,-3508,-2005,0,-3510,-2109,-2006,-1802,-2003,-2007
3/13/2026 11:20,0,0,0,0,0,0,0,0,-2005,-2004,-2004,-2005,-2005,-1605,-2003,-803,-1602,-3505,-1803,-2049,-2004,-2003,-2001,-3508,-2004,0,-3508,-2190,-2004,-1802,-2000,-2006
3/13/2026 11:20,0,0,0,0,0,0,0,0,-2006,-2004,-2004,-2005,-2005,-1626,-2003,-802,-1602,-3507,-1802,-2101,-2005,-2002,-2001,-3508,-2007,0,-3513,-2203,-2007,-1802,-2001,-2006
3/13/2026 11:20,0,0,0,0,0,0,0,0,-2007,-2002,-2003,-2003,-2004,-1650,-2000,-802,-1602,-3507,-1803,-2194,-2005,-2003,-2001,-3506,-2008,0,-3510,-2204,-2003,-1803,-2002,-2005
3/13/2026 11:20,0,0,0,0,0,0,0,0,-2007,-2003,-2004,-2006,-2002,-1655,-2001,-802,-1601,-3506,-1804,-2203,-2006,-2002,-2001,-3507,-2006,0,-3510,-2203,-2004,-1803,-2001,-2007
3/13/2026 11:20,0,0,0,0,0,0,0,0,-2007,-2003,-2004,-2005,-2003,-1652,-1999,-802,-1603,-3505,-1804,-2204,-2007,-2004,-2001,-3507,-2006,0,-3509,-2203,-2004,-1803,-2001,-2006
3/13/2026 11:20,0,0,0,0,0,0,0,0,-2006,-2003,-2005,-2005,-2003,-1759,-2002,-842,-1601,-3504,-1804,-2055,-2006,-2004,-2000,-3505,-2006,0,-3509,-2202,-2004,-1804,-2001,-2005
3/13/2026 11:20,0,0,0,0,0,0,0,0,-2005,-2001,-2005,-2004,-2003,-1796,-2000,-851,-1603,-3504,-1803,-2009,-2005,-2003,-1999,-3508,-2006,0,-3508,-2205,-2003,-1803,-2000,-2004
3/13/2026 11:20,0,0,0,0,0,0,0,0,-2005,-2002,-2003,-2006,-2003,-1802,-2001,-852,-1601,-3508,-1802,-2003,-2005,-2004,-1999,-3504,-2005,0,-3507,-2205,-2004,-1802,-2002,-2004
3/13/2026 11:20,0,0,0,0,0,0,0,0,-2003,-2003,-2003,-2003,-2000,-1800,-2000,-851,-1601,-3507,-1801,-2003,-2004,-2004,-1999,-3504,-2004,0,-3507,-2203,-2004,-1802,-2002,-2003
3/13/2026 11:20,0,0,0,0,0,0,0,0,-2006,-2003,-2003,-2004,-2003,-1802,-2001,-852,-1603,-3508,-1805,-2004,-2005,-2004,-2000,-3504,-2004,0,-3510,-2206,-2005,-1802,-2003,-2003
3/13/2026 11:20,0,0,0,0,0,0,0,0,-2005,-2003,-2004,-2002,-2002,-1800,-2001,-851,-1604,-3507,-1802,-2006,-2006,-2003,-2000,-3506,-2003,0,-3511,-2205,-2005,-1802,-2004,-2003
3/13/2026 11:20,0,0,0,0,0,0,0,0,-2004,-2001,-2003,-2002,-2001,-1800,-2000,-850,-1603,-3506,-1802,-2004,-2006,-2005,-1999,-3505,-2003,0,-3506,-2205,-2000,-1802,-2003,-2005
3/13/2026 11:20,0,0,0,0,0,0,0,0,-2003,-2001,-2005,-2003,-2004,-1801,-2001,-850,-1603,-3507,-1805,-2005,-2006,-2006,-2000,-3509,-2004,0,-3505,-2205,-2002,-1802,-2003,-2005
3/13/2026 11:20,0,0,0,0,0,0,0,0,-2004,-2002,-2004,-2002,-2001,-1800,-2002,-849,-1603,-3506,-1804,-2004,-2005,-2003,-2002,-3505,-2004,0,-3507,-2203,-2002,-1802,-2001,-2002
3/13/2026 11:20,0,0,0,0,0,0,0,0,-2004,-2004,-2005,-2003,-2001,-1802,-2001,-849,-1602,-3507,-1804,-2005,-2004,-2004,-2001,-3507,-2004,0,-3508,-2206,-2004,-1804,-2002,-2002
3/13/2026 11:20,0,0,0,0,0,0,0,0,-2004,-2001,-2005,-2003,-2000,-1799,-2001,-849,-1604,-3508,-1803,-2006,-2003,-2003,-2001,-3504,-2004,0,-3507,-2205,-2003,-1804,-2001,-2001
3/13/2026 11:20,0,0,0,0,0,0,0,0,-2003,-2002,-2006,-2002,-2002,-1802,-2003,-848,-1604,-3509,-1805,-2004,-2003,-2004,-2001,-3505,-2002,0,-3507,-2207,-2003,-1804,-2002,-2001
3/13/2026 11:20,0,0,0,0,0,0,0,0,-2002,-2002,-2005,-2001,-2001,-1800,-2001,-849,-1602,-3507,-1805,-2003,-2003,-2005,-2000,-3504,-2002,0,-3505,-2204,-2001,-1804,-2001,-2001
3/13/2026 11:20,0,0,0,0,0,0,0,0,-2002,-2005,-2005,-2002,-2001,-1801,-2002,-848,-1604,-3510,-1806,-2005,-2003,-2005,-2000,-3505,-2004,0,-3503,-2206,-2004,-1805,-2003,-2003
3/13/2026 11:20,0,0,0,0,0,0,0,0,-2002,-2004,-2005,-2002,-2002,-1801,-2002,-848,-1605,-3507,-1804,-2006,-2003,-2006,-2002,-3503,-2003,0,-3506,-2206,-2004,-1806,-2004,-2003
3/13/2026 11:20,0,0,0,0,0,0,0,0,-2002,-2003,-2005,-2001,-1999,-1799,-2003,-826,-1617,-3506,-1804,-2005,-2003,-2005,-2001,-3505,-2003,0,-3504,-2204,-2003,-1804,-2004,-2001
3/13/2026 11:20,0,0,0,0,0,0,0,0,-2002,-2002,-2005,-2001,-2001,-1804,-2004,-801,-1649,-3510,-1805,-2004,-2003,-2003,-2002,-3504,-2003,0,-3503,-2206,-2002,-1804,-2003,-2000
3/13/2026 11:21,0,0,0,0,0,0,0,0,-2002,-2004,-2006,-2001,-2000,-1802,-2004,-798,-1652,-3506,-1803,-2003,-2003,-2006,-2003,-3506,-2003,0,-3502,-2206,-2003,-1805,-2004,-2001
3/13/2026 11:21,0,0,0,0,0,0,0,0,-2001,-2003,-2005,-2001,-2001,-1803,-2004,-797,-1654,-3505,-1803,-2004,-2003,-2005,-2003,-3505,-2003,0,-3503,-2205,-2003,-1806,-2004,-2001
3/13/2026 11:21,0,0,0,0,0,0,0,0,-2000,-2003,-2006,-2001,-2000,-1802,-2003,-798,-1652,-3505,-1803,-2005,-2003,-2007,-2002,-3506,-2002,0,-3502,-2206,-2003,-1806,-2004,-2002
3/13/2026 11:21,0,0,0,0,0,0,0,0,-2000,-2002,-2004,-2001,-2001,-1802,-2003,-797,-1654,-3508,-1804,-2004,-2002,-2005,-2003,-3504,-2003,0,-3502,-2205,-2004,-1806,-2004,-2000
3/13/2026 11:21,0,0,0,0,0,0,0,0,-2002,-2003,-2005,-2002,-2001,-1804,-2004,-798,-1654,-3510,-1804,-2005,-2002,-2004,-2003,-3503,-2003,0,-3501,-2206,-2002,-1805,-2005,-2002
3/13/2026 11:21,0,0,0,0,0,0,0,0,-2002,-2001,-2003,-2002,-2002,-1805,-2003,-797,-1653,-3506,-1803,-2005,-2003,-2006,-2003,-3503,-2002,0,-3505,-2207,-2003,-1806,-2004,-1999
3/13/2026 11:21,0,0,0,0,0,0,0,0,-2003,-2002,-2006,-2000,-2002,-1802,-2002,-797,-1653,-3506,-1804,-2003,-2004,-2003,-2002,-3505,-2002,0,-3505,-2207,-2003,-1805,-2003,-2000
3/13/2026 11:21,0,0,0,0,0,0,0,0,-2002,-2002,-2006,-2000,-2003,-1803,-2002,-797,-1655,-3505,-1804,-2005,-2005,-2004,-2001,-3506,-2003,0,-3503,-2207,-2003,-1806,-2001,-2002
3/13/2026 11:21,0,0,0,0,0,0,0,0,-2000,-2001,-2005,-2000,-2003,-1803,-2001,-798,-1654,-3509,-1805,-2006,-2004,-2004,-2002,-3503,-2002,0,-3501,-2207,-2000,-1805,-2002,-2001
3/13/2026 11:21,0,0,0,0,0,0,0,0,-2003,-2003,-2004,-2002,-2002,-1804,-2001,-797,-1654,-3509,-1802,-2006,-2005,-2004,-2003,-3503,-2002,0,-3503,-2208,-2003,-1803,-2003,-2002
3/13/2026 11:21,0,0,0,0,0,0,0,0,-2002,-2002,-2004,-2001,-2002,-1803,-2002,-798,-1654,-3507,-1802,-2006,-2006,-2004,-2003,-3504,-2003,0,-3505,-2208,-2003,-1804,-2001,-2000
3/13/2026 11:21,0,0,0,0,0,0,0,0,-2004,-2002,-2005,-2003,-2003,-1804,-2002,-798,-1655,-3510,-1803,-2004,-2006,-2002,-2004,-3506,-2002,0,-3505,-2207,-2001,-1805,-2001,-2000
3/13/2026 11:21,0,0,0,0,0,0,0,0,-2004,-2002,-2005,-2002,-2003,-1803,-2001,-798,-1654,-3504,-1803,-2005,-2006,-2004,-2003,-3508,-2003,0,-3505,-2206,-2004,-1805,-2003,-1999
3/13/2026 11:21,0,0,0,0,0,0,0,0,-2003,-2002,-2004,-2003,-2003,-1802,-2002,-798,-1656,-3506,-1803,-2003,-2007,-2004,-2002,-3506,-2004,0,-3510,-2206,-2003,-1805,-2003,-2002
3/13/2026 11:21,0,0,0,0,0,0,0,0,-2006,-2002,-2003,-2002,-2004,-1803,-2001,-800,-1655,-3509,-1803,-2006,-2006,-2002,-2002,-3506,-2004,0,-3509,-2208,-2002,-1806,-2002,-2002
3/13/2026 11:21,0,0,0,0,0,0,0,0,-2005,-2001,-2003,-2002,-2004,-1802,-2001,-799,-1655,-3510,-1803,-2004,-2005,-2002,-2002,-3505,-2002,0,-3508,-2206,-2002,-1804,-2003,-2000
3/13/2026 11:21,0,0,0,0,0,0,0,0,-2005,-2002,-2003,-2003,-2005,-1802,-2002,-799,-1654,-3508,-1803,-2005,-2008,-2003,-2003,-3503,-2005,0,-3510,-2208,-2003,-1805,-2002,-2002
3/13/2026 11:21,0,0,0,0,0,0,0,0,-2004,-2002,-2004,-2002,-2001,-1697,-2002,-799,-1762,-3507,-1802,-2004,-2007,-2002,-2001,-3506,-2002,0,-3503,-2206,-2002,-1804,-2002,-2000
3/13/2026 11:21,0,0,0,0,0,0,0,0,-2006,-2000,-2002,-2003,-2005,-1656,-2003,-800,-1797,-3507,-1802,-2006,-2008,-2001,-2002,-3506,-2004,0,-3506,-2206,-2000,-1803,-2002,-2001
3/13/2026 11:21,0,0,0,0,0,0,0,0,-2006,-2001,-2001,-2002,-2005,-1651,-2003,-799,-1802,-3505,-1803,-2004,-2008,-2003,-2003,-3504,-2003,0,-3507,-2206,-2002,-1803,-2002,-2001
3/13/2026 11:21,0,0,0,0,0,0,0,0,-2007,-2000,-2002,-2004,-2005,-1651,-2001,-800,-1802,-3507,-1803,-2004,-2007,-2003,-2001,-3503,-2002,0,-3510,-2205,-2002,-1803,-2001,-2002
3/13/2026 11:21,0,0,0,0,0,0,0,0,-2007,-2001,-2003,-2005,-2005,-1651,-2002,-800,-1802,-3509,-1803,-2004,-2006,-2003,-2002,-3509,-2003,0,-3509,-2208,-2004,-1803,-2002,-2003
3/13/2026 11:21,0,0,0,0,0,0,0,0,-2007,-2002,-2003,-2005,-2006,-1651,-2002,-801,-1801,-3506,-1802,-2003,-2005,-2001,-2001,-3505,-2004,0,-3508,-2205,-2003,-1801,-2000,-2003
3/13/2026 11:21,0,0,0,0,0,0,0,0,-2006,-2002,-2001,-2008,-2007,-1653,-2005,-801,-1802,-3506,-1802,-2004,-2007,-2002,-2003,-3506,-2004,0,-3511,-2204,-2005,-1801,-2001,-2004
3/13/2026 11:21,0,0,0,0,0,0,0,0,-2006,-2002,-2000,-2006,-2006,-1652,-2005,-801,-1803,-3504,-1802,-2003,-2005,-2002,-2004,-3507,-2004,0,-3506,-2202,-2006,-1801,-2002,-2004
3/13/2026 11:21,0,0,0,0,0,0,0,0,-2007,-2004,-2002,-2007,-2006,-1655,-2006,-802,-1802,-3506,-1801,-2005,-2005,-2002,-2006,-3508,-2004,0,-3509,-2204,-2006,-1801,-2003,-2006
3/13/2026 11:21,0,0,0,0,0,0,0,0,-2004,-2003,-2000,-2005,-2005,-1653,-2005,-801,-1803,-3505,-1800,-2001,-2002,-2001,-2006,-3506,-2001,0,-3505,-2202,-2004,-1799,-2002,-2003
3/13/2026 11:21,0,0,0,0,0,0,0,0,-2005,-2007,-2003,-2008,-2008,-1654,-2007,-802,-1804,-3505,-1803,-2004,-2004,-2003,-2008,-3510,-2003,0,-3511,-2204,-2007,-1801,-2005,-2006
3/13/2026 11:21,0,0,0,0,0,0,0,0,-2006,-2006,-2000,-2004,-2007,-1654,-2007,-801,-1802,-3505,-1802,-2003,-2005,-2001,-2007,-3507,-2002,0,-3505,-2201,-2004,-1801,-2004,-2003
3/13/2026 11:21,0,0,0,0,0,0,0,0,-2005,-2006,-2001,-2005,-2006,-1752,-2014,-801,-1803,-3505,-1802,-2084,-2003,-2001,-2008,-3508,-2003,0,-3509,-2203,-2006,-1801,-2005,-2008
3/13/2026 11:22,0,0,0,0,0,0,0,0,-2004,-2005,-2046,-2003,-2005,-1782,-2163,-910,-1802,-3506,-1970,-2187,-2002,-2002,-2007,-3505,-2000,0,-3507,-2200,-2005,-1800,-2005,-2005
3/13/2026 11:22,0,0,0,0,0,0,0,0,-2004,-2030,-2174,-2004,-2004,-1801,-2203,-985,-1804,-3504,-1996,-2202,-2003,-2003,-2007,-3507,-2099,0,-3508,-2202,-2005,-1803,-2152,-2005
3/13/2026 11:22,0,0,0,0,0,0,0,0,-2003,-2188,-2201,-2005,-2005,-1805,-2206,-1000,-1802,-3504,-2002,-2203,-2166,-2058,-2006,-3504,-2194,0,-3504,-2201,-2005,-1801,-2201,-2143
3/13/2026 11:22,0,0,0,0,0,0,0,0,-2138,-2203,-2203,-2040,-2003,-1804,-2207,-1001,-1803,-3502,-2000,-2205,-2197,-2186,-2173,-3508,-2201,0,-3507,-2203,-2110,-1801,-2207,-2198
3/13/2026 11:22,0,0,0,0,0,0,0,0,-2196,-2207,-2204,-2172,-2127,-1803,-2207,-1002,-1806,-3504,-2002,-2204,-2202,-2203,-2202,-3509,-2205,0,-3508,-2220,-2186,-1954,-2209,-2205
3/13/2026 11:22,0,0,0,0,0,0,0,0,-2204,-2206,-2204,-2202,-2189,-1803,-2259,-1002,-1958,-3507,-2117,-2206,-2203,-2204,-2207,-3508,-2203,0,-3507,-2379,-2202,-1996,-2208,-2203
3/13/2026 11:22,0,0,0,0,0,0,0,0,-2201,-2209,-2202,-2205,-2203,-1943,-2390,-1077,-1999,-3508,-2193,-2372,-2202,-2204,-2207,-3506,-2219,0,-3505,-2399,-2205,-2002,-2208,-2205
3/13/2026 11:22,0,0,0,0,0,0,0,0,-2203,-2273,-2297,-2206,-2204,-1999,-2405,-1188,-2002,-3502,-2200,-2400,-2203,-2202,-2208,-3505,-2382,0,-3506,-2405,-2204,-2000,-2369,-2203
3/13/2026 11:22,0,0,0,0,0,0,0,0,-2203,-2384,-2394,-2205,-2204,-2002,-2405,-1200,-2003,-3501,-2203,-2402,-2363,-2205,-2207,-3506,-2399,0,-3505,-2403,-2205,-2052,-2399,-2204
3/13/2026 11:22,0,0,0,0,0,0,0,0,-2204,-2405,-2404,-2205,-2205,-2004,-2407,-1202,-2003,-3502,-2204,-2404,-2398,-2204,-2207,-3510,-2402,0,-3508,-2404,-2205,-2070,-2406,-2205
3/13/2026 11:22,0,0,0,0,0,0,0,0,-2204,-2407,-2404,-2206,-2206,-2005,-2405,-1204,-2002,-3504,-2202,-2405,-2403,-2205,-2205,-3507,-2403,0,-3506,-2401,-2204,-2072,-2406,-2204
3/13/2026 11:22,0,0,0,0,0,0,0,0,-2204,-2408,-2402,-2206,-2205,-2006,-2406,-1203,-2003,-3508,-2202,-2405,-2404,-2203,-2207,-3510,-2405,0,-3507,-2402,-2205,-2071,-2408,-2206
3/13/2026 11:22,0,0,0,0,0,0,0,0,-2204,-2407,-2404,-2205,-2206,-2004,-2406,-1204,-2004,-3502,-2203,-2403,-2403,-2203,-2207,-3509,-2404,0,-3506,-2402,-2204,-2072,-2407,-2204
3/13/2026 11:22,0,0,0,0,0,0,0,0,-2203,-2409,-2402,-2204,-2206,-2005,-2406,-1204,-2004,-3506,-2205,-2404,-2401,-2204,-2207,-3507,-2405,0,-3509,-2405,-2207,-2071,-2406,-2205
3/13/2026 11:22,0,0,0,0,0,0,0,0,-2203,-2406,-2402,-2205,-2205,-2005,-2405,-1202,-2000,-3504,-2202,-2405,-2403,-2203,-2206,-3508,-2404,0,-3508,-2403,-2204,-2072,-2405,-2204
3/13/2026 11:22,0,0,0,0,0,0,0,0,-2203,-2407,-2405,-2205,-2205,-2004,-2407,-1202,-2002,-3505,-2202,-2406,-2403,-2203,-2206,-3506,-2406,0,-3507,-2404,-2206,-2073,-2407,-2205
3/13/2026 11:22,0,0,0,0,0,0,0,0,-2204,-2408,-2405,-2206,-2206,-2006,-2406,-1203,-2003,-3506,-2204,-2405,-2402,-2204,-2208,-3509,-2403,0,-3506,-2402,-2204,-2071,-2407,-2205
3/13/2026 11:22,0,0,0,0,0,0,0,0,-2203,-2407,-2405,-2238,-2205,-2002,-2407,-1202,-2003,-3502,-2203,-2403,-2351,-2204,-2206,-3507,-2403,0,-3508,-2403,-2205,-2127,-2408,-2204
3/13/2026 11:22,0,0,0,0,0,0,0,0,-2204,-2405,-2404,-2270,-2205,-2003,-2404,-1203,-2001,-3506,-2203,-2403,-2219,-2202,-2206,-3508,-2403,0,-3507,-2403,-2205,-2195,-2405,-2203
3/13/2026 11:22,0,0,0,0,0,0,0,0,-2202,-2408,-2405,-2274,-2205,-2006,-2406,-1202,-2002,-3504,-2204,-2404,-2204,-2205,-2208,-3508,-2404,0,-3507,-2405,-2206,-2202,-2407,-2204
3/13/2026 11:22,0,0,0,0,0,0,0,0,-2202,-2407,-2406,-2272,-2204,-2003,-2403,-1203,-2002,-3505,-2202,-2402,-2201,-2205,-2206,-3507,-2402,0,-3505,-2403,-2205,-2204,-2406,-2201
3/13/2026 11:22,0,0,0,0,0,0,0,0,-2204,-2405,-2405,-2273,-2205,-2003,-2403,-1201,-2004,-3506,-2203,-2403,-2202,-2206,-2207,-3507,-2403,0,-3506,-2403,-2205,-2204,-2406,-2204
3/13/2026 11:22,0,0,0,0,0,0,0,0,-2199,-2406,-2405,-2271,-2203,-2002,-2402,-1200,-2005,-3505,-2204,-2404,-2201,-2205,-2205,-3505,-2402,0,-3504,-2402,-2204,-2206,-2406,-2203
3/13/2026 11:22,0,0,0,0,0,0,0,0,-2200,-2404,-2408,-2272,-2205,-2004,-2404,-1201,-2002,-3507,-2206,-2402,-2201,-2204,-2205,-3509,-2404,0,-3504,-2405,-2204,-2209,-2404,-2202
3/13/2026 11:22,0,0,0,0,0,0,0,0,-2200,-2405,-2406,-2272,-2203,-2003,-2400,-1201,-2003,-3506,-2206,-2404,-2203,-2207,-2204,-3504,-2402,0,-3504,-2403,-2204,-2208,-2403,-2202
3/13/2026 11:22,0,0,0,0,0,0,0,0,-2201,-2404,-2406,-2364,-2203,-2004,-2403,-1201,-2004,-3507,-2206,-2404,-2203,-2205,-2205,-3505,-2404,0,-3505,-2406,-2314,-2207,-2406,-2201
3/13/2026 11:22,0,0,0,0,0,0,0,0,-2370,-2405,-2405,-2395,-2201,-2004,-2401,-1201,-2003,-3505,-2205,-2404,-2203,-2281,-2335,-3504,-2405,0,-3504,-2406,-2385,-2208,-2406,-2201
3/13/2026 11:22,0,0,0,0,0,0,0,0,-2400,-2403,-2404,-2402,-2203,-2003,-2401,-1201,-2003,-3507,-2206,-2403,-2205,-2390,-2394,-3507,-2405,0,-3504,-2407,-2402,-2207,-2405,-2201
3/13/2026 11:22,0,0,0,0,0,0,0,0,-2404,-2402,-2404,-2403,-2202,-2003,-2403,-1202,-2003,-3508,-2206,-2405,-2206,-2403,-2400,-3504,-2407,0,-3504,-2407,-2403,-2205,-2402,-2201
3/13/2026 11:22,0,0,0,0,0,0,0,0,-2406,-2405,-2405,-2403,-2203,-2002,-2400,-1201,-2003,-3507,-2206,-2404,-2206,-2405,-2403,-3503,-2407,0,-3503,-2405,-2405,-2204,-2403,-2201
3/13/2026 11:23,0,0,0,0,0,0,0,0,-2406,-2404,-2406,-2404,-2206,-2002,-2402,-1201,-2005,-3505,-2206,-2406,-2206,-2406,-2404,-3505,-2405,0,-3503,-2406,-2403,-2205,-2403,-2202
3/13/2026 11:23,0,0,0,0,0,0,0,0,-2406,-2402,-2403,-2402,-2203,-2000,-2403,-1202,-2001,-3509,-2206,-2403,-2206,-2403,-2402,-3505,-2405,0,-3506,-2407,-2403,-2203,-2402,-2201
3/13/2026 11:23,0,0,0,0,0,0,0,0,-2408,-2404,-2404,-2405,-2205,-2003,-2402,-1203,-2004,-3508,-2207,-2404,-2207,-2404,-2403,-3506,-2409,0,-3507,-2409,-2404,-2205,-2406,-2200
3/13/2026 11:23,0,0,0,0,0,0,0,0,-2406,-2403,-2401,-2405,-2207,-2001,-2403,-1204,-2002,-3509,-2205,-2405,-2208,-2404,-2402,-3503,-2407,0,-3508,-2406,-2404,-2203,-2404,-2201
3/13/2026 11:23,0,0,0,0,0,0,0,0,-2405,-2404,-2401,-2405,-2206,-2002,-2403,-1205,-2002,-3509,-2205,-2404,-2207,-2402,-2402,-3503,-2408,0,-3507,-2408,-2403,-2204,-2405,-2203
3/13/2026 11:23,0,0,0,0,0,0,0,0,-2405,-2402,-2402,-2406,-2205,-2001,-2404,-1206,-2004,-3507,-2207,-2405,-2208,-2405,-2403,-3507,-2406,0,-3507,-2407,-2403,-2202,-2404,-2203
3/13/2026 11:23,0,0,0,0,0,0,0,0,-2408,-2402,-2404,-2405,-2206,-2001,-2405,-1206,-2003,-3504,-2205,-2404,-2207,-2405,-2402,-3505,-2407,0,-3509,-2407,-2402,-2203,-2402,-2202
3/13/2026 11:23,0,0,0,0,0,0,0,0,-2406,-2401,-2402,-2406,-2205,-2003,-2402,-1204,-2002,-3505,-2205,-2406,-2207,-2404,-2401,-3506,-2408,0,-3506,-2406,-2404,-2202,-2402,-2202
3/13/2026 11:23,0,0,0,0,0,0,0,0,-2407,-2402,-2403,-2408,-2207,-2002,-2406,-1204,-2003,-3506,-2204,-2405,-2207,-2405,-2402,-3507,-2408,0,-3508,-2406,-2405,-2203,-2403,-2202
3/13/2026 11:23,0,0,0,0,0,0,0,0,-2408,-2401,-2403,-2406,-2206,-2003,-2404,-1204,-2002,-3506,-2205,-2406,-2208,-2403,-2403,-3505,-2407,0,-3509,-2406,-2402,-2201,-2402,-2202
3/13/2026 11:23,0,0,0,0,0,0,0,0,-2406,-2403,-2402,-2406,-2205,-2003,-2405,-1204,-2002,-3505,-2206,-2405,-2206,-2403,-2401,-3505,-2408,0,-3510,-2407,-2405,-2201,-2402,-2202
3/13/2026 11:23,0,0,0,0,0,0,0,0,-2406,-2403,-2403,-2405,-2207,-2005,-2401,-1205,-2003,-3510,-2205,-2402,-2205,-2404,-2401,-3504,-2407,0,-3508,-2406,-2403,-2203,-2402,-2202
3/13/2026 11:23,0,0,0,0,0,0,0,0,-2406,-2403,-2405,-2243,-2207,-2003,-2404,-1205,-2004,-3507,-2206,-2407,-2362,-2404,-2402,-3509,-2407,0,-3507,-2407,-2404,-2203,-2402,-2202
3/13/2026 11:23,0,0,0,0,0,0,0,0,-2405,-2402,-2403,-2213,-2206,-2001,-2404,-1203,-2003,-3505,-2205,-2406,-2399,-2406,-2401,-3506,-2405,0,-3504,-2405,-2403,-2202,-2401,-2200
3/13/2026 11:23,0,0,0,0,0,0,0,0,-2406,-2401,-2406,-2207,-2207,-2004,-2406,-1204,-2003,-3507,-2209,-2408,-2403,-2407,-2401,-3504,-2407,0,-3508,-2409,-2404,-2203,-2405,-2204
3/13/2026 11:23,0,0,0,0,0,0,0,0,-2406,-2402,-2402,-2205,-2204,-2002,-2402,-1204,-2003,-3510,-2206,-2406,-2403,-2405,-2400,-3502,-2404,0,-3506,-2409,-2403,-2202,-2402,-2203
3/13/2026 11:23,0,0,0,0,0,0,0,0,-2407,-2403,-2404,-2204,-2207,-2003,-2402,-1204,-2004,-3505,-2206,-2404,-2408,-2406,-2243,-3506,-2406,0,-3505,-2407,-2403,-2204,-2405,-2366
3/13/2026 11:23,0,0,0,0,0,0,0,0,-2404,-2403,-2401,-2202,-2205,-2001,-2402,-1203,-2004,-3506,-2205,-2405,-2407,-2406,-2207,-3504,-2406,0,-3504,-2406,-2403,-2203,-2404,-2394
3/13/2026 11:23,0,0,0,0,0,0,0,0,-2403,-2403,-2404,-2203,-2203,-2002,-2405,-1204,-2003,-3507,-2204,-2407,-2404,-2406,-2202,-3507,-2406,0,-3506,-2407,-2402,-2203,-2404,-2401
3/13/2026 11:23,0,0,0,0,0,0,0,0,-2404,-2401,-2403,-2202,-2202,-2001,-2403,-1203,-2002,-3506,-2206,-2403,-2403,-2404,-2201,-3504,-2405,0,-3504,-2407,-2403,-2204,-2404,-2402
3/13/2026 11:23,0,0,0,0,0,0,0,0,-2407,-2402,-2403,-2206,-2205,-2002,-2403,-1203,-2003,-3506,-2207,-2404,-2405,-2406,-2202,-3506,-2407,0,-3506,-2408,-2404,-2202,-2405,-2403
3/13/2026 11:23,0,0,0,0,0,0,0,0,-2409,-2403,-2401,-2205,-2205,-2002,-2403,-1204,-2003,-3504,-2204,-2405,-2405,-2405,-2203,-3503,-2406,0,-3503,-2407,-2406,-2204,-2404,-2403
3/13/2026 11:23,0,0,0,0,0,0,0,0,-2407,-2403,-2403,-2204,-2202,-2002,-2403,-1204,-2002,-3506,-2205,-2407,-2406,-2407,-2204,-3506,-2405,0,-3507,-2406,-2402,-2204,-2404,-2401
3/13/2026 11:23,0,0,0,0,0,0,0,0,-2407,-2400,-2404,-2205,-2203,-2003,-2402,-1204,-2002,-3507,-2204,-2405,-2406,-2403,-2203,-3505,-2405,0,-3505,-2408,-2402,-2203,-2404,-2401
3/13/2026 11:23,0,0,0,0,0,0,0,0,-2407,-2403,-2405,-2205,-2205,-2001,-2406,-1205,-2003,-3507,-2206,-2407,-2407,-2405,-2203,-3506,-2407,0,-3505,-2406,-2403,-2204,-2403,-2403
3/13/2026 11:23,0,0,0,0,0,0,0,0,-2407,-2401,-2401,-2206,-2206,-2002,-2406,-1206,-2002,-3507,-2205,-2406,-2407,-2405,-2204,-3508,-2407,0,-3508,-2408,-2403,-2203,-2404,-2403
3/13/2026 11:23,0,0,0,0,0,0,0,0,-2405,-2401,-2403,-2205,-2206,-2003,-2406,-1206,-2002,-3508,-2206,-2405,-2406,-2403,-2203,-3504,-2406,0,-3508,-2407,-2404,-2202,-2404,-2403
3/13/2026 11:23,0,0,0,0,0,0,0,0,-2407,-2401,-2403,-2207,-2205,-2003,-2405,-1206,-2003,-3508,-2203,-2404,-2407,-2402,-2204,-3507,-2407,0,-3508,-2407,-2403,-2201,-2401,-2403
3/13/2026 11:23,0,0,0,0,0,0,0,0,-2408,-2404,-2404,-2207,-2206,-2005,-2407,-1206,-2002,-3506,-2205,-2407,-2405,-2405,-2206,-3505,-2406,0,-3512,-2406,-2405,-2201,-2402,-2403
3/13/2026 11:23,0,0,0,0,0,0,0,0,-2407,-2402,-2402,-2205,-2205,-2004,-2405,-1206,-2001,-3504,-2203,-2406,-2404,-2405,-2206,-3508,-2405,0,-3509,-2406,-2402,-2200,-2400,-2404
3/13/2026 11:24,0,0,0,0,0,0,0,0,-2407,-2402,-2403,-2206,-2204,-2005,-2405,-1206,-2002,-3507,-2203,-2405,-2404,-2405,-2206,-3510,-2404,0,-3507,-2404,-2406,-2200,-2403,-2405
3/13/2026 11:24,0,0,0,0,0,0,0,0,-2405,-2401,-2404,-2207,-2205,-2004,-2407,-1205,-2003,-3503,-2204,-2404,-2404,-2403,-2205,-3508,-2403,0,-3507,-2404,-2404,-2200,-2404,-2405
3/13/2026 11:24,0,0,0,0,0,0,0,0,-2406,-2406,-2403,-2206,-2207,-2008,-2408,-1205,-2002,-3508,-2205,-2407,-2402,-2404,-2207,-3509,-2404,0,-3511,-2405,-2407,-2202,-2404,-2408
3/13/2026 11:24,0,0,0,0,0,0,0,0,-2403,-2406,-2401,-2205,-2204,-2007,-2407,-1206,-2002,-3502,-2204,-2405,-2402,-2403,-2206,-3507,-2403,0,-3508,-2401,-2404,-2199,-2404,-2407
3/13/2026 11:24,0,0,0,0,0,0,0,0,-2406,-2407,-2403,-2206,-2205,-2008,-2407,-1204,-2002,-3506,-2203,-2408,-2402,-2404,-2206,-3509,-2406,0,-3506,-2403,-2407,-2202,-2405,-2407
3/13/2026 11:24,0,0,0,0,0,0,0,0,-2403,-2406,-2404,-2204,-2202,-2006,-2405,-1204,-1999,-3505,-2202,-2405,-2401,-2402,-2205,-3510,-2405,0,-3506,-2405,-2405,-2201,-2404,-2402
3/13/2026 11:24,0,0,0,0,0,0,0,0,-2405,-2406,-2404,-2208,-2206,-2004,-2408,-1205,-2002,-3507,-2204,-2407,-2403,-2404,-2207,-3510,-2405,0,-3510,-2405,-2407,-2203,-2409,-2407
3/13/2026 11:24,0,0,0,0,0,0,0,0,-2404,-2405,-2405,-2204,-2205,-2005,-2407,-1204,-2003,-3506,-2203,-2404,-2400,-2402,-2206,-3507,-2404,0,-3507,-2404,-2404,-2203,-2407,-2405
3/13/2026 11:24,0,0,0,0,0,0,0,0,-2404,-2404,-2406,-2205,-2205,-2005,-2405,-1205,-2002,-3507,-2203,-2404,-2401,-2404,-2207,-3507,-2406,0,-3507,-2404,-2405,-2203,-2409,-2406
3/13/2026 11:24,0,0,0,0,0,0,0,0,-2402,-2406,-2405,-2203,-2206,-2006,-2404,-1204,-2004,-3503,-2202,-2403,-2401,-2405,-2207,-3507,-2405,0,-3505,-2404,-2404,-2202,-2407,-2407
3/13/2026 11:24,0,0,0,0,0,0,0,0,-2403,-2405,-2405,-2204,-2203,-2004,-2406,-1205,-2002,-3385,-2202,-2405,-2403,-2402,-2206,-3508,-2404,0,-3508,-2402,-2407,-2202,-2404,-2406
3/13/2026 11:24,0,0,0,0,0,0,0,0,-2233,-2406,-2403,-2205,-2204,-2004,-2408,-1205,-2001,-1248,-2203,-2405,-2401,-2403,-2208,-3508,-2406,0,-3508,-2403,-2242,-2203,-2406,-2253
3/13/2026 11:24,0,0,0,0,0,0,0,0,-2208,-2404,-2402,-2204,-2203,-2003,-2408,-1203,-2002,-662,-2204,-2404,-2399,-2401,-2207,-3507,-2405,0,-3504,-2404,-2209,-2202,-2406,-2211
3/13/2026 11:24,0,0,0,0,0,0,0,0,-2204,-2404,-2403,-2205,-2205,-2005,-2408,-1204,-2003,-606,-2203,-2403,-2402,-2403,-2207,-3509,-2405,0,-3507,-2403,-2206,-2201,-2407,-2206
3/13/2026 11:24,0,0,0,0,0,0,0,0,-2203,-2404,-2403,-2204,-2204,-2007,-2405,-1203,-2001,-601,-2201,-2402,-2404,-2403,-2206,-3509,-2405,0,-3509,-2401,-2205,-2200,-2405,-2206
3/13/2026 11:24,0,0,0,0,0,0,0,0,-2205,-2404,-2406,-2205,-2205,-2005,-2406,-1204,-2003,-601,-2204,-2407,-2401,-2404,-2207,-3507,-2406,0,-3510,-2403,-2205,-2203,-2407,-2209
3/13/2026 11:24,0,0,0,0,0,0,0,0,-2205,-2407,-2406,-2205,-2205,-2005,-2405,-1204,-2002,-600,-2205,-2405,-2401,-2403,-2207,-3508,-2405,0,-3509,-2405,-2205,-2202,-2406,-2206
3/13/2026 11:24,0,0,0,0,0,0,0,0,-2205,-2405,-2403,-2203,-2204,-2005,-2406,-1205,-2003,-599,-2202,-2403,-2404,-2404,-2207,-3511,-2404,0,-3506,-2404,-2206,-2200,-2403,-2207
3/13/2026 11:24,0,0,0,0,0,0,0,0,-2205,-2256,-2237,-2205,-2204,-2008,-2407,-1046,-2004,-149,-2202,-2404,-2245,-2248,-2207,-3509,-2259,0,-2415,-2403,-2208,-2038,-2238,-2207
3/13/2026 11:24,0,0,0,0,0,0,0,0,-2202,-2211,-2209,-2204,-2204,-2005,-2404,-1007,-2000,-62,-2202,-2405,-2207,-2207,-2207,-3508,-2210,0,-2247,-2401,-2203,-2009,-2210,-2208
3/13/2026 11:24,0,0,0,0,0,0,0,0,-2201,-2208,-2205,-2037,-2158,-1848,-2235,-1002,-1832,-20,-2043,-2234,-2204,-2204,-2204,-2232,-2206,0,-2051,-2235,-2034,-2003,-2208,-2207
3/13/2026 11:24,0,0,0,0,0,0,0,0,-2204,-2206,-2205,-2009,-2198,-1808,-2213,-1002,-1809,-5,-2007,-2210,-2202,-2203,-2206,-2030,-2206,0,-2009,-2210,-2046,-2003,-2207,-2207
3/13/2026 11:24,0,0,0,0,0,0,0,0,-2205,-2207,-2206,-2003,-2201,-1806,-2206,-1000,-1803,-4,-2003,-2205,-2202,-2204,-2205,-2008,-2206,0,-2005,-2205,-2136,-2004,-2208,-2208
3/13/2026 11:24,0,0,0,0,0,0,0,0,-2201,-2207,-2206,-2046,-2203,-1805,-2205,-1000,-1802,-4,-2000,-2205,-2203,-2205,-2205,-2005,-2205,0,-2003,-2204,-2197,-2005,-2209,-2206
3/13/2026 11:24,0,0,0,0,0,0,0,0,-2204,-2207,-2206,-2142,-2203,-1805,-2205,-999,-1802,-4,-2003,-2205,-2202,-2204,-2205,-2002,-2203,0,-2004,-2203,-2204,-2004,-2208,-2207
3/13/2026 11:24,0,0,0,0,0,0,0,0,-2201,-2205,-2206,-2190,-2202,-1803,-2201,-999,-1801,-4,-2001,-2203,-2201,-2205,-2203,-2001,-2201,0,-2004,-2253,-2206,-2005,-2206,-2203
3/13/2026 11:24,0,0,0,0,0,0,0,0,-2203,-2203,-2205,-2202,-2202,-1805,-2201,-998,-1801,-5,-2001,-2205,-2203,-2205,-2204,-2000,-2203,0,-2004,-2328,-2204,-2006,-2207,-2202
3/13/2026 11:24,0,0,0,0,0,0,0,0,-2203,-2205,-2207,-2200,-2202,-1804,-2200,-997,-1802,-4,-2000,-2203,-2203,-2205,-2204,-2001,-2202,0,-2039,-2393,-2204,-2007,-2205,-2202
3/13/2026 11:24,0,0,0,0,0,0,0,0,-2202,-2203,-2207,-2205,-2204,-1805,-2204,-998,-1802,-5,-2003,-2204,-2204,-2205,-2203,-2002,-2204,0,-2135,-2402,-2204,-2005,-2204,-2202
3/13/2026 11:24,0,0,0,0,0,0,0,0,-2203,-2203,-2205,-2202,-2203,-1805,-2239,-997,-1803,-5,-2002,-2203,-2205,-2204,-2202,-2000,-2203,0,-2194,-2403,-2203,-2003,-2204,-2200
3/13/2026 11:25,0,0,0,0,0,0,0,0,-2203,-2204,-2206,-2204,-2204,-1803,-2337,-999,-1804,-5,-2003,-2204,-2207,-2206,-2205,-2003,-2205,0,-2201,-2405,-2205,-2002,-2202,-2203
3/13/2026 11:25,0,0,0,0,0,0,0,0,-2203,-2203,-2204,-2203,-2206,-1802,-2394,-999,-1855,-6,-2002,-2207,-2206,-2206,-2203,-2001,-2204,0,-2201,-2406,-2205,-2003,-2201,-2201
3/13/2026 11:25,0,0,0,0,0,0,0,0,-2206,-2202,-2202,-2205,-2205,-1803,-2402,-1000,-1928,-7,-2006,-2206,-2208,-2204,-2204,-2002,-2204,0,-2202,-2408,-2206,-2004,-2203,-2201
3/13/2026 11:25,0,0,0,0,0,0,0,0,-2207,-2202,-2203,-2207,-2206,-1801,-2298,-1000,-1994,-6,-2162,-2206,-2208,-2205,-2204,-2000,-2204,0,-2203,-2409,-2202,-2002,-2203,-2200
3/13/2026 11:25,0,0,0,0,0,0,0,0,-2207,-2201,-2204,-2207,-2205,-1804,-2347,-1002,-2003,-7,-2196,-2204,-2206,-2203,-2203,-2001,-2205,0,-2203,-2406,-2202,-2003,-2203,-2203
3/13/2026 11:25,0,0,0,0,0,0,0,0,-2205,-2203,-2204,-2206,-2205,-1805,-2400,-1002,-2004,-7,-2204,-2255,-2208,-2204,-2204,-2002,-2203,0,-2206,-2407,-2203,-2002,-2203,-2201
3/13/2026 11:25,0,0,0,0,0,0,0,0,-2205,-2203,-2203,-2209,-2207,-1803,-2405,-1002,-2003,-7,-2207,-2329,-2208,-2203,-2205,-2002,-2204,0,-2205,-2407,-2203,-2003,-2202,-2202
3/13/2026 11:25,0,0,0,0,0,0,0,0,-2207,-2203,-2202,-2207,-2204,-1834,-2406,-1003,-2003,-7,-2206,-2398,-2205,-2204,-2204,-2003,-2203,0,-2205,-2407,-2203,-2000,-2202,-2204
3/13/2026 11:25,0,0,0,0,0,0,0,0,-2206,-2201,-2204,-2208,-2206,-1935,-2406,-1003,-2004,-6,-2206,-2407,-2206,-2202,-2205,-2002,-2204,0,-2206,-2406,-2202,-2000,-2203,-2204
3/13/2026 11:25,0,0,0,0,0,0,0,0,-2207,-2201,-2204,-2209,-2208,-1994,-2407,-1002,-2005,-46,-2206,-2407,-2206,-2205,-2205,-2003,-2205,0,-2203,-2408,-2203,-1999,-2204,-2203
3/13/2026 11:25,0,0,0,0,0,0,0,0,-2205,-2203,-2203,-2206,-2207,-2001,-2409,-1002,-2003,-147,-2206,-2407,-2206,-2204,-2206,-2004,-2206,0,-2204,-2407,-2204,-2000,-2203,-2203
3/13/2026 11:25,0,0,0,0,0,0,0,0,-2207,-2201,-2202,-2205,-2206,-2004,-2406,-1003,-2003,-225,-2205,-2405,-2205,-2203,-2203,-2004,-2203,0,-2205,-2408,-2205,-2002,-2203,-2203
3/13/2026 11:25,0,0,0,0,0,0,0,0,-2208,-2203,-2200,-2208,-2209,-2002,-2407,-1002,-2003,-331,-2206,-2407,-2206,-2203,-2205,-2005,-2204,0,-2204,-2408,-2204,-2000,-2203,-2204
3/13/2026 11:25,0,0,0,0,0,0,0,0,-2205,-2238,-2202,-2205,-2204,-2001,-2406,-1003,-2002,-394,-2205,-2405,-2204,-2201,-2204,-2003,-2204,0,-2204,-2406,-2203,-2000,-2200,-2204
3/13/2026 11:25,0,0,0,0,0,0,0,0,-2207,-2336,-2204,-2209,-2205,-2001,-2409,-1002,-2003,-401,-2207,-2407,-2208,-2202,-2205,-2005,-2205,0,-2205,-2407,-2204,-2001,-2202,-2204
3/13/2026 11:25,0,0,0,0,0,0,0,0,-2205,-2232,-2203,-2207,-2205,-2002,-2409,-1003,-2002,-403,-2205,-2406,-2205,-2203,-2204,-2002,-2359,0,-2205,-2406,-2202,-2001,-2242,-2202
3/13/2026 11:25,0,0,0,0,0,0,0,0,-2207,-2209,-2203,-2209,-2208,-2005,-2406,-1003,-2003,-403,-2207,-2408,-2206,-2204,-2205,-2002,-2400,0,-2204,-2406,-2204,-2000,-2340,-2203
3/13/2026 11:25,0,0,0,0,0,0,0,0,-2207,-2244,-2203,-2205,-2207,-2003,-2405,-1003,-2001,-402,-2204,-2405,-2205,-2204,-2205,-2003,-2403,0,-2204,-2405,-2203,-2000,-2390,-2201
3/13/2026 11:25,0,0,0,0,0,0,0,0,-2207,-2342,-2204,-2207,-2208,-2004,-2407,-1003,-2003,-403,-2205,-2406,-2207,-2205,-2205,-2005,-2407,0,-2206,-2406,-2203,-2001,-2401,-2204
3/13/2026 11:25,0,0,0,0,0,0,0,0,-2209,-2390,-2249,-2209,-2207,-2004,-2406,-1004,-2006,-403,-2206,-2406,-2208,-2205,-2206,-2004,-2405,0,-2209,-2407,-2205,-2003,-2404,-2207
3/13/2026 11:25,0,0,0,0,0,0,0,0,-2208,-2401,-2322,-2207,-2208,-2003,-2407,-1001,-2004,-402,-2206,-2407,-2207,-2202,-2207,-2005,-2406,0,-2206,-2408,-2202,-2000,-2404,-2204
3/13/2026 11:25,0,0,0,0,0,0,0,0,-2205,-2403,-2391,-2207,-2207,-2001,-2407,-1002,-2004,-432,-2205,-2406,-2207,-2203,-2206,-2003,-2406,0,-2207,-2405,-2204,-2001,-2402,-2201
3/13/2026 11:25,0,0,0,0,0,0,0,0,-2208,-2404,-2403,-2209,-2206,-2003,-2408,-1003,-2004,-535,-2207,-2405,-2206,-2205,-2207,-2003,-2405,0,-2207,-2406,-2204,-2004,-2405,-2203
3/13/2026 11:25,0,0,0,0,0,0,0,0,-2207,-2404,-2403,-2206,-2205,-2001,-2406,-1003,-2004,-595,-2205,-2404,-2204,-2204,-2204,-2004,-2402,0,-2204,-2405,-2204,-2047,-2403,-2203
3/13/2026 11:25,0,0,0,0,0,0,0,0,-2204,-2402,-2401,-2204,-2206,-2004,-2409,-1001,-2002,-600,-2204,-2405,-2202,-2202,-2203,-2003,-2403,0,-2204,-2407,-2204,-2117,-2400,-2201
3/13/2026 11:25,0,0,0,0,0,0,0,0,-2207,-2407,-2400,-2210,-2211,-2003,-2410,-1006,-2005,-603,-2205,-2409,-2207,-2205,-2211,-2037,-2405,0,-2205,-2410,-2205,-2191,-2403,-2210
3/13/2026 11:25,0,0,0,0,0,0,0,0,-2207,-2402,-2400,-2205,-2207,-2003,-2409,-1004,-2002,-602,-2206,-2406,-2205,-2204,-2207,-2090,-2405,0,-2208,-2407,-2203,-2200,-2403,-2205
3/13/2026 11:25,0,0,0,0,0,0,0,0,-2205,-2401,-2402,-2204,-2204,-2002,-2407,-1004,-2001,-602,-2204,-2405,-2203,-2204,-2208,-2166,-2401,0,-2208,-2406,-2202,-2200,-2404,-2205
3/13/2026 11:25,0,0,0,0,0,0,0,0,-2223,-2404,-2402,-2206,-2208,-2002,-2410,-1002,-2002,-602,-2204,-2404,-2203,-2211,-2205,-2201,-2405,0,-2206,-2406,-2204,-2201,-2402,-2203
3/13/2026 11:25,0,0,0,0,0,0,0,0,-2299,-2403,-2415,-2207,-2216,-2004,-2406,-1007,-2004,-604,-2214,-2406,-2203,-2214,-2218,-2212,-2403,0,-2217,-2405,-2210,-2212,-2416,-2215
3/13/2026 11:26,0,0,0,0,0,0,0,0,-2349,-2404,-2403,-2207,-2207,-2006,-2408,-1003,-2003,-601,-2204,-2402,-2204,-2205,-2208,-2203,-2405,0,-2208,-2407,-2205,-2202,-2405,-2206
3/13/2026 11:26,0,0,0,0,0,0,0,0,-2387,-2405,-2404,-2207,-2206,-2005,-2406,-1002,-2002,-600,-2206,-2404,-2203,-2204,-2208,-2206,-2405,0,-2206,-2406,-2205,-2203,-2405,-2205
3/13/2026 11:26,0,0,0,0,0,0,0,0,-2400,-2405,-2402,-2207,-2203,-2007,-2405,-1002,-2002,-600,-2204,-2406,-2204,-2204,-2206,-2205,-2403,0,-2208,-2405,-2204,-2202,-2407,-2206
3/13/2026 11:26,0,0,0,0,0,0,0,0,-2402,-2405,-2405,-2204,-2204,-2006,-2406,-1002,-2003,-600,-2203,-2404,-2203,-2205,-2207,-2206,-2404,0,-2205,-2404,-2204,-2204,-2408,-2205
3/13/2026 11:26,0,0,0,0,0,0,0,0,-2405,-2411,-2410,-2205,-2204,-2007,-2408,-1004,-2005,-600,-2206,-2404,-2205,-2241,-2208,-2206,-2405,0,-2206,-2408,-2209,-2206,-2407,-2208
3/13/2026 11:26,0,0,0,0,0,0,0,0,-2404,-2406,-2408,-2203,-2203,-2004,-2404,-999,-2003,-599,-2203,-2405,-2201,-2248,-2205,-2206,-2405,0,-2204,-2404,-2206,-2205,-2407,-2206
3/13/2026 11:26,0,0,0,0,0,0,0,0,-2406,-2408,-2409,-2203,-2203,-2003,-2406,-998,-2002,-599,-2207,-2408,-2201,-2249,-2205,-2208,-2404,0,-2205,-2406,-2206,-2211,-2410,-2205
3/13/2026 11:26,0,0,0,0,0,0,0,0,-2401,-2406,-2406,-2202,-2201,-2004,-2403,-1000,-2002,-599,-2202,-2407,-2204,-2249,-2202,-2205,-2403,0,-2205,-2403,-2203,-2206,-2407,-2206
3/13/2026 11:26,0,0,0,0,0,0,0,0,-2401,-2406,-2407,-2201,-2202,-2004,-2402,-999,-2004,-598,-2201,-2404,-2201,-2250,-2202,-2204,-2402,0,-2204,-2403,-2204,-2208,-2407,-2204
3/13/2026 11:26,0,0,0,0,0,0,0,0,-2403,-2407,-2407,-2203,-2199,-2005,-2403,-997,-2004,-599,-2202,-2405,-2203,-2251,-2199,-2204,-2401,0,-2204,-2403,-2203,-2209,-2403,-2203
3/13/2026 11:26,0,0,0,0,0,0,0,0,-2404,-2408,-2406,-2201,-2201,-2005,-2402,-998,-2004,-600,-2205,-2406,-2207,-2249,-2202,-2205,-2404,0,-2203,-2403,-2204,-2207,-2405,-2203
3/13/2026 11:26,0,0,0,0,0,0,0,0,-2405,-2406,-2404,-2202,-2202,-2004,-2403,-999,-2004,-600,-2203,-2406,-2206,-2251,-2202,-2204,-2404,0,-2203,-2403,-2204,-2205,-2404,-2204
3/13/2026 11:26,0,0,0,0,0,0,0,0,-2405,-2403,-2402,-2203,-2202,-2003,-2400,-1000,-2003,-600,-2202,-2402,-2227,-2226,-2201,-2202,-2403,0,-2200,-2403,-2203,-2203,-2403,-2202
3/13/2026 11:26,0,0,0,0,0,0,0,0,-2409,-2408,-2406,-2206,-2207,-2003,-2403,-1002,-2006,-603,-2207,-2405,-2250,-2212,-2202,-2205,-2405,0,-2206,-2406,-2205,-2207,-2405,-2203
3/13/2026 11:26,0,0,0,0,0,0,0,0,-2405,-2404,-2402,-2205,-2205,-2003,-2402,-1000,-2003,-602,-2206,-2405,-2251,-2205,-2201,-2203,-2405,0,-2201,-2403,-2203,-2204,-2402,-2199
3/13/2026 11:26,0,0,0,0,0,0,0,0,-2406,-2406,-2401,-2206,-2205,-2003,-2403,-1002,-2002,-603,-2208,-2405,-2253,-2205,-2202,-2203,-2407,0,-2201,-2404,-2204,-2205,-2404,-2201
3/13/2026 11:26,0,0,0,0,0,0,0,0,-2407,-2401,-2399,-2205,-2205,-2002,-2408,-1001,-2004,-602,-2207,-2406,-2253,-2205,-2202,-2203,-2408,0,-2203,-2405,-2204,-2203,-2404,-2200
3/13/2026 11:26,0,0,0,0,0,0,0,0,-2406,-2403,-2401,-2206,-2203,-2002,-2406,-1002,-2002,-602,-2205,-2402,-2253,-2204,-2202,-2204,-2405,0,-2202,-2407,-2204,-2204,-2402,-2201
3/13/2026 11:26,0,0,0,0,0,0,0,0,-2407,-2403,-2401,-2204,-2204,-2000,-2406,-1004,-2004,-603,-2207,-2404,-2251,-2205,-2201,-2202,-2404,0,-2204,-2405,-2203,-2203,-2401,-2201
3/13/2026 11:26,0,0,0,0,0,0,0,0,-2407,-2405,-2405,-2206,-2206,-2001,-2407,-1003,-2003,-602,-2207,-2406,-2250,-2205,-2201,-2201,-2405,0,-2204,-2404,-2202,-2203,-2401,-2201
3/13/2026 11:26,0,0,0,0,0,0,0,0,-2408,-2402,-2403,-2205,-2207,-2001,-2407,-1003,-2002,-602,-2205,-2404,-2253,-2204,-2204,-2203,-2405,0,-2203,-2406,-2204,-2201,-2401,-2200
3/13/2026 11:26,0,0,0,0,0,0,0,0,-2296,-2403,-2402,-2207,-2207,-2003,-2408,-1026,-2002,-603,-2204,-2403,-2328,-2204,-2206,-2204,-2405,0,-2204,-2408,-2202,-2202,-2403,-2202
3/13/2026 11:26,0,0,0,0,0,0,0,0,-2217,-2402,-2402,-2208,-2207,-2004,-2409,-1047,-2005,-603,-2206,-2408,-2398,-2205,-2205,-2203,-2407,0,-2205,-2408,-2204,-2203,-2405,-2202
3/13/2026 11:26,0,0,0,0,0,0,0,0,-2207,-2404,-2401,-2207,-2208,-2005,-2406,-1050,-2005,-603,-2207,-2405,-2405,-2206,-2205,-2205,-2407,0,-2206,-2407,-2203,-2204,-2404,-2202
3/13/2026 11:26,0,0,0,0,0,0,0,0,-2205,-2402,-2402,-2207,-2204,-2001,-2407,-1048,-2003,-602,-2205,-2404,-2404,-2203,-2205,-2202,-2405,0,-2206,-2404,-2200,-2201,-2401,-2201
3/13/2026 11:26,0,0,0,0,0,0,0,0,-2205,-2404,-2401,-2206,-2205,-2004,-2409,-1048,-2003,-602,-2207,-2406,-2406,-2204,-2206,-2205,-2405,0,-2205,-2407,-2201,-2203,-2404,-2204
3/13/2026 11:26,0,0,0,0,0,0,0,0,-2205,-2402,-2404,-2207,-2206,-2003,-2407,-1063,-2000,-601,-2205,-2405,-2403,-2203,-2207,-2205,-2403,0,-2206,-2407,-2203,-2184,-2404,-2204
3/13/2026 11:26,0,0,0,0,0,0,0,0,-2206,-2403,-2403,-2222,-2207,-2005,-2409,-1115,-2002,-601,-2204,-2405,-2402,-2203,-2209,-2208,-2405,0,-2206,-2406,-2205,-2119,-2406,-2207
3/13/2026 11:26,0,0,0,0,0,0,0,0,-2202,-2405,-2403,-2246,-2201,-2004,-2407,-1014,-2001,-600,-2204,-2403,-2400,-2202,-2208,-2205,-2404,0,-2205,-2404,-2204,-2193,-2406,-2206
3/13/2026 11:26,0,0,0,0,0,0,0,0,-2203,-2405,-2406,-2248,-2203,-2003,-2404,-1002,-2004,-601,-2203,-2404,-2399,-2202,-2206,-2206,-2406,0,-2204,-2406,-2205,-2203,-2407,-2207
3/13/2026 11:27,0,0,0,0,0,0,0,0,-2200,-2407,-2406,-2249,-2202,-2005,-2404,-1001,-2004,-600,-2202,-2404,-2400,-2202,-2207,-2206,-2405,0,-2205,-2405,-2206,-2204,-2407,-2207
3/13/2026 11:27,0,0,0,0,0,0,0,0,-2200,-2406,-2407,-2247,-2202,-2005,-2404,-1000,-2002,-600,-2203,-2406,-2403,-2201,-2208,-2207,-2405,0,-2204,-2403,-2206,-2205,-2406,-2206
3/13/2026 11:27,0,0,0,0,0,0,0,0,-2202,-2408,-2407,-2376,-2203,-2005,-2404,-1000,-2004,-600,-2202,-2405,-2236,-2203,-2205,-2207,-2404,0,-2203,-2403,-2244,-2206,-2406,-2206
3/13/2026 11:27,0,0,0,0,0,0,0,0,-2200,-2406,-2406,-2398,-2202,-2004,-2402,-999,-2004,-600,-2202,-2406,-2208,-2201,-2204,-2205,-2404,0,-2201,-2404,-2248,-2205,-2406,-2205
3/13/2026 11:27,0,0,0,0,0,0,0,0,-2201,-2405,-2405,-2400,-2201,-2004,-2402,-999,-2002,-600,-2200,-2406,-2202,-2203,-2204,-2203,-2403,0,-2203,-2404,-2251,-2204,-2405,-2206
3/13/2026 11:27,0,0,0,0,0,0,0,0,-2204,-2406,-2405,-2404,-2201,-2005,-2401,-999,-2004,-600,-2202,-2408,-2203,-2206,-2205,-2205,-2404,0,-2203,-2404,-2252,-2206,-2407,-2207
3/13/2026 11:27,0,0,0,0,0,0,0,0,-2204,-2406,-2405,-2404,-2201,-2002,-2401,-998,-2004,-600,-2203,-2405,-2202,-2204,-2203,-2203,-2405,0,-2201,-2402,-2251,-2204,-2406,-2204
3/13/2026 11:27,0,0,0,0,0,0,0,0,-2204,-2406,-2406,-2403,-2202,-2003,-2403,-999,-2006,-600,-2203,-2405,-2205,-2205,-2204,-2204,-2407,0,-2202,-2405,-2251,-2205,-2407,-2205
3/13/2026 11:27,0,0,0,0,0,0,0,0,-2202,-2404,-2404,-2403,-2203,-2002,-2403,-998,-2004,-601,-2201,-2404,-2205,-2204,-2203,-2204,-2402,0,-2201,-2404,-2248,-2204,-2403,-2203
3/13/2026 11:27,0,0,0,0,0,0,0,0,-2205,-2405,-2403,-2405,-2206,-2004,-2402,-1001,-2006,-602,-2203,-2405,-2207,-2205,-2203,-2204,-2405,0,-2204,-2406,-2250,-2205,-2404,-2203
3/13/2026 11:27,0,0,0,0,0,0,0,0,-2205,-2404,-2403,-2405,-2206,-2004,-2403,-1001,-2003,-602,-2205,-2403,-2207,-2204,-2202,-2203,-2406,0,-2202,-2404,-2249,-2204,-2402,-2203
3/13/2026 11:27,0,0,0,0,0,0,0,0,-2208,-2403,-2404,-2405,-2206,-2002,-2407,-1002,-2005,-603,-2205,-2405,-2207,-2206,-2204,-2203,-2404,0,-2203,-2403,-2251,-2204,-2403,-2202
3/13/2026 11:27,0,0,0,0,0,0,0,0,-2208,-2403,-2403,-2407,-2205,-2002,-2406,-1002,-2006,-603,-2205,-2405,-2206,-2205,-2202,-2202,-2403,0,-2204,-2404,-2250,-2202,-2403,-2202
3/13/2026 11:27,0,0,0,0,0,0,0,0,-2208,-2404,-2404,-2408,-2205,-2001,-2408,-1003,-2006,-603,-2206,-2406,-2206,-2206,-2204,-2205,-2408,0,-2205,-2407,-2250,-2202,-2401,-2203
3/13/2026 11:27,0,0,0,0,0,0,0,0,-2206,-2402,-2403,-2406,-2204,-2003,-2408,-1002,-2003,-602,-2205,-2405,-2205,-2204,-2203,-2204,-2406,0,-2205,-2405,-2249,-2202,-2402,-2202
3/13/2026 11:27,0,0,0,0,0,0,0,0,-2205,-2402,-2403,-2408,-2204,-2001,-2407,-1003,-2002,-602,-2205,-2407,-2205,-2205,-2206,-2205,-2406,0,-2207,-2406,-2251,-2201,-2402,-2205
3/13/2026 11:27,0,0,0,0,0,0,0,0,-2203,-2402,-2403,-2409,-2205,-2001,-2406,-1001,-2004,-601,-2205,-2406,-2204,-2201,-2206,-2205,-2405,0,-2208,-2407,-2249,-2201,-2402,-2205
3/13/2026 11:27,0,0,0,0,0,0,0,0,-2204,-2404,-2405,-2407,-2205,-2004,-2405,-1002,-2005,-601,-2205,-2408,-2205,-2202,-2207,-2207,-2407,0,-2207,-2407,-2249,-2202,-2403,-2207
3/13/2026 11:27,0,0,0,0,0,0,0,0,-2203,-2402,-2404,-2404,-2205,-2003,-2407,-1001,-2003,-601,-2203,-2407,-2202,-2202,-2206,-2204,-2405,0,-2207,-2406,-2249,-2200,-2403,-2204
3/13/2026 11:27,0,0,0,0,0,0,0,0,-2202,-2401,-2406,-2404,-2204,-2002,-2404,-1002,-2005,-601,-2203,-2408,-2203,-2202,-2204,-2207,-2404,0,-2207,-2406,-2248,-2202,-2402,-2205
3/13/2026 11:27,0,0,0,0,0,0,0,0,-2204,-2401,-2407,-2403,-2203,-2004,-2405,-1002,-2003,-601,-2203,-2404,-2202,-2201,-2204,-2205,-2405,0,-2207,-2407,-2250,-2202,-2404,-2208
3/13/2026 11:27,0,0,0,0,0,0,0,0,-2205,-2404,-2408,-2405,-2202,-2005,-2405,-1002,-2004,-600,-2205,-2408,-2203,-2202,-2204,-2205,-2403,0,-2209,-2408,-2250,-2203,-2405,-2208
3/13/2026 11:27,0,0,0,0,0,0,0,0,-2226,-2403,-2408,-2343,-2205,-2004,-2405,-1003,-2003,-601,-2203,-2405,-2204,-2202,-2206,-2204,-2404,0,-2206,-2408,-2309,-2202,-2406,-2208
3/13/2026 11:27,0,0,0,0,0,0,0,0,-2244,-2402,-2408,-2221,-2204,-2005,-2405,-1002,-2001,-601,-2203,-2405,-2202,-2202,-2205,-2207,-2405,0,-2207,-2407,-2395,-2202,-2407,-2207
3/13/2026 11:27,0,0,0,0,0,0,0,0,-2247,-2403,-2407,-2205,-2204,-2004,-2403,-1001,-2004,-602,-2204,-2407,-2204,-2203,-2207,-2205,-2405,0,-2207,-2405,-2405,-2203,-2408,-2209
3/13/2026 11:27,0,0,0,0,0,0,0,0,-2246,-2405,-2406,-2202,-2202,-2003,-2402,-1001,-2003,-601,-2203,-2404,-2203,-2202,-2205,-2206,-2404,0,-2207,-2404,-2405,-2203,-2406,-2206
3/13/2026 11:27,0,0,0,0,0,0,0,0,-2249,-2408,-2407,-2203,-2203,-2007,-2404,-1001,-2003,-600,-2205,-2406,-2203,-2205,-2204,-2208,-2405,0,-2207,-2406,-2406,-2204,-2409,-2207
3/13/2026 11:27,0,0,0,0,0,0,0,0,-2247,-2405,-2406,-2200,-2200,-2005,-2403,-1001,-2002,-599,-2202,-2402,-2201,-2200,-2203,-2204,-2404,0,-2206,-2405,-2407,-2204,-2407,-2207
3/13/2026 11:27,0,0,0,0,0,0,0,0,-2249,-2407,-2408,-2203,-2203,-2007,-2404,-1001,-2002,-598,-2202,-2407,-2204,-2202,-2206,-2207,-2406,0,-2205,-2406,-2405,-2208,-2407,-2207
3/13/2026 11:27,0,0,0,0,0,0,0,0,-2246,-2405,-2405,-2203,-2201,-2004,-2403,-1000,-2002,-598,-2202,-2404,-2203,-2202,-2204,-2203,-2405,0,-2203,-2404,-2404,-2206,-2405,-2206
3/13/2026 11:28,0,0,0,0,0,0,0,0,-2247,-2405,-2405,-2202,-2201,-2004,-2403,-999,-2002,-599,-2202,-2403,-2204,-2203,-2204,-2206,-2406,0,-2204,-2405,-2405,-2207,-2407,-2206
3/13/2026 11:28,0,0,0,0,0,0,0,0,-2247,-2409,-2407,-2203,-2203,-2005,-2401,-999,-2004,-599,-2203,-2405,-2205,-2205,-2205,-2205,-2405,0,-2204,-2405,-2405,-2207,-2406,-2208
3/13/2026 11:28,0,0,0,0,0,0,0,0,-2244,-2406,-2407,-2200,-2203,-2003,-2399,-999,-2002,-599,-2201,-2407,-2206,-2205,-2202,-2204,-2403,0,-2203,-2402,-2404,-2207,-2406,-2207
3/13/2026 11:28,0,0,0,0,0,0,0,0,-2247,-2407,-2405,-2202,-2202,-2005,-2403,-999,-2002,-599,-2202,-2404,-2207,-2203,-2203,-2203,-2404,0,-2202,-2405,-2403,-2206,-2408,-2203
3/13/2026 11:28,0,0,0,0,0,0,0,0,-2251,-2404,-2405,-2202,-2202,-2003,-2405,-999,-2003,-599,-2202,-2404,-2207,-2204,-2202,-2203,-2405,0,-2203,-2404,-2406,-2206,-2406,-2203
3/13/2026 11:28,0,0,0,0,0,0,0,0,-2251,-2405,-2403,-2203,-2203,-2004,-2405,-1000,-2001,-599,-2203,-2401,-2207,-2206,-2205,-2204,-2406,0,-2202,-2405,-2404,-2205,-2405,-2201
3/13/2026 11:28,0,0,0,0,0,0,0,0,-2253,-2402,-2402,-2205,-2204,-2003,-2405,-1000,-2002,-599,-2203,-2404,-2208,-2205,-2203,-2203,-2407,0,-2200,-2402,-2404,-2202,-2404,-2202
3/13/2026 11:28,0,0,0,0,0,0,0,0,-2251,-2404,-2403,-2206,-2205,-2003,-2405,-1001,-2003,-600,-2203,-2405,-2209,-2204,-2203,-2204,-2407,0,-2201,-2404,-2403,-2202,-2404,-2203
3/13/2026 11:28,0,0,0,0,0,0,0,0,-2251,-2404,-2402,-2207,-2205,-2001,-2405,-1001,-2005,-600,-2206,-2405,-2207,-2204,-2204,-2202,-2406,0,-2202,-2403,-2403,-2202,-2402,-2203
3/13/2026 11:28,0,0,0,0,0,0,0,0,-2251,-2401,-2402,-2206,-2206,-2005,-2406,-1002,-2006,-601,-2205,-2403,-2208,-2205,-2206,-2202,-2405,0,-2202,-2405,-2403,-2200,-2403,-2202
3/13/2026 11:28,0,0,0,0,0,0,0,0,-2251,-2402,-2403,-2207,-2207,-2005,-2408,-1003,-2005,-602,-2205,-2406,-2209,-2206,-2206,-2202,-2407,0,-2202,-2404,-2405,-2202,-2405,-2201
3/13/2026 11:28,0,0,0,0,0,0,0,0,-2252,-2403,-2401,-2207,-2207,-2004,-2409,-1003,-2004,-602,-2205,-2405,-2206,-2205,-2206,-2202,-2406,0,-2201,-2406,-2406,-2202,-2402,-2201
3/13/2026 11:28,0,0,0,0,0,0,0,0,-2253,-2404,-2403,-2207,-2207,-2003,-2410,-1003,-2003,-601,-2206,-2405,-2206,-2203,-2207,-2204,-2408,0,-2203,-2406,-2404,-2201,-2405,-2202
3/13/2026 11:28,0,0,0,0,0,0,0,0,-2252,-2405,-2402,-2208,-2207,-2002,-2406,-1004,-2005,-602,-2205,-2404,-2205,-2205,-2208,-2203,-2404,0,-2205,-2408,-2405,-2199,-2405,-2201
3/13/2026 11:28,0,0,0,0,0,0,0,0,-2253,-2403,-2404,-2207,-2207,-2002,-2410,-1004,-2003,-601,-2206,-2407,-2204,-2203,-2209,-2204,-2405,0,-2205,-2409,-2405,-2200,-2403,-2203
3/13/2026 11:28,0,0,0,0,0,0,0,0,-2250,-2401,-2406,-2207,-2205,-2003,-2407,-1003,-2003,-602,-2205,-2406,-2204,-2202,-2207,-2203,-2405,0,-2206,-2407,-2402,-2201,-2404,-2201
3/13/2026 11:28,0,0,0,0,0,0,0,0,-2366,-2402,-2404,-2206,-2205,-2003,-2405,-1004,-2003,-601,-2207,-2406,-2204,-2238,-2208,-2204,-2404,0,-2205,-2409,-2268,-2201,-2404,-2202
3/13/2026 11:28,0,0,0,0,0,0,0,0,-2400,-2402,-2406,-2206,-2206,-2005,-2409,-1003,-2001,-602,-2206,-2407,-2203,-2249,-2207,-2205,-2406,0,-2204,-2407,-2210,-2202,-2402,-2205
3/13/2026 11:28,0,0,0,0,0,0,0,0,-2404,-2402,-2404,-2207,-2206,-2005,-2408,-1003,-2004,-601,-2205,-2406,-2204,-2249,-2206,-2204,-2404,0,-2205,-2406,-2203,-2202,-2406,-2205
3/13/2026 11:28,0,0,0,0,0,0,0,0,-2404,-2404,-2407,-2206,-2206,-2005,-2408,-1003,-2002,-601,-2205,-2405,-2203,-2250,-2206,-2205,-2404,0,-2207,-2407,-2205,-2203,-2404,-2205
3/13/2026 11:28,0,0,0,0,0,0,0,0,-2404,-2405,-2406,-2207,-2203,-2004,-2405,-1003,-2002,-601,-2203,-2406,-2202,-2250,-2205,-2205,-2404,0,-2207,-2407,-2204,-2203,-2404,-2204
3/13/2026 11:28,0,0,0,0,0,0,0,0,-2405,-2403,-2405,-2206,-2204,-2005,-2404,-1002,-2005,-601,-2204,-2405,-2204,-2249,-2209,-2206,-2404,0,-2206,-2406,-2203,-2203,-2406,-2206
3/13/2026 11:28,0,0,0,0,0,0,0,0,-2405,-2401,-2406,-2204,-2204,-2006,-2405,-1001,-2002,-601,-2206,-2407,-2205,-2249,-2207,-2204,-2405,0,-2207,-2407,-2205,-2204,-2405,-2203
3/13/2026 11:28,0,0,0,0,0,0,0,0,-2403,-2403,-2407,-2204,-2203,-2005,-2403,-1001,-2001,-600,-2205,-2404,-2204,-2248,-2205,-2206,-2405,0,-2207,-2406,-2205,-2204,-2406,-2204
3/13/2026 11:28,0,0,0,0,0,0,0,0,-2404,-2404,-2406,-2205,-2203,-2005,-2403,-1002,-2003,-600,-2203,-2406,-2203,-2249,-2206,-2205,-2407,0,-2206,-2405,-2207,-2206,-2409,-2207
3/13/2026 11:28,0,0,0,0,0,0,0,0,-2402,-2403,-2406,-2204,-2203,-2006,-2404,-1001,-2002,-599,-2202,-2403,-2203,-2249,-2207,-2208,-2407,0,-2205,-2405,-2205,-2205,-2405,-2204
3/13/2026 11:28,0,0,0,0,0,0,0,0,-2401,-2404,-2408,-2201,-2201,-2007,-2406,-1001,-2004,-599,-2203,-2405,-2204,-2249,-2206,-2207,-2406,0,-2205,-2406,-2205,-2206,-2408,-2208
3/13/2026 11:28,0,0,0,0,0,0,0,0,-2302,-2408,-2405,-2202,-2202,-2007,-2404,-1001,-2003,-599,-2203,-2406,-2228,-2329,-2206,-2206,-2406,0,-2206,-2406,-2207,-2205,-2409,-2208
3/13/2026 11:28,0,0,0,0,0,0,0,0,-2221,-2407,-2408,-2203,-2202,-2005,-2404,-1000,-2001,-599,-2203,-2405,-2246,-2388,-2205,-2205,-2406,0,-2205,-2405,-2206,-2208,-2408,-2207
3/13/2026 11:28,0,0,0,0,0,0,0,0,-2203,-2407,-2405,-2205,-2204,-2007,-2402,-1001,-2004,-599,-2204,-2404,-2250,-2403,-2205,-2206,-2405,0,-2204,-2405,-2206,-2207,-2408,-2208
3/13/2026 11:29,0,0,0,0,0,0,0,0,-2203,-2407,-2405,-2203,-2203,-2005,-2404,-1001,-2001,-600,-2204,-2403,-2250,-2403,-2207,-2206,-2405,0,-2204,-2405,-2205,-2209,-2407,-2205
3/13/2026 11:29,0,0,0,0,0,0,0,0,-2201,-2408,-2406,-2201,-2205,-2006,-2403,-1001,-2003,-600,-2204,-2403,-2248,-2403,-2205,-2208,-2405,0,-2206,-2402,-2207,-2207,-2409,-2207
3/13/2026 11:29,0,0,0,0,0,0,0,0,-2204,-2407,-2404,-2203,-2202,-2006,-2403,-1000,-2003,-600,-2205,-2405,-2249,-2403,-2207,-2208,-2406,0,-2206,-2406,-2205,-2206,-2408,-2207
3/13/2026 11:29,0,0,0,0,0,0,0,0,-2201,-2405,-2407,-2203,-2202,-2004,-2405,-1001,-2001,-599,-2204,-2404,-2249,-2403,-2207,-2207,-2405,0,-2205,-2407,-2204,-2207,-2408,-2207
3/13/2026 11:29,0,0,0,0,0,0,0,0,-2200,-2407,-2406,-2204,-2202,-2005,-2402,-1000,-2001,-601,-2203,-2404,-2249,-2403,-2206,-2206,-2406,0,-2206,-2404,-2206,-2207,-2407,-2205
3/13/2026 11:29,0,0,0,0,0,0,0,0,-2202,-2406,-2408,-2204,-2203,-2006,-2402,-1001,-2002,-600,-2203,-2406,-2248,-2402,-2206,-2204,-2406,0,-2206,-2404,-2206,-2206,-2408,-2204
3/13/2026 11:29,0,0,0,0,0,0,0,0,-2202,-2406,-2408,-2204,-2204,-2006,-2404,-1001,-2003,-600,-2207,-2405,-2250,-2406,-2208,-2206,-2404,0,-2206,-2405,-2206,-2209,-2408,-2208
3/13/2026 11:29,0,0,0,0,0,0,0,0,-2202,-2404,-2406,-2204,-2204,-2005,-2403,-1001,-2001,-600,-2204,-2403,-2249,-2404,-2206,-2206,-2406,0,-2206,-2407,-2205,-2206,-2406,-2206
3/13/2026 11:29,0,0,0,0,0,0,0,0,-2201,-2406,-2408,-2205,-2204,-2005,-2404,-1002,-2002,-601,-2206,-2403,-2248,-2404,-2205,-2208,-2405,0,-2207,-2406,-2205,-2207,-2403,-2207
3/13/2026 11:29,0,0,0,0,0,0,0,0,-2203,-2402,-2407,-2203,-2203,-2004,-2404,-1001,-2004,-601,-2204,-2405,-2249,-2403,-2206,-2207,-2406,0,-2206,-2405,-2205,-2207,-2406,-2206
3/13/2026 11:29,0,0,0,0,0,0,0,0,-2203,-2405,-2407,-2204,-2204,-2005,-2404,-1002,-2001,-600,-2206,-2404,-2247,-2403,-2205,-2208,-2404,0,-2207,-2406,-2206,-2206,-2406,-2205
3/13/2026 11:29,0,0,0,0,0,0,0,0,-2202,-2404,-2406,-2203,-2203,-2004,-2405,-1002,-2002,-601,-2204,-2403,-2246,-2403,-2204,-2208,-2402,0,-2206,-2406,-2203,-2203,-2405,-2205
3/13/2026 11:29,0,0,0,0,0,0,0,0,-2202,-2406,-2404,-2204,-2204,-2004,-2404,-1002,-2001,-601,-2204,-2405,-2247,-2403,-2205,-2204,-2405,0,-2205,-2406,-2203,-2202,-2407,-2205
3/13/2026 11:29,0,0,0,0,0,0,0,0,-2201,-2401,-2408,-2204,-2204,-2005,-2407,-1001,-2004,-601,-2204,-2409,-2249,-2405,-2204,-2207,-2403,0,-2207,-2406,-2206,-2203,-2408,-2207
3/13/2026 11:29,0,0,0,0,0,0,0,0,-2202,-2403,-2408,-2205,-2205,-2006,-2404,-1002,-2004,-601,-2207,-2407,-2248,-2404,-2204,-2207,-2404,0,-2208,-2405,-2206,-2207,-2406,-2206
3/13/2026 11:29,0,0,0,0,0,0,0,0,-2201,-2403,-2407,-2203,-2201,-2005,-2400,-1000,-2002,-601,-2204,-2403,-2247,-2403,-2205,-2207,-2403,0,-2205,-2407,-2205,-2206,-2408,-2205
3/13/2026 11:29,0,0,0,0,0,0,0,0,-2203,-2404,-2408,-2204,-2202,-2005,-2403,-1000,-2003,-601,-2204,-2405,-2248,-2403,-2207,-2207,-2404,0,-2206,-2407,-2204,-2206,-2408,-2207
3/13/2026 11:29,0,0,0,0,0,0,0,0,-2205,-2405,-2406,-2205,-2204,-2005,-2404,-1001,-2004,-601,-2206,-2407,-2248,-2403,-2206,-2207,-2404,0,-2206,-2406,-2206,-2206,-2409,-2208
3/13/2026 11:29,0,0,0,0,0,0,0,0,-2203,-2406,-2407,-2204,-2203,-2006,-2405,-1001,-2004,-600,-2204,-2407,-2249,-2404,-2205,-2208,-2405,0,-2207,-2405,-2205,-2206,-2409,-2207
3/13/2026 11:29,0,0,0,0,0,0,0,0,-2203,-2406,-2406,-2203,-2202,-2006,-2404,-1000,-2002,-600,-2203,-2402,-2250,-2403,-2204,-2207,-2403,0,-2206,-2404,-2205,-2206,-2407,-2206
3/13/2026 11:29,0,0,0,0,0,0,0,0,-2199,-2406,-2405,-2201,-2200,-2003,-2402,-1000,-2002,-599,-2202,-2404,-2248,-2402,-2203,-2205,-2401,0,-2203,-2404,-2204,-2205,-2405,-2205
3/13/2026 11:29,0,0,0,0,0,0,0,0,-2201,-2409,-2407,-2202,-2201,-2007,-2404,-1000,-2002,-599,-2205,-2406,-2250,-2403,-2205,-2207,-2404,0,-2205,-2407,-2207,-2209,-2409,-2208
3/13/2026 11:29,0,0,0,0,0,0,0,0,-2199,-2406,-2405,-2202,-2203,-2005,-2402,-1000,-2002,-599,-2203,-2407,-2249,-2403,-2203,-2208,-2404,0,-2205,-2406,-2207,-2207,-2407,-2206
3/13/2026 11:29,0,0,0,0,0,0,0,0,-2200,-2405,-2404,-2203,-2203,-2007,-2401,-999,-2003,-599,-2202,-2406,-2250,-2402,-2203,-2206,-2404,0,-2206,-2403,-2204,-2206,-2409,-2206
3/13/2026 11:29,0,0,0,0,0,0,0,0,-2203,-2408,-2403,-2203,-2203,-2005,-2402,-998,-2004,-600,-2203,-2405,-2252,-2404,-2202,-2206,-2402,0,-2205,-2404,-2206,-2206,-2408,-2205
3/13/2026 11:29,0,0,0,0,0,0,0,0,-2202,-2408,-2404,-2204,-2203,-2006,-2403,-998,-2002,-600,-2203,-2405,-2253,-2406,-2203,-2207,-2403,0,-2203,-2405,-2206,-2207,-2408,-2204
3/13/2026 11:29,0,0,0,0,0,0,0,0,-2204,-2407,-2403,-2203,-2203,-2003,-2402,-999,-2001,-600,-2202,-2406,-2251,-2406,-2202,-2205,-2402,0,-2202,-2403,-2205,-2205,-2407,-2204
3/13/2026 11:29,0,0,0,0,0,0,0,0,-2206,-2407,-2405,-2205,-2205,-2005,-2405,-1000,-2004,-600,-2200,-2404,-2254,-2406,-2204,-2206,-2404,0,-2203,-2403,-2205,-2205,-2407,-2205
3/13/2026 11:29,0,0,0,0,0,0,0,0,-2206,-2406,-2403,-2205,-2203,-2002,-2400,-1000,-2002,-599,-2201,-2405,-2252,-2405,-2203,-2204,-2405,0,-2202,-2402,-2203,-2204,-2403,-2204
3/13/2026 11:29,0,0,0,0,0,0,0,0,-2207,-2406,-2402,-2204,-2206,-2006,-2404,-1002,-2003,-600,-2203,-2406,-2254,-2407,-2204,-2205,-2407,0,-2203,-2405,-2204,-2205,-2405,-2204
3/13/2026 11:30,0,0,0,0,0,0,0,0,-2205,-2405,-2400,-2204,-2204,-2003,-2405,-1000,-2002,-600,-2203,-2405,-2253,-2405,-2199,-2203,-2405,0,-2200,-2403,-2204,-2203,-2403,-2203
